business_id,month,target_revenue,actual_revenue,target_profit,actual_profit,variance
UAE_001,2023-01,1786,1888,-4477,-5186,5.71
UAE_001,2023-02,1599,1592,-6228,-6802,-0.44
UAE_001,2023-03,779,718,-2254,-2454,-7.83
UAE_001,2023-04,1992,2097,-7088,-6955,5.27
UAE_001,2023-05,3055,3106,-2996,-2764,1.67
UAE_001,2023-06,3440,3419,-2393,-2330,-0.61
UAE_001,2023-07,1068,1145,-3827,-3530,7.21
UAE_001,2023-08,1091,1057,-3032,-3380,-3.12
UAE_001,2023-09,1076,1004,-5141,-5689,-6.69
UAE_001,2023-10,2258,2302,-1794,-2062,1.95
UAE_001,2023-11,975,965,-5283,-5826,-1.03
UAE_001,2023-12,1628,1620,-2317,-2506,-0.49
UAE_001,2024-01,808,880,-1978,-1841,8.91
UAE_001,2024-02,1395,1397,-3248,-3474,0.14
UAE_001,2024-03,736,808,-5666,-5682,9.78
UAE_001,2024-04,1664,1731,-4711,-4191,4.03
UAE_001,2024-05,1443,1379,-3084,-3071,-4.44
UAE_001,2024-06,2526,2462,-3262,-3231,-2.53
UAE_001,2024-07,3390,3507,-2513,-2311,3.45
UAE_001,2024-08,3536,3381,-7299,-7070,-4.38
UAE_001,2024-09,6696,6213,-6054,-5915,-7.21
UAE_001,2024-10,1403,1377,-2568,-2764,-1.85
UAE_001,2024-11,1944,1853,-7044,-6440,-4.68
UAE_001,2024-12,1301,1444,-6716,-5936,10.99
UAE_001,2025-01,2108,2037,-1035,-983,-3.37
UAE_001,2025-02,1845,1796,-1540,-1356,-2.66
UAE_001,2025-03,983,898,-5238,-5294,-8.65
UAE_001,2025-04,1605,1673,-3701,-4024,4.24
UAE_001,2025-05,2369,2465,-6280,-5727,4.05
UAE_001,2025-06,4990,4742,-5257,-5922,-4.97
UAE_001,2025-07,3839,3498,-2345,-2735,-8.88
UAE_001,2025-08,15104,14357,-4329,-4313,-4.95
UAE_001,2025-09,2006,1892,-1404,-1452,-5.68
UAE_001,2025-10,1790,1788,-2682,-2809,-0.11
UAE_001,2025-11,1709,1579,-4572,-5042,-7.61
UAE_001,2025-12,2684,2518,-4216,-4759,-6.18
UAE_002,2023-01,1883,1753,-4268,-3927,-6.9
UAE_002,2023-02,854,800,-1225,-1337,-6.32
UAE_002,2023-03,1827,1759,-2645,-2533,-3.72
UAE_002,2023-04,3200,2999,-2335,-2700,-6.28
UAE_002,2023-05,1479,1388,-3839,-3609,-6.15
UAE_002,2023-06,2222,2379,-3522,-3611,7.07
UAE_002,2023-07,3381,3561,-7594,-7169,5.32
UAE_002,2023-08,1921,1827,-2200,-2060,-4.89
UAE_002,2023-09,2453,2319,-6688,-7495,-5.46
UAE_002,2023-10,3091,3057,-3097,-2858,-1.1
UAE_002,2023-11,1592,1685,-6996,-6615,5.84
UAE_002,2023-12,1671,1706,-5285,-4841,2.09
UAE_002,2024-01,2513,2543,-2033,-2357,1.19
UAE_002,2024-02,895,877,-1759,-1820,-2.01
UAE_002,2024-03,1093,1031,-1603,-1640,-5.67
UAE_002,2024-04,3125,3190,-2624,-2549,2.08
UAE_002,2024-05,3566,3507,-4865,-4265,-1.65
UAE_002,2024-06,1224,1313,-5570,-5292,7.27
UAE_002,2024-07,2781,2794,-5422,-5219,0.47
UAE_002,2024-08,3396,3438,-5829,-5588,1.24
UAE_002,2024-09,2952,3151,-6588,-7591,6.74
UAE_002,2024-10,1249,1174,-3102,-2768,-6.0
UAE_002,2024-11,2688,2646,-2207,-2577,-1.56
UAE_002,2024-12,1373,1254,-3632,-4017,-8.67
UAE_002,2025-01,3011,2913,-4738,-4762,-3.25
UAE_002,2025-02,2657,2838,-3940,-4167,6.81
UAE_002,2025-03,2507,2679,-1431,-1538,6.86
UAE_002,2025-04,3065,2846,-5335,-4873,-7.15
UAE_002,2025-05,5393,5007,-5804,-6482,-7.16
UAE_002,2025-06,2408,2536,-4430,-4688,5.32
UAE_002,2025-07,6857,7483,-8149,-7806,9.13
UAE_002,2025-08,1241,1312,-2457,-2322,5.72
UAE_002,2025-09,3023,2860,-7161,-7881,-5.39
UAE_002,2025-10,1124,1140,-3063,-3459,1.42
UAE_002,2025-11,3464,3438,-5512,-4803,-0.75
UAE_002,2025-12,2519,2603,-823,-775,3.33
UAE_003,2023-01,1348,1436,-1429,-1452,6.53
UAE_003,2023-02,2436,2516,-4726,-4552,3.28
UAE_003,2023-03,5541,5268,-4926,-4631,-4.93
UAE_003,2023-04,2675,2484,-5727,-5636,-7.14
UAE_003,2023-05,3121,3165,-6690,-7090,1.41
UAE_003,2023-06,2037,2212,-8508,-8429,8.59
UAE_003,2023-07,7498,7282,-5941,-6825,-2.88
UAE_003,2023-08,3297,3513,-4560,-5195,6.55
UAE_003,2023-09,1270,1385,-5137,-5238,9.06
UAE_003,2023-10,2002,1907,-4978,-5044,-4.75
UAE_003,2023-11,1429,1511,-5957,-6134,5.74
UAE_003,2023-12,1895,1753,-4098,-3820,-7.49
UAE_003,2024-01,1275,1282,-939,-1024,0.55
UAE_003,2024-02,941,952,-3594,-3607,1.17
UAE_003,2024-03,2777,2695,-4371,-4689,-2.95
UAE_003,2024-04,2514,2583,-6195,-5417,2.74
UAE_003,2024-05,1904,1783,-6725,-6434,-6.36
UAE_003,2024-06,2041,2202,-6815,-6882,7.89
UAE_003,2024-07,3739,3514,-7934,-8199,-6.02
UAE_003,2024-08,3536,3241,-1376,-1495,-8.34
UAE_003,2024-09,1815,1921,-7169,-7160,5.84
UAE_003,2024-10,1611,1724,-3699,-3978,7.01
UAE_003,2024-11,2806,2829,-1264,-1382,0.82
UAE_003,2024-12,1445,1349,-5187,-4701,-6.64
UAE_003,2025-01,1027,1076,-1441,-1453,4.77
UAE_003,2025-02,1429,1447,-3767,-4373,1.26
UAE_003,2025-03,2158,2372,-3299,-3558,9.92
UAE_003,2025-04,2925,3160,-7603,-7276,8.03
UAE_003,2025-05,2911,3147,-2345,-2241,8.11
UAE_003,2025-06,3067,2934,-10106,-9098,-4.34
UAE_003,2025-07,3605,3596,-3626,-3805,-0.25
UAE_003,2025-08,1066,1129,-7545,-8270,5.91
UAE_003,2025-09,1606,1713,-4016,-3991,6.66
UAE_003,2025-10,3442,3315,-3217,-3058,-3.69
UAE_003,2025-11,844,877,-6343,-5834,3.91
UAE_003,2025-12,1027,1053,-5226,-5963,2.53
UAE_004,2023-01,3684,3751,-3160,-3065,1.82
UAE_004,2023-02,2725,2605,-1986,-2159,-4.4
UAE_004,2023-03,11738,12367,-8415,-7484,5.36
UAE_004,2023-04,2326,2582,-4250,-4365,11.01
UAE_004,2023-05,2123,2072,-7407,-8321,-2.4
UAE_004,2023-06,8810,8469,-6729,-7877,-3.87
UAE_004,2023-07,4268,4535,-10800,-10089,6.26
UAE_004,2023-08,19779,18806,-9366,-10623,-4.92
UAE_004,2023-09,2882,2998,-8361,-9716,4.02
UAE_004,2023-10,10640,9999,-5411,-5529,-6.02
UAE_004,2023-11,10138,9644,-9737,-9623,-4.87
UAE_004,2023-12,10722,9886,-7344,-8592,-7.8
UAE_004,2024-01,2385,2295,-7774,-7455,-3.77
UAE_004,2024-02,2402,2581,-3534,-3682,7.45
UAE_004,2024-03,2233,2272,-3810,-4230,1.75
UAE_004,2024-04,6267,5773,-5950,-6842,-7.88
UAE_004,2024-05,9046,10012,-3499,-3298,10.68
UAE_004,2024-06,3581,3946,-7141,-6705,10.19
UAE_004,2024-07,4106,4268,-4375,-4794,3.95
UAE_004,2024-08,21923,22999,-6117,-5562,4.91
UAE_004,2024-09,5896,5472,-6607,-7414,-7.19
UAE_004,2024-10,15068,16509,-11271,-11099,9.56
UAE_004,2024-11,4295,4261,-2642,-2458,-0.79
UAE_004,2024-12,3024,2989,-10323,-11055,-1.16
UAE_004,2025-01,4544,4982,-3666,-3445,9.64
UAE_004,2025-02,2508,2694,-4824,-5042,7.42
UAE_004,2025-03,2241,2334,-6439,-6672,4.15
UAE_004,2025-04,4449,4224,-8669,-7593,-5.06
UAE_004,2025-05,5636,5715,-10110,-11118,1.4
UAE_004,2025-06,3582,3343,-9968,-9584,-6.67
UAE_004,2025-07,3572,3779,-4764,-4902,5.8
UAE_004,2025-08,2037,2048,-5659,-6649,0.54
UAE_004,2025-09,9414,9280,-11209,-9749,-1.42
UAE_004,2025-10,8051,7508,-4458,-4374,-6.74
UAE_004,2025-11,1854,1819,-6596,-6036,-1.89
UAE_004,2025-12,1866,1988,-4146,-4253,6.54
UAE_005,2023-01,24936,23958,-11510,-13401,-3.92
UAE_005,2023-02,8042,7442,-4017,-4613,-7.46
UAE_005,2023-03,2678,2547,-5560,-5905,-4.89
UAE_005,2023-04,5407,5928,-4792,-4920,9.64
UAE_005,2023-05,19077,17927,-8395,-9117,-6.03
UAE_005,2023-06,97864,89222,-1535,-1591,-8.83
UAE_005,2023-07,34821,35101,-18255,-21363,0.8
UAE_005,2023-08,16561,15071,-4642,-4668,-9.0
UAE_005,2023-09,9090,8620,-9312,-9335,-5.17
UAE_005,2023-10,44140,47938,-15604,-13704,8.6
UAE_005,2023-11,23977,25867,-2386,-2527,7.88
UAE_005,2023-12,21334,22376,-7605,-7585,4.88
UAE_005,2024-01,10205,9665,-17645,-20596,-5.29
UAE_005,2024-02,14247,13855,-13604,-15874,-2.75
UAE_005,2024-03,3629,3368,-4016,-4659,-7.19
UAE_005,2024-04,16295,17280,-18144,-16369,6.04
UAE_005,2024-05,68807,64311,-2481,-2496,-6.53
UAE_005,2024-06,18535,17445,-7324,-8243,-5.88
UAE_005,2024-07,19770,19893,-9832,-10239,0.62
UAE_005,2024-08,27905,30372,-8678,-9260,8.84
UAE_005,2024-09,24344,22635,-22412,-20488,-7.02
UAE_005,2024-10,10535,10889,-7410,-7303,3.36
UAE_005,2024-11,28370,26908,-10593,-10861,-5.15
UAE_005,2024-12,4771,4376,-5104,-4924,-8.28
UAE_005,2025-01,27392,28099,-8434,-9174,2.58
UAE_005,2025-02,27671,29783,-11614,-11951,7.63
UAE_005,2025-03,16714,18128,-13763,-12907,8.46
UAE_005,2025-04,29861,29157,-10153,-9528,-2.36
UAE_005,2025-05,14165,14996,-19519,-17325,5.87
UAE_005,2025-06,12334,13565,-4607,-5394,9.98
UAE_005,2025-07,73802,76226,-3074,-2818,3.28
UAE_005,2025-08,7031,6736,-11215,-10137,-4.2
UAE_005,2025-09,12178,11926,-3132,-2962,-2.07
UAE_005,2025-10,9258,9497,-10728,-11856,2.58
UAE_005,2025-11,60712,56754,-6951,-6547,-6.52
UAE_005,2025-12,30953,28910,-13166,-11872,-6.6
UAE_006,2023-01,12983,13635,-8761,-7655,5.02
UAE_006,2023-02,3739,3970,-7275,-7374,6.18
UAE_006,2023-03,27169,27665,-11788,-12827,1.83
UAE_006,2023-04,11936,11258,-11175,-11530,-5.68
UAE_006,2023-05,54511,52027,14,13,-4.56
UAE_006,2023-06,7961,8811,-12702,-12769,10.68
UAE_006,2023-07,8965,9120,-8112,-8356,1.73
UAE_006,2023-08,40996,40041,597,572,-2.33
UAE_006,2023-09,4879,5201,-6698,-6890,6.6
UAE_006,2023-10,10748,10695,-3931,-4316,-0.49
UAE_006,2023-11,4654,4677,-4702,-4197,0.49
UAE_006,2023-12,48544,49063,-1113,-1135,1.07
UAE_006,2024-01,5726,5677,-17318,-16284,-0.86
UAE_006,2024-02,15330,15912,-6928,-7414,3.8
UAE_006,2024-03,3494,3672,-4352,-4364,5.09
UAE_006,2024-04,11495,10925,-28015,-24649,-4.96
UAE_006,2024-05,6721,6635,-7467,-6742,-1.28
UAE_006,2024-06,30729,29427,-12444,-11817,-4.24
UAE_006,2024-07,37474,35804,-18139,-21337,-4.46
UAE_006,2024-08,25013,24634,-17349,-19371,-1.52
UAE_006,2024-09,54501,54047,-11511,-10226,-0.83
UAE_006,2024-10,12087,11533,-8492,-8385,-4.58
UAE_006,2024-11,46615,45377,-10530,-9571,-2.66
UAE_006,2024-12,46007,46559,-6956,-7001,1.2
UAE_006,2025-01,15541,16066,-7866,-7670,3.38
UAE_006,2025-02,29190,27975,-12719,-11564,-4.16
UAE_006,2025-03,28744,30054,-9594,-10429,4.56
UAE_006,2025-04,18404,19704,-520,-562,7.06
UAE_006,2025-05,13489,13553,-7377,-6837,0.47
UAE_006,2025-06,65728,61521,-519,-507,-6.4
UAE_006,2025-07,25766,27978,-5390,-5466,8.58
UAE_006,2025-08,40443,43963,-5226,-5609,8.7
UAE_006,2025-09,23777,25786,-14397,-12987,8.45
UAE_006,2025-10,72951,68511,-4280,-5027,-6.09
UAE_006,2025-11,26976,27677,-12994,-12252,2.6
UAE_006,2025-12,5938,6491,-8926,-10131,9.31
UAE_007,2023-01,1299,1182,-5424,-5784,-9.01
UAE_007,2023-02,994,1029,-4615,-4288,3.52
UAE_007,2023-03,2625,2629,-6252,-6725,0.15
UAE_007,2023-04,1342,1349,-1803,-1658,0.52
UAE_007,2023-05,3202,3205,-917,-983,0.09
UAE_007,2023-06,1731,1742,-3893,-3831,0.64
UAE_007,2023-07,7368,7761,-5695,-5240,5.33
UAE_007,2023-08,1216,1297,-4892,-5258,6.66
UAE_007,2023-09,2413,2637,-3101,-2837,9.28
UAE_007,2023-10,2639,2845,-1346,-1455,7.81
UAE_007,2023-11,1561,1483,-2816,-2867,-5.0
UAE_007,2023-12,977,1059,-4242,-4184,8.39
UAE_007,2024-01,4745,4903,-4156,-4771,3.33
UAE_007,2024-02,2393,2578,-3825,-3477,7.73
UAE_007,2024-03,991,996,-5984,-6932,0.5
UAE_007,2024-04,1529,1638,-5715,-6050,7.13
UAE_007,2024-05,2519,2537,-1446,-1398,0.71
UAE_007,2024-06,3418,3443,-4122,-3605,0.73
UAE_007,2024-07,3422,3150,-7573,-8192,-7.95
UAE_007,2024-08,1604,1471,-6767,-6965,-8.29
UAE_007,2024-09,2118,2342,-4027,-4363,10.58
UAE_007,2024-10,1083,1153,-7966,-7044,6.46
UAE_007,2024-11,2231,2347,-3659,-3940,5.2
UAE_007,2024-12,2969,2783,-4966,-4356,-6.26
UAE_007,2025-01,790,771,-5215,-4794,-2.41
UAE_007,2025-02,2802,2701,-2282,-2098,-3.6
UAE_007,2025-03,1187,1270,-1756,-1799,6.99
UAE_007,2025-04,3740,3444,-1093,-1007,-7.91
UAE_007,2025-05,5226,4855,-5490,-5370,-7.1
UAE_007,2025-06,11638,11499,-5507,-5800,-1.19
UAE_007,2025-07,1731,1812,-1375,-1521,4.68
UAE_007,2025-08,3362,3529,-6879,-6065,4.97
UAE_007,2025-09,1500,1639,-1266,-1444,9.27
UAE_007,2025-10,1149,1259,-4551,-3983,9.57
UAE_007,2025-11,1340,1433,-2190,-2122,6.94
UAE_007,2025-12,2367,2517,-3945,-4238,6.34
UAE_008,2023-01,80382,78675,-6759,-6372,-2.12
UAE_008,2023-02,368099,369073,52722,46103,0.26
UAE_008,2023-03,791468,763521,238572,228724,-3.53
UAE_008,2023-04,715660,716435,180295,180842,0.11
UAE_008,2023-05,612356,627934,104421,100211,2.54
UAE_008,2023-06,324633,324484,37550,41728,-0.05
UAE_008,2023-07,91006,86672,2709,3080,-4.76
UAE_008,2023-08,563011,565246,124774,120308,0.4
UAE_008,2023-09,62062,60310,-3007,-3084,-2.82
UAE_008,2023-10,147711,159635,1704,1672,8.07
UAE_008,2023-11,73755,75802,-29591,-26389,2.78
UAE_008,2023-12,251413,229843,1942,1881,-8.58
UAE_008,2024-01,151284,162575,32061,36647,7.46
UAE_008,2024-02,130565,131593,6219,7265,0.79
UAE_008,2024-03,251368,278740,40468,43957,10.89
UAE_008,2024-04,165499,153994,11603,11844,-6.95
UAE_008,2024-05,377519,412765,64794,67252,9.34
UAE_008,2024-06,809023,749700,176044,161390,-7.33
UAE_008,2024-07,621205,573996,116664,103248,-7.6
UAE_008,2024-08,327134,329852,13521,11808,0.83
UAE_008,2024-09,117082,107401,-5077,-4933,-8.27
UAE_008,2024-10,136137,134656,-10959,-11707,-1.09
UAE_008,2024-11,121136,128194,-18171,-20001,5.83
UAE_008,2024-12,444613,446179,54458,52913,0.35
UAE_008,2025-01,67039,68257,-40433,-40124,1.82
UAE_008,2025-02,190255,206510,21642,18972,8.54
UAE_008,2025-03,670661,656725,191900,169096,-2.08
UAE_008,2025-04,156583,167462,-1099,-1040,6.95
UAE_008,2025-05,45986,46310,-11897,-10425,0.7
UAE_008,2025-06,584181,602240,58778,63328,3.09
UAE_008,2025-07,265212,245290,-10803,-12149,-7.51
UAE_008,2025-08,1197139,1116599,267617,265877,-6.73
UAE_008,2025-09,228535,219223,30801,32068,-4.07
UAE_008,2025-10,234918,241275,11766,13624,2.71
UAE_008,2025-11,413622,449192,115325,106115,8.6
UAE_008,2025-12,175978,170500,23629,24630,-3.11
UAE_009,2023-01,2525,2417,-1765,-1574,-4.28
UAE_009,2023-02,603,653,-7213,-6421,8.29
UAE_009,2023-03,1838,1961,-2530,-2523,6.69
UAE_009,2023-04,1704,1689,-2574,-2706,-0.88
UAE_009,2023-05,6805,7201,-6749,-6019,5.82
UAE_009,2023-06,2959,2879,-2224,-2057,-2.7
UAE_009,2023-07,1361,1400,-2032,-1790,2.87
UAE_009,2023-08,1184,1297,-6963,-7104,9.54
UAE_009,2023-09,2375,2400,-4912,-4406,1.05
UAE_009,2023-10,1039,1045,-3912,-4310,0.58
UAE_009,2023-11,3681,3784,-5016,-5458,2.8
UAE_009,2023-12,1327,1232,-2659,-2526,-7.16
UAE_009,2024-01,1446,1351,-4507,-4674,-6.57
UAE_009,2024-02,1508,1438,-1746,-1835,-4.64
UAE_009,2024-03,2609,2739,-2264,-2660,4.98
UAE_009,2024-04,6677,6214,-4736,-4349,-6.93
UAE_009,2024-05,1131,1115,-3863,-3912,-1.41
UAE_009,2024-06,1229,1203,-4433,-3906,-2.12
UAE_009,2024-07,1675,1675,-7379,-7923,0.0
UAE_009,2024-08,2831,2904,-2358,-2290,2.58
UAE_009,2024-09,1526,1542,-4502,-4237,1.05
UAE_009,2024-10,3260,3158,-5011,-4719,-3.13
UAE_009,2024-11,3811,3642,-5849,-5700,-4.43
UAE_009,2024-12,2194,2068,-2181,-2453,-5.74
UAE_009,2025-01,1658,1535,-4043,-3720,-7.42
UAE_009,2025-02,968,1075,-4629,-4670,11.05
UAE_009,2025-03,5097,5120,-6267,-6402,0.45
UAE_009,2025-04,1882,2050,-6654,-7488,8.93
UAE_009,2025-05,4492,4721,-6756,-6282,5.1
UAE_009,2025-06,2598,2368,-4905,-4834,-8.85
UAE_009,2025-07,4518,4304,-5630,-5523,-4.74
UAE_009,2025-08,2259,2152,-4153,-4141,-4.74
UAE_009,2025-09,2256,2201,-4773,-5515,-2.44
UAE_009,2025-10,2257,2161,-3931,-4226,-4.25
UAE_009,2025-11,1632,1773,-6336,-5731,8.64
UAE_009,2025-12,3180,3111,-1571,-1632,-2.17
UAE_010,2023-01,879,913,-4875,-4482,3.87
UAE_010,2023-02,1221,1280,-1051,-1016,4.83
UAE_010,2023-03,1419,1472,-4016,-3932,3.74
UAE_010,2023-04,1568,1664,-4140,-4245,6.12
UAE_010,2023-05,950,887,-4161,-4324,-6.63
UAE_010,2023-06,2196,2007,-7533,-7888,-8.61
UAE_010,2023-07,1215,1144,-7266,-7444,-5.84
UAE_010,2023-08,3728,3499,-5501,-5743,-6.14
UAE_010,2023-09,2903,2671,-5310,-5059,-7.99
UAE_010,2023-10,2619,2480,-3916,-4583,-5.31
UAE_010,2023-11,1382,1467,-2344,-2436,6.15
UAE_010,2023-12,2427,2355,-803,-835,-2.97
UAE_010,2024-01,2553,2604,-2677,-2764,2.0
UAE_010,2024-02,1291,1315,-1635,-1555,1.86
UAE_010,2024-03,2193,2317,-1265,-1269,5.65
UAE_010,2024-04,2902,3131,-894,-997,7.89
UAE_010,2024-05,3420,3666,-6672,-7323,7.19
UAE_010,2024-06,2843,2706,-1268,-1352,-4.82
UAE_010,2024-07,3553,3304,-5913,-6539,-7.01
UAE_010,2024-08,1964,1915,-3222,-3573,-2.49
UAE_010,2024-09,1939,2010,-6979,-7796,3.66
UAE_010,2024-10,1872,1899,-5248,-4964,1.44
UAE_010,2024-11,2278,2275,-4853,-4225,-0.13
UAE_010,2024-12,2106,1925,-4211,-3878,-8.59
UAE_010,2025-01,1173,1126,-4555,-4087,-4.01
UAE_010,2025-02,1734,1614,-4791,-4293,-6.92
UAE_010,2025-03,3110,3148,-5923,-5889,1.22
UAE_010,2025-04,1630,1765,-4636,-4342,8.28
UAE_010,2025-05,2456,2536,-1327,-1183,3.26
UAE_010,2025-06,2696,2880,-1630,-1433,6.82
UAE_010,2025-07,3543,3575,-4321,-4261,0.9
UAE_010,2025-08,4336,4243,-2287,-2247,-2.14
UAE_010,2025-09,2983,3239,-7400,-6596,8.58
UAE_010,2025-10,3895,3599,-2487,-2486,-7.6
UAE_010,2025-11,2483,2732,-2644,-3109,10.03
UAE_010,2025-12,1802,1954,-1158,-1279,8.44
UAE_011,2023-01,2372,2164,-6346,-5848,-8.77
UAE_011,2023-02,1917,1982,-2995,-3325,3.39
UAE_011,2023-03,1476,1592,-3974,-4074,7.86
UAE_011,2023-04,2760,3005,-1852,-1843,8.88
UAE_011,2023-05,2284,2092,-4992,-5518,-8.41
UAE_011,2023-06,1051,956,-7773,-6992,-9.04
UAE_011,2023-07,1831,1786,-3731,-4136,-2.46
UAE_011,2023-08,2966,2960,-8837,-8332,-0.2
UAE_011,2023-09,6797,6375,-5177,-5711,-6.21
UAE_011,2023-10,1185,1263,-8739,-8032,6.58
UAE_011,2023-11,2035,1962,-7115,-7521,-3.59
UAE_011,2023-12,898,959,-6375,-5747,6.79
UAE_011,2024-01,1748,1714,-968,-952,-1.95
UAE_011,2024-02,1352,1451,-3230,-3763,7.32
UAE_011,2024-03,2473,2457,-2380,-2168,-0.65
UAE_011,2024-04,2648,2574,-4183,-4113,-2.79
UAE_011,2024-05,1595,1710,-4746,-5533,7.21
UAE_011,2024-06,2837,2672,-5152,-5411,-5.82
UAE_011,2024-07,5402,5785,-7368,-7345,7.09
UAE_011,2024-08,1770,1744,-2905,-3064,-1.47
UAE_011,2024-09,3614,3780,-3498,-3767,4.59
UAE_011,2024-10,2175,2011,-5782,-5845,-7.54
UAE_011,2024-11,3269,3121,-5069,-5706,-4.53
UAE_011,2024-12,1191,1320,-3766,-3359,10.83
UAE_011,2025-01,2607,2580,-4658,-4399,-1.04
UAE_011,2025-02,2687,2459,-2309,-2157,-8.49
UAE_011,2025-03,3333,3047,-7177,-6608,-8.58
UAE_011,2025-04,1304,1446,-3466,-3809,10.89
UAE_011,2025-05,3203,2957,-3073,-3180,-7.68
UAE_011,2025-06,2989,2774,-8009,-8674,-7.19
UAE_011,2025-07,10375,10753,-7372,-6766,3.64
UAE_011,2025-08,7305,6672,-5518,-5223,-8.67
UAE_011,2025-09,1425,1437,-5900,-6449,0.84
UAE_011,2025-10,2252,2112,-3285,-2949,-6.22
UAE_011,2025-11,1029,1069,-1854,-1667,3.89
UAE_011,2025-12,1641,1674,-3461,-3264,2.01
UAE_012,2023-01,2847,3024,-3574,-3151,6.22
UAE_012,2023-02,2598,2849,-5378,-4804,9.66
UAE_012,2023-03,3172,3172,-7039,-6632,0.0
UAE_012,2023-04,2098,2269,-4122,-3735,8.15
UAE_012,2023-05,4229,3989,-2078,-2240,-5.68
UAE_012,2023-06,10242,10048,-10400,-9225,-1.89
UAE_012,2023-07,4080,4127,-1232,-1421,1.15
UAE_012,2023-08,2824,2913,-3882,-4002,3.15
UAE_012,2023-09,1836,2002,-4612,-4160,9.04
UAE_012,2023-10,8279,7887,-9876,-8813,-4.73
UAE_012,2023-11,4887,4946,-8134,-9112,1.21
UAE_012,2023-12,2185,2406,-4291,-4024,10.11
UAE_012,2024-01,3689,3747,-2293,-2070,1.57
UAE_012,2024-02,2332,2404,-6359,-7428,3.09
UAE_012,2024-03,3712,3511,-4091,-4306,-5.41
UAE_012,2024-04,1925,1878,-3264,-3734,-2.44
UAE_012,2024-05,3048,2774,-8274,-9694,-8.99
UAE_012,2024-06,5326,4904,-7702,-6818,-7.92
UAE_012,2024-07,19639,18798,-4344,-5066,-4.28
UAE_012,2024-08,4933,5130,-6130,-6215,3.99
UAE_012,2024-09,5075,5294,-10825,-10061,4.32
UAE_012,2024-10,2191,2073,-4390,-4577,-5.39
UAE_012,2024-11,5547,5902,-7243,-6605,6.4
UAE_012,2024-12,2610,2534,-4613,-5372,-2.91
UAE_012,2025-01,3941,3825,-7698,-6850,-2.94
UAE_012,2025-02,1996,1835,-5311,-5146,-8.07
UAE_012,2025-03,5625,5443,-7595,-6865,-3.24
UAE_012,2025-04,4322,3999,-3361,-3173,-7.47
UAE_012,2025-05,1313,1438,-3116,-3146,9.52
UAE_012,2025-06,5866,5735,-8026,-9351,-2.23
UAE_012,2025-07,18755,17549,-8637,-9820,-6.43
UAE_012,2025-08,8569,8848,-6337,-6814,3.26
UAE_012,2025-09,11746,11222,-6382,-6725,-4.46
UAE_012,2025-10,3371,3524,-4161,-4509,4.54
UAE_012,2025-11,2434,2282,-8985,-8626,-6.24
UAE_012,2025-12,5283,5433,-8073,-9015,2.84
UAE_013,2023-01,2069,1984,-2115,-1841,-4.11
UAE_013,2023-02,1196,1323,-4682,-5090,10.62
UAE_013,2023-03,1578,1512,-2381,-2165,-4.18
UAE_013,2023-04,2719,2570,-1195,-1280,-5.48
UAE_013,2023-05,1936,1925,-7123,-6750,-0.57
UAE_013,2023-06,1504,1485,-9665,-9353,-1.26
UAE_013,2023-07,2479,2298,-1435,-1561,-7.3
UAE_013,2023-08,2073,2257,-2131,-2350,8.88
UAE_013,2023-09,1781,1859,-3826,-3532,4.38
UAE_013,2023-10,1311,1299,-1887,-1676,-0.92
UAE_013,2023-11,1864,1831,-5116,-5773,-1.77
UAE_013,2023-12,771,845,-5848,-6066,9.6
UAE_013,2024-01,2880,2696,-5532,-5068,-6.39
UAE_013,2024-02,1249,1195,-5333,-5762,-4.32
UAE_013,2024-03,714,766,-4082,-3563,7.28
UAE_013,2024-04,2046,2225,-5871,-5307,8.75
UAE_013,2024-05,1469,1419,-6806,-6585,-3.4
UAE_013,2024-06,2114,2325,-1943,-1824,9.98
UAE_013,2024-07,1529,1651,-6118,-6900,7.98
UAE_013,2024-08,3220,3373,-3878,-4129,4.75
UAE_013,2024-09,3136,2902,-5467,-5948,-7.46
UAE_013,2024-10,1600,1701,-3057,-2895,6.31
UAE_013,2024-11,1248,1149,-1378,-1280,-7.93
UAE_013,2024-12,1026,1052,-1330,-1305,2.53
UAE_013,2025-01,1649,1669,-4084,-3780,1.21
UAE_013,2025-02,1952,1948,-5852,-5336,-0.2
UAE_013,2025-03,3571,3266,-4553,-4568,-8.54
UAE_013,2025-04,3040,2926,-3472,-3747,-3.75
UAE_013,2025-05,1939,1804,-7020,-6309,-6.96
UAE_013,2025-06,1576,1555,-6682,-7551,-1.33
UAE_013,2025-07,3975,4023,-8482,-7899,1.21
UAE_013,2025-08,2490,2359,-2195,-2161,-5.26
UAE_013,2025-09,1819,1890,-6643,-5917,3.9
UAE_013,2025-10,1061,1060,-3370,-2968,-0.09
UAE_013,2025-11,2532,2598,-1960,-2176,2.61
UAE_013,2025-12,1781,1737,-3783,-3481,-2.47
UAE_014,2023-01,8570,8940,-8971,-10026,4.32
UAE_014,2023-02,4563,4672,-3694,-4344,2.39
UAE_014,2023-03,4689,4791,-3072,-3399,2.18
UAE_014,2023-04,7330,6706,-4942,-5289,-8.51
UAE_014,2023-05,11911,11681,-11115,-11306,-1.93
UAE_014,2023-06,8819,8135,-8656,-8299,-7.76
UAE_014,2023-07,3590,3583,-4442,-3876,-0.19
UAE_014,2023-08,4782,4738,-6772,-6812,-0.92
UAE_014,2023-09,5263,5406,-12897,-12795,2.72
UAE_014,2023-10,4370,4628,-8698,-9703,5.9
UAE_014,2023-11,4792,5257,-5914,-6850,9.7
UAE_014,2023-12,7371,7934,-6376,-6180,7.64
UAE_014,2024-01,3303,3096,-5100,-4924,-6.27
UAE_014,2024-02,2197,2178,-10977,-11006,-0.86
UAE_014,2024-03,20277,20657,-5344,-5053,1.87
UAE_014,2024-04,9989,10666,-6030,-5520,6.78
UAE_014,2024-05,14454,14859,-13575,-12794,2.8
UAE_014,2024-06,4644,4296,-14090,-14649,-7.49
UAE_014,2024-07,7600,7033,-3800,-4362,-7.46
UAE_014,2024-08,12746,11800,-11334,-13260,-7.42
UAE_014,2024-09,6061,6124,-10598,-11078,1.04
UAE_014,2024-10,2505,2366,-2814,-2715,-5.55
UAE_014,2024-11,3701,3716,-3658,-3531,0.41
UAE_014,2024-12,2198,2145,-6500,-5946,-2.41
UAE_014,2025-01,4240,4150,-7139,-8070,-2.12
UAE_014,2025-02,10480,9567,-6371,-6208,-8.71
UAE_014,2025-03,4007,3952,-2388,-2593,-1.37
UAE_014,2025-04,11174,12310,-8954,-10049,10.17
UAE_014,2025-05,14025,14352,-9399,-10825,2.33
UAE_014,2025-06,18110,18379,-5671,-6580,1.49
UAE_014,2025-07,2065,1980,-5984,-6262,-4.12
UAE_014,2025-08,3302,3340,-5996,-6506,1.15
UAE_014,2025-09,4912,4652,-4242,-3871,-5.29
UAE_014,2025-10,11031,12043,-4594,-4793,9.17
UAE_014,2025-11,3443,3590,-4113,-4753,4.27
UAE_014,2025-12,2760,2638,-5821,-5635,-4.42
UAE_015,2023-01,1845,1956,-2230,-2448,6.02
UAE_015,2023-02,1472,1586,-5274,-5376,7.74
UAE_015,2023-03,2859,2611,-3070,-3194,-8.67
UAE_015,2023-04,2135,1948,-2551,-2844,-8.76
UAE_015,2023-05,1259,1211,-5058,-5655,-3.81
UAE_015,2023-06,2578,2779,-7369,-7595,7.8
UAE_015,2023-07,2245,2059,-4414,-4703,-8.29
UAE_015,2023-08,5459,5220,-7718,-7489,-4.38
UAE_015,2023-09,3109,2943,-4996,-4703,-5.34
UAE_015,2023-10,3163,3097,-5906,-5205,-2.09
UAE_015,2023-11,764,838,-5173,-4740,9.69
UAE_015,2023-12,2064,2028,-4530,-4077,-1.74
UAE_015,2024-01,1923,1963,-5311,-4689,2.08
UAE_015,2024-02,1698,1705,-4976,-4751,0.41
UAE_015,2024-03,2666,2496,-6209,-6088,-6.38
UAE_015,2024-04,2624,2431,-3329,-3363,-7.36
UAE_015,2024-05,3274,3616,-873,-887,10.45
UAE_015,2024-06,3415,3527,-5625,-4904,3.28
UAE_015,2024-07,4479,4501,-6646,-7545,0.49
UAE_015,2024-08,2970,2760,-3120,-3560,-7.07
UAE_015,2024-09,3105,3172,-7715,-6975,2.16
UAE_015,2024-10,2446,2272,-1777,-1651,-7.11
UAE_015,2024-11,2849,2727,-774,-855,-4.28
UAE_015,2024-12,1646,1645,-5053,-4998,-0.06
UAE_015,2025-01,2295,2274,-6469,-5805,-0.92
UAE_015,2025-02,3020,2813,-1514,-1364,-6.85
UAE_015,2025-03,2960,3149,-6585,-6193,6.39
UAE_015,2025-04,2914,2790,-3868,-3874,-4.26
UAE_015,2025-05,1766,1957,-2257,-2390,10.82
UAE_015,2025-06,2085,1984,-5952,-6619,-4.84
UAE_015,2025-07,1229,1274,-7809,-7552,3.66
UAE_015,2025-08,2731,2517,-6306,-5761,-7.84
UAE_015,2025-09,1587,1505,-7495,-8185,-5.17
UAE_015,2025-10,3770,3671,-1894,-2090,-2.63
UAE_015,2025-11,1535,1668,-4240,-4025,8.66
UAE_015,2025-12,2844,3062,-2764,-2761,7.67
UAE_016,2023-01,1908,2045,-9734,-8562,7.18
UAE_016,2023-02,997,1059,-8086,-7493,6.22
UAE_016,2023-03,1849,1915,-3974,-4045,3.57
UAE_016,2023-04,3094,3136,-8736,-7789,1.36
UAE_016,2023-05,4030,4108,-8952,-8622,1.94
UAE_016,2023-06,6965,7377,-5671,-5748,5.92
UAE_016,2023-07,2880,2665,-6229,-5834,-7.47
UAE_016,2023-08,7230,7927,-10238,-10342,9.64
UAE_016,2023-09,3824,3921,-2425,-2648,2.54
UAE_016,2023-10,2950,3178,-7135,-6748,7.73
UAE_016,2023-11,1719,1605,-10176,-9496,-6.63
UAE_016,2023-12,2218,2236,-3226,-2940,0.81
UAE_016,2024-01,3311,3072,-2204,-2235,-7.22
UAE_016,2024-02,7541,8321,-6701,-7095,10.34
UAE_016,2024-03,18486,16905,-6203,-7014,-8.55
UAE_016,2024-04,13952,13516,-7031,-7117,-3.12
UAE_016,2024-05,3481,3179,-9301,-9848,-8.68
UAE_016,2024-06,3035,3245,-3696,-3991,6.92
UAE_016,2024-07,3889,3713,-8330,-7881,-4.53
UAE_016,2024-08,11374,10507,-6535,-7390,-7.62
UAE_016,2024-09,3846,3709,-3744,-3528,-3.56
UAE_016,2024-10,8079,8267,-7777,-7130,2.33
UAE_016,2024-11,9331,10363,-7108,-6294,11.06
UAE_016,2024-12,19622,18115,-756,-728,-7.68
UAE_016,2025-01,3411,3653,-5877,-6752,7.09
UAE_016,2025-02,2365,2527,-3960,-3894,6.85
UAE_016,2025-03,2633,2637,-9777,-8641,0.15
UAE_016,2025-04,14145,13558,-5533,-5602,-4.15
UAE_016,2025-05,3103,3415,-12758,-13036,10.05
UAE_016,2025-06,10567,10935,-8501,-8342,3.48
UAE_016,2025-07,3603,3879,-5455,-4851,7.66
UAE_016,2025-08,11211,11839,-10461,-9145,5.6
UAE_016,2025-09,2548,2515,-8177,-9203,-1.3
UAE_016,2025-10,2425,2386,-5009,-4756,-1.61
UAE_016,2025-11,8815,8675,-3824,-4086,-1.59
UAE_016,2025-12,4480,4704,-4728,-5244,5.0
UAE_017,2023-01,301940,306182,68725,60903,1.4
UAE_017,2023-02,765112,793800,178618,204743,3.75
UAE_017,2023-03,387450,389604,25295,26459,0.56
UAE_017,2023-04,81649,77743,-7868,-8419,-4.78
UAE_017,2023-05,354118,376382,24894,23355,6.29
UAE_017,2023-06,433471,419746,57851,57745,-3.17
UAE_017,2023-07,1199558,1167785,283843,246946,-2.65
UAE_017,2023-08,672583,674003,149944,134423,0.21
UAE_017,2023-09,1982859,1811828,246099,217084,-8.63
UAE_017,2023-10,730204,702067,101427,114227,-3.85
UAE_017,2023-11,522517,536622,73989,78200,2.7
UAE_017,2023-12,648282,708926,137259,122772,9.35
UAE_017,2024-01,1160939,1221884,336473,351065,5.25
UAE_017,2024-02,752684,690676,85064,88877,-8.24
UAE_017,2024-03,483393,525068,36443,40562,8.62
UAE_017,2024-04,1067290,1060791,84094,95482,-0.61
UAE_017,2024-05,3754812,3418877,686467,722074,-8.95
UAE_017,2024-06,812469,795852,139564,154970,-2.05
UAE_017,2024-07,2094841,1917929,367883,415704,-8.45
UAE_017,2024-08,4107778,3807249,691245,800444,-7.32
UAE_017,2024-09,710992,723181,181145,176147,1.71
UAE_017,2024-10,264990,243271,7962,7178,-8.2
UAE_017,2024-11,1730127,1690906,373808,330034,-2.27
UAE_017,2024-12,1151785,1182888,414426,391476,2.7
UAE_017,2025-01,471565,507734,120272,109587,7.67
UAE_017,2025-02,277340,280741,56618,52161,1.23
UAE_017,2025-03,876183,871695,135784,147583,-0.51
UAE_017,2025-04,1709592,1794153,269581,283540,4.95
UAE_017,2025-05,858168,837865,130138,130867,-2.37
UAE_017,2025-06,921322,1023275,156324,164178,11.07
UAE_017,2025-07,2916954,2683090,875697,872610,-8.02
UAE_017,2025-08,166251,169063,-31006,-28145,1.69
UAE_017,2025-09,664472,676875,109017,110056,1.87
UAE_017,2025-10,1921824,1785569,412348,393792,-7.09
UAE_017,2025-11,164624,155892,25182,22597,-5.3
UAE_017,2025-12,1415292,1287617,232217,230261,-9.02
UAE_018,2023-01,1968,1933,-4903,-5225,-1.78
UAE_018,2023-02,1364,1355,-4877,-4401,-0.66
UAE_018,2023-03,1448,1362,-3123,-3557,-5.94
UAE_018,2023-04,1164,1213,-5917,-6937,4.21
UAE_018,2023-05,2325,2439,-2374,-2455,4.9
UAE_018,2023-06,2760,2525,-4152,-4571,-8.51
UAE_018,2023-07,1754,1679,-5133,-5323,-4.28
UAE_018,2023-08,8197,7804,-5484,-5724,-4.79
UAE_018,2023-09,3373,3306,-8207,-8146,-1.99
UAE_018,2023-10,1560,1533,-2797,-2437,-1.73
UAE_018,2023-11,2749,2768,-5459,-4898,0.69
UAE_018,2023-12,2719,2489,-3418,-4001,-8.46
UAE_018,2024-01,733,707,-1407,-1320,-3.55
UAE_018,2024-02,2171,2042,-5304,-5053,-5.94
UAE_018,2024-03,1648,1794,-7371,-6623,8.86
UAE_018,2024-04,1940,1811,-3471,-3606,-6.65
UAE_018,2024-05,3633,3405,-1714,-1929,-6.28
UAE_018,2024-06,3891,3554,-6402,-6969,-8.66
UAE_018,2024-07,2161,2013,-1424,-1439,-6.85
UAE_018,2024-08,941,1045,-2619,-2926,11.05
UAE_018,2024-09,3037,3241,-4771,-5537,6.72
UAE_018,2024-10,1223,1234,-3813,-4169,0.9
UAE_018,2024-11,1492,1462,-5504,-4886,-2.01
UAE_018,2024-12,2844,2962,-1282,-1193,4.15
UAE_018,2025-01,824,757,-7113,-6282,-8.13
UAE_018,2025-02,2789,2976,-5184,-4984,6.7
UAE_018,2025-03,1611,1641,-6392,-6385,1.86
UAE_018,2025-04,2673,2851,-1825,-1975,6.66
UAE_018,2025-05,1672,1528,-2709,-3167,-8.61
UAE_018,2025-06,2321,2312,-3321,-3630,-0.39
UAE_018,2025-07,5877,6504,-6959,-7262,10.67
UAE_018,2025-08,3223,3358,-1725,-1539,4.19
UAE_018,2025-09,2289,2088,-6750,-7047,-8.78
UAE_018,2025-10,3328,3332,-2442,-2467,0.12
UAE_018,2025-11,1183,1283,-6740,-6072,8.45
UAE_018,2025-12,1709,1736,-3551,-4016,1.58
UAE_019,2023-01,1735,1670,-5921,-6186,-3.75
UAE_019,2023-02,2059,1968,-7649,-7148,-4.42
UAE_019,2023-03,3147,3250,-1852,-2062,3.27
UAE_019,2023-04,3890,3583,-8832,-8238,-7.89
UAE_019,2023-05,4871,4921,-9024,-8969,1.03
UAE_019,2023-06,3967,3862,-6908,-6442,-2.65
UAE_019,2023-07,5756,5527,-8226,-8355,-3.98
UAE_019,2023-08,6265,6588,-5196,-5637,5.16
UAE_019,2023-09,2398,2519,-1469,-1507,5.05
UAE_019,2023-10,2954,2738,-3262,-3658,-7.31
UAE_019,2023-11,3484,3438,-6026,-5349,-1.32
UAE_019,2023-12,1362,1349,-6345,-5620,-0.95
UAE_019,2024-01,3039,3042,-5139,-4967,0.1
UAE_019,2024-02,2629,2497,-2649,-2994,-5.02
UAE_019,2024-03,3163,3336,-2194,-1992,5.47
UAE_019,2024-04,3648,3659,-5091,-4668,0.3
UAE_019,2024-05,2064,1978,-6205,-6283,-4.17
UAE_019,2024-06,1213,1251,-5114,-5692,3.13
UAE_019,2024-07,3324,3031,-5592,-6166,-8.81
UAE_019,2024-08,2790,2672,-4133,-3884,-4.23
UAE_019,2024-09,1927,1914,-4070,-4320,-0.67
UAE_019,2024-10,2481,2311,-4090,-3958,-6.85
UAE_019,2024-11,2444,2264,-1576,-1619,-7.36
UAE_019,2024-12,2051,1865,-1413,-1380,-9.07
UAE_019,2025-01,2108,1957,-1762,-1772,-7.16
UAE_019,2025-02,3199,3108,-6197,-5746,-2.84
UAE_019,2025-03,4127,3812,-1124,-1010,-7.63
UAE_019,2025-04,1607,1613,-6984,-7018,0.37
UAE_019,2025-05,2905,2958,-5998,-5370,1.82
UAE_019,2025-06,1671,1695,-4804,-4188,1.44
UAE_019,2025-07,3544,3749,-10279,-9202,5.78
UAE_019,2025-08,10529,10184,-7162,-6549,-3.28
UAE_019,2025-09,2385,2171,-10473,-9776,-8.97
UAE_019,2025-10,6421,6282,-8063,-7529,-2.16
UAE_019,2025-11,2132,2252,-7814,-6823,5.63
UAE_019,2025-12,6827,6720,-7447,-6482,-1.57
UAE_020,2023-01,176983,168685,26404,29661,-4.69
UAE_020,2023-02,156034,144977,13199,14643,-7.09
UAE_020,2023-03,346309,378420,82697,77681,9.27
UAE_020,2023-04,153876,152977,233,219,-0.58
UAE_020,2023-05,208770,195406,22353,19717,-6.4
UAE_020,2023-06,455516,463483,62568,66040,1.75
UAE_020,2023-07,645366,638309,41386,41010,-1.09
UAE_020,2023-08,98326,105298,-343,-362,7.09
UAE_020,2023-09,156285,164845,33395,31649,5.48
UAE_020,2023-10,91598,98087,4735,4741,7.08
UAE_020,2023-11,428489,402688,88686,82006,-6.02
UAE_020,2023-12,12337,13616,-17994,-16731,10.37
UAE_020,2024-01,151535,161218,37999,36923,6.39
UAE_020,2024-02,116747,123118,-18978,-18504,5.46
UAE_020,2024-03,188519,193998,11856,12178,2.91
UAE_020,2024-04,55288,54889,-6106,-6024,-0.72
UAE_020,2024-05,87850,85997,6687,6167,-2.11
UAE_020,2024-06,281875,282092,44122,40356,0.08
UAE_020,2024-07,301620,301639,5267,5474,0.01
UAE_020,2024-08,288202,318901,-10824,-11310,10.65
UAE_020,2024-09,388428,359532,-1589,-1721,-7.44
UAE_020,2024-10,138423,135493,21032,22918,-2.12
UAE_020,2024-11,164748,177983,11480,13048,8.03
UAE_020,2024-12,282707,313057,21753,23696,10.74
UAE_020,2025-01,41287,43330,-25986,-24328,4.95
UAE_020,2025-02,321296,326335,45944,42260,1.57
UAE_020,2025-03,126649,115623,-13369,-12511,-8.71
UAE_020,2025-04,52711,54264,1971,1841,2.95
UAE_020,2025-05,401775,366909,73489,69083,-8.68
UAE_020,2025-06,496381,543279,113329,110090,9.45
UAE_020,2025-07,226095,205777,26106,24267,-8.99
UAE_020,2025-08,570541,555875,141954,160740,-2.57
UAE_020,2025-09,654664,619521,61380,69145,-5.37
UAE_020,2025-10,228875,228404,4978,5090,-0.21
UAE_020,2025-11,114991,105025,-6682,-7631,-8.67
UAE_020,2025-12,194717,179367,38087,33557,-7.88
UAE_021,2023-01,214898,236104,9120,8620,9.87
UAE_021,2023-02,361264,369896,-29008,-33317,2.39
UAE_021,2023-03,547695,514559,98227,100629,-6.05
UAE_021,2023-04,1079065,1175204,257712,277416,8.91
UAE_021,2023-05,588930,542218,52905,50036,-7.93
UAE_021,2023-06,2337639,2559620,367894,381602,9.5
UAE_021,2023-07,930368,892693,221310,226289,-4.05
UAE_021,2023-08,851146,855545,133345,153638,0.52
UAE_021,2023-09,1349857,1318621,276403,284428,-2.31
UAE_021,2023-10,639196,617389,94533,86304,-3.41
UAE_021,2023-11,553273,597242,129226,150163,7.95
UAE_021,2023-12,780667,812584,181770,176610,4.09
UAE_021,2024-01,369941,343270,15052,15871,-7.21
UAE_021,2024-02,1044636,974999,113694,102535,-6.67
UAE_021,2024-03,5011999,4594575,985224,951169,-8.33
UAE_021,2024-04,892819,937553,195738,173154,5.01
UAE_021,2024-05,969085,972911,139881,156385,0.39
UAE_021,2024-06,1162822,1233202,371150,422599,6.05
UAE_021,2024-07,1597413,1457746,148432,171085,-8.74
UAE_021,2024-08,681779,671074,23657,21465,-1.57
UAE_021,2024-09,2251805,2279511,592297,662554,1.23
UAE_021,2024-10,1865024,2027337,483977,494050,8.7
UAE_021,2024-11,1166407,1191403,308018,361135,2.14
UAE_021,2024-12,1215445,1132993,103627,111732,-6.78
UAE_021,2025-01,548970,575292,139166,133949,4.79
UAE_021,2025-02,1578663,1497704,482862,462548,-5.13
UAE_021,2025-03,1148080,1258070,143412,148545,9.58
UAE_021,2025-04,901991,845647,186333,183684,-6.25
UAE_021,2025-05,1700712,1554320,436059,457320,-8.61
UAE_021,2025-06,1084209,1014729,283675,286146,-6.41
UAE_021,2025-07,2186545,2200879,383587,373837,0.66
UAE_021,2025-08,977979,916072,146565,165768,-6.33
UAE_021,2025-09,1250344,1241839,143507,125924,-0.68
UAE_021,2025-10,2365015,2189759,439820,501714,-7.41
UAE_021,2025-11,574487,552794,69832,73068,-3.78
UAE_021,2025-12,1370990,1324798,379631,392563,-3.37
UAE_022,2023-01,1199,1265,-2397,-2457,5.5
UAE_022,2023-02,1554,1626,-1943,-1748,4.63
UAE_022,2023-03,1673,1717,-6416,-6534,2.63
UAE_022,2023-04,1691,1691,-6105,-6122,0.0
UAE_022,2023-05,4968,5262,-6113,-6620,5.92
UAE_022,2023-06,4610,4837,-4612,-5330,4.92
UAE_022,2023-07,6391,6800,-14621,-13711,6.4
UAE_022,2023-08,3703,3374,-7033,-6243,-8.88
UAE_022,2023-09,22361,20974,-4379,-3874,-6.2
UAE_022,2023-10,1889,1879,-5379,-4876,-0.53
UAE_022,2023-11,3149,3276,-7438,-7717,4.03
UAE_022,2023-12,4508,4314,-7165,-7000,-4.3
UAE_022,2024-01,1245,1205,-4327,-4921,-3.21
UAE_022,2024-02,3906,4146,-2003,-2141,6.14
UAE_022,2024-03,4326,4189,-8025,-7881,-3.17
UAE_022,2024-04,3821,4189,-2528,-2588,9.63
UAE_022,2024-05,7804,7858,-11442,-10898,0.69
UAE_022,2024-06,5462,5000,-11159,-11629,-8.46
UAE_022,2024-07,5032,4871,-3938,-3817,-3.2
UAE_022,2024-08,3889,3996,-6839,-7584,2.75
UAE_022,2024-09,5140,5429,-9469,-10800,5.62
UAE_022,2024-10,4392,4185,-10293,-10669,-4.71
UAE_022,2024-11,3885,4148,-3308,-3175,6.77
UAE_022,2024-12,3855,4123,-5803,-5255,6.95
UAE_022,2025-01,12400,12616,-6903,-6673,1.74
UAE_022,2025-02,3765,3980,-1003,-1141,5.71
UAE_022,2025-03,3078,3301,-2411,-2181,7.24
UAE_022,2025-04,2840,2699,-2648,-2864,-4.96
UAE_022,2025-05,27720,26139,-7569,-7496,-5.7
UAE_022,2025-06,12340,11296,-4204,-4932,-8.46
UAE_022,2025-07,4319,4455,-10001,-10975,3.15
UAE_022,2025-08,7087,6680,-8262,-8268,-5.74
UAE_022,2025-09,5213,5457,-9212,-9293,4.68
UAE_022,2025-10,20238,18680,-6976,-6670,-7.7
UAE_022,2025-11,2579,2622,-9928,-8663,1.67
UAE_022,2025-12,5191,5152,-10768,-9368,-0.75
UAE_023,2023-01,1929,1993,-2688,-2844,3.32
UAE_023,2023-02,2398,2430,-5075,-5254,1.33
UAE_023,2023-03,1571,1507,-2576,-2966,-4.07
UAE_023,2023-04,1890,1775,-5209,-4807,-6.08
UAE_023,2023-05,2730,2805,-5126,-5734,2.75
UAE_023,2023-06,2474,2404,-1712,-1831,-2.83
UAE_023,2023-07,2682,2730,-2646,-2938,1.79
UAE_023,2023-08,2269,2353,-5505,-5443,3.7
UAE_023,2023-09,2297,2521,-5017,-4692,9.75
UAE_023,2023-10,2440,2703,-5937,-5452,10.78
UAE_023,2023-11,1574,1450,-4783,-5059,-7.88
UAE_023,2023-12,2399,2323,-2180,-2089,-3.17
UAE_023,2024-01,1952,1888,-5005,-5051,-3.28
UAE_023,2024-02,2325,2181,-2708,-2486,-6.19
UAE_023,2024-03,2165,2110,-7632,-6729,-2.54
UAE_023,2024-04,2216,2403,-3494,-3264,8.44
UAE_023,2024-05,2716,2658,-5163,-5977,-2.14
UAE_023,2024-06,2810,2863,-3182,-3505,1.89
UAE_023,2024-07,4347,4047,-2659,-2551,-6.9
UAE_023,2024-08,2718,2785,-3549,-3996,2.47
UAE_023,2024-09,1642,1730,-2158,-2267,5.36
UAE_023,2024-10,3066,2897,-2961,-3022,-5.51
UAE_023,2024-11,1695,1699,-6767,-6286,0.24
UAE_023,2024-12,945,985,-4852,-4679,4.23
UAE_023,2025-01,2228,2135,-2691,-3111,-4.17
UAE_023,2025-02,2961,3005,-1708,-1630,1.49
UAE_023,2025-03,1080,1034,-6931,-6715,-4.26
UAE_023,2025-04,2680,2623,-2019,-2231,-2.13
UAE_023,2025-05,1894,1879,-7319,-7667,-0.79
UAE_023,2025-06,6482,7086,-5448,-5208,9.32
UAE_023,2025-07,3958,3975,-1746,-2012,0.43
UAE_023,2025-08,4710,4979,-6520,-7225,5.71
UAE_023,2025-09,1580,1703,-3807,-3698,7.78
UAE_023,2025-10,2509,2739,-6096,-5627,9.17
UAE_023,2025-11,1366,1364,-2180,-2450,-0.15
UAE_023,2025-12,897,997,-3192,-3014,11.15
UAE_024,2023-01,4033,3847,-2724,-2599,-4.61
UAE_024,2023-02,4907,5024,-8539,-8049,2.38
UAE_024,2023-03,5999,5798,-11901,-10580,-3.35
UAE_024,2023-04,16944,15895,-3171,-3401,-6.19
UAE_024,2023-05,3211,3169,-7194,-6444,-1.31
UAE_024,2023-06,18368,17220,-10727,-11546,-6.25
UAE_024,2023-07,3089,3241,-9756,-8917,4.92
UAE_024,2023-08,1983,2056,-7754,-7212,3.68
UAE_024,2023-09,3727,3393,-4905,-4975,-8.96
UAE_024,2023-10,1661,1791,-2475,-2533,7.83
UAE_024,2023-11,2904,2816,-3044,-2720,-3.03
UAE_024,2023-12,10549,9660,-8569,-7574,-8.43
UAE_024,2024-01,3097,3010,-2433,-2818,-2.81
UAE_024,2024-02,1755,1608,-3665,-3431,-8.38
UAE_024,2024-03,10287,10432,-6752,-6073,1.41
UAE_024,2024-04,8963,9529,-8783,-8201,6.31
UAE_024,2024-05,15603,14216,-9805,-8693,-8.89
UAE_024,2024-06,4659,5131,-3997,-4207,10.13
UAE_024,2024-07,6040,6196,-4752,-5340,2.58
UAE_024,2024-08,5739,6173,-4988,-4411,7.56
UAE_024,2024-09,8237,9143,-7383,-8238,11.0
UAE_024,2024-10,8255,8387,-7247,-6636,1.6
UAE_024,2024-11,1951,1843,-2862,-2844,-5.54
UAE_024,2024-12,4275,4448,-5766,-5031,4.05
UAE_024,2025-01,3323,3397,-6153,-7130,2.23
UAE_024,2025-02,3898,3666,-9032,-8541,-5.95
UAE_024,2025-03,3109,3424,-3600,-3414,10.13
UAE_024,2025-04,14677,14324,-4596,-4576,-2.41
UAE_024,2025-05,29482,28014,-5438,-6017,-4.98
UAE_024,2025-06,10619,11354,-2226,-2536,6.92
UAE_024,2025-07,8201,8639,-12146,-13342,5.34
UAE_024,2025-08,3459,3602,-4003,-4284,4.13
UAE_024,2025-09,21963,23803,-6065,-5921,8.38
UAE_024,2025-10,3783,4092,-6101,-6886,8.17
UAE_024,2025-11,18625,19346,-8035,-7076,3.87
UAE_024,2025-12,2874,2638,-3320,-3510,-8.21
UAE_025,2023-01,2079,2220,-3502,-3149,6.78
UAE_025,2023-02,2219,2210,-614,-599,-0.41
UAE_025,2023-03,964,929,-3807,-4270,-3.63
UAE_025,2023-04,2876,2920,-1221,-1107,1.53
UAE_025,2023-05,2576,2733,-2608,-2439,6.09
UAE_025,2023-06,14336,15890,-3001,-3083,10.84
UAE_025,2023-07,2978,3199,-5932,-5178,7.42
UAE_025,2023-08,1308,1443,-4162,-3797,10.32
UAE_025,2023-09,1618,1722,-4433,-4116,6.43
UAE_025,2023-10,1461,1356,-5736,-5688,-7.19
UAE_025,2023-11,781,746,-5626,-5261,-4.48
UAE_025,2023-12,2466,2589,-2245,-2002,4.99
UAE_025,2024-01,1814,1667,-3114,-3629,-8.1
UAE_025,2024-02,1967,1810,-6345,-5625,-7.98
UAE_025,2024-03,2404,2247,-2452,-2307,-6.53
UAE_025,2024-04,6293,6333,-5047,-5147,0.64
UAE_025,2024-05,2388,2496,-4058,-3871,4.52
UAE_025,2024-06,3653,3726,-2294,-2338,2.0
UAE_025,2024-07,1175,1291,-3561,-3140,9.87
UAE_025,2024-08,2338,2450,-2555,-2331,4.79
UAE_025,2024-09,2981,3245,-2378,-2494,8.86
UAE_025,2024-10,2407,2548,-4248,-4120,5.86
UAE_025,2024-11,3209,3013,-1377,-1554,-6.11
UAE_025,2024-12,2349,2340,-5127,-5527,-0.38
UAE_025,2025-01,2098,2284,-1305,-1472,8.87
UAE_025,2025-02,2021,2189,-3288,-3231,8.31
UAE_025,2025-03,2487,2346,-1463,-1360,-5.67
UAE_025,2025-04,2493,2458,-5641,-4940,-1.4
UAE_025,2025-05,1361,1498,-7046,-7516,10.07
UAE_025,2025-06,1905,1976,-3655,-3604,3.73
UAE_025,2025-07,1268,1325,-4579,-4110,4.5
UAE_025,2025-08,1210,1271,-1781,-1617,5.04
UAE_025,2025-09,3100,2998,-3542,-3850,-3.29
UAE_025,2025-10,1239,1146,-3838,-3876,-7.51
UAE_025,2025-11,845,904,-6077,-6377,6.98
UAE_025,2025-12,3344,3147,-4518,-4697,-5.89
UAE_026,2023-01,288512,274213,33289,31754,-4.96
UAE_026,2023-02,486618,456959,66287,60494,-6.09
UAE_026,2023-03,190960,174239,35850,31549,-8.76
UAE_026,2023-04,184348,198410,-10027,-10113,7.63
UAE_026,2023-05,225069,211103,9207,9870,-6.21
UAE_026,2023-06,175109,168619,-48009,-43390,-3.71
UAE_026,2023-07,203238,187197,1718,1737,-7.89
UAE_026,2023-08,77772,78673,-8817,-9509,1.16
UAE_026,2023-09,782750,764086,71227,82873,-2.38
UAE_026,2023-10,163615,177209,10833,12362,8.31
UAE_026,2023-11,155954,168924,-265,-237,8.32
UAE_026,2023-12,165378,172761,12346,12152,4.46
UAE_026,2024-01,118984,115415,11649,13179,-3.0
UAE_026,2024-02,85070,87812,-18945,-18976,3.22
UAE_026,2024-03,42894,43192,-543,-607,0.69
UAE_026,2024-04,749681,780216,136604,130969,4.07
UAE_026,2024-05,102144,106422,-2408,-2367,4.19
UAE_026,2024-06,104290,101495,-6006,-5760,-2.68
UAE_026,2024-07,473682,440889,98208,87169,-6.92
UAE_026,2024-08,327072,362917,23208,25426,10.96
UAE_026,2024-09,378538,371947,70079,82320,-1.74
UAE_026,2024-10,399796,425971,47734,52852,6.55
UAE_026,2024-11,239363,252114,36030,36977,5.33
UAE_026,2024-12,273622,266150,33555,31445,-2.73
UAE_026,2025-01,127817,130045,-24388,-26667,1.74
UAE_026,2025-02,35704,33894,-11132,-10559,-5.07
UAE_026,2025-03,55788,58827,-4479,-5120,5.45
UAE_026,2025-04,347111,379205,27961,27995,9.25
UAE_026,2025-05,26175,28024,-18182,-20107,7.06
UAE_026,2025-06,752794,825103,180418,206320,9.61
UAE_026,2025-07,313904,342241,54552,56666,9.03
UAE_026,2025-08,224789,224029,-7781,-8118,-0.34
UAE_026,2025-09,184477,176433,7878,7195,-4.36
UAE_026,2025-10,240400,235850,67375,60117,-1.89
UAE_026,2025-11,54888,58446,-26463,-27341,6.48
UAE_026,2025-12,536093,510195,53878,61775,-4.83
UAE_027,2023-01,1500,1652,-3035,-3356,10.13
UAE_027,2023-02,1844,1849,-2771,-3077,0.27
UAE_027,2023-03,878,959,-3275,-3536,9.23
UAE_027,2023-04,1654,1783,-1262,-1283,7.8
UAE_027,2023-05,3116,2915,-3784,-3793,-6.45
UAE_027,2023-06,1724,1659,-2350,-2484,-3.77
UAE_027,2023-07,1483,1571,-6212,-7179,5.93
UAE_027,2023-08,2827,2802,-5169,-5353,-0.88
UAE_027,2023-09,3118,3038,-4426,-3929,-2.57
UAE_027,2023-10,1079,1062,-1837,-1613,-1.58
UAE_027,2023-11,1681,1805,-1510,-1738,7.38
UAE_027,2023-12,2788,2690,-4800,-4457,-3.52
UAE_027,2024-01,2155,2242,-3976,-3834,4.04
UAE_027,2024-02,1141,1263,-2193,-2411,10.69
UAE_027,2024-03,2835,2596,-4667,-5430,-8.43
UAE_027,2024-04,2608,2452,-5832,-5335,-5.98
UAE_027,2024-05,1563,1452,-6784,-7485,-7.1
UAE_027,2024-06,3509,3280,-2643,-3029,-6.53
UAE_027,2024-07,1852,2023,-4656,-4111,9.23
UAE_027,2024-08,6171,5858,-6325,-6952,-5.07
UAE_027,2024-09,1585,1586,-1883,-1730,0.06
UAE_027,2024-10,2655,2896,-5749,-5058,9.08
UAE_027,2024-11,6176,5901,-4271,-3928,-4.45
UAE_027,2024-12,5625,5250,-3795,-4237,-6.67
UAE_027,2025-01,1959,1998,-1118,-1123,1.99
UAE_027,2025-02,2453,2449,-4496,-4858,-0.16
UAE_027,2025-03,1816,1966,-1275,-1401,8.26
UAE_027,2025-04,1758,1940,-5350,-5629,10.35
UAE_027,2025-05,3042,2878,-3573,-3192,-5.39
UAE_027,2025-06,1675,1812,-3524,-3912,8.18
UAE_027,2025-07,2827,3092,-7790,-7592,9.37
UAE_027,2025-08,1662,1645,-1634,-1803,-1.02
UAE_027,2025-09,2966,2710,-8600,-8081,-8.63
UAE_027,2025-10,2559,2583,-8349,-8189,0.94
UAE_027,2025-11,966,930,-4778,-4908,-3.73
UAE_027,2025-12,2712,2947,-3387,-3576,8.67
UAE_028,2023-01,1739,1893,-4929,-4771,8.86
UAE_028,2023-02,1035,1067,-1358,-1436,3.09
UAE_028,2023-03,2239,2053,-4272,-4627,-8.31
UAE_028,2023-04,1191,1133,-1891,-2030,-4.87
UAE_028,2023-05,2579,2388,-6140,-6197,-7.41
UAE_028,2023-06,1880,1734,-2113,-2250,-7.77
UAE_028,2023-07,6769,6173,-5901,-5620,-8.8
UAE_028,2023-08,2568,2353,-5978,-5779,-8.37
UAE_028,2023-09,3057,3275,-6840,-6854,7.13
UAE_028,2023-10,1206,1232,-3999,-4640,2.16
UAE_028,2023-11,2410,2411,-5050,-5319,0.04
UAE_028,2023-12,2487,2470,-4959,-5111,-0.68
UAE_028,2024-01,1562,1720,-2468,-2874,10.12
UAE_028,2024-02,952,1015,-4175,-3960,6.62
UAE_028,2024-03,2644,2615,-1135,-1068,-1.1
UAE_028,2024-04,2305,2470,-5300,-5670,7.16
UAE_028,2024-05,3317,3569,-1321,-1280,7.6
UAE_028,2024-06,3486,3735,-4626,-4300,7.14
UAE_028,2024-07,3255,3308,-4178,-4397,1.63
UAE_028,2024-08,3963,4303,-7274,-7274,8.58
UAE_028,2024-09,3208,3447,-8299,-8034,7.45
UAE_028,2024-10,1767,1649,-2378,-2139,-6.68
UAE_028,2024-11,1125,1217,-4413,-4065,8.18
UAE_028,2024-12,1421,1377,-1485,-1326,-3.1
UAE_028,2025-01,2175,2406,-4912,-5723,10.62
UAE_028,2025-02,3978,4337,-5454,-5229,9.02
UAE_028,2025-03,2546,2664,-4004,-3899,4.63
UAE_028,2025-04,2451,2379,-4212,-4702,-2.94
UAE_028,2025-05,2723,2616,-8084,-7884,-3.93
UAE_028,2025-06,2074,1918,-1862,-2125,-7.52
UAE_028,2025-07,2849,3034,-4958,-5018,6.49
UAE_028,2025-08,5545,5486,-7535,-7145,-1.06
UAE_028,2025-09,1125,1128,-5790,-6786,0.27
UAE_028,2025-10,1627,1565,-5619,-5078,-3.81
UAE_028,2025-11,1794,1871,-2593,-2432,4.29
UAE_028,2025-12,956,1058,-2557,-2244,10.67
UAE_029,2023-01,827510,763422,137426,141299,-7.74
UAE_029,2023-02,1211420,1107367,91728,107440,-8.59
UAE_029,2023-03,1557088,1520881,388798,375656,-2.33
UAE_029,2023-04,2774305,2740642,729527,774466,-1.21
UAE_029,2023-05,879384,887537,118071,135116,0.93
UAE_029,2023-06,4224202,4263237,1572053,1433517,0.92
UAE_029,2023-07,2943444,3035021,617598,538126,3.11
UAE_029,2023-08,514161,519812,14477,16081,1.1
UAE_029,2023-09,1161780,1077686,276004,322089,-7.24
UAE_029,2023-10,1310860,1399507,278594,304264,6.76
UAE_029,2023-11,735602,680451,187073,186425,-7.5
UAE_029,2023-12,155796,165600,25369,25416,6.29
UAE_029,2024-01,1318738,1274650,100774,113276,-3.34
UAE_029,2024-02,171189,183504,-3977,-3688,7.19
UAE_029,2024-03,511242,476615,47953,52372,-6.77
UAE_029,2024-04,5488044,5408924,1255955,1310319,-1.44
UAE_029,2024-05,482193,511836,6684,6130,6.15
UAE_029,2024-06,1503790,1564781,338744,344046,4.06
UAE_029,2024-07,5345366,5567962,1245466,1193943,4.16
UAE_029,2024-08,2772089,3043918,991886,1100554,9.81
UAE_029,2024-09,1733028,1756289,163164,177716,1.34
UAE_029,2024-10,1047532,1137849,289331,256814,8.62
UAE_029,2024-11,669676,733775,156555,147220,9.57
UAE_029,2024-12,755103,691972,75649,75666,-8.36
UAE_029,2025-01,868847,855538,201973,218738,-1.53
UAE_029,2025-02,656477,694202,156542,160396,5.75
UAE_029,2025-03,1281025,1264225,152846,171890,-1.31
UAE_029,2025-04,2557103,2493581,311221,301159,-2.48
UAE_029,2025-05,441975,485585,44410,39763,9.87
UAE_029,2025-06,1844112,1947836,416152,415685,5.62
UAE_029,2025-07,1464928,1466351,247125,225931,0.1
UAE_029,2025-08,3585558,3431159,561584,519420,-4.31
UAE_029,2025-09,4952931,5247011,1387549,1626634,5.94
UAE_029,2025-10,2060772,2027076,449884,472349,-1.64
UAE_029,2025-11,438566,475127,19128,18659,8.34
UAE_029,2025-12,3065301,3347266,1032686,967434,9.2
UAE_030,2023-01,1564,1515,-4037,-4264,-3.13
UAE_030,2023-02,1126,1161,-2852,-2486,3.11
UAE_030,2023-03,1062,978,-3040,-3321,-7.91
UAE_030,2023-04,1794,1641,-3778,-4304,-8.53
UAE_030,2023-05,4795,4469,-4295,-5003,-6.8
UAE_030,2023-06,2201,2228,-3311,-3865,1.23
UAE_030,2023-07,2840,2803,-5440,-4994,-1.3
UAE_030,2023-08,1612,1722,-7360,-8193,6.82
UAE_030,2023-09,3187,3015,-8189,-7783,-5.4
UAE_030,2023-10,5795,5304,-7726,-6974,-8.47
UAE_030,2023-11,972,937,-1261,-1352,-3.6
UAE_030,2023-12,2064,2040,-5712,-5104,-1.16
UAE_030,2024-01,2407,2501,-3789,-3639,3.91
UAE_030,2024-02,801,831,-2034,-1930,3.75
UAE_030,2024-03,1165,1218,-5197,-4521,4.55
UAE_030,2024-04,2545,2606,-2856,-2796,2.4
UAE_030,2024-05,2376,2417,-9363,-8540,1.73
UAE_030,2024-06,3338,3207,-7815,-7490,-3.92
UAE_030,2024-07,3869,3843,-5470,-6384,-0.67
UAE_030,2024-08,4236,3863,-4659,-4822,-8.81
UAE_030,2024-09,3537,3574,-2942,-2918,1.05
UAE_030,2024-10,1187,1177,-3221,-3562,-0.84
UAE_030,2024-11,1588,1533,-1047,-1046,-3.46
UAE_030,2024-12,1073,1029,-4065,-3876,-4.1
UAE_030,2025-01,1551,1423,-1659,-1830,-8.25
UAE_030,2025-02,1193,1295,-2102,-2159,8.55
UAE_030,2025-03,2346,2461,-7238,-6338,4.9
UAE_030,2025-04,1601,1723,-4847,-4591,7.62
UAE_030,2025-05,3067,3362,-4940,-4816,9.62
UAE_030,2025-06,3337,3069,-5276,-5811,-8.03
UAE_030,2025-07,1617,1513,-3791,-3926,-6.43
UAE_030,2025-08,1473,1541,-7085,-6479,4.62
UAE_030,2025-09,3479,3593,-6768,-6984,3.28
UAE_030,2025-10,3088,3343,-2328,-2484,8.26
UAE_030,2025-11,2343,2506,-4996,-5675,6.96
UAE_030,2025-12,1126,1224,-963,-968,8.7
UAE_031,2023-01,790,765,-6273,-6888,-3.16
UAE_031,2023-02,1564,1685,-5487,-6115,7.74
UAE_031,2023-03,2728,2974,-3774,-3364,9.02
UAE_031,2023-04,1640,1643,-7304,-7170,0.18
UAE_031,2023-05,2954,2968,-7618,-8641,0.47
UAE_031,2023-06,1213,1160,-3061,-3141,-4.37
UAE_031,2023-07,2710,2703,-4789,-5239,-0.26
UAE_031,2023-08,4038,3716,-4388,-4273,-7.97
UAE_031,2023-09,2534,2314,-6657,-7207,-8.68
UAE_031,2023-10,1903,2031,-2391,-2777,6.73
UAE_031,2023-11,2336,2142,-6421,-5792,-8.3
UAE_031,2023-12,805,866,-7345,-6779,7.58
UAE_031,2024-01,2397,2286,-1031,-1023,-4.63
UAE_031,2024-02,2488,2294,-6023,-6342,-7.8
UAE_031,2024-03,1365,1492,-5184,-4819,9.3
UAE_031,2024-04,1702,1725,-6731,-6874,1.35
UAE_031,2024-05,2764,2766,-7720,-7181,0.07
UAE_031,2024-06,3787,3839,-3447,-3390,1.37
UAE_031,2024-07,3446,3207,-7104,-6200,-6.94
UAE_031,2024-08,1598,1558,-5241,-4976,-2.5
UAE_031,2024-09,4269,4091,-5684,-5804,-4.17
UAE_031,2024-10,4409,4202,-3280,-3044,-4.69
UAE_031,2024-11,2346,2427,-4978,-4446,3.45
UAE_031,2024-12,2601,2887,-7175,-6751,11.0
UAE_031,2025-01,3830,3857,-6969,-7808,0.7
UAE_031,2025-02,3443,3585,-2253,-2152,4.12
UAE_031,2025-03,3196,3323,-4332,-3899,3.97
UAE_031,2025-04,3548,3228,-3014,-3379,-9.02
UAE_031,2025-05,2528,2800,-4310,-4717,10.76
UAE_031,2025-06,2254,2211,-1633,-1592,-1.91
UAE_031,2025-07,3009,2902,-4604,-4443,-3.56
UAE_031,2025-08,3590,3861,-1256,-1406,7.55
UAE_031,2025-09,4474,4760,-3556,-4079,6.39
UAE_031,2025-10,1312,1241,-6864,-7135,-5.41
UAE_031,2025-11,1815,1652,-2334,-2721,-8.98
UAE_031,2025-12,1205,1284,-3025,-2706,6.56
UAE_032,2023-01,1500,1505,-2004,-1771,0.33
UAE_032,2023-02,3009,2876,-5154,-5402,-4.42
UAE_032,2023-03,4358,4354,-8084,-8022,-0.09
UAE_032,2023-04,8465,8499,-8053,-8701,0.4
UAE_032,2023-05,19476,18206,-7335,-8314,-6.52
UAE_032,2023-06,8994,9472,-5555,-5106,5.31
UAE_032,2023-07,21485,21776,-6984,-6921,1.35
UAE_032,2023-08,1834,1908,-9858,-10668,4.03
UAE_032,2023-09,4806,4652,-7230,-7763,-3.2
UAE_032,2023-10,4407,4340,-5016,-4645,-1.52
UAE_032,2023-11,5700,5288,-9094,-8078,-7.23
UAE_032,2023-12,2432,2582,-7017,-7667,6.17
UAE_032,2024-01,1501,1640,-3348,-3843,9.26
UAE_032,2024-02,4704,4340,-7859,-7614,-7.74
UAE_032,2024-03,13680,14496,-5934,-6524,5.96
UAE_032,2024-04,4144,4297,-1716,-1802,3.69
UAE_032,2024-05,18365,17911,-6980,-6078,-2.47
UAE_032,2024-06,2097,1920,-4328,-3924,-8.44
UAE_032,2024-07,17082,16040,-9200,-8705,-6.1
UAE_032,2024-08,18637,16959,-9163,-8571,-9.0
UAE_032,2024-09,3757,3421,-7183,-7076,-8.94
UAE_032,2024-10,20106,21836,-5648,-6103,8.6
UAE_032,2024-11,3014,3130,-10224,-10248,3.85
UAE_032,2024-12,2524,2389,-5425,-5105,-5.35
UAE_032,2025-01,4202,3999,-2484,-2549,-4.83
UAE_032,2025-02,3123,3216,-2149,-2376,2.98
UAE_032,2025-03,3951,4346,-1158,-1158,10.0
UAE_032,2025-04,5782,5564,-2480,-2723,-3.77
UAE_032,2025-05,4947,4856,-5223,-5464,-1.84
UAE_032,2025-06,6940,6412,-3069,-2751,-7.61
UAE_032,2025-07,6080,6736,-3381,-3908,10.79
UAE_032,2025-08,7028,7608,-4807,-4601,8.25
UAE_032,2025-09,12841,12505,-6465,-6740,-2.62
UAE_032,2025-10,5480,5257,-779,-859,-4.07
UAE_032,2025-11,4162,4458,-2167,-2130,7.11
UAE_032,2025-12,1221,1350,-2693,-2523,10.57
UAE_033,2023-01,19620,18823,-6567,-6049,-4.06
UAE_033,2023-02,241274,243805,7538,7926,1.05
UAE_033,2023-03,258421,264772,3971,3922,2.46
UAE_033,2023-04,220970,219752,8516,9019,-0.55
UAE_033,2023-05,43537,46279,-20540,-19192,6.3
UAE_033,2023-06,261745,238555,-11960,-10710,-8.86
UAE_033,2023-07,91578,90965,-30734,-29891,-0.67
UAE_033,2023-08,113184,113121,-24531,-26174,-0.06
UAE_033,2023-09,102746,109827,15047,16475,6.89
UAE_033,2023-10,126830,131737,2498,2182,3.87
UAE_033,2023-11,638832,597908,61921,54223,-6.41
UAE_033,2023-12,228982,250908,42304,44749,9.58
UAE_033,2024-01,83759,84481,14319,14672,0.86
UAE_033,2024-02,149072,146264,-20968,-23411,-1.88
UAE_033,2024-03,219943,244065,57789,56605,10.97
UAE_033,2024-04,73563,73091,2247,2077,-0.64
UAE_033,2024-05,65839,64761,-9503,-8838,-1.64
UAE_033,2024-06,169414,169104,26576,26433,-0.18
UAE_033,2024-07,180288,186099,-11816,-12858,3.22
UAE_033,2024-08,602057,564864,162385,143531,-6.18
UAE_033,2024-09,282402,270447,29573,29790,-4.23
UAE_033,2024-10,217086,240296,19402,17328,10.69
UAE_033,2024-11,127943,127850,-14268,-13118,-0.07
UAE_033,2024-12,68603,64958,-1129,-1307,-5.31
UAE_033,2025-01,17189,17732,-6669,-7557,3.16
UAE_033,2025-02,255878,239777,33139,31831,-6.29
UAE_033,2025-03,92484,86439,-11377,-10322,-6.54
UAE_033,2025-04,261823,253151,52158,45746,-3.31
UAE_033,2025-05,440225,440490,84195,92721,0.06
UAE_033,2025-06,343950,364021,15931,13867,5.84
UAE_033,2025-07,196514,198660,18569,21807,1.09
UAE_033,2025-08,89226,96626,-15750,-16778,8.29
UAE_033,2025-09,85730,94220,-3427,-3869,9.9
UAE_033,2025-10,95867,103061,-11435,-10891,7.5
UAE_033,2025-11,251256,261292,50376,49268,3.99
UAE_033,2025-12,37501,39678,-16805,-19186,5.81
UAE_034,2023-01,1059,989,-7517,-6822,-6.61
UAE_034,2023-02,2789,2597,-2714,-2640,-6.88
UAE_034,2023-03,5373,5130,-9188,-8244,-4.52
UAE_034,2023-04,4545,4155,-7686,-7047,-8.58
UAE_034,2023-05,13061,12310,-6233,-7321,-5.75
UAE_034,2023-06,2069,2288,-2517,-2530,10.58
UAE_034,2023-07,21089,22172,-10158,-9601,5.14
UAE_034,2023-08,6459,6101,-8132,-9292,-5.54
UAE_034,2023-09,1305,1418,-3158,-2769,8.66
UAE_034,2023-10,2699,2880,-6151,-6506,6.71
UAE_034,2023-11,5001,4950,-8937,-10367,-1.02
UAE_034,2023-12,1922,1877,-4810,-5542,-2.34
UAE_034,2024-01,2705,2489,-6854,-6139,-7.99
UAE_034,2024-02,2900,2798,-7425,-8378,-3.52
UAE_034,2024-03,7974,7763,-8370,-8475,-2.65
UAE_034,2024-04,4431,4453,-10926,-11624,0.5
UAE_034,2024-05,10641,9868,-9658,-8784,-7.26
UAE_034,2024-06,1789,1947,-5580,-5048,8.83
UAE_034,2024-07,12108,12008,-2944,-2859,-0.83
UAE_034,2024-08,8938,9826,-9369,-10883,9.94
UAE_034,2024-09,5394,5159,-4933,-5787,-4.36
UAE_034,2024-10,20356,18725,-7267,-6992,-8.01
UAE_034,2024-11,11747,13050,-7661,-7298,11.09
UAE_034,2024-12,1919,1979,-8141,-9287,3.13
UAE_034,2025-01,1942,2155,-8373,-8827,10.97
UAE_034,2025-02,4436,4336,-1703,-1936,-2.25
UAE_034,2025-03,4530,4914,-5081,-5843,8.48
UAE_034,2025-04,1969,2008,-10468,-9950,1.98
UAE_034,2025-05,5598,5561,-4610,-5258,-0.66
UAE_034,2025-06,4293,4061,-9086,-8289,-5.4
UAE_034,2025-07,2696,2850,-5499,-5725,5.71
UAE_034,2025-08,14750,13549,-4138,-4118,-8.14
UAE_034,2025-09,6478,5967,-7838,-7143,-7.89
UAE_034,2025-10,5800,5946,-5617,-6572,2.52
UAE_034,2025-11,13212,13710,-3937,-4495,3.77
UAE_034,2025-12,8473,8976,-8676,-8954,5.94
UAE_035,2023-01,2028,2247,-3963,-3978,10.8
UAE_035,2023-02,1162,1064,-3798,-3868,-8.43
UAE_035,2023-03,1776,1848,-3504,-3825,4.05
UAE_035,2023-04,2774,2889,-1481,-1649,4.15
UAE_035,2023-05,2019,2150,-7932,-8306,6.49
UAE_035,2023-06,1411,1426,-1990,-1813,1.06
UAE_035,2023-07,4359,4547,-6306,-5806,4.31
UAE_035,2023-08,2230,2365,-4497,-5176,6.05
UAE_035,2023-09,2491,2397,-3611,-4062,-3.77
UAE_035,2023-10,2951,3056,-2907,-2561,3.56
UAE_035,2023-11,1100,1117,-6472,-6660,1.55
UAE_035,2023-12,1785,1705,-5017,-4628,-4.48
UAE_035,2024-01,4125,3787,-5496,-5336,-8.19
UAE_035,2024-02,2182,2000,-1179,-1174,-8.34
UAE_035,2024-03,2974,2914,-3311,-3175,-2.02
UAE_035,2024-04,2116,2024,-4364,-5133,-4.35
UAE_035,2024-05,1262,1367,-2335,-2097,8.32
UAE_035,2024-06,4810,4599,-6541,-6025,-4.39
UAE_035,2024-07,2676,2676,-6416,-6429,0.0
UAE_035,2024-08,2324,2227,-3281,-3277,-4.17
UAE_035,2024-09,2594,2603,-5355,-5817,0.35
UAE_035,2024-10,2038,2260,-4035,-3828,10.89
UAE_035,2024-11,2261,2162,-1433,-1450,-4.38
UAE_035,2024-12,1071,982,-3796,-3887,-8.31
UAE_035,2025-01,1512,1628,-5802,-5548,7.67
UAE_035,2025-02,1083,1199,-3424,-3285,10.71
UAE_035,2025-03,1411,1529,-1674,-1930,8.36
UAE_035,2025-04,3640,3500,-3808,-3340,-3.85
UAE_035,2025-05,3350,3580,-3525,-4080,6.87
UAE_035,2025-06,3271,3258,-5881,-5636,-0.4
UAE_035,2025-07,2683,2601,-3179,-2800,-3.06
UAE_035,2025-08,3053,2959,-2628,-2424,-3.08
UAE_035,2025-09,3371,3651,-7836,-8048,8.31
UAE_035,2025-10,2386,2235,-5335,-5459,-6.33
UAE_035,2025-11,1634,1713,-6532,-5815,4.83
UAE_035,2025-12,2012,1921,-3192,-3457,-4.52
UAE_036,2023-01,1513,1526,-6555,-6375,0.86
UAE_036,2023-02,2123,2116,-5814,-5446,-0.33
UAE_036,2023-03,2751,3024,-1656,-1914,9.92
UAE_036,2023-04,918,972,-5244,-5136,5.88
UAE_036,2023-05,1496,1449,-3070,-3119,-3.14
UAE_036,2023-06,2588,2777,-2293,-2107,7.3
UAE_036,2023-07,2200,2014,-3976,-3706,-8.45
UAE_036,2023-08,2513,2755,-9818,-10530,9.63
UAE_036,2023-09,1706,1608,-5502,-5630,-5.74
UAE_036,2023-10,1348,1298,-2746,-2542,-3.71
UAE_036,2023-11,951,979,-5412,-4982,2.94
UAE_036,2023-12,1736,1598,-3881,-3582,-7.95
UAE_036,2024-01,3040,2883,-3445,-3287,-5.16
UAE_036,2024-02,937,965,-4167,-4756,2.99
UAE_036,2024-03,1364,1248,-4648,-5174,-8.5
UAE_036,2024-04,1562,1666,-3591,-4202,6.66
UAE_036,2024-05,15725,16267,-4621,-4706,3.45
UAE_036,2024-06,4042,4382,-5092,-5555,8.41
UAE_036,2024-07,8503,7995,-6425,-6236,-5.97
UAE_036,2024-08,3408,3558,-6994,-6268,4.4
UAE_036,2024-09,1511,1633,-8090,-7447,8.07
UAE_036,2024-10,3797,3827,-7159,-8033,0.79
UAE_036,2024-11,2863,3055,-7898,-7493,6.71
UAE_036,2024-12,2446,2430,-6917,-6740,-0.65
UAE_036,2025-01,2523,2625,-4011,-4247,4.04
UAE_036,2025-02,1831,1761,-8695,-7697,-3.82
UAE_036,2025-03,952,999,-5056,-5551,4.94
UAE_036,2025-04,4562,4351,-5367,-5960,-4.63
UAE_036,2025-05,1218,1317,-7568,-7323,8.13
UAE_036,2025-06,2572,2753,-7417,-8648,7.04
UAE_036,2025-07,14350,14637,-7353,-6945,2.0
UAE_036,2025-08,5139,4912,-3830,-4036,-4.42
UAE_036,2025-09,3391,3098,-5674,-4964,-8.64
UAE_036,2025-10,2260,2193,-5700,-5239,-2.96
UAE_036,2025-11,3710,3410,-5176,-4503,-8.09
UAE_036,2025-12,2085,1995,-1130,-1276,-4.32
UAE_037,2023-01,1320,1219,-4303,-4482,-7.65
UAE_037,2023-02,1149,1056,-5499,-4846,-8.09
UAE_037,2023-03,1202,1202,-3732,-3865,0.0
UAE_037,2023-04,4287,4512,-4579,-4656,5.25
UAE_037,2023-05,9137,9056,-5159,-5017,-0.89
UAE_037,2023-06,3394,3211,-6999,-7062,-5.39
UAE_037,2023-07,3595,3847,-5329,-4934,7.01
UAE_037,2023-08,3528,3547,-3568,-3644,0.54
UAE_037,2023-09,4503,4118,-5877,-6267,-8.55
UAE_037,2023-10,2622,2722,-8063,-8449,3.81
UAE_037,2023-11,3126,3076,-2091,-2324,-1.6
UAE_037,2023-12,3103,3276,-2728,-3042,5.58
UAE_037,2024-01,1029,1023,-2753,-3134,-0.58
UAE_037,2024-02,1771,1958,-4970,-4842,10.56
UAE_037,2024-03,3670,3629,-2622,-2561,-1.12
UAE_037,2024-04,6000,6602,-6997,-7495,10.03
UAE_037,2024-05,1765,1668,-9898,-9500,-5.5
UAE_037,2024-06,2968,3137,-6253,-7170,5.69
UAE_037,2024-07,4028,4426,-9256,-9378,9.88
UAE_037,2024-08,1579,1652,-3106,-3436,4.62
UAE_037,2024-09,5623,5258,-8694,-8053,-6.49
UAE_037,2024-10,3023,2978,-6326,-6761,-1.49
UAE_037,2024-11,2745,2643,-8067,-8599,-3.72
UAE_037,2024-12,3044,2962,-4526,-5115,-2.69
UAE_037,2025-01,1648,1511,-1659,-1769,-8.31
UAE_037,2025-02,877,943,-2476,-2836,7.53
UAE_037,2025-03,5174,5525,-3737,-3672,6.78
UAE_037,2025-04,3655,3838,-2739,-2618,5.01
UAE_037,2025-05,2411,2321,-8744,-9982,-3.73
UAE_037,2025-06,2715,2878,-9375,-10648,6.0
UAE_037,2025-07,4195,4465,-7437,-6686,6.44
UAE_037,2025-08,2817,2733,-3869,-4120,-2.98
UAE_037,2025-09,1733,1893,-8146,-8467,9.23
UAE_037,2025-10,2349,2419,-3854,-4193,2.98
UAE_037,2025-11,3380,3132,-2411,-2280,-7.34
UAE_037,2025-12,2875,3101,-3598,-3508,7.86
UAE_038,2023-01,2772,2777,-5420,-5399,0.18
UAE_038,2023-02,2296,2145,-1136,-1214,-6.58
UAE_038,2023-03,1955,2053,-3549,-3588,5.01
UAE_038,2023-04,3302,3064,-3050,-2752,-7.21
UAE_038,2023-05,1132,1033,-3787,-3877,-8.75
UAE_038,2023-06,3243,3546,-7199,-7692,9.34
UAE_038,2023-07,3009,3138,-2693,-2506,4.29
UAE_038,2023-08,1693,1577,-4812,-4452,-6.85
UAE_038,2023-09,6625,6465,-6284,-6014,-2.42
UAE_038,2023-10,2474,2489,-4388,-4936,0.61
UAE_038,2023-11,1925,1878,-5550,-6400,-2.44
UAE_038,2023-12,2247,2222,-1508,-1756,-1.11
UAE_038,2024-01,1259,1240,-3550,-3651,-1.51
UAE_038,2024-02,966,914,-4131,-3791,-5.38
UAE_038,2024-03,1307,1247,-3380,-3339,-4.59
UAE_038,2024-04,1311,1244,-5342,-5281,-5.11
UAE_038,2024-05,1219,1272,-3284,-3110,4.35
UAE_038,2024-06,3754,3674,-1995,-2339,-2.13
UAE_038,2024-07,2433,2345,-8454,-7520,-3.62
UAE_038,2024-08,4293,3961,-4249,-4426,-7.73
UAE_038,2024-09,10603,10313,-7146,-7139,-2.74
UAE_038,2024-10,2238,2211,-1980,-2015,-1.21
UAE_038,2024-11,2602,2609,-4394,-3926,0.27
UAE_038,2024-12,2174,2020,-2483,-2917,-7.08
UAE_038,2025-01,1592,1759,-4845,-4261,10.49
UAE_038,2025-02,2981,2717,-8648,-7692,-8.86
UAE_038,2025-03,1186,1129,-3114,-2743,-4.81
UAE_038,2025-04,2486,2388,-6183,-6272,-3.94
UAE_038,2025-05,4669,5133,-7868,-8330,9.94
UAE_038,2025-06,2497,2343,-1502,-1682,-6.17
UAE_038,2025-07,4045,4143,-4700,-4670,2.42
UAE_038,2025-08,3268,3337,-8957,-8822,2.11
UAE_038,2025-09,3821,4013,-7587,-7927,5.02
UAE_038,2025-10,2067,2133,-4856,-5635,3.19
UAE_038,2025-11,1654,1684,-2113,-2324,1.81
UAE_038,2025-12,3433,3532,-1602,-1524,2.88
UAE_039,2023-01,1467,1466,-5237,-5180,-0.07
UAE_039,2023-02,2132,2317,-1355,-1299,8.68
UAE_039,2023-03,2066,2095,-1582,-1838,1.4
UAE_039,2023-04,2586,2383,-5585,-5019,-7.85
UAE_039,2023-05,1403,1437,-5925,-6303,2.42
UAE_039,2023-06,2248,2157,-8584,-9028,-4.05
UAE_039,2023-07,3923,3898,-7491,-8345,-0.64
UAE_039,2023-08,4157,3793,-1527,-1336,-8.76
UAE_039,2023-09,2103,2246,-3332,-3270,6.8
UAE_039,2023-10,4452,4624,-5672,-6495,3.86
UAE_039,2023-11,1882,1758,-4391,-4131,-6.59
UAE_039,2023-12,3163,3272,-2012,-2066,3.45
UAE_039,2024-01,1500,1456,-4337,-4757,-2.93
UAE_039,2024-02,2764,2707,-6801,-6110,-2.06
UAE_039,2024-03,2994,2768,-7780,-8223,-7.55
UAE_039,2024-04,3617,3785,-5062,-4851,4.64
UAE_039,2024-05,8118,8064,-5089,-5212,-0.67
UAE_039,2024-06,8183,8659,-9349,-8460,5.82
UAE_039,2024-07,4584,4776,-1857,-1679,4.19
UAE_039,2024-08,2283,2130,-3462,-3335,-6.7
UAE_039,2024-09,2757,2976,-6893,-7825,7.94
UAE_039,2024-10,1027,1133,-5768,-5742,10.32
UAE_039,2024-11,3017,3272,-3348,-3122,8.45
UAE_039,2024-12,3041,3074,-1774,-1672,1.09
UAE_039,2025-01,2033,2193,-4389,-4512,7.87
UAE_039,2025-02,3131,2923,-4294,-4202,-6.64
UAE_039,2025-03,3432,3319,-1112,-974,-3.29
UAE_039,2025-04,7517,7615,-5965,-6045,1.3
UAE_039,2025-05,7295,6943,-8657,-8356,-4.83
UAE_039,2025-06,4737,4340,-2320,-2509,-8.38
UAE_039,2025-07,2439,2709,-4562,-5158,11.07
UAE_039,2025-08,2524,2315,-7420,-8380,-8.28
UAE_039,2025-09,1135,1239,-4954,-4561,9.16
UAE_039,2025-10,8236,8821,-5063,-5611,7.1
UAE_039,2025-11,1580,1727,-1846,-1777,9.3
UAE_039,2025-12,4074,3866,-6920,-6119,-5.11
UAE_040,2023-01,1182,1131,-4455,-4567,-4.31
UAE_040,2023-02,1895,1789,-3211,-3180,-5.59
UAE_040,2023-03,1774,1927,-2204,-1977,8.62
UAE_040,2023-04,2487,2741,-4426,-4684,10.21
UAE_040,2023-05,3318,3057,-3919,-3438,-7.87
UAE_040,2023-06,1417,1426,-4731,-5348,0.64
UAE_040,2023-07,1013,1039,-9212,-8811,2.57
UAE_040,2023-08,2238,2375,-4878,-4878,6.12
UAE_040,2023-09,1871,1813,-2878,-2932,-3.1
UAE_040,2023-10,2706,2869,-4957,-5060,6.02
UAE_040,2023-11,998,1099,-6167,-5894,10.12
UAE_040,2023-12,1980,2075,-6497,-6235,4.8
UAE_040,2024-01,2095,1997,-3507,-3558,-4.68
UAE_040,2024-02,702,715,-4546,-4443,1.85
UAE_040,2024-03,2501,2750,-5060,-5522,9.96
UAE_040,2024-04,3072,3182,-5251,-5509,3.58
UAE_040,2024-05,1199,1172,-2460,-2403,-2.25
UAE_040,2024-06,1043,1033,-3754,-4109,-0.96
UAE_040,2024-07,3072,3077,-2272,-2313,0.16
UAE_040,2024-08,1610,1625,-1750,-1822,0.93
UAE_040,2024-09,1109,1186,-2635,-2407,6.94
UAE_040,2024-10,920,971,-8369,-8053,5.54
UAE_040,2024-11,2773,2572,-1938,-1819,-7.25
UAE_040,2024-12,918,907,-3874,-3646,-1.2
UAE_040,2025-01,2112,2097,-3963,-3522,-0.71
UAE_040,2025-02,2734,2720,-1528,-1750,-0.51
UAE_040,2025-03,2128,2250,-4894,-5312,5.73
UAE_040,2025-04,1643,1586,-4678,-4538,-3.47
UAE_040,2025-05,3238,3466,-3852,-3975,7.04
UAE_040,2025-06,2610,2890,-3908,-4118,10.73
UAE_040,2025-07,1404,1350,-2396,-2648,-3.85
UAE_040,2025-08,2235,2388,-6243,-7114,6.85
UAE_040,2025-09,4546,5016,-4965,-4826,10.34
UAE_040,2025-10,6306,6501,-6588,-6318,3.09
UAE_040,2025-11,3340,3087,-3249,-3264,-7.57
UAE_040,2025-12,2157,2127,-4930,-4845,-1.39
UAE_041,2023-01,2255,2129,-4025,-4260,-5.59
UAE_041,2023-02,796,725,-6197,-6538,-8.92
UAE_041,2023-03,1923,1804,-2283,-2322,-6.19
UAE_041,2023-04,2520,2574,-7494,-7536,2.14
UAE_041,2023-05,4666,4684,-6032,-6622,0.39
UAE_041,2023-06,1554,1536,-4493,-4714,-1.16
UAE_041,2023-07,865,942,-3495,-3795,8.9
UAE_041,2023-08,1143,1141,-8197,-7539,-0.17
UAE_041,2023-09,3083,3309,-4948,-4894,7.33
UAE_041,2023-10,1043,1047,-3120,-2765,0.38
UAE_041,2023-11,2456,2654,-4657,-5415,8.06
UAE_041,2023-12,2260,2335,-1480,-1425,3.32
UAE_041,2024-01,2655,2580,-5897,-5526,-2.82
UAE_041,2024-02,1053,1155,-4649,-4242,9.69
UAE_041,2024-03,2060,1888,-4550,-4468,-8.35
UAE_041,2024-04,2171,2364,-2912,-3171,8.89
UAE_041,2024-05,5592,5395,-6673,-5909,-3.52
UAE_041,2024-06,3772,3886,-2105,-2129,3.02
UAE_041,2024-07,4175,4418,-5784,-6658,5.82
UAE_041,2024-08,1863,1950,-3694,-4180,4.67
UAE_041,2024-09,2723,2532,-7002,-6501,-7.01
UAE_041,2024-10,3308,3498,-2931,-2960,5.74
UAE_041,2024-11,2524,2385,-3287,-3651,-5.51
UAE_041,2024-12,1993,1948,-3406,-3484,-2.26
UAE_041,2025-01,1420,1427,-3784,-3848,0.49
UAE_041,2025-02,1885,2048,-3930,-3969,8.65
UAE_041,2025-03,1751,1817,-5693,-5177,3.77
UAE_041,2025-04,2768,2624,-5255,-4891,-5.2
UAE_041,2025-05,1630,1527,-1953,-1974,-6.32
UAE_041,2025-06,7575,7291,-4246,-4183,-3.75
UAE_041,2025-07,4135,4024,-7429,-7753,-2.68
UAE_041,2025-08,2602,2382,-8103,-7509,-8.46
UAE_041,2025-09,3962,3797,-1503,-1596,-4.16
UAE_041,2025-10,2210,2355,-3366,-3379,6.56
UAE_041,2025-11,2601,2448,-6255,-6415,-5.88
UAE_041,2025-12,3205,3088,-2906,-2852,-3.65
UAE_042,2023-01,1309,1214,-5782,-6401,-7.26
UAE_042,2023-02,912,1008,-1589,-1586,10.53
UAE_042,2023-03,2763,2560,-6748,-6794,-7.35
UAE_042,2023-04,1163,1062,-2667,-2489,-8.68
UAE_042,2023-05,6351,6276,-7319,-7838,-1.18
UAE_042,2023-06,2014,1940,-4919,-5060,-3.67
UAE_042,2023-07,1593,1586,-4812,-4629,-0.44
UAE_042,2023-08,2011,2139,-10246,-9979,6.36
UAE_042,2023-09,3838,3726,-3965,-4661,-2.92
UAE_042,2023-10,2357,2500,-6079,-5880,6.07
UAE_042,2023-11,2283,2313,-6408,-6026,1.31
UAE_042,2023-12,1253,1281,-4681,-5439,2.23
UAE_042,2024-01,1988,2061,-2954,-2945,3.67
UAE_042,2024-02,4931,5195,-5961,-6014,5.35
UAE_042,2024-03,2921,3135,-3245,-3366,7.33
UAE_042,2024-04,4877,4818,-6892,-7100,-1.21
UAE_042,2024-05,1840,1963,-4586,-4204,6.68
UAE_042,2024-06,4250,4191,-4460,-4626,-1.39
UAE_042,2024-07,4627,4421,-3106,-2963,-4.45
UAE_042,2024-08,4784,4504,-9470,-10066,-5.85
UAE_042,2024-09,3286,3230,-4613,-4795,-1.7
UAE_042,2024-10,3594,3513,-6141,-6272,-2.25
UAE_042,2024-11,2151,2125,-7428,-7559,-1.21
UAE_042,2024-12,3573,3304,-1022,-1027,-7.53
UAE_042,2025-01,2340,2317,-3095,-3322,-0.98
UAE_042,2025-02,2229,2052,-3121,-2870,-7.94
UAE_042,2025-03,2210,2197,-6272,-5813,-0.59
UAE_042,2025-04,3050,3223,-4380,-4349,5.67
UAE_042,2025-05,6007,5531,-5279,-6067,-7.92
UAE_042,2025-06,2626,2787,-8063,-9017,6.13
UAE_042,2025-07,8088,8898,-7906,-8937,10.01
UAE_042,2025-08,2724,2942,-8295,-9042,8.0
UAE_042,2025-09,4397,4022,-5128,-5416,-8.53
UAE_042,2025-10,4308,4126,-6589,-7618,-4.22
UAE_042,2025-11,3261,3453,-5179,-5166,5.89
UAE_042,2025-12,1717,1633,-1575,-1746,-4.89
UAE_043,2023-01,3443,3333,-8944,-8605,-3.19
UAE_043,2023-02,2629,2675,-5430,-5159,1.75
UAE_043,2023-03,7642,7644,-11202,-10402,0.03
UAE_043,2023-04,1524,1482,-7964,-7950,-2.76
UAE_043,2023-05,8001,8811,-14621,-13827,10.12
UAE_043,2023-06,11175,12089,-6354,-6635,8.18
UAE_043,2023-07,6984,7744,-4456,-4917,10.88
UAE_043,2023-08,6663,6467,-7241,-6601,-2.94
UAE_043,2023-09,9263,8903,-5653,-6492,-3.89
UAE_043,2023-10,8968,9374,-9946,-9643,4.53
UAE_043,2023-11,1905,1856,-9447,-9951,-2.57
UAE_043,2023-12,4357,4630,-3516,-3279,6.27
UAE_043,2024-01,3922,4044,-10585,-10761,3.11
UAE_043,2024-02,5459,5765,-11230,-10602,5.61
UAE_043,2024-03,3667,3653,-9800,-9770,-0.38
UAE_043,2024-04,5732,5854,-3542,-3477,2.13
UAE_043,2024-05,12491,13014,-6763,-7614,4.19
UAE_043,2024-06,4265,4515,-10980,-10515,5.86
UAE_043,2024-07,6366,6872,-14455,-13042,7.95
UAE_043,2024-08,4397,4668,-7599,-6829,6.16
UAE_043,2024-09,4512,4839,-6370,-5697,7.25
UAE_043,2024-10,2804,2840,-3266,-2863,1.28
UAE_043,2024-11,3173,3214,-2491,-2702,1.29
UAE_043,2024-12,8946,9133,-7235,-8167,2.09
UAE_043,2025-01,6981,6845,-7010,-7925,-1.95
UAE_043,2025-02,2316,2172,-2240,-2562,-6.22
UAE_043,2025-03,2886,2811,-1583,-1755,-2.6
UAE_043,2025-04,3038,3007,-2671,-2855,-1.02
UAE_043,2025-05,2852,3055,-10888,-10657,7.12
UAE_043,2025-06,32249,29711,-3510,-3265,-7.87
UAE_043,2025-07,29752,30359,-8924,-7898,2.04
UAE_043,2025-08,13685,13315,-6863,-7637,-2.7
UAE_043,2025-09,6991,7148,-8305,-8845,2.25
UAE_043,2025-10,24996,25932,-6215,-7242,3.74
UAE_043,2025-11,3954,3606,-4992,-4598,-8.8
UAE_043,2025-12,9387,8740,-8266,-9649,-6.89
UAE_044,2023-01,1038,1018,-3922,-4243,-1.93
UAE_044,2023-02,1052,1151,-3094,-3230,9.41
UAE_044,2023-03,1209,1205,-1961,-2239,-0.33
UAE_044,2023-04,2243,2466,-3161,-2967,9.94
UAE_044,2023-05,2190,2044,-4540,-5038,-6.67
UAE_044,2023-06,2334,2211,-2922,-3321,-5.27
UAE_044,2023-07,865,936,-2591,-2745,8.21
UAE_044,2023-08,2933,3110,-3843,-4291,6.03
UAE_044,2023-09,2173,1991,-3929,-4355,-8.38
UAE_044,2023-10,1339,1292,-1271,-1310,-3.51
UAE_044,2023-11,1930,1983,-6226,-6433,2.75
UAE_044,2023-12,1478,1488,-4479,-5156,0.68
UAE_044,2024-01,2770,2539,-2084,-2361,-8.34
UAE_044,2024-02,1336,1370,-4507,-4893,2.54
UAE_044,2024-03,2428,2420,-5146,-5116,-0.33
UAE_044,2024-04,1811,1994,-3622,-4241,10.1
UAE_044,2024-05,1849,1684,-5745,-6659,-8.92
UAE_044,2024-06,2509,2694,-4945,-5292,7.37
UAE_044,2024-07,2908,2907,-2693,-3043,-0.03
UAE_044,2024-08,2699,2795,-2574,-2509,3.56
UAE_044,2024-09,3204,3307,-1159,-1178,3.21
UAE_044,2024-10,1415,1350,-3880,-4339,-4.59
UAE_044,2024-11,1777,1861,-5864,-6326,4.73
UAE_044,2024-12,1106,1036,-5793,-5199,-6.33
UAE_044,2025-01,1218,1250,-4536,-4465,2.63
UAE_044,2025-02,1391,1492,-5740,-6646,7.26
UAE_044,2025-03,2696,2591,-5357,-5806,-3.89
UAE_044,2025-04,1256,1247,-6277,-5843,-0.72
UAE_044,2025-05,4006,3875,-2475,-2243,-3.27
UAE_044,2025-06,2466,2349,-8483,-9098,-4.74
UAE_044,2025-07,2065,2286,-4019,-3911,10.7
UAE_044,2025-08,2097,1957,-5086,-5132,-6.68
UAE_044,2025-09,1672,1593,-2890,-3163,-4.72
UAE_044,2025-10,3208,3121,-1252,-1214,-2.71
UAE_044,2025-11,2142,2038,-5896,-5865,-4.86
UAE_044,2025-12,5066,5234,-5028,-4726,3.32
UAE_045,2023-01,2155,2167,-7173,-6494,0.56
UAE_045,2023-02,1689,1851,-2903,-2616,9.59
UAE_045,2023-03,954,925,-2335,-2153,-3.04
UAE_045,2023-04,2254,2142,-2419,-2535,-4.97
UAE_045,2023-05,1233,1287,-5404,-5303,4.38
UAE_045,2023-06,1078,1012,-7518,-7618,-6.12
UAE_045,2023-07,4998,5451,-6536,-5912,9.06
UAE_045,2023-08,12874,13179,-3400,-3065,2.37
UAE_045,2023-09,1669,1826,-2676,-2845,9.41
UAE_045,2023-10,1273,1380,-8055,-7560,8.41
UAE_045,2023-11,2859,2699,-741,-830,-5.6
UAE_045,2023-12,1330,1400,-5248,-6057,5.26
UAE_045,2024-01,1104,1091,-1610,-1575,-1.18
UAE_045,2024-02,2706,2631,-4750,-5229,-2.77
UAE_045,2024-03,779,795,-3865,-4442,2.05
UAE_045,2024-04,1055,1156,-4682,-4769,9.57
UAE_045,2024-05,2630,2491,-2088,-2091,-5.29
UAE_045,2024-06,3615,3435,-2330,-2527,-4.98
UAE_045,2024-07,4053,3961,-5434,-5111,-2.27
UAE_045,2024-08,3679,3907,-4864,-5654,6.2
UAE_045,2024-09,2552,2720,-7687,-8114,6.58
UAE_045,2024-10,3258,3273,-1030,-931,0.46
UAE_045,2024-11,1754,1940,-3190,-2956,10.6
UAE_045,2024-12,1479,1543,-4515,-4992,4.33
UAE_045,2025-01,1309,1302,-5051,-4733,-0.53
UAE_045,2025-02,2555,2339,-2730,-2420,-8.45
UAE_045,2025-03,2565,2774,-2963,-2778,8.15
UAE_045,2025-04,1938,1838,-8777,-7922,-5.16
UAE_045,2025-05,1344,1395,-5515,-6037,3.79
UAE_045,2025-06,2954,2715,-4176,-4868,-8.09
UAE_045,2025-07,3375,3486,-7109,-7389,3.29
UAE_045,2025-08,3896,3783,-8391,-7832,-2.9
UAE_045,2025-09,2045,2130,-4685,-4679,4.16
UAE_045,2025-10,1109,1164,-1921,-2028,4.96
UAE_045,2025-11,865,895,-5352,-5058,3.47
UAE_045,2025-12,3097,3004,-5493,-5145,-3.0
UAE_046,2023-01,1049,1153,-4320,-4786,9.91
UAE_046,2023-02,1697,1685,-3849,-4427,-0.71
UAE_046,2023-03,1976,1818,-6433,-5751,-8.0
UAE_046,2023-04,1126,1070,-7190,-6884,-4.97
UAE_046,2023-05,1619,1530,-7355,-7491,-5.5
UAE_046,2023-06,3081,2825,-7942,-8193,-8.31
UAE_046,2023-07,2091,2288,-6866,-6694,9.42
UAE_046,2023-08,2703,2471,-3038,-2903,-8.58
UAE_046,2023-09,2612,2403,-3577,-3740,-8.0
UAE_046,2023-10,1143,1270,-4022,-4338,11.11
UAE_046,2023-11,2065,2056,-6745,-6112,-0.44
UAE_046,2023-12,4454,4264,-6062,-5369,-4.27
UAE_046,2024-01,2129,2129,-2657,-2889,0.0
UAE_046,2024-02,1539,1595,-3141,-2910,3.64
UAE_046,2024-03,4451,4538,-6351,-6556,1.95
UAE_046,2024-04,3134,2972,-1699,-1897,-5.17
UAE_046,2024-05,1358,1354,-4590,-4774,-0.29
UAE_046,2024-06,2937,3137,-1149,-1000,6.81
UAE_046,2024-07,2622,2585,-1974,-2004,-1.41
UAE_046,2024-08,2347,2241,-5355,-6248,-4.52
UAE_046,2024-09,2189,2162,-5746,-5504,-1.23
UAE_046,2024-10,2761,2812,-3529,-4116,1.85
UAE_046,2024-11,2696,2678,-5494,-6346,-0.67
UAE_046,2024-12,1239,1229,-5437,-4747,-0.81
UAE_046,2025-01,2335,2159,-3612,-3259,-7.54
UAE_046,2025-02,2082,2028,-1973,-2167,-2.59
UAE_046,2025-03,2436,2427,-2774,-2477,-0.37
UAE_046,2025-04,1396,1500,-3795,-3707,7.45
UAE_046,2025-05,3549,3390,-3703,-3321,-4.48
UAE_046,2025-06,5413,5541,-7228,-6553,2.36
UAE_046,2025-07,4040,4083,-4941,-4780,1.06
UAE_046,2025-08,1995,1926,-2805,-2833,-3.46
UAE_046,2025-09,1454,1514,-7334,-7567,4.13
UAE_046,2025-10,2749,2837,-3099,-2920,3.2
UAE_046,2025-11,3411,3283,-6385,-6177,-3.75
UAE_046,2025-12,1852,1848,-3989,-3878,-0.22
UAE_047,2023-01,1229,1133,-2214,-2316,-7.81
UAE_047,2023-02,1474,1550,-7475,-7051,5.16
UAE_047,2023-03,3463,3600,-7790,-7674,3.96
UAE_047,2023-04,2997,3029,-10211,-9192,1.07
UAE_047,2023-05,5007,4643,-7971,-7484,-7.27
UAE_047,2023-06,24483,22602,-6893,-7130,-7.68
UAE_047,2023-07,2423,2610,-5112,-5708,7.72
UAE_047,2023-08,1807,1829,-10818,-10355,1.22
UAE_047,2023-09,3708,3817,-7394,-7434,2.94
UAE_047,2023-10,2158,2377,-2856,-3005,10.15
UAE_047,2023-11,2923,2773,-3644,-3797,-5.13
UAE_047,2023-12,3692,3793,-3632,-4174,2.74
UAE_047,2024-01,1012,963,-4700,-4871,-4.84
UAE_047,2024-02,1751,1630,-3054,-3459,-6.91
UAE_047,2024-03,2958,3085,-6609,-6180,4.29
UAE_047,2024-04,7475,7239,-8728,-8466,-3.16
UAE_047,2024-05,5137,4694,-1282,-1190,-8.62
UAE_047,2024-06,10229,10898,-11625,-10393,6.54
UAE_047,2024-07,4941,4714,-3635,-4058,-4.59
UAE_047,2024-08,3181,2918,-2412,-2692,-8.27
UAE_047,2024-09,2928,3253,-9915,-10789,11.1
UAE_047,2024-10,1901,1953,-8434,-9704,2.74
UAE_047,2024-11,6011,6406,-7308,-7652,6.57
UAE_047,2024-12,3856,3715,-1061,-1216,-3.66
UAE_047,2025-01,2756,2552,-6225,-5527,-7.4
UAE_047,2025-02,3083,3409,-6093,-5553,10.57
UAE_047,2025-03,1145,1164,-5441,-5727,1.66
UAE_047,2025-04,11416,10832,-9286,-8842,-5.12
UAE_047,2025-05,5296,5481,-812,-861,3.49
UAE_047,2025-06,4130,4190,-4947,-4455,1.45
UAE_047,2025-07,5501,5902,-9326,-8738,7.29
UAE_047,2025-08,3229,3520,-3596,-3602,9.01
UAE_047,2025-09,7198,7773,-8959,-8093,7.99
UAE_047,2025-10,2952,2766,-5032,-4529,-6.3
UAE_047,2025-11,2778,2909,-9086,-7950,4.72
UAE_047,2025-12,4211,4026,-1467,-1489,-4.39
UAE_048,2023-01,983,951,-2926,-3203,-3.26
UAE_048,2023-02,1736,1718,-2498,-2666,-1.04
UAE_048,2023-03,1507,1563,-7222,-7543,3.72
UAE_048,2023-04,3370,3159,-4187,-3790,-6.26
UAE_048,2023-05,1943,2157,-8274,-8887,11.01
UAE_048,2023-06,2788,2618,-3782,-3489,-6.1
UAE_048,2023-07,6766,6502,-7540,-7463,-3.9
UAE_048,2023-08,3006,2952,-3424,-3466,-1.8
UAE_048,2023-09,3106,3197,-7861,-7492,2.93
UAE_048,2023-10,3363,3664,-5543,-5524,8.95
UAE_048,2023-11,878,888,-3710,-3649,1.14
UAE_048,2023-12,2472,2737,-1409,-1294,10.72
UAE_048,2024-01,1268,1246,-6974,-6305,-1.74
UAE_048,2024-02,2903,2665,-3254,-2977,-8.2
UAE_048,2024-03,3802,3972,-8450,-8479,4.47
UAE_048,2024-04,3035,3262,-5163,-5031,7.48
UAE_048,2024-05,2100,1964,-3579,-4019,-6.48
UAE_048,2024-06,2175,2392,-5625,-5894,9.98
UAE_048,2024-07,3569,3265,-9236,-8631,-8.52
UAE_048,2024-08,4670,4633,-1874,-2070,-0.79
UAE_048,2024-09,2090,2050,-4168,-4720,-1.91
UAE_048,2024-10,3423,3581,-8642,-8386,4.62
UAE_048,2024-11,3414,3440,-1232,-1184,0.76
UAE_048,2024-12,1537,1616,-7028,-6551,5.14
UAE_048,2025-01,1804,1785,-7374,-6921,-1.05
UAE_048,2025-02,1361,1425,-3653,-3493,4.7
UAE_048,2025-03,2610,2645,-4007,-3598,1.34
UAE_048,2025-04,3635,3519,-3732,-3723,-3.19
UAE_048,2025-05,2497,2547,-6446,-7050,2.0
UAE_048,2025-06,3919,3786,-11315,-10574,-3.39
UAE_048,2025-07,4145,4062,-8056,-7412,-2.0
UAE_048,2025-08,3806,3714,-9388,-8879,-2.42
UAE_048,2025-09,3783,3976,-4256,-4599,5.1
UAE_048,2025-10,3856,3511,-2315,-2490,-8.95
UAE_048,2025-11,3589,3798,-6279,-5573,5.82
UAE_048,2025-12,3473,3437,-3485,-3087,-1.04
UAE_049,2023-01,635,629,-1943,-1878,-0.94
UAE_049,2023-02,931,969,-1224,-1315,4.08
UAE_049,2023-03,2219,2274,-5148,-4798,2.48
UAE_049,2023-04,1387,1298,-3494,-3201,-6.42
UAE_049,2023-05,2226,2080,-5433,-5379,-6.56
UAE_049,2023-06,3264,3314,-7877,-8128,1.53
UAE_049,2023-07,3032,2842,-1635,-1731,-6.27
UAE_049,2023-08,1705,1748,-2864,-2768,2.52
UAE_049,2023-09,2734,2737,-4134,-4711,0.11
UAE_049,2023-10,1118,1222,-4201,-4103,9.3
UAE_049,2023-11,1844,1985,-2120,-2008,7.65
UAE_049,2023-12,1873,1894,-3210,-3538,1.12
UAE_049,2024-01,4911,5343,-5915,-5580,8.8
UAE_049,2024-02,710,737,-2167,-2044,3.8
UAE_049,2024-03,1170,1087,-2646,-2975,-7.09
UAE_049,2024-04,3322,3164,-1486,-1651,-4.76
UAE_049,2024-05,2193,2431,-4295,-3843,10.85
UAE_049,2024-06,1906,2046,-6580,-7044,7.35
UAE_049,2024-07,3466,3560,-7642,-6958,2.71
UAE_049,2024-08,3545,3408,-8994,-8021,-3.86
UAE_049,2024-09,2809,2990,-5987,-6411,6.44
UAE_049,2024-10,2843,2971,-4664,-4494,4.5
UAE_049,2024-11,2081,1970,-3596,-3512,-5.33
UAE_049,2024-12,2714,2761,-5635,-5569,1.73
UAE_049,2025-01,2084,1964,-3256,-2838,-5.76
UAE_049,2025-02,1657,1557,-6796,-6257,-6.04
UAE_049,2025-03,1798,1640,-5014,-5418,-8.79
UAE_049,2025-04,2290,2303,-3689,-4068,0.57
UAE_049,2025-05,2778,2543,-1358,-1443,-8.46
UAE_049,2025-06,1667,1601,-6943,-7202,-3.96
UAE_049,2025-07,2471,2481,-6688,-5865,0.4
UAE_049,2025-08,1608,1752,-1672,-1813,8.96
UAE_049,2025-09,3515,3403,-7454,-6650,-3.19
UAE_049,2025-10,3968,3843,-4589,-4083,-3.15
UAE_049,2025-11,1461,1415,-5923,-5427,-3.15
UAE_049,2025-12,2464,2575,-3103,-3596,4.5
UAE_050,2023-01,1521,1525,-10208,-11380,0.26
UAE_050,2023-02,4282,4062,-3209,-3213,-5.14
UAE_050,2023-03,5546,5342,-8919,-8679,-3.68
UAE_050,2023-04,3622,3734,-10958,-10064,3.09
UAE_050,2023-05,4056,3743,-4578,-5296,-7.72
UAE_050,2023-06,3513,3233,-4356,-4032,-7.97
UAE_050,2023-07,4873,4675,-13634,-12814,-4.06
UAE_050,2023-08,12175,12339,-5864,-6701,1.35
UAE_050,2023-09,2444,2313,-8677,-7909,-5.36
UAE_050,2023-10,2884,2925,-4912,-5410,1.42
UAE_050,2023-11,19879,18998,-6357,-5710,-4.43
UAE_050,2023-12,3105,3178,-10907,-9670,2.35
UAE_050,2024-01,6329,5815,-8726,-9778,-8.12
UAE_050,2024-02,12041,12426,-5780,-6120,3.2
UAE_050,2024-03,15334,14441,-6770,-6989,-5.82
UAE_050,2024-04,5595,5224,-13231,-12542,-6.63
UAE_050,2024-05,13379,13528,-7385,-6987,1.11
UAE_050,2024-06,5690,5902,-4118,-3986,3.73
UAE_050,2024-07,4806,4573,-5596,-5689,-4.85
UAE_050,2024-08,25725,27467,-8696,-9263,6.77
UAE_050,2024-09,13345,13126,-4427,-3918,-1.64
UAE_050,2024-10,5278,4888,-11400,-10551,-7.39
UAE_050,2024-11,20271,19591,-9894,-9217,-3.35
UAE_050,2024-12,1265,1354,-4416,-4009,7.04
UAE_050,2025-01,1531,1412,-10747,-10189,-7.77
UAE_050,2025-02,2123,1940,-5399,-5586,-8.62
UAE_050,2025-03,6303,6187,-6377,-6038,-1.84
UAE_050,2025-04,10444,9722,-7350,-6981,-6.91
UAE_050,2025-05,2842,2656,-14941,-13064,-6.54
UAE_050,2025-06,3889,3668,-5971,-5835,-5.68
UAE_050,2025-07,36208,38651,-2372,-2336,6.75
UAE_050,2025-08,34361,32823,-3654,-3936,-4.48
UAE_050,2025-09,5484,5050,-2726,-2507,-7.91
UAE_050,2025-10,3747,3546,-3371,-3101,-5.36
UAE_050,2025-11,11487,10826,-2649,-2604,-5.75
UAE_050,2025-12,5903,5743,-10984,-10793,-2.71
UAE_051,2023-01,1545,1487,-7379,-6458,-3.75
UAE_051,2023-02,2197,2203,-1423,-1289,0.27
UAE_051,2023-03,3304,3137,-5581,-5817,-5.05
UAE_051,2023-04,1743,1729,-5104,-5904,-0.8
UAE_051,2023-05,1588,1572,-1365,-1523,-1.01
UAE_051,2023-06,3544,3353,-5204,-5934,-5.39
UAE_051,2023-07,3390,3141,-3771,-4225,-7.35
UAE_051,2023-08,2687,2708,-6318,-5530,0.78
UAE_051,2023-09,4916,5305,-6615,-6537,7.91
UAE_051,2023-10,2379,2459,-5270,-4933,3.36
UAE_051,2023-11,2010,2166,-1721,-1662,7.76
UAE_051,2023-12,1655,1607,-4893,-5397,-2.9
UAE_051,2024-01,1679,1640,-1923,-1827,-2.32
UAE_051,2024-02,1466,1349,-2759,-2641,-7.98
UAE_051,2024-03,1214,1139,-4466,-5082,-6.18
UAE_051,2024-04,2082,2054,-7432,-6668,-1.34
UAE_051,2024-05,3701,3408,-1950,-1919,-7.92
UAE_051,2024-06,3277,3527,-7473,-7546,7.63
UAE_051,2024-07,4016,3993,-4254,-3768,-0.57
UAE_051,2024-08,1827,1912,-5969,-6880,4.65
UAE_051,2024-09,3211,3375,-2269,-2230,5.11
UAE_051,2024-10,2034,1998,-5358,-5658,-1.77
UAE_051,2024-11,2682,2677,-4492,-5228,-0.19
UAE_051,2024-12,1177,1073,-3891,-4352,-8.84
UAE_051,2025-01,2202,2360,-4714,-4199,7.18
UAE_051,2025-02,1984,2017,-2442,-2140,1.66
UAE_051,2025-03,2883,2731,-1093,-1087,-5.27
UAE_051,2025-04,3088,3249,-3833,-3363,5.21
UAE_051,2025-05,2108,2127,-5941,-5648,0.9
UAE_051,2025-06,3024,3109,-7324,-7472,2.81
UAE_051,2025-07,6303,5764,-7320,-6902,-8.55
UAE_051,2025-08,4346,4090,-10100,-8971,-5.89
UAE_051,2025-09,1510,1471,-6395,-7515,-2.58
UAE_051,2025-10,3571,3745,-750,-780,4.87
UAE_051,2025-11,2801,2893,-6502,-6737,3.28
UAE_051,2025-12,2816,2798,-3864,-4074,-0.64
UAE_052,2023-01,1400,1411,-5413,-6131,0.79
UAE_052,2023-02,2959,2824,-5181,-5092,-4.56
UAE_052,2023-03,2854,2958,-4674,-4666,3.64
UAE_052,2023-04,2210,2386,-2080,-2184,7.96
UAE_052,2023-05,1348,1420,-5198,-5494,5.34
UAE_052,2023-06,2835,2606,-3121,-3277,-8.08
UAE_052,2023-07,4254,4450,-2883,-2796,4.61
UAE_052,2023-08,2979,2807,-3985,-3646,-5.77
UAE_052,2023-09,6375,6370,-8547,-9809,-0.08
UAE_052,2023-10,1749,1720,-1996,-1846,-1.66
UAE_052,2023-11,2950,3211,-3691,-3515,8.85
UAE_052,2023-12,2771,2922,-2066,-1952,5.45
UAE_052,2024-01,2263,2222,-5000,-4649,-1.81
UAE_052,2024-02,1271,1311,-5630,-5939,3.15
UAE_052,2024-03,1986,2136,-6318,-6580,7.55
UAE_052,2024-04,3443,3172,-7590,-6822,-7.87
UAE_052,2024-05,4540,4906,-4669,-4812,8.06
UAE_052,2024-06,13435,12410,-7820,-7646,-7.63
UAE_052,2024-07,1422,1571,-6947,-6842,10.48
UAE_052,2024-08,3456,3709,-7323,-6712,7.32
UAE_052,2024-09,3136,2965,-2375,-2661,-5.45
UAE_052,2024-10,1354,1257,-6996,-6487,-7.16
UAE_052,2024-11,3235,3382,-6402,-5876,4.54
UAE_052,2024-12,2767,2611,-6363,-5543,-5.64
UAE_052,2025-01,2524,2400,-5461,-5341,-4.91
UAE_052,2025-02,3830,3554,-3786,-4395,-7.21
UAE_052,2025-03,1781,1769,-2446,-2299,-0.67
UAE_052,2025-04,3066,2852,-8090,-7387,-6.98
UAE_052,2025-05,7576,7114,-6402,-5820,-6.1
UAE_052,2025-06,9718,9784,-8272,-7973,0.68
UAE_052,2025-07,7151,7310,-8530,-7541,2.22
UAE_052,2025-08,2516,2623,-11463,-10046,4.25
UAE_052,2025-09,4621,4558,-6376,-7360,-1.36
UAE_052,2025-10,1606,1527,-4669,-5168,-4.92
UAE_052,2025-11,2216,2032,-2600,-2748,-8.3
UAE_052,2025-12,1089,1121,-6076,-5315,2.94
UAE_053,2023-01,1205,1201,-4559,-5339,-0.33
UAE_053,2023-02,1261,1223,-2598,-2303,-3.01
UAE_053,2023-03,5674,5988,-5688,-5935,5.53
UAE_053,2023-04,2102,2003,-3085,-3016,-4.71
UAE_053,2023-05,5705,5318,-2824,-3105,-6.78
UAE_053,2023-06,3067,2984,-14636,-13386,-2.71
UAE_053,2023-07,8248,8039,-8821,-10088,-2.53
UAE_053,2023-08,11674,11565,-8177,-8576,-0.93
UAE_053,2023-09,3950,4306,-6439,-6778,9.01
UAE_053,2023-10,5208,4870,-6971,-6947,-6.49
UAE_053,2023-11,13532,12663,-6586,-6183,-6.42
UAE_053,2023-12,4172,4028,-10178,-10392,-3.45
UAE_053,2024-01,2680,2953,-7100,-7457,10.19
UAE_053,2024-02,7439,7612,-4212,-4493,2.33
UAE_053,2024-03,2175,1999,-2473,-2800,-8.09
UAE_053,2024-04,8548,8182,-8365,-8258,-4.28
UAE_053,2024-05,2386,2454,-7063,-7829,2.85
UAE_053,2024-06,11780,10934,-9418,-8371,-7.18
UAE_053,2024-07,4429,4602,-9873,-8593,3.91
UAE_053,2024-08,1851,1979,-9360,-10145,6.92
UAE_053,2024-09,2906,3200,-3631,-3851,10.12
UAE_053,2024-10,2438,2306,-7017,-6532,-5.41
UAE_053,2024-11,4571,4686,-1206,-1376,2.52
UAE_053,2024-12,1329,1392,-2433,-2522,4.74
UAE_053,2025-01,1834,1805,-6844,-6791,-1.58
UAE_053,2025-02,3222,3031,-6304,-6970,-5.93
UAE_053,2025-03,4911,4726,-5233,-5068,-3.77
UAE_053,2025-04,1703,1617,-5560,-5949,-5.05
UAE_053,2025-05,4534,4132,-6849,-5985,-8.87
UAE_053,2025-06,3713,3970,-9344,-9161,6.92
UAE_053,2025-07,9859,9821,-7501,-7067,-0.39
UAE_053,2025-08,5579,6052,-9165,-10611,8.48
UAE_053,2025-09,5583,5833,-1879,-1877,4.48
UAE_053,2025-10,6197,6056,-5622,-6315,-2.28
UAE_053,2025-11,5311,5145,-6458,-7396,-3.13
UAE_053,2025-12,4727,4778,-6595,-6151,1.08
UAE_054,2023-01,1382,1339,-4444,-4607,-3.11
UAE_054,2023-02,3161,2916,-2591,-2384,-7.75
UAE_054,2023-03,1095,1134,-2988,-3015,3.56
UAE_054,2023-04,1875,1873,-8556,-7621,-0.11
UAE_054,2023-05,2941,3235,-2365,-2233,10.0
UAE_054,2023-06,2206,2221,-3481,-3218,0.68
UAE_054,2023-07,8494,8836,-6302,-5502,4.03
UAE_054,2023-08,3804,4226,-1332,-1567,11.09
UAE_054,2023-09,8044,7718,-4026,-4376,-4.05
UAE_054,2023-10,1246,1219,-6776,-7949,-2.17
UAE_054,2023-11,2341,2457,-5756,-5991,4.96
UAE_054,2023-12,1647,1730,-4990,-4707,5.04
UAE_054,2024-01,2963,3154,-1929,-1989,6.45
UAE_054,2024-02,1463,1402,-7762,-7306,-4.17
UAE_054,2024-03,1594,1654,-3664,-3382,3.76
UAE_054,2024-04,6455,6303,-6522,-6871,-2.35
UAE_054,2024-05,3823,4221,-8081,-8820,10.41
UAE_054,2024-06,1267,1247,-2403,-2106,-1.58
UAE_054,2024-07,3859,3533,-9519,-8855,-8.45
UAE_054,2024-08,2522,2432,-4137,-4121,-3.57
UAE_054,2024-09,1910,1976,-2252,-2039,3.46
UAE_054,2024-10,1290,1301,-1936,-2035,0.85
UAE_054,2024-11,2873,3002,-7791,-6859,4.49
UAE_054,2024-12,1367,1489,-2980,-2680,8.92
UAE_054,2025-01,1432,1408,-4301,-3798,-1.68
UAE_054,2025-02,1011,1004,-7415,-6913,-0.69
UAE_054,2025-03,2648,2464,-6915,-7609,-6.95
UAE_054,2025-04,2037,2259,-3490,-3317,10.9
UAE_054,2025-05,4479,4513,-3769,-3336,0.76
UAE_054,2025-06,5533,5108,-7362,-7200,-7.68
UAE_054,2025-07,4025,4249,-6010,-5437,5.57
UAE_054,2025-08,12807,12876,-7531,-7460,0.54
UAE_054,2025-09,5238,5278,-5977,-5748,0.76
UAE_054,2025-10,2605,2376,-5274,-4928,-8.79
UAE_054,2025-11,3686,3353,-7625,-6829,-9.03
UAE_054,2025-12,1665,1537,-7058,-6586,-7.69
UAE_055,2023-01,1564,1490,-1679,-1842,-4.73
UAE_055,2023-02,3698,3921,-2414,-2525,6.03
UAE_055,2023-03,1374,1300,-4655,-4968,-5.39
UAE_055,2023-04,2005,2027,-4600,-4115,1.1
UAE_055,2023-05,2586,2769,-4025,-3617,7.08
UAE_055,2023-06,9727,9083,-2741,-2885,-6.62
UAE_055,2023-07,15867,16903,-8861,-10088,6.53
UAE_055,2023-08,3615,3678,-7966,-7770,1.74
UAE_055,2023-09,8703,8832,-9086,-10340,1.48
UAE_055,2023-10,5400,5014,-10058,-10716,-7.15
UAE_055,2023-11,15512,15143,-8308,-8144,-2.38
UAE_055,2023-12,1858,1731,-7019,-6448,-6.84
UAE_055,2024-01,6309,6425,-5487,-5212,1.84
UAE_055,2024-02,1733,1668,-3085,-2929,-3.75
UAE_055,2024-03,2133,2123,-3412,-3196,-0.47
UAE_055,2024-04,1786,1974,-5430,-6246,10.53
UAE_055,2024-05,5040,4601,-6902,-7428,-8.71
UAE_055,2024-06,6057,5757,-4360,-4201,-4.95
UAE_055,2024-07,1769,1940,-6689,-6218,9.67
UAE_055,2024-08,3693,3946,-9176,-9849,6.85
UAE_055,2024-09,3599,3732,-10413,-9629,3.7
UAE_055,2024-10,8823,9001,-9486,-10224,2.02
UAE_055,2024-11,3726,4104,-8004,-8514,10.14
UAE_055,2024-12,3120,2984,-5587,-5439,-4.36
UAE_055,2025-01,1560,1625,-4419,-3873,4.17
UAE_055,2025-02,2616,2872,-4220,-4257,9.79
UAE_055,2025-03,4762,5052,-3126,-3360,6.09
UAE_055,2025-04,4170,4180,-4816,-5158,0.24
UAE_055,2025-05,13081,14020,-8208,-8568,7.18
UAE_055,2025-06,2123,2350,-8026,-7793,10.69
UAE_055,2025-07,5772,5620,-3146,-3247,-2.63
UAE_055,2025-08,3978,3774,-2784,-3233,-5.13
UAE_055,2025-09,3537,3628,-3137,-3144,2.57
UAE_055,2025-10,2422,2443,-5929,-6297,0.87
UAE_055,2025-11,2588,2677,-6820,-6842,3.44
UAE_055,2025-12,3201,3281,-9099,-10470,2.5
UAE_056,2023-01,2471,2515,-3448,-3665,1.78
UAE_056,2023-02,2945,3167,-5780,-5145,7.54
UAE_056,2023-03,1633,1495,-5208,-4909,-8.45
UAE_056,2023-04,3902,3885,-6490,-6610,-0.44
UAE_056,2023-05,1729,1734,-4732,-4635,0.29
UAE_056,2023-06,4191,3991,-3941,-3442,-4.77
UAE_056,2023-07,4368,4364,-3534,-3383,-0.09
UAE_056,2023-08,4956,4772,-2680,-2630,-3.71
UAE_056,2023-09,6822,7004,-8883,-9746,2.67
UAE_056,2023-10,2680,2621,-2260,-2029,-2.2
UAE_056,2023-11,2747,2500,-9117,-8059,-8.99
UAE_056,2023-12,1058,1029,-4878,-4818,-2.74
UAE_056,2024-01,9848,9860,-5864,-5558,0.12
UAE_056,2024-02,1371,1297,-3877,-4057,-5.4
UAE_056,2024-03,2565,2627,-7018,-7185,2.42
UAE_056,2024-04,2868,2712,-2745,-2443,-5.44
UAE_056,2024-05,6771,7360,-7701,-7820,8.7
UAE_056,2024-06,4568,4216,-5378,-6043,-7.71
UAE_056,2024-07,2818,2654,-4133,-3665,-5.82
UAE_056,2024-08,12807,12748,-3272,-3241,-0.46
UAE_056,2024-09,8503,8711,-10288,-10172,2.45
UAE_056,2024-10,2004,2151,-1873,-2099,7.34
UAE_056,2024-11,2733,2573,-7962,-8168,-5.85
UAE_056,2024-12,1547,1423,-2077,-2032,-8.02
UAE_056,2025-01,2808,3102,-9457,-8451,10.47
UAE_056,2025-02,3656,3741,-7643,-7516,2.32
UAE_056,2025-03,1237,1155,-6239,-6121,-6.63
UAE_056,2025-04,3025,2946,-4402,-4371,-2.61
UAE_056,2025-05,8194,8585,-2967,-2909,4.77
UAE_056,2025-06,5015,5385,-2508,-2630,7.38
UAE_056,2025-07,4190,3983,-2696,-2681,-4.94
UAE_056,2025-08,10410,11285,-4094,-4173,8.41
UAE_056,2025-09,4577,4392,-8485,-7709,-4.04
UAE_056,2025-10,9427,9020,-7656,-6991,-4.32
UAE_056,2025-11,4355,4772,-2817,-2759,9.58
UAE_056,2025-12,3703,3778,-6189,-5848,2.03
UAE_057,2023-01,35404,33347,-3924,-4551,-5.81
UAE_057,2023-02,9535,10359,-3886,-3538,8.64
UAE_057,2023-03,7705,7810,-5164,-5890,1.36
UAE_057,2023-04,94526,101825,-1490,-1426,7.72
UAE_057,2023-05,81735,87652,-18139,-18782,7.24
UAE_057,2023-06,39168,39961,-2221,-2030,2.02
UAE_057,2023-07,32794,34526,-15439,-17582,5.28
UAE_057,2023-08,62763,57451,-18795,-20021,-8.46
UAE_057,2023-09,27987,30772,-29603,-26693,9.95
UAE_057,2023-10,15022,15566,-18576,-19925,3.62
UAE_057,2023-11,25681,25952,-16193,-14505,1.06
UAE_057,2023-12,39661,43964,-7134,-6344,10.85
UAE_057,2024-01,7182,6843,-4515,-4111,-4.72
UAE_057,2024-02,84799,81040,4442,4380,-4.43
UAE_057,2024-03,23381,25830,-27638,-24542,10.47
UAE_057,2024-04,6725,6846,-6089,-6417,1.8
UAE_057,2024-05,29804,32149,-7419,-6886,7.87
UAE_057,2024-06,46256,49574,-18728,-19235,7.17
UAE_057,2024-07,50281,52372,995,1050,4.16
UAE_057,2024-08,40266,37622,-23994,-21075,-6.57
UAE_057,2024-09,25682,25158,-15704,-17252,-2.04
UAE_057,2024-10,9070,8340,-18891,-18567,-8.05
UAE_057,2024-11,47554,47431,-15798,-14919,-0.26
UAE_057,2024-12,98871,97486,-824,-763,-1.4
UAE_057,2025-01,3768,3588,-5703,-5931,-4.78
UAE_057,2025-02,10380,10306,-14719,-14109,-0.71
UAE_057,2025-03,74403,71770,2297,2609,-3.54
UAE_057,2025-04,21006,21592,-3078,-3405,2.79
UAE_057,2025-05,64032,63118,3549,3790,-1.43
UAE_057,2025-06,191213,210618,42225,37459,10.15
UAE_057,2025-07,55868,61409,4673,5099,9.92
UAE_057,2025-08,191461,189553,31547,32499,-1.0
UAE_057,2025-09,168709,162851,9534,8564,-3.47
UAE_057,2025-10,239650,257529,63141,58601,7.46
UAE_057,2025-11,70326,69389,-11777,-12398,-1.33
UAE_057,2025-12,71039,67700,164,177,-4.7
UAE_058,2023-01,33382,33952,-11269,-10343,1.71
UAE_058,2023-02,35548,39122,-18331,-16347,10.05
UAE_058,2023-03,58060,62347,-5553,-5468,7.38
UAE_058,2023-04,67178,70153,-6294,-7363,4.43
UAE_058,2023-05,208111,202828,6963,6408,-2.54
UAE_058,2023-06,159375,156453,8912,8432,-1.83
UAE_058,2023-07,82802,90533,-5617,-5628,9.34
UAE_058,2023-08,13581,13135,-6491,-6144,-3.28
UAE_058,2023-09,11856,11555,-21967,-23217,-2.54
UAE_058,2023-10,58910,56926,-17973,-20198,-3.37
UAE_058,2023-11,52309,54110,-1331,-1173,3.44
UAE_058,2023-12,3773,3983,-14951,-14622,5.57
UAE_058,2024-01,88621,81128,8599,8228,-8.46
UAE_058,2024-02,21023,22186,-8970,-8832,5.53
UAE_058,2024-03,40773,41656,-9820,-11241,2.17
UAE_058,2024-04,76620,80480,-16791,-17594,5.04
UAE_058,2024-05,133177,144779,25194,22535,8.71
UAE_058,2024-06,15467,14919,-13103,-15241,-3.54
UAE_058,2024-07,85412,88226,-5822,-5667,3.29
UAE_058,2024-08,100626,104059,-6016,-6650,3.41
UAE_058,2024-09,60306,57282,-1976,-2030,-5.01
UAE_058,2024-10,100050,94016,11594,10572,-6.03
UAE_058,2024-11,117140,116995,20047,18693,-0.12
UAE_058,2024-12,36175,36730,-14079,-13268,1.53
UAE_058,2025-01,121025,120101,8121,8605,-0.76
UAE_058,2025-02,65425,69114,3799,3886,5.64
UAE_058,2025-03,15343,15434,-2800,-3248,0.59
UAE_058,2025-04,60564,62929,-281,-266,3.9
UAE_058,2025-05,13803,14029,-15774,-15285,1.64
UAE_058,2025-06,173341,167849,11640,11998,-3.17
UAE_058,2025-07,120854,129230,13014,12347,6.93
UAE_058,2025-08,36879,34168,-10922,-11397,-7.35
UAE_058,2025-09,94111,90693,-10626,-12360,-3.63
UAE_058,2025-10,103997,110752,-560,-551,6.5
UAE_058,2025-11,98635,107145,8894,8214,8.63
UAE_058,2025-12,8805,8434,-7068,-8128,-4.21
UAE_059,2023-01,1485,1557,-3733,-3875,4.85
UAE_059,2023-02,1318,1288,-3587,-3305,-2.28
UAE_059,2023-03,1434,1488,-2250,-2226,3.77
UAE_059,2023-04,3479,3280,-1480,-1481,-5.72
UAE_059,2023-05,1144,1188,-5972,-5520,3.85
UAE_059,2023-06,4275,4092,-3258,-3638,-4.28
UAE_059,2023-07,6437,6489,-5967,-6637,0.81
UAE_059,2023-08,7917,8370,-4605,-5243,5.72
UAE_059,2023-09,1632,1671,-4243,-4494,2.39
UAE_059,2023-10,2368,2173,-4007,-3754,-8.23
UAE_059,2023-11,2233,2152,-4283,-4779,-3.63
UAE_059,2023-12,1201,1141,-7151,-6759,-5.0
UAE_059,2024-01,2940,2882,-2780,-2968,-1.97
UAE_059,2024-02,3329,3469,-6583,-7565,4.21
UAE_059,2024-03,2222,2241,-5370,-6108,0.86
UAE_059,2024-04,3465,3413,-6846,-5968,-1.5
UAE_059,2024-05,3999,3958,-10706,-9375,-1.03
UAE_059,2024-06,4297,4567,-3374,-3419,6.28
UAE_059,2024-07,4318,4612,-1677,-1827,6.81
UAE_059,2024-08,2820,2893,-1706,-1716,2.59
UAE_059,2024-09,1533,1699,-7529,-6777,10.83
UAE_059,2024-10,2981,2823,-1262,-1289,-5.3
UAE_059,2024-11,1627,1485,-5839,-6255,-8.73
UAE_059,2024-12,1418,1352,-3447,-3836,-4.65
UAE_059,2025-01,1898,1856,-8515,-7726,-2.21
UAE_059,2025-02,2794,2589,-5818,-5969,-7.34
UAE_059,2025-03,2601,2671,-7803,-6927,2.69
UAE_059,2025-04,10142,9617,-6263,-5995,-5.18
UAE_059,2025-05,4875,4792,-6127,-6225,-1.7
UAE_059,2025-06,3026,2922,-8817,-10070,-3.44
UAE_059,2025-07,1675,1704,-2565,-2285,1.73
UAE_059,2025-08,3732,3450,-4176,-4422,-7.56
UAE_059,2025-09,6313,6967,-8187,-7922,10.36
UAE_059,2025-10,2227,2099,-3141,-3116,-5.75
UAE_059,2025-11,2299,2297,-3319,-3146,-0.09
UAE_059,2025-12,3879,3705,-1522,-1622,-4.49
UAE_060,2023-01,21468,22652,-13318,-13096,5.52
UAE_060,2023-02,23983,22421,-13844,-14978,-6.51
UAE_060,2023-03,59191,58136,-398,-460,-1.78
UAE_060,2023-04,50136,54959,-3576,-4131,9.62
UAE_060,2023-05,11150,10729,-23620,-21312,-3.78
UAE_060,2023-06,55490,54495,-6800,-6387,-1.79
UAE_060,2023-07,26577,24696,-13179,-12904,-7.08
UAE_060,2023-08,13105,12027,-10750,-11501,-8.23
UAE_060,2023-09,20272,22101,-19424,-19450,9.02
UAE_060,2023-10,5321,5433,-7122,-6622,2.1
UAE_060,2023-11,62037,56499,-8452,-8288,-8.93
UAE_060,2023-12,29889,29651,-10757,-11119,-0.8
UAE_060,2024-01,17711,19506,-14554,-12832,10.13
UAE_060,2024-02,8680,8477,-4010,-3691,-2.34
UAE_060,2024-03,22273,24581,-3421,-3163,10.36
UAE_060,2024-04,11641,12233,-12566,-13561,5.09
UAE_060,2024-05,18824,17257,-8091,-7194,-8.32
UAE_060,2024-06,53028,54955,-3025,-2923,3.63
UAE_060,2024-07,21861,24045,-20135,-22962,9.99
UAE_060,2024-08,31829,35248,-221,-251,10.74
UAE_060,2024-09,71756,74383,-8956,-10381,3.66
UAE_060,2024-10,22094,23239,-16409,-16868,5.18
UAE_060,2024-11,16723,18165,-8748,-7930,8.62
UAE_060,2024-12,17187,18050,-21558,-18800,5.02
UAE_060,2025-01,5383,5497,-11666,-10578,2.12
UAE_060,2025-02,7098,7640,-5521,-5731,7.64
UAE_060,2025-03,57066,53387,4849,5271,-6.45
UAE_060,2025-04,18552,20466,-14829,-16169,10.32
UAE_060,2025-05,24335,26263,349,381,7.92
UAE_060,2025-06,88421,96091,10624,10226,8.67
UAE_060,2025-07,84366,81185,4236,4756,-3.77
UAE_060,2025-08,54210,54806,-12655,-13505,1.1
UAE_060,2025-09,94947,102926,13975,13428,8.4
UAE_060,2025-10,12604,11728,-13320,-13932,-6.95
UAE_060,2025-11,13729,12543,-5032,-4877,-8.64
UAE_060,2025-12,54579,53374,-7751,-7090,-2.21
UAE_061,2023-01,1842,1699,-6721,-7516,-7.76
UAE_061,2023-02,1925,1942,-5200,-5096,0.88
UAE_061,2023-03,2409,2572,-4648,-4055,6.77
UAE_061,2023-04,1480,1569,-8022,-8071,6.01
UAE_061,2023-05,6741,6376,-5904,-6011,-5.41
UAE_061,2023-06,5759,5366,-5527,-5566,-6.82
UAE_061,2023-07,2427,2239,-8693,-9538,-7.75
UAE_061,2023-08,3213,3197,-2573,-2304,-0.5
UAE_061,2023-09,1300,1415,-7253,-7580,8.85
UAE_061,2023-10,3909,4335,-6561,-6642,10.9
UAE_061,2023-11,3794,4112,-7309,-7676,8.38
UAE_061,2023-12,2857,2701,-1212,-1139,-5.46
UAE_061,2024-01,970,910,-5710,-5946,-6.19
UAE_061,2024-02,2538,2491,-1926,-2201,-1.85
UAE_061,2024-03,3209,3138,-7286,-8381,-2.21
UAE_061,2024-04,5737,5815,-5829,-5989,1.36
UAE_061,2024-05,3890,3733,-2385,-2126,-4.04
UAE_061,2024-06,1952,1924,-6545,-6505,-1.43
UAE_061,2024-07,1728,1625,-9299,-8721,-5.96
UAE_061,2024-08,1840,1742,-3890,-3419,-5.33
UAE_061,2024-09,4502,4469,-7965,-9026,-0.73
UAE_061,2024-10,3199,3093,-5593,-5193,-3.31
UAE_061,2024-11,3508,3805,-5029,-4522,8.47
UAE_061,2024-12,2671,2515,-1030,-1179,-5.84
UAE_061,2025-01,1892,1987,-2348,-2133,5.02
UAE_061,2025-02,1550,1608,-7113,-7601,3.74
UAE_061,2025-03,2835,2966,-5447,-5033,4.62
UAE_061,2025-04,3802,3726,-3721,-4272,-2.0
UAE_061,2025-05,2573,2440,-3799,-4451,-5.17
UAE_061,2025-06,4204,4394,-1761,-1838,4.52
UAE_061,2025-07,4032,3966,-5379,-5744,-1.64
UAE_061,2025-08,2582,2556,-2948,-2692,-1.01
UAE_061,2025-09,3863,3648,-7645,-7704,-5.57
UAE_061,2025-10,5403,5997,-6550,-6103,10.99
UAE_061,2025-11,1462,1382,-7398,-8022,-5.47
UAE_061,2025-12,2262,2499,-4179,-4130,10.48
UAE_062,2023-01,1545,1521,-6401,-6461,-1.55
UAE_062,2023-02,1994,1836,-4797,-4848,-7.92
UAE_062,2023-03,948,874,-9104,-8237,-7.81
UAE_062,2023-04,2890,3111,-2416,-2365,7.65
UAE_062,2023-05,2537,2348,-5594,-5280,-7.45
UAE_062,2023-06,2638,2558,-2332,-2283,-3.03
UAE_062,2023-07,4793,4970,-3220,-3401,3.69
UAE_062,2023-08,3811,3833,-9816,-9784,0.58
UAE_062,2023-09,5472,5702,-4887,-5282,4.2
UAE_062,2023-10,3629,3400,-7317,-7693,-6.31
UAE_062,2023-11,3221,3209,-4533,-4384,-0.37
UAE_062,2023-12,969,1005,-3101,-3286,3.72
UAE_062,2024-01,2950,2762,-4472,-4224,-6.37
UAE_062,2024-02,2988,3115,-5283,-4777,4.25
UAE_062,2024-03,1855,2040,-4656,-4773,9.97
UAE_062,2024-04,1048,1078,-5341,-5221,2.86
UAE_062,2024-05,4147,4015,-5379,-5176,-3.18
UAE_062,2024-06,8474,8756,-4314,-4343,3.33
UAE_062,2024-07,1862,1906,-6410,-6767,2.36
UAE_062,2024-08,2584,2431,-1518,-1612,-5.92
UAE_062,2024-09,2870,3055,-5433,-5058,6.45
UAE_062,2024-10,4371,4315,-8623,-8503,-1.28
UAE_062,2024-11,1230,1163,-5120,-5042,-5.45
UAE_062,2024-12,1548,1563,-4541,-5001,0.97
UAE_062,2025-01,2706,2472,-5397,-5172,-8.65
UAE_062,2025-02,2260,2288,-7358,-6986,1.24
UAE_062,2025-03,3811,3579,-1043,-1196,-6.09
UAE_062,2025-04,2773,2551,-1760,-1821,-8.01
UAE_062,2025-05,7021,6649,-8582,-8999,-5.3
UAE_062,2025-06,5039,5069,-2733,-2501,0.6
UAE_062,2025-07,15954,17543,-4732,-5350,9.96
UAE_062,2025-08,7900,7287,-5674,-6596,-7.76
UAE_062,2025-09,4606,4413,-7507,-8316,-4.19
UAE_062,2025-10,8689,8178,-4443,-4707,-5.88
UAE_062,2025-11,1052,1043,-3086,-2881,-0.86
UAE_062,2025-12,2161,2036,-2862,-3367,-5.78
UAE_063,2023-01,1767,1891,-1355,-1561,7.02
UAE_063,2023-02,1612,1480,-2019,-1940,-8.19
UAE_063,2023-03,802,761,-3490,-3144,-5.11
UAE_063,2023-04,1568,1438,-8497,-7728,-8.29
UAE_063,2023-05,2192,2099,-6000,-6328,-4.24
UAE_063,2023-06,3409,3379,-1636,-1902,-0.88
UAE_063,2023-07,3375,3425,-2780,-2883,1.48
UAE_063,2023-08,1818,2001,-7204,-6571,10.07
UAE_063,2023-09,1722,1804,-5430,-5794,4.76
UAE_063,2023-10,2913,2833,-3824,-3396,-2.75
UAE_063,2023-11,3040,2867,-3368,-3506,-5.69
UAE_063,2023-12,1325,1397,-5951,-6207,5.43
UAE_063,2024-01,840,891,-1898,-1693,6.07
UAE_063,2024-02,1580,1744,-3978,-4033,10.38
UAE_063,2024-03,2696,2793,-4327,-4354,3.6
UAE_063,2024-04,2640,2797,-4490,-5140,5.95
UAE_063,2024-05,1621,1502,-9113,-8588,-7.34
UAE_063,2024-06,1627,1713,-1761,-1784,5.29
UAE_063,2024-07,2770,2875,-9137,-8405,3.79
UAE_063,2024-08,1395,1498,-7975,-8631,7.38
UAE_063,2024-09,1624,1503,-4340,-4047,-7.45
UAE_063,2024-10,2837,2817,-1979,-1830,-0.7
UAE_063,2024-11,1265,1207,-5315,-4721,-4.58
UAE_063,2024-12,2701,2646,-2662,-2682,-2.04
UAE_063,2025-01,1801,1739,-2956,-3059,-3.44
UAE_063,2025-02,1419,1418,-4504,-5139,-0.07
UAE_063,2025-03,1430,1306,-8053,-7146,-8.67
UAE_063,2025-04,3475,3529,-2438,-2173,1.55
UAE_063,2025-05,1359,1310,-1823,-1887,-3.61
UAE_063,2025-06,2969,3081,-7879,-7049,3.77
UAE_063,2025-07,2810,3097,-2819,-3305,10.21
UAE_063,2025-08,2313,2474,-1533,-1533,6.96
UAE_063,2025-09,2672,2578,-5866,-6697,-3.52
UAE_063,2025-10,2814,3119,-4881,-5705,10.84
UAE_063,2025-11,1776,1869,-1863,-1874,5.24
UAE_063,2025-12,1617,1678,-1986,-1752,3.77
UAE_064,2023-01,2153,2196,-3078,-2767,2.0
UAE_064,2023-02,1872,1863,-2626,-3060,-0.48
UAE_064,2023-03,1757,1819,-3313,-2974,3.53
UAE_064,2023-04,1006,1008,-4937,-5520,0.2
UAE_064,2023-05,1126,1173,-5139,-4882,4.17
UAE_064,2023-06,1122,1194,-4260,-3802,6.42
UAE_064,2023-07,3520,3316,-5916,-5916,-5.8
UAE_064,2023-08,5614,6124,-4951,-5719,9.08
UAE_064,2023-09,1228,1248,-2566,-2342,1.63
UAE_064,2023-10,1894,1731,-7519,-7022,-8.61
UAE_064,2023-11,1739,1722,-5371,-5245,-0.98
UAE_064,2023-12,1147,1065,-4761,-4346,-7.15
UAE_064,2024-01,2153,1963,-3411,-3689,-8.82
UAE_064,2024-02,1840,1744,-4849,-5275,-5.22
UAE_064,2024-03,1378,1393,-5179,-6000,1.09
UAE_064,2024-04,1246,1135,-7670,-8059,-8.91
UAE_064,2024-05,3004,2956,-5101,-4704,-1.6
UAE_064,2024-06,1117,1185,-5667,-6232,6.09
UAE_064,2024-07,1938,2132,-2422,-2486,10.01
UAE_064,2024-08,3421,3782,-7284,-6349,10.55
UAE_064,2024-09,3240,3134,-6617,-6638,-3.27
UAE_064,2024-10,2256,2073,-7098,-7908,-8.11
UAE_064,2024-11,1497,1465,-5724,-5402,-2.14
UAE_064,2024-12,1322,1246,-6150,-5474,-5.75
UAE_064,2025-01,1396,1457,-6502,-5854,4.37
UAE_064,2025-02,2954,2844,-1621,-1828,-3.72
UAE_064,2025-03,1426,1407,-3823,-3826,-1.33
UAE_064,2025-04,5645,5315,-6949,-6393,-5.85
UAE_064,2025-05,1558,1643,-7992,-8089,5.46
UAE_064,2025-06,6927,7161,-6428,-7141,3.38
UAE_064,2025-07,1205,1145,-7458,-6682,-4.98
UAE_064,2025-08,3573,3726,-4379,-4563,4.28
UAE_064,2025-09,6761,6198,-3085,-3612,-8.33
UAE_064,2025-10,2020,2153,-6998,-7145,6.58
UAE_064,2025-11,893,886,-4615,-4840,-0.78
UAE_064,2025-12,2394,2375,-4614,-4685,-0.79
UAE_065,2023-01,774,852,-3926,-4081,10.08
UAE_065,2023-02,2637,2590,-1999,-1849,-1.78
UAE_065,2023-03,4022,4113,-7132,-8068,2.26
UAE_065,2023-04,2049,2255,-1980,-1982,10.05
UAE_065,2023-05,2702,2797,-8519,-9099,3.52
UAE_065,2023-06,2994,2793,-4342,-4118,-6.71
UAE_065,2023-07,3772,3667,-3691,-3932,-2.78
UAE_065,2023-08,3216,2949,-8922,-7968,-8.3
UAE_065,2023-09,1762,1943,-3210,-3707,10.27
UAE_065,2023-10,3637,3759,-5469,-5524,3.35
UAE_065,2023-11,1133,1031,-3849,-3935,-9.0
UAE_065,2023-12,1789,1963,-2744,-2752,9.73
UAE_065,2024-01,1280,1267,-7485,-6528,-1.02
UAE_065,2024-02,2049,2145,-2123,-2383,4.69
UAE_065,2024-03,5970,5706,-5116,-5779,-4.42
UAE_065,2024-04,3241,3499,-4958,-5734,7.96
UAE_065,2024-05,2567,2798,-5145,-5651,9.0
UAE_065,2024-06,3461,3331,-5371,-5067,-3.76
UAE_065,2024-07,6295,6118,-8666,-8589,-2.81
UAE_065,2024-08,3467,3279,-5305,-4887,-5.42
UAE_065,2024-09,5242,5397,-8396,-8273,2.96
UAE_065,2024-10,6648,6676,-4846,-4551,0.42
UAE_065,2024-11,2861,2804,-1989,-1879,-1.99
UAE_065,2024-12,1385,1468,-8149,-7884,5.99
UAE_065,2025-01,1505,1591,-3751,-3374,5.71
UAE_065,2025-02,2341,2530,-2056,-2133,8.07
UAE_065,2025-03,2537,2338,-2878,-3233,-7.84
UAE_065,2025-04,3840,3737,-4756,-5375,-2.68
UAE_065,2025-05,4595,4464,-5512,-5276,-2.85
UAE_065,2025-06,8358,8834,-7350,-7260,5.7
UAE_065,2025-07,2011,2147,-4949,-4826,6.76
UAE_065,2025-08,18940,19103,-5750,-5243,0.86
UAE_065,2025-09,3133,3105,-8712,-7694,-0.89
UAE_065,2025-10,2663,2488,-7924,-7340,-6.57
UAE_065,2025-11,3281,3365,-1346,-1207,2.56
UAE_065,2025-12,2407,2417,-1518,-1649,0.42
UAE_066,2023-01,2484188,2379364,812844,800888,-4.22
UAE_066,2023-02,1920462,1788170,454062,435602,-6.89
UAE_066,2023-03,2700741,2956387,768966,671360,9.47
UAE_066,2023-04,4492424,4356528,1051686,972525,-3.03
UAE_066,2023-05,6198338,5878395,1608355,1681361,-5.16
UAE_066,2023-06,4626269,4526132,840366,924664,-2.16
UAE_066,2023-07,2285903,2492340,481382,491407,9.03
UAE_066,2023-08,5849010,6208570,1667909,1875981,6.15
UAE_066,2023-09,4887783,4611939,734019,852212,-5.64
UAE_066,2023-10,4499794,4403143,1513848,1368024,-2.15
UAE_066,2023-11,3561361,3704766,661113,719072,4.03
UAE_066,2023-12,1210148,1100160,288637,290137,-9.09
UAE_066,2024-01,2623841,2387691,574520,576104,-9.0
UAE_066,2024-02,3186703,3291660,887188,806854,3.29
UAE_066,2024-03,1433542,1424271,274105,299643,-0.65
UAE_066,2024-04,7393810,7809399,2319889,2180942,5.62
UAE_066,2024-05,3343624,3634730,509900,476526,8.71
UAE_066,2024-06,15692747,15103432,2819493,2624214,-3.76
UAE_066,2024-07,1597221,1551751,321993,312045,-2.85
UAE_066,2024-08,3553743,3565948,1238782,1149104,0.34
UAE_066,2024-09,5818084,5473705,1494524,1355274,-5.92
UAE_066,2024-10,7772825,8178936,1592143,1748255,5.22
UAE_066,2024-11,7293260,6844779,1669061,1743122,-6.15
UAE_066,2024-12,794478,841054,200327,185833,5.86
UAE_066,2025-01,4841155,5344901,1558976,1488352,10.41
UAE_066,2025-02,2763141,2874600,1007826,963731,4.03
UAE_066,2025-03,4346994,4658540,931496,916610,7.17
UAE_066,2025-04,7495826,6888010,2665296,2473912,-8.11
UAE_066,2025-05,5650955,5302364,886383,1018682,-6.17
UAE_066,2025-06,3076313,3024361,875003,770588,-1.69
UAE_066,2025-07,3676923,3486488,831913,731981,-5.18
UAE_066,2025-08,3790532,3832019,690987,688023,1.09
UAE_066,2025-09,8498887,8966962,2117491,2032256,5.51
UAE_066,2025-10,11573236,10584776,1676724,1802722,-8.54
UAE_066,2025-11,3773570,4089911,1078762,1021226,8.38
UAE_066,2025-12,10846308,10718812,2240621,2115115,-1.18
UAE_067,2023-01,2370,2296,-3639,-3456,-3.12
UAE_067,2023-02,2350,2320,-1815,-1842,-1.28
UAE_067,2023-03,2438,2225,-9964,-10101,-8.74
UAE_067,2023-04,4575,4177,-3284,-3690,-8.7
UAE_067,2023-05,4456,4096,-9416,-9222,-8.08
UAE_067,2023-06,7060,7114,-9022,-9769,0.76
UAE_067,2023-07,4208,4551,-6982,-7903,8.15
UAE_067,2023-08,9063,9575,-9694,-9208,5.65
UAE_067,2023-09,3574,3718,-10245,-10917,4.03
UAE_067,2023-10,3216,3026,-2721,-2984,-5.91
UAE_067,2023-11,3757,3649,-4140,-3644,-2.87
UAE_067,2023-12,1919,1891,-4596,-4563,-1.46
UAE_067,2024-01,2639,2688,-6763,-5950,1.86
UAE_067,2024-02,1135,1154,-2241,-2532,1.67
UAE_067,2024-03,3382,3079,-1691,-1622,-8.96
UAE_067,2024-04,2811,2695,-5469,-6149,-4.13
UAE_067,2024-05,1642,1816,-4170,-4471,10.6
UAE_067,2024-06,2141,2078,-4399,-4941,-2.94
UAE_067,2024-07,2070,1963,-4315,-5001,-5.17
UAE_067,2024-08,1647,1544,-5475,-5530,-6.25
UAE_067,2024-09,8667,9286,-6847,-7899,7.14
UAE_067,2024-10,3475,3480,-4450,-4471,0.14
UAE_067,2024-11,3121,2888,-4212,-4720,-7.47
UAE_067,2024-12,1196,1170,-4965,-4614,-2.17
UAE_067,2025-01,4078,4069,-1665,-1648,-0.22
UAE_067,2025-02,3346,3154,-1474,-1295,-5.74
UAE_067,2025-03,8633,8071,-9647,-8800,-6.51
UAE_067,2025-04,3348,3084,-1927,-2079,-7.89
UAE_067,2025-05,1958,2108,-8097,-7489,7.66
UAE_067,2025-06,5615,5258,-4961,-4401,-6.36
UAE_067,2025-07,5400,5830,-2653,-2371,7.96
UAE_067,2025-08,6022,5578,-3799,-3966,-7.37
UAE_067,2025-09,8564,8532,-9583,-8865,-0.37
UAE_067,2025-10,9577,9242,-8581,-8761,-3.5
UAE_067,2025-11,3319,3207,-1992,-2065,-3.37
UAE_067,2025-12,3232,2989,-8573,-8079,-7.52
UAE_068,2023-01,268359,261818,24661,23037,-2.44
UAE_068,2023-02,214362,230027,36058,38708,7.31
UAE_068,2023-03,347157,337881,35830,31790,-2.67
UAE_068,2023-04,613224,621901,101621,114228,1.41
UAE_068,2023-05,346777,315533,12616,12344,-9.01
UAE_068,2023-06,484562,509753,21170,24576,5.2
UAE_068,2023-07,216313,212617,-337,-317,-1.71
UAE_068,2023-08,690697,751295,136144,157074,8.77
UAE_068,2023-09,267995,271086,23634,20703,1.15
UAE_068,2023-10,300411,298315,39547,38963,-0.7
UAE_068,2023-11,245337,257626,47594,47875,5.01
UAE_068,2023-12,37178,35062,-15559,-15391,-5.69
UAE_068,2024-01,268806,295061,11798,11347,9.77
UAE_068,2024-02,328916,334404,41907,48854,1.67
UAE_068,2024-03,527574,481014,44836,44051,-8.83
UAE_068,2024-04,567496,598931,63149,71161,5.54
UAE_068,2024-05,573149,523380,57912,65254,-8.68
UAE_068,2024-06,149550,163506,-19452,-19159,9.33
UAE_068,2024-07,757332,714832,141473,134824,-5.61
UAE_068,2024-08,1995344,1877800,260422,266541,-5.89
UAE_068,2024-09,747574,724976,113568,131830,-3.02
UAE_068,2024-10,876634,857222,158412,180355,-2.21
UAE_068,2024-11,159737,160767,-23139,-23023,0.64
UAE_068,2024-12,80762,87487,-3108,-3207,8.33
UAE_068,2025-01,205469,210529,7658,7265,2.46
UAE_068,2025-02,432147,418723,93268,95783,-3.11
UAE_068,2025-03,831045,826740,92240,108439,-0.52
UAE_068,2025-04,223725,218275,41180,36869,-2.44
UAE_068,2025-05,1341629,1384589,405189,373262,3.2
UAE_068,2025-06,555404,584718,84690,96423,5.28
UAE_068,2025-07,662793,610391,118128,136431,-7.91
UAE_068,2025-08,1119338,1186728,432912,380943,6.02
UAE_068,2025-09,466350,460293,89648,92147,-1.3
UAE_068,2025-10,475800,451249,119246,116125,-5.16
UAE_068,2025-11,611729,556283,139410,129627,-9.06
UAE_068,2025-12,672249,696679,179865,166426,3.63
UAE_069,2023-01,1118,1232,-6348,-7439,10.2
UAE_069,2023-02,8750,9146,-4978,-5307,4.53
UAE_069,2023-03,4243,4037,-8016,-8830,-4.86
UAE_069,2023-04,8859,9748,-6054,-5397,10.03
UAE_069,2023-05,11075,11203,-8128,-7105,1.16
UAE_069,2023-06,4460,4438,-7621,-6628,-0.49
UAE_069,2023-07,5225,5564,-5427,-5603,6.49
UAE_069,2023-08,10305,10788,-15034,-13920,4.69
UAE_069,2023-09,10868,11684,-6282,-5884,7.51
UAE_069,2023-10,5496,6085,-8943,-9854,10.72
UAE_069,2023-11,2116,2236,-9382,-9780,5.67
UAE_069,2023-12,21459,19582,-7232,-7476,-8.75
UAE_069,2024-01,1557,1634,-5658,-5149,4.95
UAE_069,2024-02,4315,4395,-5160,-5861,1.85
UAE_069,2024-03,8040,7562,-9000,-10076,-5.95
UAE_069,2024-04,3199,3323,-5178,-4789,3.88
UAE_069,2024-05,12664,12140,-6456,-5933,-4.14
UAE_069,2024-06,13853,14015,-11063,-11831,1.17
UAE_069,2024-07,5886,5591,-1940,-1836,-5.01
UAE_069,2024-08,8986,8449,-5584,-5445,-5.98
UAE_069,2024-09,17510,17441,-8824,-8591,-0.39
UAE_069,2024-10,1922,1957,-6768,-6798,1.82
UAE_069,2024-11,4939,5040,-4768,-4242,2.04
UAE_069,2024-12,6203,6434,-9341,-10832,3.72
UAE_069,2025-01,2275,2464,-3115,-3031,8.31
UAE_069,2025-02,10648,10911,-7570,-7593,2.47
UAE_069,2025-03,3488,3588,-7399,-6685,2.87
UAE_069,2025-04,5995,5926,-9006,-8316,-1.15
UAE_069,2025-05,20525,22643,-7825,-8092,10.32
UAE_069,2025-06,5048,5330,-7445,-6625,5.59
UAE_069,2025-07,12574,11955,-13773,-13112,-4.92
UAE_069,2025-08,2843,2807,-6928,-6374,-1.27
UAE_069,2025-09,7248,7177,-8291,-7397,-0.98
UAE_069,2025-10,6966,6413,-6261,-5836,-7.94
UAE_069,2025-11,3801,3703,-2046,-2248,-2.58
UAE_069,2025-12,3671,3730,-5725,-5443,1.61
UAE_070,2023-01,601497,585863,93550,91679,-2.6
UAE_070,2023-02,7953047,7497860,1430103,1442215,-5.72
UAE_070,2023-03,1607980,1553479,361423,380434,-3.39
UAE_070,2023-04,1210638,1298291,146939,164805,7.24
UAE_070,2023-05,1942179,2023691,477908,500477,4.2
UAE_070,2023-06,1628336,1808873,480593,433768,11.09
UAE_070,2023-07,2343820,2202576,259120,234588,-6.03
UAE_070,2023-08,1488577,1563354,286076,266168,5.02
UAE_070,2023-09,1309177,1301442,288116,260716,-0.59
UAE_070,2023-10,1062995,1033317,-17915,-20204,-2.79
UAE_070,2023-11,2301548,2192552,742986,671330,-4.74
UAE_070,2023-12,3990410,3722927,621223,541179,-6.7
UAE_070,2024-01,2292942,2212749,322431,300663,-3.5
UAE_070,2024-02,1561781,1728149,533268,518734,10.65
UAE_070,2024-03,430802,408699,36263,40878,-5.13
UAE_070,2024-04,3371192,3264888,690061,793472,-3.15
UAE_070,2024-05,6259678,6645144,2211700,2092059,6.16
UAE_070,2024-06,1870716,1861745,472193,442001,-0.48
UAE_070,2024-07,11502003,12450075,2969103,2606466,8.24
UAE_070,2024-08,5490630,5953815,2043537,1948650,8.44
UAE_070,2024-09,5570750,5294182,1546214,1423273,-4.96
UAE_070,2024-10,7039807,6844413,1045393,1163516,-2.78
UAE_070,2024-11,4055670,3921612,887599,1044170,-3.31
UAE_070,2024-12,1235050,1179523,83435,93308,-4.5
UAE_070,2025-01,3945884,4302384,1152003,1089095,9.03
UAE_070,2025-02,598950,621683,94493,86244,3.8
UAE_070,2025-03,3988439,3986375,851339,967944,-0.05
UAE_070,2025-04,2660902,2557944,595929,683177,-3.87
UAE_070,2025-05,8161449,7970813,2356430,2199722,-2.34
UAE_070,2025-06,16071731,17448938,3595871,3884737,8.57
UAE_070,2025-07,1395137,1293299,242701,251549,-7.3
UAE_070,2025-08,10335276,9759469,2506537,2365782,-5.57
UAE_070,2025-09,4997776,5205985,822237,936463,4.17
UAE_070,2025-10,2110577,1997358,440645,510056,-5.36
UAE_070,2025-11,1083446,1003640,157682,150890,-7.37
UAE_070,2025-12,1045491,1158755,104775,98092,10.83
UAE_071,2023-01,3168,3304,-11178,-12456,4.29
UAE_071,2023-02,25728,25204,-7656,-7591,-2.04
UAE_071,2023-03,28198,31148,-12913,-12399,10.46
UAE_071,2023-04,93484,98495,649,678,5.36
UAE_071,2023-05,24300,23912,-7801,-7429,-1.6
UAE_071,2023-06,9215,9087,-11704,-13435,-1.39
UAE_071,2023-07,52109,57056,-11757,-13073,9.49
UAE_071,2023-08,66853,66722,-15426,-17366,-0.2
UAE_071,2023-09,15564,15307,-1805,-2082,-1.65
UAE_071,2023-10,31943,30227,-798,-743,-5.37
UAE_071,2023-11,45891,47731,-2273,-2052,4.01
UAE_071,2023-12,10004,9180,-3123,-3570,-8.24
UAE_071,2024-01,9707,9451,-2226,-2616,-2.64
UAE_071,2024-02,8083,8283,-11704,-10185,2.47
UAE_071,2024-03,67896,74580,-8886,-8215,9.84
UAE_071,2024-04,33115,34095,-7826,-7043,2.96
UAE_071,2024-05,55707,57884,3912,3545,3.91
UAE_071,2024-06,5026,5101,-12914,-11398,1.49
UAE_071,2024-07,75787,69171,-19854,-19633,-8.73
UAE_071,2024-08,97486,92389,12354,12160,-5.23
UAE_071,2024-09,58392,60313,-4525,-4480,3.29
UAE_071,2024-10,66790,72077,-21124,-18508,7.92
UAE_071,2024-11,36756,35194,-7804,-7603,-4.25
UAE_071,2024-12,77377,70661,-6187,-5876,-8.68
UAE_071,2025-01,7161,6572,-7516,-8592,-8.23
UAE_071,2025-02,10874,11533,-5954,-6677,6.06
UAE_071,2025-03,32638,31465,-11148,-11360,-3.59
UAE_071,2025-04,24918,24209,-20689,-23292,-2.85
UAE_071,2025-05,84656,85476,-485,-497,0.97
UAE_071,2025-06,12290,12938,-10426,-10699,5.27
UAE_071,2025-07,22083,21474,-22161,-22505,-2.76
UAE_071,2025-08,74469,73551,-8498,-8572,-1.23
UAE_071,2025-09,9292,9883,-6079,-5516,6.36
UAE_071,2025-10,37324,37581,-3979,-3688,0.69
UAE_071,2025-11,6581,6048,-4196,-4100,-8.1
UAE_071,2025-12,47705,48996,-5606,-5639,2.71
UAE_072,2023-01,56560,54273,-2957,-3316,-4.04
UAE_072,2023-02,13773,13276,-15611,-14763,-3.61
UAE_072,2023-03,78363,76142,4474,4871,-2.83
UAE_072,2023-04,30424,29763,-12808,-13621,-2.17
UAE_072,2023-05,5221,5506,-8535,-7514,5.46
UAE_072,2023-06,39190,41955,-14632,-14098,7.06
UAE_072,2023-07,21717,23096,-7097,-6732,6.35
UAE_072,2023-08,19380,19056,-11355,-9983,-1.67
UAE_072,2023-09,17260,17774,-644,-568,2.98
UAE_072,2023-10,27241,29525,-3221,-3286,8.38
UAE_072,2023-11,8082,8640,-14427,-16144,6.9
UAE_072,2023-12,54255,51917,-4174,-3879,-4.31
UAE_072,2024-01,6943,7689,-2493,-2473,10.74
UAE_072,2024-02,26538,27166,-8940,-8818,2.37
UAE_072,2024-03,14264,15198,-11420,-10736,6.55
UAE_072,2024-04,8250,8752,-8141,-9326,6.08
UAE_072,2024-05,21571,20711,-8247,-7539,-3.99
UAE_072,2024-06,60457,56017,-12,-14,-7.34
UAE_072,2024-07,35947,35579,-3574,-3459,-1.02
UAE_072,2024-08,8534,8640,-5819,-5111,1.24
UAE_072,2024-09,39365,42230,-1895,-1795,7.28
UAE_072,2024-10,28970,31552,-11494,-10277,8.91
UAE_072,2024-11,24939,23089,-11740,-11434,-7.42
UAE_072,2024-12,11649,12565,-18387,-17034,7.86
UAE_072,2025-01,22388,23535,-7639,-8360,5.12
UAE_072,2025-02,13771,13468,-12869,-12377,-2.2
UAE_072,2025-03,91644,85325,1095,1171,-6.9
UAE_072,2025-04,25798,25100,-18400,-17895,-2.71
UAE_072,2025-05,14483,15889,-15260,-14957,9.71
UAE_072,2025-06,9178,9856,-8577,-9970,7.39
UAE_072,2025-07,11427,12027,-3685,-3993,5.25
UAE_072,2025-08,53245,52979,-5121,-4855,-0.5
UAE_072,2025-09,64588,64494,-2928,-3140,-0.15
UAE_072,2025-10,24381,24842,-14827,-14029,1.89
UAE_072,2025-11,23827,24034,-16822,-15448,0.87
UAE_072,2025-12,8960,9050,-2620,-2326,1.0
UAE_073,2023-01,1149,1129,-1192,-1395,-1.74
UAE_073,2023-02,1870,1796,-4275,-4176,-3.96
UAE_073,2023-03,2689,2631,-2530,-2305,-2.16
UAE_073,2023-04,979,977,-7450,-6803,-0.2
UAE_073,2023-05,2873,3081,-7635,-7339,7.24
UAE_073,2023-06,3332,3100,-2656,-2449,-6.96
UAE_073,2023-07,2772,2943,-5194,-5542,6.17
UAE_073,2023-08,1421,1449,-6795,-7831,1.97
UAE_073,2023-09,3293,2994,-5463,-4763,-9.08
UAE_073,2023-10,1064,1051,-1690,-1744,-1.22
UAE_073,2023-11,789,861,-1603,-1851,9.13
UAE_073,2023-12,2616,2389,-2443,-2169,-8.68
UAE_073,2024-01,899,880,-4038,-4486,-2.11
UAE_073,2024-02,2377,2185,-3918,-3858,-8.08
UAE_073,2024-03,1969,1826,-3945,-3975,-7.26
UAE_073,2024-04,972,1023,-4972,-5549,5.25
UAE_073,2024-05,1219,1159,-3287,-2865,-4.92
UAE_073,2024-06,10148,10091,-5236,-5073,-0.56
UAE_073,2024-07,2832,2860,-5569,-5092,0.99
UAE_073,2024-08,3146,2929,-3500,-3500,-6.9
UAE_073,2024-09,2405,2197,-5435,-6145,-8.65
UAE_073,2024-10,2944,2794,-7999,-7181,-5.1
UAE_073,2024-11,3243,3463,-3773,-4294,6.78
UAE_073,2024-12,1633,1753,-7171,-6258,7.35
UAE_073,2025-01,2128,2160,-5486,-4892,1.5
UAE_073,2025-02,2818,2641,-4657,-4234,-6.28
UAE_073,2025-03,2345,2506,-4045,-4631,6.87
UAE_073,2025-04,2022,1995,-4617,-4309,-1.34
UAE_073,2025-05,4527,4388,-6923,-6981,-3.07
UAE_073,2025-06,1938,1886,-6319,-7121,-2.68
UAE_073,2025-07,1088,1171,-6636,-5849,7.63
UAE_073,2025-08,10411,11051,-8004,-7248,6.15
UAE_073,2025-09,3464,3589,-4027,-3994,3.61
UAE_073,2025-10,3204,2999,-2577,-2758,-6.4
UAE_073,2025-11,2672,2588,-2873,-2794,-3.14
UAE_073,2025-12,1844,1853,-2165,-2416,0.49
UAE_074,2023-01,2746,2605,-4416,-4131,-5.13
UAE_074,2023-02,2081,1949,-3181,-2875,-6.34
UAE_074,2023-03,8326,8406,-5447,-5303,0.96
UAE_074,2023-04,4962,4654,-1824,-1753,-6.21
UAE_074,2023-05,2967,3150,-9567,-8772,6.17
UAE_074,2023-06,5264,5427,-3865,-4089,3.1
UAE_074,2023-07,7723,8226,-6946,-8095,6.51
UAE_074,2023-08,2099,1942,-6857,-7599,-7.48
UAE_074,2023-09,1774,1719,-5338,-4897,-3.1
UAE_074,2023-10,1702,1865,-2248,-2339,9.58
UAE_074,2023-11,2433,2544,-8231,-7759,4.56
UAE_074,2023-12,3724,3957,-1632,-1588,6.26
UAE_074,2024-01,1635,1757,-7929,-7151,7.46
UAE_074,2024-02,3567,3327,-7135,-6527,-6.73
UAE_074,2024-03,5188,4825,-2837,-3091,-7.0
UAE_074,2024-04,8515,9161,-7897,-6881,7.59
UAE_074,2024-05,9957,10596,-4676,-4659,6.42
UAE_074,2024-06,1708,1814,-6786,-6997,6.21
UAE_074,2024-07,4124,4521,-6622,-6536,9.63
UAE_074,2024-08,5028,4606,-1869,-2050,-8.39
UAE_074,2024-09,6147,5784,-1410,-1358,-5.91
UAE_074,2024-10,4413,4806,-4184,-4846,8.91
UAE_074,2024-11,2556,2521,-6142,-5788,-1.37
UAE_074,2024-12,2752,2727,-5727,-5606,-0.91
UAE_074,2025-01,1543,1412,-6499,-6244,-8.49
UAE_074,2025-02,3431,3459,-9382,-8939,0.82
UAE_074,2025-03,4990,4729,-3668,-3262,-5.23
UAE_074,2025-04,3814,4229,-9103,-7966,10.88
UAE_074,2025-05,28118,28438,-5958,-5788,1.14
UAE_074,2025-06,6648,6654,-4047,-3922,0.09
UAE_074,2025-07,5470,4989,-2419,-2139,-8.79
UAE_074,2025-08,5634,5538,-11279,-11085,-1.7
UAE_074,2025-09,1943,2081,-8561,-7550,7.1
UAE_074,2025-10,4873,5067,-8847,-9516,3.98
UAE_074,2025-11,3049,2835,-5897,-5676,-7.02
UAE_074,2025-12,3020,3031,-9858,-10780,0.36
UAE_075,2023-01,782,742,-1366,-1284,-5.12
UAE_075,2023-02,722,776,-2196,-2160,7.48
UAE_075,2023-03,928,939,-3225,-2940,1.19
UAE_075,2023-04,3096,2971,-3516,-3982,-4.04
UAE_075,2023-05,2550,2460,-2819,-2574,-3.53
UAE_075,2023-06,3374,3082,-4635,-4961,-8.65
UAE_075,2023-07,3989,3918,-8524,-9026,-1.78
UAE_075,2023-08,4291,3959,-7723,-7836,-7.74
UAE_075,2023-09,1128,1045,-3015,-3293,-7.36
UAE_075,2023-10,2876,3163,-4447,-5159,9.98
UAE_075,2023-11,1148,1202,-1449,-1348,4.7
UAE_075,2023-12,2633,2416,-3248,-3410,-8.24
UAE_075,2024-01,891,927,-6712,-6023,4.04
UAE_075,2024-02,969,1065,-3262,-2935,9.91
UAE_075,2024-03,1608,1716,-1752,-1714,6.72
UAE_075,2024-04,1568,1569,-5607,-5998,0.06
UAE_075,2024-05,1379,1390,-6916,-6835,0.8
UAE_075,2024-06,2549,2637,-3903,-3465,3.45
UAE_075,2024-07,1694,1583,-5991,-5906,-6.55
UAE_075,2024-08,6986,6663,-4112,-4671,-4.62
UAE_075,2024-09,2425,2569,-2953,-2883,5.94
UAE_075,2024-10,6801,6819,-6160,-5897,0.26
UAE_075,2024-11,2647,2723,-3292,-3678,2.87
UAE_075,2024-12,983,988,-3600,-3374,0.51
UAE_075,2025-01,1980,1907,-5119,-4927,-3.69
UAE_075,2025-02,1076,1132,-4331,-4094,5.2
UAE_075,2025-03,1172,1194,-2767,-2451,1.88
UAE_075,2025-04,3479,3436,-2197,-2294,-1.24
UAE_075,2025-05,1085,1025,-3565,-3713,-5.53
UAE_075,2025-06,2263,2134,-7004,-7327,-5.7
UAE_075,2025-07,2883,2753,-1463,-1644,-4.51
UAE_075,2025-08,1511,1552,-4120,-4756,2.71
UAE_075,2025-09,1449,1378,-6491,-6132,-4.9
UAE_075,2025-10,3690,3426,-5107,-5592,-7.15
UAE_075,2025-11,967,1049,-3192,-3622,8.48
UAE_075,2025-12,862,879,-3956,-4208,1.97
UAE_076,2023-01,5173,5646,-2913,-2876,9.14
UAE_076,2023-02,2786,2543,-9278,-8950,-8.72
UAE_076,2023-03,1771,1863,-4024,-3519,5.19
UAE_076,2023-04,4474,4429,-3080,-2810,-1.01
UAE_076,2023-05,3847,3611,-2956,-2735,-6.13
UAE_076,2023-06,22509,21963,-6086,-6885,-2.43
UAE_076,2023-07,37267,34807,-4896,-5258,-6.6
UAE_076,2023-08,5128,4768,-1968,-2159,-7.02
UAE_076,2023-09,3538,3582,-9124,-8485,1.24
UAE_076,2023-10,3605,3845,-5582,-5668,6.66
UAE_076,2023-11,2017,2137,-3218,-3078,5.95
UAE_076,2023-12,6988,7765,-5805,-6669,11.12
UAE_076,2024-01,4378,4073,-4356,-3911,-6.97
UAE_076,2024-02,5555,6127,-6788,-7359,10.3
UAE_076,2024-03,2891,3183,-5437,-6321,10.1
UAE_076,2024-04,5516,5263,-3422,-3222,-4.59
UAE_076,2024-05,20872,22830,-7206,-8129,9.38
UAE_076,2024-06,5631,5544,-10135,-10077,-1.55
UAE_076,2024-07,6255,5815,-15247,-14518,-7.03
UAE_076,2024-08,10584,10016,-7388,-7390,-5.37
UAE_076,2024-09,12168,12002,-1360,-1344,-1.36
UAE_076,2024-10,5103,4852,-3152,-3235,-4.92
UAE_076,2024-11,2200,2425,-5050,-5600,10.23
UAE_076,2024-12,4175,4508,-9042,-8232,7.98
UAE_076,2025-01,2252,2275,-2108,-1859,1.02
UAE_076,2025-02,3607,3367,-5988,-5846,-6.65
UAE_076,2025-03,1249,1349,-9560,-9058,8.01
UAE_076,2025-04,5842,5604,-6030,-5637,-4.07
UAE_076,2025-05,5493,5508,-11339,-11670,0.27
UAE_076,2025-06,20061,18927,-5547,-5597,-5.65
UAE_076,2025-07,16214,15687,-6446,-7233,-3.25
UAE_076,2025-08,17938,18062,-8563,-7753,0.69
UAE_076,2025-09,21031,22228,-4662,-5454,5.69
UAE_076,2025-10,7156,7266,-8969,-7846,1.54
UAE_076,2025-11,4585,4558,-1396,-1245,-0.59
UAE_076,2025-12,5669,6049,-6105,-5400,6.7
UAE_077,2023-01,874,927,-4762,-5326,6.06
UAE_077,2023-02,2894,2860,-1293,-1278,-1.17
UAE_077,2023-03,1518,1663,-4501,-4280,9.55
UAE_077,2023-04,2545,2617,-8034,-9315,2.83
UAE_077,2023-05,2727,2680,-9669,-9336,-1.72
UAE_077,2023-06,1684,1600,-5295,-5934,-4.99
UAE_077,2023-07,3679,3939,-8472,-7719,7.07
UAE_077,2023-08,2142,2304,-9793,-9757,7.56
UAE_077,2023-09,2812,3098,-5843,-5871,10.17
UAE_077,2023-10,4002,3640,-4745,-5161,-9.05
UAE_077,2023-11,2999,3296,-7197,-6373,9.9
UAE_077,2023-12,1189,1310,-3735,-3971,10.18
UAE_077,2024-01,1447,1413,-5763,-5285,-2.35
UAE_077,2024-02,961,983,-3415,-3692,2.29
UAE_077,2024-03,3274,3569,-1691,-1663,9.01
UAE_077,2024-04,2583,2752,-7788,-8660,6.54
UAE_077,2024-05,8955,8355,-6874,-6135,-6.7
UAE_077,2024-06,2560,2613,-9851,-9424,2.07
UAE_077,2024-07,4154,4019,-9284,-9159,-3.25
UAE_077,2024-08,4271,4527,-10042,-9534,5.99
UAE_077,2024-09,2993,2931,-3211,-3627,-2.07
UAE_077,2024-10,3426,3154,-2312,-2061,-7.94
UAE_077,2024-11,3521,3600,-5652,-5726,2.24
UAE_077,2024-12,1028,1113,-1892,-1904,8.27
UAE_077,2025-01,3170,3342,-3932,-3627,5.43
UAE_077,2025-02,1913,1876,-8595,-8100,-1.93
UAE_077,2025-03,3031,3022,-6996,-6971,-0.3
UAE_077,2025-04,2804,2688,-2606,-2285,-4.14
UAE_077,2025-05,4218,4543,-846,-900,7.71
UAE_077,2025-06,4223,4653,-3930,-4603,10.18
UAE_077,2025-07,7616,6999,-9356,-8647,-8.1
UAE_077,2025-08,4569,4924,-8378,-7813,7.77
UAE_077,2025-09,4391,4210,-1151,-1053,-4.12
UAE_077,2025-10,1540,1457,-2371,-2101,-5.39
UAE_077,2025-11,3718,3381,-2380,-2444,-9.06
UAE_077,2025-12,1693,1826,-7110,-7065,7.86
UAE_078,2023-01,892,836,-6209,-6185,-6.28
UAE_078,2023-02,2483,2499,-1825,-2073,0.64
UAE_078,2023-03,1017,1028,-2294,-2607,1.08
UAE_078,2023-04,1804,1783,-2954,-3260,-1.16
UAE_078,2023-05,5703,5707,-5278,-5553,0.07
UAE_078,2023-06,5038,5406,-6401,-5740,7.3
UAE_078,2023-07,1233,1244,-8760,-8243,0.89
UAE_078,2023-08,3344,3260,-2202,-2368,-2.51
UAE_078,2023-09,3003,3303,-1535,-1447,9.99
UAE_078,2023-10,1961,1860,-2237,-2146,-5.15
UAE_078,2023-11,2164,2310,-3748,-4328,6.75
UAE_078,2023-12,2036,2186,-3396,-2979,7.37
UAE_078,2024-01,2110,2286,-2663,-2726,8.34
UAE_078,2024-02,2084,2161,-4340,-4316,3.69
UAE_078,2024-03,1157,1189,-2014,-1773,2.77
UAE_078,2024-04,1134,1180,-5190,-5674,4.06
UAE_078,2024-05,3333,3264,-4805,-5473,-2.07
UAE_078,2024-06,1470,1505,-8422,-8454,2.38
UAE_078,2024-07,2945,2806,-7048,-7692,-4.72
UAE_078,2024-08,3703,3935,-6533,-7636,6.27
UAE_078,2024-09,2282,2518,-2095,-1843,10.34
UAE_078,2024-10,1937,2028,-6587,-6969,4.7
UAE_078,2024-11,2704,2557,-1479,-1734,-5.44
UAE_078,2024-12,1527,1499,-2621,-2647,-1.83
UAE_078,2025-01,2063,1951,-6460,-6592,-5.43
UAE_078,2025-02,1569,1606,-5411,-4985,2.36
UAE_078,2025-03,2575,2636,-4761,-4755,2.37
UAE_078,2025-04,1176,1214,-5022,-5813,3.23
UAE_078,2025-05,1491,1360,-4295,-3879,-8.79
UAE_078,2025-06,3341,3309,-5642,-5244,-0.96
UAE_078,2025-07,2431,2523,-2549,-2525,3.78
UAE_078,2025-08,3764,3859,-7893,-8069,2.52
UAE_078,2025-09,2831,3135,-7080,-6587,10.74
UAE_078,2025-10,2405,2417,-1874,-2192,0.5
UAE_078,2025-11,2296,2140,-1949,-1975,-6.79
UAE_078,2025-12,824,863,-2406,-2615,4.73
UAE_079,2023-01,1544,1520,-3021,-3363,-1.55
UAE_079,2023-02,2344,2345,-1019,-974,0.04
UAE_079,2023-03,1898,1852,-3134,-3229,-2.42
UAE_079,2023-04,1835,1837,-4350,-4704,0.11
UAE_079,2023-05,4577,4676,-8214,-7209,2.16
UAE_079,2023-06,1669,1816,-1946,-2004,8.81
UAE_079,2023-07,968,965,-5669,-6313,-0.31
UAE_079,2023-08,1336,1319,-7441,-7687,-1.27
UAE_079,2023-09,3562,3594,-6003,-7003,0.9
UAE_079,2023-10,993,955,-6389,-7489,-3.83
UAE_079,2023-11,2136,2003,-4947,-4943,-6.23
UAE_079,2023-12,2370,2620,-1875,-1976,10.55
UAE_079,2024-01,2117,2006,-890,-968,-5.24
UAE_079,2024-02,1747,1609,-5286,-5853,-7.9
UAE_079,2024-03,2935,2702,-6156,-6555,-7.94
UAE_079,2024-04,6433,6338,-5140,-5649,-1.48
UAE_079,2024-05,1084,1084,-3132,-3558,0.0
UAE_079,2024-06,2522,2672,-6887,-6233,5.95
UAE_079,2024-07,2475,2268,-1883,-1661,-8.36
UAE_079,2024-08,3937,3775,-7569,-7753,-4.11
UAE_079,2024-09,920,983,-1781,-1950,6.85
UAE_079,2024-10,2410,2383,-2747,-3211,-1.12
UAE_079,2024-11,1100,1001,-3902,-3852,-9.0
UAE_079,2024-12,1891,1886,-5758,-6226,-0.26
UAE_079,2025-01,2207,2371,-3075,-3376,7.43
UAE_079,2025-02,1360,1340,-3297,-3603,-1.47
UAE_079,2025-03,2385,2276,-7248,-6754,-4.57
UAE_079,2025-04,3890,3635,-595,-692,-6.56
UAE_079,2025-05,2056,1987,-9084,-7966,-3.36
UAE_079,2025-06,1713,1646,-3906,-3893,-3.91
UAE_079,2025-07,2126,2349,-3095,-2707,10.49
UAE_079,2025-08,1956,1865,-4736,-5483,-4.65
UAE_079,2025-09,2316,2153,-6665,-7309,-7.04
UAE_079,2025-10,3157,3064,-6388,-6316,-2.95
UAE_079,2025-11,2588,2406,-5579,-5671,-7.03
UAE_079,2025-12,1337,1486,-1561,-1537,11.14
UAE_080,2023-01,595188,580711,90093,105419,-2.43
UAE_080,2023-02,333132,352533,-2162,-2364,5.82
UAE_080,2023-03,418209,448723,33716,35630,7.3
UAE_080,2023-04,2029639,1878348,191280,175645,-7.45
UAE_080,2023-05,2384838,2550349,533410,535306,6.94
UAE_080,2023-06,1100813,1101200,268644,292707,0.04
UAE_080,2023-07,443993,462662,103126,101140,4.2
UAE_080,2023-08,1347080,1289131,131246,144710,-4.3
UAE_080,2023-09,3800607,3636596,807151,730882,-4.32
UAE_080,2023-10,2589994,2485482,316660,328786,-4.04
UAE_080,2023-11,1656021,1570519,243077,238030,-5.16
UAE_080,2023-12,2062894,2008248,488469,543916,-2.65
UAE_080,2024-01,1308617,1347134,323823,286775,2.94
UAE_080,2024-02,1162579,1128592,107015,110984,-2.92
UAE_080,2024-03,2156121,2118518,515200,543167,-1.74
UAE_080,2024-04,1380031,1386357,371164,362812,0.46
UAE_080,2024-05,2075936,2088492,269871,280532,0.6
UAE_080,2024-06,235410,251012,-31713,-30502,6.63
UAE_080,2024-07,1601183,1551571,447749,470113,-3.1
UAE_080,2024-08,1569679,1596030,227784,254989,1.68
UAE_080,2024-09,385990,358508,53311,52933,-7.12
UAE_080,2024-10,2036236,2074669,305063,274926,1.89
UAE_080,2024-11,5281254,4835258,1336926,1206834,-8.44
UAE_080,2024-12,1181307,1176018,373692,351573,-0.45
UAE_080,2025-01,208038,197622,14223,14931,-5.01
UAE_080,2025-02,1617037,1594004,253915,243189,-1.42
UAE_080,2025-03,663205,621659,102177,109843,-6.26
UAE_080,2025-04,1377360,1333687,352921,346205,-3.17
UAE_080,2025-05,4776656,4361553,981628,1092319,-8.69
UAE_080,2025-06,795736,746305,75164,78780,-6.21
UAE_080,2025-07,5064196,5610384,1424975,1254564,10.79
UAE_080,2025-08,1991003,2114961,529922,583438,6.23
UAE_080,2025-09,2964009,3020043,1066266,1025915,1.89
UAE_080,2025-10,700752,704564,120714,127040,0.54
UAE_080,2025-11,3392073,3605613,807691,808378,6.3
UAE_080,2025-12,1315480,1304205,247611,285484,-0.86
UAE_081,2023-01,812,801,-1670,-1958,-1.35
UAE_081,2023-02,751,752,-2768,-3074,0.13
UAE_081,2023-03,1103,1016,-1696,-1745,-7.89
UAE_081,2023-04,3252,2998,-3346,-3274,-7.81
UAE_081,2023-05,6921,6618,-5689,-5456,-4.38
UAE_081,2023-06,1106,1073,-4083,-3569,-2.98
UAE_081,2023-07,3004,2786,-1291,-1493,-7.26
UAE_081,2023-08,1900,1799,-2894,-2547,-5.32
UAE_081,2023-09,2414,2463,-3588,-3876,2.03
UAE_081,2023-10,2686,2884,-6158,-6232,7.37
UAE_081,2023-11,1616,1590,-5216,-4546,-1.61
UAE_081,2023-12,2249,2177,-2894,-3329,-3.2
UAE_081,2024-01,2326,2202,-5431,-4942,-5.33
UAE_081,2024-02,1151,1211,-3620,-3245,5.21
UAE_081,2024-03,1116,1232,-2169,-2420,10.39
UAE_081,2024-04,1157,1271,-5138,-5291,9.85
UAE_081,2024-05,2123,2047,-1597,-1663,-3.58
UAE_081,2024-06,2839,2939,-7718,-8105,3.52
UAE_081,2024-07,2899,3025,-1283,-1362,4.35
UAE_081,2024-08,3328,3374,-2849,-2558,1.38
UAE_081,2024-09,2065,2121,-8789,-8721,2.71
UAE_081,2024-10,4613,4769,-3427,-3256,3.38
UAE_081,2024-11,874,951,-2371,-2090,8.81
UAE_081,2024-12,2374,2418,-5050,-5072,1.85
UAE_081,2025-01,2277,2081,-1823,-1593,-8.61
UAE_081,2025-02,925,873,-6744,-5923,-5.62
UAE_081,2025-03,1437,1413,-5821,-5290,-1.67
UAE_081,2025-04,5841,6012,-4578,-5371,2.93
UAE_081,2025-05,1686,1810,-2302,-2298,7.35
UAE_081,2025-06,1266,1322,-2202,-2388,4.42
UAE_081,2025-07,1991,2205,-4093,-4290,10.75
UAE_081,2025-08,2210,2412,-3995,-3481,9.14
UAE_081,2025-09,3657,3718,-5234,-4796,1.67
UAE_081,2025-10,1364,1273,-4173,-3977,-6.67
UAE_081,2025-11,3451,3407,-3561,-3650,-1.27
UAE_081,2025-12,1100,1026,-2744,-2925,-6.73
UAE_082,2023-01,17225,17135,-6116,-5755,-0.52
UAE_082,2023-02,1816,1829,-9067,-8675,0.72
UAE_082,2023-03,1260,1349,-6752,-6926,7.06
UAE_082,2023-04,4939,4817,-7965,-8085,-2.47
UAE_082,2023-05,6645,6759,-6756,-7076,1.72
UAE_082,2023-06,17522,16635,-7486,-7525,-5.06
UAE_082,2023-07,2424,2354,-3790,-3745,-2.89
UAE_082,2023-08,5714,5535,-7027,-6271,-3.13
UAE_082,2023-09,3438,3792,-6221,-5943,10.3
UAE_082,2023-10,5180,4800,-3669,-4133,-7.34
UAE_082,2023-11,4574,4790,-11528,-11503,4.72
UAE_082,2023-12,14596,15150,-7588,-7504,3.8
UAE_082,2024-01,4252,4224,-8585,-9144,-0.66
UAE_082,2024-02,3156,2995,-6992,-6327,-5.1
UAE_082,2024-03,1595,1687,-10037,-9346,5.77
UAE_082,2024-04,3324,3657,-11396,-12562,10.02
UAE_082,2024-05,10805,10932,-9376,-8475,1.18
UAE_082,2024-06,4299,4113,-12693,-13402,-4.33
UAE_082,2024-07,4936,5461,-6472,-6570,10.64
UAE_082,2024-08,13201,13365,-7962,-6986,1.24
UAE_082,2024-09,6950,6519,-1921,-1933,-6.2
UAE_082,2024-10,4297,4181,-7942,-7781,-2.7
UAE_082,2024-11,5112,5061,-7126,-6840,-1.0
UAE_082,2024-12,4083,4249,-4159,-4039,4.07
UAE_082,2025-01,1514,1514,-1905,-2157,0.0
UAE_082,2025-02,10158,10438,-3987,-4291,2.76
UAE_082,2025-03,8564,9017,-11302,-11061,5.29
UAE_082,2025-04,19522,18390,-5103,-4705,-5.8
UAE_082,2025-05,3760,3738,-2392,-2438,-0.59
UAE_082,2025-06,10464,9692,-2440,-2378,-7.38
UAE_082,2025-07,8370,8801,-11786,-11812,5.15
UAE_082,2025-08,21135,20391,-6699,-7752,-3.52
UAE_082,2025-09,14914,13626,-8787,-8418,-8.64
UAE_082,2025-10,5228,5163,-4055,-4669,-1.24
UAE_082,2025-11,3248,3276,-5301,-5054,0.86
UAE_082,2025-12,7252,7856,-4358,-5105,8.33
UAE_083,2023-01,1687,1704,-1365,-1294,1.01
UAE_083,2023-02,2447,2338,-4709,-5454,-4.45
UAE_083,2023-03,1267,1195,-4777,-4844,-5.68
UAE_083,2023-04,2597,2552,-1356,-1230,-1.73
UAE_083,2023-05,907,917,-9199,-8196,1.1
UAE_083,2023-06,2173,2176,-2659,-2912,0.14
UAE_083,2023-07,3080,3192,-5085,-5812,3.64
UAE_083,2023-08,2523,2782,-4791,-4272,10.27
UAE_083,2023-09,2685,2447,-7436,-8188,-8.86
UAE_083,2023-10,1739,1843,-2567,-2297,5.98
UAE_083,2023-11,2584,2670,-6547,-6131,3.33
UAE_083,2023-12,1563,1556,-5096,-4561,-0.45
UAE_083,2024-01,903,839,-1322,-1459,-7.09
UAE_083,2024-02,2625,2788,-1245,-1092,6.21
UAE_083,2024-03,808,759,-5628,-5678,-6.06
UAE_083,2024-04,2212,2308,-1464,-1656,4.34
UAE_083,2024-05,1356,1238,-1782,-2018,-8.7
UAE_083,2024-06,3351,3281,-5303,-4737,-2.09
UAE_083,2024-07,1883,2011,-7005,-7476,6.8
UAE_083,2024-08,3765,3595,-4699,-5025,-4.52
UAE_083,2024-09,1474,1432,-2203,-1922,-2.85
UAE_083,2024-10,1425,1445,-2443,-2163,1.4
UAE_083,2024-11,1327,1319,-1655,-1621,-0.6
UAE_083,2024-12,2597,2768,-1457,-1383,6.58
UAE_083,2025-01,1449,1590,-1739,-1562,9.73
UAE_083,2025-02,1357,1252,-5008,-4465,-7.74
UAE_083,2025-03,1486,1500,-3301,-3268,0.94
UAE_083,2025-04,1360,1402,-7276,-7098,3.09
UAE_083,2025-05,1312,1454,-1866,-1677,10.82
UAE_083,2025-06,3051,3324,-8665,-8142,8.95
UAE_083,2025-07,3780,3993,-8553,-8224,5.63
UAE_083,2025-08,3872,4246,-3180,-3468,9.66
UAE_083,2025-09,3050,3222,-1045,-1026,5.64
UAE_083,2025-10,1336,1454,-6983,-6301,8.83
UAE_083,2025-11,1410,1303,-4889,-4666,-7.59
UAE_083,2025-12,2557,2717,-2359,-2723,6.26
UAE_084,2023-01,108308,106996,-13199,-11732,-1.21
UAE_084,2023-02,89550,97061,7794,8586,8.39
UAE_084,2023-03,82297,81678,-9441,-8937,-0.75
UAE_084,2023-04,31316,30997,-25076,-22000,-1.02
UAE_084,2023-05,345344,376115,29618,30977,8.91
UAE_084,2023-06,59034,64344,-7452,-6667,8.99
UAE_084,2023-07,107557,106354,-16926,-19438,-1.12
UAE_084,2023-08,36216,34345,-8319,-7401,-5.17
UAE_084,2023-09,49528,53485,-1546,-1808,7.99
UAE_084,2023-10,101484,102617,16695,14737,1.12
UAE_084,2023-11,195692,203803,14018,14191,4.14
UAE_084,2023-12,62429,63395,-15370,-14061,1.55
UAE_084,2024-01,73749,69107,11012,9669,-6.29
UAE_084,2024-02,141038,147799,-3993,-3650,4.79
UAE_084,2024-03,40486,37269,-7122,-7149,-7.95
UAE_084,2024-04,117033,113774,13543,15665,-2.78
UAE_084,2024-05,40284,39310,-11762,-12769,-2.42
UAE_084,2024-06,33991,32815,-751,-741,-3.46
UAE_084,2024-07,233307,215887,9,11,-7.47
UAE_084,2024-08,148406,138917,-13661,-13663,-6.39
UAE_084,2024-09,59017,54140,-12811,-11408,-8.26
UAE_084,2024-10,87299,92106,-1605,-1457,5.51
UAE_084,2024-11,224260,221544,25930,25894,-1.21
UAE_084,2024-12,87658,82775,-8667,-7880,-5.57
UAE_084,2025-01,58754,61045,-7220,-7635,3.9
UAE_084,2025-02,8067,8962,-6315,-5695,11.09
UAE_084,2025-03,66072,69487,10768,9467,5.17
UAE_084,2025-04,162682,175415,9536,10411,7.83
UAE_084,2025-05,66770,71838,-8608,-7656,7.59
UAE_084,2025-06,54689,57740,-4743,-4254,5.58
UAE_084,2025-07,83641,92770,4296,4912,10.91
UAE_084,2025-08,380095,357971,49801,47956,-5.82
UAE_084,2025-09,9153,8387,-10040,-11781,-8.37
UAE_084,2025-10,139585,143297,-6119,-6001,2.66
UAE_084,2025-11,59528,54263,-2809,-2839,-8.84
UAE_084,2025-12,91088,96648,12024,12531,6.1
UAE_085,2023-01,725976,747926,106869,100981,3.02
UAE_085,2023-02,3618122,3314933,728714,779007,-8.38
UAE_085,2023-03,789269,813724,262559,260617,3.1
UAE_085,2023-04,1483790,1614293,273114,287904,8.8
UAE_085,2023-05,1215130,1265694,188399,201653,4.16
UAE_085,2023-06,2585977,2627015,382543,442009,1.59
UAE_085,2023-07,2059732,2170605,636765,599687,5.38
UAE_085,2023-08,2207694,2237246,337870,311444,1.34
UAE_085,2023-09,585349,540589,18319,18165,-7.65
UAE_085,2023-10,457623,436839,40313,46663,-4.54
UAE_085,2023-11,807702,796050,23518,23534,-1.44
UAE_085,2023-12,1428417,1405318,217632,255780,-1.62
UAE_085,2024-01,1192437,1121707,165351,160842,-5.93
UAE_085,2024-02,1509430,1566831,419452,473504,3.8
UAE_085,2024-03,1299474,1357992,286512,296755,4.5
UAE_085,2024-04,900725,872712,160402,176296,-3.11
UAE_085,2024-05,2072086,2298802,517811,562692,10.94
UAE_085,2024-06,3211699,2935432,661408,610484,-8.6
UAE_085,2024-07,3906303,3687414,1076676,1241072,-5.6
UAE_085,2024-08,3750426,4112300,1113316,1214307,9.65
UAE_085,2024-09,2624884,2564938,830042,733189,-2.28
UAE_085,2024-10,1015580,988959,173870,189831,-2.62
UAE_085,2024-11,760003,747807,155601,144309,-1.6
UAE_085,2024-12,407094,400821,74215,67506,-1.54
UAE_085,2025-01,1944555,1795653,401098,403288,-7.66
UAE_085,2025-02,738575,682350,109390,97025,-7.61
UAE_085,2025-03,2672410,2846733,447154,417497,6.52
UAE_085,2025-04,2071130,2115350,489720,549862,2.14
UAE_085,2025-05,866529,840843,183215,163788,-2.96
UAE_085,2025-06,1368054,1353978,117388,135590,-1.03
UAE_085,2025-07,2279557,2087901,140375,160281,-8.41
UAE_085,2025-08,1134171,1107857,296198,330482,-2.32
UAE_085,2025-09,1384622,1469121,215933,221012,6.1
UAE_085,2025-10,829660,853819,182492,166033,2.91
UAE_085,2025-11,838753,807281,139705,134001,-3.75
UAE_085,2025-12,828345,916351,119020,122091,10.62
UAE_086,2023-01,2205,2006,-2503,-2941,-9.02
UAE_086,2023-02,1410,1500,-6277,-6341,6.38
UAE_086,2023-03,756,731,-3523,-3186,-3.31
UAE_086,2023-04,2261,2137,-4926,-4973,-5.48
UAE_086,2023-05,2625,2872,-2228,-1978,9.41
UAE_086,2023-06,2259,2417,-3574,-3861,6.99
UAE_086,2023-07,3125,2872,-2009,-2003,-8.1
UAE_086,2023-08,1689,1872,-2270,-2000,10.83
UAE_086,2023-09,3546,3256,-3006,-3280,-8.18
UAE_086,2023-10,2583,2370,-7555,-6795,-8.25
UAE_086,2023-11,1904,2090,-1876,-1888,9.77
UAE_086,2023-12,1081,1171,-4303,-4376,8.33
UAE_086,2024-01,1544,1679,-4711,-4773,8.74
UAE_086,2024-02,2362,2540,-6260,-6136,7.54
UAE_086,2024-03,1941,2003,-3908,-4391,3.19
UAE_086,2024-04,2914,3084,-4694,-4847,5.83
UAE_086,2024-05,2348,2547,-4379,-4620,8.48
UAE_086,2024-06,3017,2947,-7936,-6976,-2.32
UAE_086,2024-07,2088,2266,-2445,-2178,8.52
UAE_086,2024-08,1390,1321,-3150,-3593,-4.96
UAE_086,2024-09,3916,3777,-4039,-4465,-3.55
UAE_086,2024-10,895,914,-4145,-4118,2.12
UAE_086,2024-11,2087,2160,-3139,-3037,3.5
UAE_086,2024-12,982,937,-2121,-2014,-4.58
UAE_086,2025-01,1030,1071,-4013,-3907,3.98
UAE_086,2025-02,2628,2533,-2056,-2227,-3.61
UAE_086,2025-03,2398,2564,-1140,-1305,6.92
UAE_086,2025-04,1287,1242,-1771,-2019,-3.5
UAE_086,2025-05,3417,3120,-2707,-2550,-8.69
UAE_086,2025-06,3988,3702,-2983,-2648,-7.17
UAE_086,2025-07,1701,1552,-2251,-2110,-8.76
UAE_086,2025-08,3541,3617,-3647,-3588,2.15
UAE_086,2025-09,3900,3997,-1117,-1213,2.49
UAE_086,2025-10,3337,3598,-1418,-1527,7.82
UAE_086,2025-11,2295,2482,-5400,-5178,8.15
UAE_086,2025-12,1599,1481,-5231,-5858,-7.38
UAE_087,2023-01,1232,1344,-5602,-6393,9.09
UAE_087,2023-02,1957,1786,-3647,-3199,-8.74
UAE_087,2023-03,1748,1912,-5679,-5479,9.38
UAE_087,2023-04,1446,1428,-5436,-5127,-1.24
UAE_087,2023-05,4858,4639,-6455,-6007,-4.51
UAE_087,2023-06,3057,2968,-5177,-4590,-2.91
UAE_087,2023-07,2653,2626,-4988,-4614,-1.02
UAE_087,2023-08,1892,1956,-2343,-2315,3.38
UAE_087,2023-09,1347,1333,-6182,-6985,-1.04
UAE_087,2023-10,1338,1445,-4191,-4808,8.0
UAE_087,2023-11,1926,1935,-3079,-2798,0.47
UAE_087,2023-12,1297,1199,-984,-1026,-7.56
UAE_087,2024-01,2062,1970,-4699,-5298,-4.46
UAE_087,2024-02,1779,1860,-3487,-3685,4.55
UAE_087,2024-03,2308,2302,-3003,-2909,-0.26
UAE_087,2024-04,2764,2532,-5746,-5785,-8.39
UAE_087,2024-05,2453,2396,-3318,-3237,-2.32
UAE_087,2024-06,1825,1810,-7239,-7082,-0.82
UAE_087,2024-07,1515,1387,-2905,-3180,-8.45
UAE_087,2024-08,7535,7572,-6476,-7182,0.49
UAE_087,2024-09,1490,1388,-3262,-3172,-6.85
UAE_087,2024-10,2952,3165,-2901,-3159,7.22
UAE_087,2024-11,2778,2811,-1714,-1555,1.19
UAE_087,2024-12,2837,2891,-3014,-2774,1.9
UAE_087,2025-01,1322,1340,-4825,-4526,1.36
UAE_087,2025-02,3073,3017,-2795,-2752,-1.82
UAE_087,2025-03,1007,971,-2945,-2729,-3.57
UAE_087,2025-04,1909,1939,-3676,-3315,1.57
UAE_087,2025-05,1384,1440,-5563,-6273,4.05
UAE_087,2025-06,3824,3619,-7385,-6992,-5.36
UAE_087,2025-07,1268,1317,-3673,-3352,3.86
UAE_087,2025-08,1990,2126,-5290,-4990,6.83
UAE_087,2025-09,2528,2731,-2648,-2787,8.03
UAE_087,2025-10,2222,2130,-6125,-6315,-4.14
UAE_087,2025-11,2354,2367,-860,-858,0.55
UAE_087,2025-12,1109,1068,-2679,-2857,-3.7
UAE_088,2023-01,312748,320681,10326,9310,2.54
UAE_088,2023-02,4086109,4257429,916256,916090,4.19
UAE_088,2023-03,3244797,3161851,674365,669202,-2.56
UAE_088,2023-04,1326551,1401246,229995,243464,5.63
UAE_088,2023-05,2401939,2451439,587743,527312,2.06
UAE_088,2023-06,644580,617795,71979,82829,-4.16
UAE_088,2023-07,1629184,1528280,187401,202774,-6.19
UAE_088,2023-08,2775240,2818053,459078,399396,1.54
UAE_088,2023-09,2159214,2300437,440625,439210,6.54
UAE_088,2023-10,779128,839909,78759,83268,7.8
UAE_088,2023-11,390594,393945,920,1072,0.86
UAE_088,2023-12,9475018,8673796,2592830,2897738,-8.46
UAE_088,2024-01,620895,630135,106717,97362,1.49
UAE_088,2024-02,3536526,3922045,642191,605112,10.9
UAE_088,2024-03,1939240,2090487,426777,377166,7.8
UAE_088,2024-04,1959626,1804730,207932,201988,-7.9
UAE_088,2024-05,1255991,1270764,179552,197017,1.18
UAE_088,2024-06,6583401,6438642,1942577,1825649,-2.2
UAE_088,2024-07,3831362,3754109,1000936,1101377,-2.02
UAE_088,2024-08,2496171,2432258,408020,393283,-2.56
UAE_088,2024-09,1341252,1468930,309729,269580,9.52
UAE_088,2024-10,5554407,5423707,1290146,1241123,-2.35
UAE_088,2024-11,2962606,2732128,872848,792599,-7.78
UAE_088,2024-12,3701420,3549173,588515,556764,-4.11
UAE_088,2025-01,4738411,4631637,999151,1113663,-2.25
UAE_088,2025-02,2235802,2110599,268993,272335,-5.6
UAE_088,2025-03,4780631,5137471,1599229,1538259,7.46
UAE_088,2025-04,1272738,1244313,132366,154537,-2.23
UAE_088,2025-05,4417378,4530121,1156289,1132566,2.55
UAE_088,2025-06,7254312,7448612,1571404,1483854,2.68
UAE_088,2025-07,6231271,6544002,1474700,1724477,5.02
UAE_088,2025-08,1895710,1840162,152770,175926,-2.93
UAE_088,2025-09,4660798,5040099,958419,942129,8.14
UAE_088,2025-10,2501166,2553401,691957,644396,2.09
UAE_088,2025-11,1391118,1310446,320411,376034,-5.8
UAE_088,2025-12,3047226,2787653,724414,775901,-8.52
UAE_089,2023-01,995,1014,-6109,-5695,1.91
UAE_089,2023-02,2071,1972,-2357,-2697,-4.78
UAE_089,2023-03,1575,1732,-3588,-3125,9.97
UAE_089,2023-04,3397,3503,-3947,-3532,3.12
UAE_089,2023-05,2530,2524,-7524,-7674,-0.24
UAE_089,2023-06,4014,4225,-2234,-2213,5.26
UAE_089,2023-07,3960,4241,-2606,-2604,7.1
UAE_089,2023-08,3945,4351,-3256,-3327,10.29
UAE_089,2023-09,3879,4040,-9420,-8623,4.15
UAE_089,2023-10,2761,2677,-9103,-8189,-3.04
UAE_089,2023-11,2264,2101,-8096,-7720,-7.2
UAE_089,2023-12,3094,3036,-1683,-1567,-1.87
UAE_089,2024-01,1968,1797,-1698,-1648,-8.69
UAE_089,2024-02,1175,1126,-4945,-5275,-4.17
UAE_089,2024-03,963,916,-6215,-6019,-4.88
UAE_089,2024-04,1426,1364,-2469,-2842,-4.35
UAE_089,2024-05,3253,3250,-4480,-5036,-0.09
UAE_089,2024-06,4546,4157,-1545,-1634,-8.56
UAE_089,2024-07,3052,3016,-6784,-7849,-1.18
UAE_089,2024-08,1464,1412,-4111,-4702,-3.55
UAE_089,2024-09,3675,3949,-3069,-3316,7.46
UAE_089,2024-10,2471,2582,-1721,-1691,4.49
UAE_089,2024-11,3407,3619,-2247,-2055,6.22
UAE_089,2024-12,1273,1304,-3899,-3710,2.44
UAE_089,2025-01,1997,2187,-7802,-7180,9.51
UAE_089,2025-02,3033,2988,-4925,-5029,-1.48
UAE_089,2025-03,1411,1442,-8117,-7535,2.2
UAE_089,2025-04,1764,1652,-10076,-9198,-6.35
UAE_089,2025-05,3059,3002,-8252,-7179,-1.86
UAE_089,2025-06,2808,2917,-9195,-10621,3.88
UAE_089,2025-07,5181,4964,-10343,-9334,-4.19
UAE_089,2025-08,4583,4981,-6080,-6535,8.68
UAE_089,2025-09,1702,1860,-9360,-8844,9.28
UAE_089,2025-10,3268,3487,-2891,-2788,6.7
UAE_089,2025-11,3050,3345,-2912,-2793,9.67
UAE_089,2025-12,2403,2510,-4228,-4418,4.45
UAE_090,2023-01,12967,12405,-6807,-6276,-4.33
UAE_090,2023-02,7474,7003,-5930,-5472,-6.3
UAE_090,2023-03,64309,70933,-15780,-14573,10.3
UAE_090,2023-04,19647,20332,-10271,-10238,3.49
UAE_090,2023-05,126105,121252,-11250,-12183,-3.85
UAE_090,2023-06,38263,41119,-5756,-5750,7.46
UAE_090,2023-07,25998,26681,-9803,-11473,2.63
UAE_090,2023-08,207702,189323,30450,28830,-8.85
UAE_090,2023-09,20184,22411,-9385,-8175,11.03
UAE_090,2023-10,83270,84707,-432,-468,1.73
UAE_090,2023-11,18736,20055,-19118,-18925,7.04
UAE_090,2023-12,8283,8300,-4565,-4134,0.21
UAE_090,2024-01,4526,4253,-11710,-12677,-6.03
UAE_090,2024-02,69938,73815,-2785,-2548,5.54
UAE_090,2024-03,47286,45910,-11328,-12818,-2.91
UAE_090,2024-04,14901,15315,-5339,-5080,2.78
UAE_090,2024-05,59902,64531,-26795,-23389,7.73
UAE_090,2024-06,53982,55752,-15810,-18568,3.28
UAE_090,2024-07,19220,17487,-11186,-11401,-9.02
UAE_090,2024-08,46070,44422,-27568,-26983,-3.58
UAE_090,2024-09,41192,40877,329,325,-0.76
UAE_090,2024-10,88725,83611,-15761,-15864,-5.76
UAE_090,2024-11,67029,69598,-3359,-3348,3.83
UAE_090,2024-12,24324,26944,-13476,-13381,10.77
UAE_090,2025-01,19105,18156,-13094,-12605,-4.97
UAE_090,2025-02,86729,92772,8490,8583,6.97
UAE_090,2025-03,141303,144283,17844,20027,2.11
UAE_090,2025-04,46737,45974,-11891,-10551,-1.63
UAE_090,2025-05,50694,49255,-22717,-24914,-2.84
UAE_090,2025-06,29638,29356,-23792,-24089,-0.95
UAE_090,2025-07,48734,44945,-698,-637,-7.77
UAE_090,2025-08,115716,108885,9671,8621,-5.9
UAE_090,2025-09,19695,20693,-4314,-4405,5.07
UAE_090,2025-10,70402,71685,-13300,-11978,1.82
UAE_090,2025-11,15475,15768,-6712,-7633,1.89
UAE_090,2025-12,37065,35803,-17217,-16331,-3.4
UAE_091,2023-01,68176,71470,-13832,-12513,4.83
UAE_091,2023-02,5586,5932,-11577,-13134,6.19
UAE_091,2023-03,32536,32607,-5335,-4803,0.22
UAE_091,2023-04,47184,44631,-20053,-19598,-5.41
UAE_091,2023-05,25772,27421,-8885,-8120,6.4
UAE_091,2023-06,41354,44940,-9396,-8479,8.67
UAE_091,2023-07,7386,7635,-6983,-8151,3.37
UAE_091,2023-08,66142,70694,6824,6716,6.88
UAE_091,2023-09,16771,18575,-15894,-14013,10.76
UAE_091,2023-10,21050,20426,-15586,-15980,-2.96
UAE_091,2023-11,4071,4002,-4247,-4257,-1.69
UAE_091,2023-12,38998,35752,2947,2677,-8.32
UAE_091,2024-01,16041,15852,-11766,-11875,-1.18
UAE_091,2024-02,12175,12662,-10593,-10785,4.0
UAE_091,2024-03,40725,40468,-5071,-4418,-0.63
UAE_091,2024-04,21618,22549,-1724,-1743,4.31
UAE_091,2024-05,137169,132144,5972,6020,-3.66
UAE_091,2024-06,105450,114264,4012,4373,8.36
UAE_091,2024-07,26842,24800,-13291,-14110,-7.61
UAE_091,2024-08,31417,33162,-9980,-9564,5.55
UAE_091,2024-09,46764,42878,2424,2428,-8.31
UAE_091,2024-10,57308,53798,-7958,-7533,-6.12
UAE_091,2024-11,65191,66431,-189,-199,1.9
UAE_091,2024-12,17238,17509,-16483,-15728,1.57
UAE_091,2025-01,41242,45349,-2330,-2702,9.96
UAE_091,2025-02,22187,22656,-7734,-8989,2.11
UAE_091,2025-03,29203,28038,395,449,-3.99
UAE_091,2025-04,26494,26116,-8460,-9441,-1.43
UAE_091,2025-05,97901,102883,3297,2940,5.09
UAE_091,2025-06,32961,34321,1024,1103,4.13
UAE_091,2025-07,28247,26398,-4851,-4910,-6.55
UAE_091,2025-08,20381,22628,-21904,-19378,11.02
UAE_091,2025-09,173680,162346,5173,5179,-6.53
UAE_091,2025-10,32538,34473,-3931,-3675,5.95
UAE_091,2025-11,29546,30240,-13292,-12830,2.35
UAE_091,2025-12,52474,48660,-10533,-10381,-7.27
UAE_092,2023-01,30459,30352,-6982,-7243,-0.35
UAE_092,2023-02,14030,13975,-11125,-11316,-0.39
UAE_092,2023-03,36587,35338,-26538,-28204,-3.41
UAE_092,2023-04,44667,48542,-2610,-2675,8.68
UAE_092,2023-05,95616,102604,-12917,-11791,7.31
UAE_092,2023-06,51205,48898,-4004,-4263,-4.51
UAE_092,2023-07,26693,26148,-35081,-32499,-2.04
UAE_092,2023-08,65924,68414,-7592,-7333,3.78
UAE_092,2023-09,83531,82089,-27420,-26381,-1.73
UAE_092,2023-10,70429,72240,-20138,-22199,2.57
UAE_092,2023-11,220327,232937,13877,16005,5.72
UAE_092,2023-12,125903,130045,-2542,-2318,3.29
UAE_092,2024-01,29519,32632,-13031,-13991,10.55
UAE_092,2024-02,44568,44843,-8127,-7928,0.62
UAE_092,2024-03,14752,13421,-6003,-5860,-9.02
UAE_092,2024-04,6457,6868,-7206,-7970,6.37
UAE_092,2024-05,20121,21444,-18880,-18287,6.58
UAE_092,2024-06,101502,98263,-4189,-3892,-3.19
UAE_092,2024-07,368104,338684,21717,21426,-7.99
UAE_092,2024-08,62150,62852,-14705,-13323,1.13
UAE_092,2024-09,118989,114864,12812,11195,-3.47
UAE_092,2024-10,19642,18513,-14894,-14660,-5.75
UAE_092,2024-11,79986,87476,6952,7294,9.36
UAE_092,2024-12,64755,60687,-2573,-2258,-6.28
UAE_092,2025-01,15454,14745,-12197,-11403,-4.59
UAE_092,2025-02,59646,62804,-11554,-11620,5.29
UAE_092,2025-03,53895,50679,142,146,-5.97
UAE_092,2025-04,41860,41116,-32723,-33434,-1.78
UAE_092,2025-05,115856,111387,-8092,-8938,-3.86
UAE_092,2025-06,263457,264542,12880,14898,0.41
UAE_092,2025-07,219626,203418,-8785,-9298,-7.38
UAE_092,2025-08,46317,47020,-7922,-8805,1.52
UAE_092,2025-09,258873,241646,50961,46108,-6.65
UAE_092,2025-10,82771,90384,-6006,-5471,9.2
UAE_092,2025-11,76105,72342,-4460,-4955,-4.94
UAE_092,2025-12,46311,42666,-15999,-14537,-7.87
UAE_093,2023-01,683,734,-6312,-6135,7.47
UAE_093,2023-02,1846,1787,-5462,-5432,-3.2
UAE_093,2023-03,1440,1398,-4658,-4081,-2.92
UAE_093,2023-04,1711,1687,-5266,-5836,-1.4
UAE_093,2023-05,1514,1377,-6404,-5606,-9.05
UAE_093,2023-06,3867,3892,-6814,-6411,0.65
UAE_093,2023-07,1310,1375,-7535,-7305,4.96
UAE_093,2023-08,3024,3021,-3944,-4062,-0.1
UAE_093,2023-09,1862,1837,-5530,-5164,-1.34
UAE_093,2023-10,1747,1757,-6372,-6613,0.57
UAE_093,2023-11,2197,2239,-3407,-3992,1.91
UAE_093,2023-12,966,1036,-1385,-1389,7.25
UAE_093,2024-01,2119,2312,-5391,-5613,9.11
UAE_093,2024-02,933,983,-3028,-2653,5.36
UAE_093,2024-03,783,865,-3474,-3556,10.47
UAE_093,2024-04,5492,5947,-6094,-6646,8.28
UAE_093,2024-05,3720,3429,-5174,-4786,-7.82
UAE_093,2024-06,1578,1625,-3180,-2786,2.98
UAE_093,2024-07,6855,7518,-6566,-6497,9.67
UAE_093,2024-08,3275,3451,-7236,-7516,5.37
UAE_093,2024-09,3097,2831,-5302,-5835,-8.59
UAE_093,2024-10,2003,1867,-3160,-3702,-6.79
UAE_093,2024-11,1468,1473,-2125,-2135,0.34
UAE_093,2024-12,777,778,-1417,-1665,0.13
UAE_093,2025-01,1097,1110,-4605,-4929,1.19
UAE_093,2025-02,2934,2991,-838,-931,1.94
UAE_093,2025-03,1037,1071,-2395,-2588,3.28
UAE_093,2025-04,3212,3458,-4600,-4797,7.66
UAE_093,2025-05,2117,1941,-6867,-7083,-8.31
UAE_093,2025-06,4246,4067,-1500,-1693,-4.22
UAE_093,2025-07,5032,5442,-5314,-5605,8.15
UAE_093,2025-08,2996,3326,-4406,-4147,11.01
UAE_093,2025-09,3659,4038,-2495,-2724,10.36
UAE_093,2025-10,1954,1968,-2543,-2242,0.72
UAE_093,2025-11,1143,1137,-2169,-2309,-0.52
UAE_093,2025-12,3078,3234,-6080,-5606,5.07
UAE_094,2023-01,3047,3092,-7274,-8174,1.48
UAE_094,2023-02,2353,2513,-2412,-2825,6.8
UAE_094,2023-03,1445,1337,-6285,-7029,-7.47
UAE_094,2023-04,1792,1633,-2357,-2575,-8.87
UAE_094,2023-05,7545,8186,-7435,-7260,8.5
UAE_094,2023-06,5780,6410,-6021,-5288,10.9
UAE_094,2023-07,9022,8237,-9617,-9771,-8.7
UAE_094,2023-08,11269,11265,-3140,-3156,-0.04
UAE_094,2023-09,7571,7800,-5370,-5886,3.02
UAE_094,2023-10,2519,2746,-4959,-4700,9.01
UAE_094,2023-11,2114,2341,-4054,-4126,10.74
UAE_094,2023-12,6695,6313,-9207,-8445,-5.71
UAE_094,2024-01,1140,1249,-2395,-2130,9.56
UAE_094,2024-02,8834,8334,-9267,-10185,-5.66
UAE_094,2024-03,1194,1278,-2538,-2830,7.04
UAE_094,2024-04,6057,6133,-8225,-9103,1.25
UAE_094,2024-05,7324,6791,-9582,-10961,-7.28
UAE_094,2024-06,5025,4711,-2966,-2760,-6.25
UAE_094,2024-07,13710,15143,-9676,-9298,10.45
UAE_094,2024-08,10069,10040,-5489,-5395,-0.29
UAE_094,2024-09,2992,3172,-9284,-8395,6.02
UAE_094,2024-10,2891,2984,-3556,-3634,3.22
UAE_094,2024-11,4394,4709,-3789,-3825,7.17
UAE_094,2024-12,4148,3879,-8027,-8152,-6.49
UAE_094,2025-01,1604,1656,-4862,-4549,3.24
UAE_094,2025-02,4517,4401,-1396,-1220,-2.57
UAE_094,2025-03,1238,1366,-2681,-2978,10.34
UAE_094,2025-04,17258,15813,-8186,-7453,-8.37
UAE_094,2025-05,4280,4060,-9271,-10749,-5.14
UAE_094,2025-06,6770,6339,-6580,-7470,-6.37
UAE_094,2025-07,32255,32241,-4168,-4222,-0.04
UAE_094,2025-08,21156,21313,-5139,-5018,0.74
UAE_094,2025-09,7268,6760,-9795,-8981,-6.99
UAE_094,2025-10,5460,4975,-7013,-8132,-8.88
UAE_094,2025-11,15222,14932,-7156,-7085,-1.91
UAE_094,2025-12,6730,6798,-7883,-7140,1.01
UAE_095,2023-01,2066,1969,-5563,-5467,-4.7
UAE_095,2023-02,4506,4169,-4347,-4425,-7.48
UAE_095,2023-03,37689,41375,-4931,-5652,9.78
UAE_095,2023-04,57513,53669,-6464,-5965,-6.68
UAE_095,2023-05,2886,2755,-6604,-6494,-4.54
UAE_095,2023-06,14984,15955,5,6,6.48
UAE_095,2023-07,27513,30422,-11029,-9993,10.57
UAE_095,2023-08,12352,13293,-10857,-12211,7.62
UAE_095,2023-09,6358,6816,-6781,-6889,7.2
UAE_095,2023-10,4431,4919,-8206,-7248,11.01
UAE_095,2023-11,6612,6243,-4088,-3590,-5.58
UAE_095,2023-12,19053,20486,-9173,-10244,7.52
UAE_095,2024-01,9601,9412,-15395,-14796,-1.97
UAE_095,2024-02,4249,3997,-3371,-3601,-5.93
UAE_095,2024-03,5292,5493,-4342,-4130,3.8
UAE_095,2024-04,45476,49816,4823,4749,9.54
UAE_095,2024-05,6434,5873,-5132,-4562,-8.72
UAE_095,2024-06,7801,8000,-4833,-4420,2.55
UAE_095,2024-07,36386,33251,-9238,-9820,-8.62
UAE_095,2024-08,37394,38643,1428,1640,3.34
UAE_095,2024-09,4892,5389,-13023,-13461,10.16
UAE_095,2024-10,7558,8211,-15791,-14441,8.64
UAE_095,2024-11,7662,7642,-4710,-4690,-0.26
UAE_095,2024-12,12173,11914,-15000,-15825,-2.13
UAE_095,2025-01,4615,4969,-3713,-4307,7.67
UAE_095,2025-02,17219,17235,-12272,-11457,0.09
UAE_095,2025-03,19098,18232,-4988,-5363,-4.53
UAE_095,2025-04,13031,11882,-12438,-14462,-8.82
UAE_095,2025-05,6725,6484,-13935,-16123,-3.58
UAE_095,2025-06,46630,44393,-10265,-10997,-4.8
UAE_095,2025-07,5332,5186,-6618,-7519,-2.74
UAE_095,2025-08,74521,76225,-3573,-4123,2.29
UAE_095,2025-09,14639,14918,-3853,-4205,1.91
UAE_095,2025-10,6235,6362,-3837,-3937,2.04
UAE_095,2025-11,10292,10182,-8870,-10041,-1.07
UAE_095,2025-12,6065,5624,-12443,-12344,-7.27
UAE_096,2023-01,1853,1914,-4497,-4369,3.29
UAE_096,2023-02,2300,2146,-5316,-5629,-6.7
UAE_096,2023-03,2327,2543,-4893,-5144,9.28
UAE_096,2023-04,1094,1048,-7327,-7657,-4.2
UAE_096,2023-05,1701,1676,-5223,-5685,-1.47
UAE_096,2023-06,2555,2775,-5690,-5078,8.61
UAE_096,2023-07,2950,2832,-6480,-6735,-4.0
UAE_096,2023-08,2281,2380,-5287,-6194,4.34
UAE_096,2023-09,1237,1286,-5418,-4870,3.96
UAE_096,2023-10,2612,2828,-1638,-1617,8.27
UAE_096,2023-11,1809,1891,-5142,-5095,4.53
UAE_096,2023-12,904,964,-1219,-1270,6.64
UAE_096,2024-01,1574,1552,-3600,-4096,-1.4
UAE_096,2024-02,912,944,-3637,-3354,3.51
UAE_096,2024-03,780,800,-1588,-1676,2.56
UAE_096,2024-04,1760,1624,-1566,-1503,-7.73
UAE_096,2024-05,4864,5174,-5375,-5075,6.37
UAE_096,2024-06,4133,3777,-3222,-3111,-8.61
UAE_096,2024-07,4111,3906,-3709,-3526,-4.99
UAE_096,2024-08,2686,2625,-4217,-4560,-2.27
UAE_096,2024-09,1896,1772,-6228,-5890,-6.54
UAE_096,2024-10,3528,3313,-6110,-5379,-6.09
UAE_096,2024-11,852,836,-2555,-2792,-1.88
UAE_096,2024-12,839,797,-4255,-4959,-5.01
UAE_096,2025-01,1265,1292,-3101,-3035,2.13
UAE_096,2025-02,900,838,-4183,-3678,-6.89
UAE_096,2025-03,1793,1635,-4281,-3882,-8.81
UAE_096,2025-04,1749,1763,-3439,-3073,0.8
UAE_096,2025-05,3481,3794,-3920,-3842,8.99
UAE_096,2025-06,2828,2708,-2751,-2958,-4.24
UAE_096,2025-07,2877,2645,-8491,-8577,-8.06
UAE_096,2025-08,3621,3348,-8896,-8084,-7.54
UAE_096,2025-09,4349,4021,-1026,-1203,-7.54
UAE_096,2025-10,3273,3215,-5038,-5639,-1.77
UAE_096,2025-11,3346,3357,-4743,-4177,0.33
UAE_096,2025-12,2909,3143,-634,-693,8.04
UAE_097,2023-01,672,626,-2958,-2598,-6.85
UAE_097,2023-02,2654,2448,-3099,-2776,-7.76
UAE_097,2023-03,2843,2592,-4707,-4617,-8.83
UAE_097,2023-04,2672,2554,-5375,-5610,-4.42
UAE_097,2023-05,2107,2334,-6120,-6885,10.77
UAE_097,2023-06,2496,2680,-1692,-1946,7.37
UAE_097,2023-07,3683,3368,-1542,-1446,-8.55
UAE_097,2023-08,3142,3332,-1217,-1392,6.05
UAE_097,2023-09,2937,2735,-3629,-4028,-6.88
UAE_097,2023-10,2003,1856,-7396,-7192,-7.34
UAE_097,2023-11,3066,2946,-1201,-1268,-3.91
UAE_097,2023-12,2369,2241,-5461,-4952,-5.4
UAE_097,2024-01,1150,1046,-2964,-2717,-9.04
UAE_097,2024-02,2149,1980,-1392,-1621,-7.86
UAE_097,2024-03,1697,1808,-3201,-3502,6.54
UAE_097,2024-04,1243,1149,-6895,-7937,-7.56
UAE_097,2024-05,3637,3508,-4802,-4418,-3.55
UAE_097,2024-06,3321,3518,-8007,-7510,5.93
UAE_097,2024-07,1192,1314,-6917,-6928,10.23
UAE_097,2024-08,15128,14790,-3212,-3281,-2.23
UAE_097,2024-09,2461,2344,-6642,-6233,-4.75
UAE_097,2024-10,1021,1000,-5445,-4930,-2.06
UAE_097,2024-11,2541,2493,-3116,-3116,-1.89
UAE_097,2024-12,1593,1464,-3980,-4014,-8.1
UAE_097,2025-01,2746,2741,-4022,-3566,-0.18
UAE_097,2025-02,3096,2879,-1897,-1656,-7.01
UAE_097,2025-03,1882,1809,-2711,-2523,-3.88
UAE_097,2025-04,1631,1581,-2804,-2916,-3.07
UAE_097,2025-05,2446,2603,-4886,-4434,6.42
UAE_097,2025-06,1977,1996,-8513,-7814,0.96
UAE_097,2025-07,3863,3618,-8042,-8459,-6.34
UAE_097,2025-08,3033,2899,-4096,-3662,-4.42
UAE_097,2025-09,1364,1485,-2516,-2571,8.87
UAE_097,2025-10,2303,2182,-4741,-5336,-5.25
UAE_097,2025-11,2197,2321,-4291,-4388,5.64
UAE_097,2025-12,2129,2113,-3957,-4157,-0.75
UAE_098,2023-01,2033,2114,-1992,-1817,3.98
UAE_098,2023-02,1977,1931,-3352,-3682,-2.33
UAE_098,2023-03,1185,1287,-3407,-3854,8.61
UAE_098,2023-04,1748,1689,-5534,-6093,-3.38
UAE_098,2023-05,1954,1789,-6432,-6334,-8.44
UAE_098,2023-06,2845,3037,-5349,-4774,6.75
UAE_098,2023-07,3173,3439,-2738,-2738,8.38
UAE_098,2023-08,2636,2570,-5751,-5572,-2.5
UAE_098,2023-09,2841,3101,-5030,-4615,9.15
UAE_098,2023-10,914,983,-3497,-3901,7.55
UAE_098,2023-11,3146,2938,-1529,-1543,-6.61
UAE_098,2023-12,1787,1812,-2865,-3111,1.4
UAE_098,2024-01,737,681,-4242,-3729,-7.6
UAE_098,2024-02,2100,2007,-4133,-4112,-4.43
UAE_098,2024-03,1852,1777,-4550,-5217,-4.05
UAE_098,2024-04,4670,5047,-6465,-5678,8.07
UAE_098,2024-05,2280,2225,-5329,-5113,-2.41
UAE_098,2024-06,1971,2163,-4314,-3811,9.74
UAE_098,2024-07,3982,3701,-6053,-5731,-7.06
UAE_098,2024-08,7369,6883,-7340,-8182,-6.6
UAE_098,2024-09,14414,14510,-4255,-3958,0.67
UAE_098,2024-10,3310,3075,-6269,-6343,-7.1
UAE_098,2024-11,2516,2784,-5108,-4655,10.65
UAE_098,2024-12,5524,5613,-4530,-4437,1.61
UAE_098,2025-01,1619,1748,-1603,-1779,7.97
UAE_098,2025-02,1307,1212,-1549,-1460,-7.27
UAE_098,2025-03,1161,1123,-4895,-4612,-3.27
UAE_098,2025-04,968,916,-5613,-5198,-5.37
UAE_098,2025-05,3427,3188,-4005,-3966,-6.97
UAE_098,2025-06,4108,3819,-2050,-1921,-7.04
UAE_098,2025-07,1844,1767,-7367,-8489,-4.18
UAE_098,2025-08,1400,1435,-4370,-4709,2.5
UAE_098,2025-09,6842,6973,-4967,-5076,1.91
UAE_098,2025-10,3305,3174,-3686,-3236,-3.96
UAE_098,2025-11,2353,2551,-2067,-1968,8.41
UAE_098,2025-12,1148,1061,-3927,-3545,-7.58
UAE_099,2023-01,3536,3638,-4309,-4253,2.88
UAE_099,2023-02,2733,2678,-4681,-4637,-2.01
UAE_099,2023-03,6741,6704,-10060,-9278,-0.55
UAE_099,2023-04,4989,5305,-11104,-11423,6.33
UAE_099,2023-05,5303,5369,-7293,-6555,1.24
UAE_099,2023-06,2458,2328,-9030,-8620,-5.29
UAE_099,2023-07,1992,1819,-7048,-7634,-8.68
UAE_099,2023-08,3539,3256,-5036,-4920,-8.0
UAE_099,2023-09,5650,5367,-4780,-5599,-5.01
UAE_099,2023-10,5078,5018,-1887,-1686,-1.18
UAE_099,2023-11,7534,6947,-6665,-5989,-7.79
UAE_099,2023-12,2358,2253,-6427,-6458,-4.45
UAE_099,2024-01,3481,3394,-1712,-1777,-2.5
UAE_099,2024-02,1557,1435,-4129,-4030,-7.84
UAE_099,2024-03,6484,6510,-7266,-7962,0.4
UAE_099,2024-04,4432,4457,-10856,-9486,0.56
UAE_099,2024-05,11023,10858,-11060,-10721,-1.5
UAE_099,2024-06,12440,12546,-5567,-5396,0.85
UAE_099,2024-07,13081,13305,-11129,-12526,1.71
UAE_099,2024-08,5548,5916,-8240,-7339,6.63
UAE_099,2024-09,3080,2904,-5582,-5077,-5.71
UAE_099,2024-10,2449,2464,-2614,-3006,0.61
UAE_099,2024-11,7120,7340,-7436,-6723,3.09
UAE_099,2024-12,3930,3920,-6183,-6624,-0.25
UAE_099,2025-01,1685,1596,-4277,-3932,-5.28
UAE_099,2025-02,3087,2909,-5427,-4994,-5.77
UAE_099,2025-03,15928,16365,-5544,-5909,2.74
UAE_099,2025-04,3937,4277,-5969,-6951,8.64
UAE_099,2025-05,4175,4445,-8510,-8710,6.47
UAE_099,2025-06,2998,2791,-3373,-3438,-6.9
UAE_099,2025-07,6002,5605,-3035,-3219,-6.61
UAE_099,2025-08,3381,3305,-5888,-5223,-2.25
UAE_099,2025-09,4250,4211,-7278,-7382,-0.92
UAE_099,2025-10,4606,4545,-4719,-4759,-1.32
UAE_099,2025-11,12350,11337,-5756,-6291,-8.2
UAE_099,2025-12,4519,4292,-6825,-7502,-5.02
UAE_100,2023-01,2178,2286,-3018,-3141,4.96
UAE_100,2023-02,2424,2392,-2618,-2741,-1.32
UAE_100,2023-03,856,885,-3145,-3045,3.39
UAE_100,2023-04,5435,5297,-7533,-7341,-2.54
UAE_100,2023-05,2707,3004,-2551,-2857,10.97
UAE_100,2023-06,1663,1787,-5228,-5506,7.46
UAE_100,2023-07,6627,6287,-5088,-5578,-5.13
UAE_100,2023-08,4004,4436,-7890,-7011,10.79
UAE_100,2023-09,3096,3130,-4443,-4298,1.1
UAE_100,2023-10,1029,1113,-2937,-2874,8.16
UAE_100,2023-11,2219,2210,-6919,-6270,-0.41
UAE_100,2023-12,1223,1224,-3268,-3803,0.08
UAE_100,2024-01,2192,2127,-2745,-2390,-2.97
UAE_100,2024-02,1987,1865,-3233,-3597,-6.14
UAE_100,2024-03,2295,2393,-2900,-2980,4.27
UAE_100,2024-04,1766,1959,-5483,-6326,10.93
UAE_100,2024-05,1086,1096,-3488,-3246,0.92
UAE_100,2024-06,1942,1877,-3613,-3586,-3.35
UAE_100,2024-07,3425,3727,-6397,-7157,8.82
UAE_100,2024-08,1800,1736,-7940,-8861,-3.56
UAE_100,2024-09,3399,3145,-4838,-4599,-7.47
UAE_100,2024-10,6742,6289,-5454,-4978,-6.72
UAE_100,2024-11,860,942,-2640,-2536,9.53
UAE_100,2024-12,1739,1587,-1197,-1151,-8.74
UAE_100,2025-01,1428,1310,-5800,-5045,-8.26
UAE_100,2025-02,1295,1281,-2925,-3132,-1.08
UAE_100,2025-03,1325,1280,-2384,-2117,-3.4
UAE_100,2025-04,2594,2608,-4350,-4895,0.54
UAE_100,2025-05,3418,3355,-2275,-2098,-1.84
UAE_100,2025-06,2176,2362,-1439,-1340,8.55
UAE_100,2025-07,3462,3186,-1578,-1790,-7.97
UAE_100,2025-08,2859,2950,-4774,-4181,3.18
UAE_100,2025-09,2687,2465,-1855,-1871,-8.26
UAE_100,2025-10,1988,1987,-5668,-4984,-0.05
UAE_100,2025-11,2313,2131,-1510,-1669,-7.87
UAE_100,2025-12,2265,2263,-4345,-4028,-0.09
UAE_101,2023-01,3779,4130,-5338,-5221,9.29
UAE_101,2023-02,1501,1652,-4753,-5373,10.06
UAE_101,2023-03,885,817,-4381,-3972,-7.68
UAE_101,2023-04,1459,1453,-4191,-4712,-0.41
UAE_101,2023-05,4511,4402,-4845,-5539,-2.42
UAE_101,2023-06,4168,3823,-8076,-7578,-8.28
UAE_101,2023-07,2247,2461,-1443,-1282,9.52
UAE_101,2023-08,3550,3262,-6570,-6307,-8.11
UAE_101,2023-09,2261,2301,-6579,-7170,1.77
UAE_101,2023-10,1501,1429,-5548,-5635,-4.8
UAE_101,2023-11,1852,1865,-3941,-3983,0.7
UAE_101,2023-12,826,890,-6375,-5791,7.75
UAE_101,2024-01,1127,1120,-4054,-3785,-0.62
UAE_101,2024-02,2599,2682,-5932,-5985,3.19
UAE_101,2024-03,1776,1787,-5607,-5488,0.62
UAE_101,2024-04,1085,1091,-3282,-3019,0.55
UAE_101,2024-05,2840,3126,-4607,-5012,10.07
UAE_101,2024-06,2647,2630,-1622,-1533,-0.64
UAE_101,2024-07,2991,2974,-5878,-5282,-0.57
UAE_101,2024-08,1361,1307,-9101,-8170,-3.97
UAE_101,2024-09,3299,3407,-3510,-3130,3.27
UAE_101,2024-10,3662,3392,-1560,-1664,-7.37
UAE_101,2024-11,2065,1889,-2788,-2442,-8.52
UAE_101,2024-12,2398,2336,-6380,-5927,-2.59
UAE_101,2025-01,2275,2298,-1178,-1049,1.01
UAE_101,2025-02,1340,1244,-2331,-2187,-7.16
UAE_101,2025-03,5162,5334,-6000,-6567,3.33
UAE_101,2025-04,2987,3136,-3701,-4239,4.99
UAE_101,2025-05,3123,3216,-4551,-5327,2.98
UAE_101,2025-06,1151,1113,-7064,-6491,-3.3
UAE_101,2025-07,1351,1456,-3556,-3813,7.77
UAE_101,2025-08,4474,4228,-1466,-1328,-5.5
UAE_101,2025-09,4780,5077,-6032,-5836,6.21
UAE_101,2025-10,1545,1552,-3781,-3725,0.45
UAE_101,2025-11,2504,2707,-3192,-3658,8.11
UAE_101,2025-12,2754,3057,-6156,-5922,11.0
UAE_102,2023-01,3070,2983,-5610,-5165,-2.83
UAE_102,2023-02,1853,1889,-3349,-3068,1.94
UAE_102,2023-03,3117,3437,-3490,-3432,10.27
UAE_102,2023-04,7773,7338,-10304,-10660,-5.6
UAE_102,2023-05,12406,11922,-9291,-9148,-3.9
UAE_102,2023-06,2362,2503,-7316,-7920,5.97
UAE_102,2023-07,3865,3518,-9766,-11059,-8.98
UAE_102,2023-08,9738,8916,-6811,-7323,-8.44
UAE_102,2023-09,4392,4813,-5940,-5408,9.59
UAE_102,2023-10,1976,1902,-7349,-8520,-3.74
UAE_102,2023-11,1807,1923,-7225,-7244,6.42
UAE_102,2023-12,8883,8482,-9002,-8155,-4.51
UAE_102,2024-01,2133,2165,-3377,-3772,1.5
UAE_102,2024-02,1779,1869,-4042,-4573,5.06
UAE_102,2024-03,4817,4719,-9343,-8516,-2.03
UAE_102,2024-04,3154,2929,-9416,-9758,-7.13
UAE_102,2024-05,5274,5785,-1158,-1046,9.69
UAE_102,2024-06,13854,13572,-7100,-8273,-2.04
UAE_102,2024-07,5534,5865,-5062,-5464,5.98
UAE_102,2024-08,12499,12099,-2474,-2352,-3.2
UAE_102,2024-09,3651,4044,-5426,-5964,10.76
UAE_102,2024-10,3596,3489,-6841,-8043,-2.98
UAE_102,2024-11,7934,8513,-8528,-8188,7.3
UAE_102,2024-12,4423,4780,-3599,-4201,8.07
UAE_102,2025-01,8826,9273,-6835,-7147,5.06
UAE_102,2025-02,3028,3326,-8453,-8924,9.84
UAE_102,2025-03,5526,5057,-8135,-7395,-8.49
UAE_102,2025-04,4810,5290,-4777,-4165,9.98
UAE_102,2025-05,8178,8823,-6266,-6628,7.89
UAE_102,2025-06,5900,6275,-3580,-3518,6.36
UAE_102,2025-07,5305,5721,-6195,-6906,7.84
UAE_102,2025-08,5648,5675,-1306,-1497,0.48
UAE_102,2025-09,4318,4609,-5785,-5440,6.74
UAE_102,2025-10,17143,17626,-8106,-7756,2.82
UAE_102,2025-11,2042,2077,-3187,-3387,1.71
UAE_102,2025-12,5673,6104,-8195,-9065,7.6
UAE_103,2023-01,5085,4646,-9516,-9396,-8.63
UAE_103,2023-02,6586,7109,-7496,-6959,7.94
UAE_103,2023-03,3332,3442,-9568,-8820,3.3
UAE_103,2023-04,9410,8729,-10131,-10598,-7.24
UAE_103,2023-05,9738,10037,-6793,-7218,3.07
UAE_103,2023-06,17739,16140,-8285,-8286,-9.01
UAE_103,2023-07,10422,10734,-8535,-8225,2.99
UAE_103,2023-08,5244,5555,-4594,-5302,5.93
UAE_103,2023-09,20122,20127,-6059,-5912,0.02
UAE_103,2023-10,3445,3461,-4858,-4404,0.46
UAE_103,2023-11,1637,1496,-11121,-10306,-8.61
UAE_103,2023-12,4500,4357,-2802,-2745,-3.18
UAE_103,2024-01,5334,5499,-7125,-7998,3.09
UAE_103,2024-02,1854,1792,-2537,-2941,-3.34
UAE_103,2024-03,4398,4842,-7282,-7243,10.1
UAE_103,2024-04,1322,1352,-2962,-3296,2.27
UAE_103,2024-05,1735,1650,-3959,-4086,-4.9
UAE_103,2024-06,2695,2935,-7343,-8390,8.91
UAE_103,2024-07,2230,2108,-10360,-11474,-5.47
UAE_103,2024-08,4520,4241,-13015,-12127,-6.17
UAE_103,2024-09,10803,10162,-8783,-9617,-5.93
UAE_103,2024-10,4614,4444,-12084,-11537,-3.68
UAE_103,2024-11,1314,1368,-2929,-3406,4.11
UAE_103,2024-12,3090,2984,-6673,-6249,-3.43
UAE_103,2025-01,4281,4198,-1411,-1255,-1.94
UAE_103,2025-02,4312,4408,-4239,-4468,2.23
UAE_103,2025-03,3279,3577,-5408,-5552,9.09
UAE_103,2025-04,5034,4991,-3836,-4355,-0.85
UAE_103,2025-05,6099,5866,-10106,-10714,-3.82
UAE_103,2025-06,6367,6274,-1180,-1118,-1.46
UAE_103,2025-07,27441,26505,-8623,-8247,-3.41
UAE_103,2025-08,3347,3384,-3482,-3897,1.11
UAE_103,2025-09,3235,3376,-6732,-7599,4.36
UAE_103,2025-10,4740,4727,-12045,-11034,-0.27
UAE_103,2025-11,4076,4013,-4808,-4757,-1.55
UAE_103,2025-12,4466,4315,-1855,-1737,-3.38
UAE_104,2023-01,2399,2631,-4131,-4179,9.67
UAE_104,2023-02,3930,3753,-7576,-8583,-4.5
UAE_104,2023-03,3941,4255,-2028,-2383,7.97
UAE_104,2023-04,3144,3440,-5737,-5313,9.41
UAE_104,2023-05,7626,7074,-13061,-12779,-7.24
UAE_104,2023-06,6000,6410,-6457,-6896,6.83
UAE_104,2023-07,10043,10630,-4688,-4486,5.84
UAE_104,2023-08,5054,5410,-15034,-14688,7.04
UAE_104,2023-09,1947,1819,-12754,-12652,-6.57
UAE_104,2023-10,9967,9904,-6575,-7482,-0.63
UAE_104,2023-11,2072,1930,-2144,-2015,-6.85
UAE_104,2023-12,3101,3040,-6581,-5748,-1.97
UAE_104,2024-01,12949,13395,-6381,-5688,3.44
UAE_104,2024-02,2505,2503,-1901,-1748,-0.08
UAE_104,2024-03,1668,1693,-8116,-7214,1.5
UAE_104,2024-04,23172,21886,-5406,-5765,-5.55
UAE_104,2024-05,3819,3981,-3267,-2920,4.24
UAE_104,2024-06,5200,5246,-9071,-9999,0.88
UAE_104,2024-07,6192,6463,-5153,-5432,4.38
UAE_104,2024-08,24245,25114,-6350,-5547,3.58
UAE_104,2024-09,4661,4275,-2740,-3119,-8.28
UAE_104,2024-10,7132,7515,-5540,-5409,5.37
UAE_104,2024-11,9715,9351,-9944,-10381,-3.75
UAE_104,2024-12,1491,1370,-2761,-3170,-8.12
UAE_104,2025-01,2238,2035,-5249,-5381,-9.07
UAE_104,2025-02,4024,3905,-996,-1068,-2.96
UAE_104,2025-03,9921,10253,-6787,-6441,3.35
UAE_104,2025-04,8918,8233,-3895,-4288,-7.68
UAE_104,2025-05,7566,8329,-4131,-4201,10.08
UAE_104,2025-06,24337,24245,-416,-364,-0.38
UAE_104,2025-07,14082,13104,-8436,-7822,-6.95
UAE_104,2025-08,17968,17767,-7734,-8059,-1.12
UAE_104,2025-09,15810,17270,-7044,-7895,9.23
UAE_104,2025-10,11994,10959,-8842,-8845,-8.63
UAE_104,2025-11,5181,4781,-9386,-8877,-7.72
UAE_104,2025-12,1824,1876,-3228,-3085,2.85
UAE_105,2023-01,159706,171621,5863,6393,7.46
UAE_105,2023-02,80523,75743,12698,12214,-5.94
UAE_105,2023-03,114349,105140,4132,3657,-8.05
UAE_105,2023-04,91474,88096,6871,7854,-3.69
UAE_105,2023-05,84737,91433,1318,1302,7.9
UAE_105,2023-06,35996,36998,-10521,-9172,2.78
UAE_105,2023-07,308239,303716,-8520,-8143,-1.47
UAE_105,2023-08,741057,687331,168183,166723,-7.25
UAE_105,2023-09,263549,269341,27672,25885,2.2
UAE_105,2023-10,83218,85519,2371,2660,2.77
UAE_105,2023-11,185325,184657,-3509,-3292,-0.36
UAE_105,2023-12,209148,227958,31119,31784,8.99
UAE_105,2024-01,49185,49135,-9339,-10192,-0.1
UAE_105,2024-02,156963,143725,32683,31930,-8.43
UAE_105,2024-03,113592,111955,-7367,-7714,-1.44
UAE_105,2024-04,130106,135530,-5373,-5200,4.17
UAE_105,2024-05,154931,146838,5851,5277,-5.22
UAE_105,2024-06,83688,88414,-44516,-45503,5.65
UAE_105,2024-07,181889,201065,-6443,-5698,10.54
UAE_105,2024-08,52340,49470,-16621,-19193,-5.48
UAE_105,2024-09,403822,407634,44400,39740,0.94
UAE_105,2024-10,345558,375510,47662,44075,8.67
UAE_105,2024-11,226097,222947,20627,21329,-1.39
UAE_105,2024-12,155978,164909,-5497,-5182,5.73
UAE_105,2025-01,63874,62687,4532,4767,-1.86
UAE_105,2025-02,16952,15531,-7253,-7536,-8.38
UAE_105,2025-03,265262,273831,15105,16196,3.23
UAE_105,2025-04,194795,189785,-20400,-18366,-2.57
UAE_105,2025-05,572648,550315,152140,157383,-3.9
UAE_105,2025-06,221560,221497,31912,35049,-0.03
UAE_105,2025-07,546309,548722,105250,99745,0.44
UAE_105,2025-08,286591,274743,7299,7881,-4.13
UAE_105,2025-09,188224,178308,9187,10670,-5.27
UAE_105,2025-10,184337,191509,46876,41023,3.89
UAE_105,2025-11,193125,182045,1105,1231,-5.74
UAE_105,2025-12,293957,305025,27612,31210,3.77
UAE_106,2023-01,1931027,1817530,406747,374419,-5.88
UAE_106,2023-02,2111997,2261522,458850,468262,7.08
UAE_106,2023-03,2097808,2009329,450842,463817,-4.22
UAE_106,2023-04,1118109,1188953,255617,265278,6.34
UAE_106,2023-05,2845138,2791904,727858,661530,-1.87
UAE_106,2023-06,5287328,5158105,1637499,1437106,-2.44
UAE_106,2023-07,1167113,1284047,288395,255951,10.02
UAE_106,2023-08,2809617,2936675,658240,592512,4.52
UAE_106,2023-09,1227145,1268774,157118,181271,3.39
UAE_106,2023-10,1068425,1113075,245469,239984,4.18
UAE_106,2023-11,899116,823678,120829,119267,-8.39
UAE_106,2023-12,1121639,1241503,275626,267422,10.69
UAE_106,2024-01,1911277,2009457,595612,528204,5.14
UAE_106,2024-02,2400089,2274106,418499,465876,-5.25
UAE_106,2024-03,1242239,1132060,140599,164705,-8.87
UAE_106,2024-04,4834414,4488940,692921,800354,-7.15
UAE_106,2024-05,1294304,1238592,265131,241418,-4.3
UAE_106,2024-06,498440,466599,-7162,-6943,-6.39
UAE_106,2024-07,4422490,4210881,1252818,1343042,-4.78
UAE_106,2024-08,568294,575851,59199,65985,1.33
UAE_106,2024-09,1937978,2002718,448227,443567,3.34
UAE_106,2024-10,1067453,1003938,194749,222679,-5.95
UAE_106,2024-11,663460,626546,131189,142604,-5.56
UAE_106,2024-12,1121821,1113268,367782,326574,-0.76
UAE_106,2025-01,346670,325193,63265,63353,-6.2
UAE_106,2025-02,1288606,1238020,247712,227145,-3.93
UAE_106,2025-03,1190057,1086778,213124,193755,-8.68
UAE_106,2025-04,634108,599348,84841,89014,-5.48
UAE_106,2025-05,2876935,2696540,553224,577514,-6.27
UAE_106,2025-06,1390254,1473085,386729,394303,5.96
UAE_106,2025-07,1932316,1935264,592802,600457,0.15
UAE_106,2025-08,1518803,1499780,428744,439827,-1.25
UAE_106,2025-09,2003893,2180444,231672,240475,8.81
UAE_106,2025-10,1570208,1626648,305679,283539,3.59
UAE_106,2025-11,3369592,3217433,769660,742668,-4.52
UAE_106,2025-12,1989891,1868107,557357,598959,-6.12
UAE_107,2023-01,4473,4220,-6257,-6156,-5.66
UAE_107,2023-02,1014,1047,-3363,-3209,3.25
UAE_107,2023-03,848,817,-7197,-6315,-3.66
UAE_107,2023-04,2904,3025,-5863,-6175,4.17
UAE_107,2023-05,2853,3063,-5251,-5828,7.36
UAE_107,2023-06,2111,2077,-8484,-8942,-1.61
UAE_107,2023-07,1917,1759,-7115,-6282,-8.24
UAE_107,2023-08,1521,1640,-6950,-6339,7.82
UAE_107,2023-09,4059,4111,-6270,-6690,1.28
UAE_107,2023-10,2137,2174,-6617,-5777,1.73
UAE_107,2023-11,1062,993,-8003,-7323,-6.5
UAE_107,2023-12,1119,1031,-2529,-2279,-7.86
UAE_107,2024-01,2562,2468,-704,-787,-3.67
UAE_107,2024-02,1042,1126,-3953,-4348,8.06
UAE_107,2024-03,1919,1745,-4324,-3975,-9.07
UAE_107,2024-04,5203,4926,-4544,-4325,-5.32
UAE_107,2024-05,2247,2077,-4381,-4655,-7.57
UAE_107,2024-06,3923,3772,-1055,-1037,-3.85
UAE_107,2024-07,2915,2999,-7056,-6937,2.88
UAE_107,2024-08,1471,1512,-5682,-6019,2.79
UAE_107,2024-09,3135,3292,-2777,-3159,5.01
UAE_107,2024-10,921,905,-3089,-3440,-1.74
UAE_107,2024-11,1072,1066,-1900,-1963,-0.56
UAE_107,2024-12,1468,1431,-3044,-2959,-2.52
UAE_107,2025-01,1471,1439,-945,-989,-2.18
UAE_107,2025-02,2586,2434,-919,-903,-5.88
UAE_107,2025-03,2019,1997,-5138,-4636,-1.09
UAE_107,2025-04,3716,3396,-2164,-2481,-8.61
UAE_107,2025-05,1612,1663,-5944,-5414,3.16
UAE_107,2025-06,3940,3900,-2359,-2607,-1.02
UAE_107,2025-07,3519,3438,-8973,-7910,-2.3
UAE_107,2025-08,5549,5428,-4473,-4703,-2.18
UAE_107,2025-09,3983,3839,-3111,-2924,-3.62
UAE_107,2025-10,2444,2389,-3612,-3354,-2.25
UAE_107,2025-11,1808,1893,-6184,-6615,4.7
UAE_107,2025-12,1503,1561,-2185,-2346,3.86
UAE_108,2023-01,1291,1353,-2369,-2606,4.8
UAE_108,2023-02,3085,3414,-5794,-5067,10.66
UAE_108,2023-03,3288,3066,-3701,-4257,-6.75
UAE_108,2023-04,3727,3717,-6190,-5446,-0.27
UAE_108,2023-05,3585,3659,-7957,-8247,2.06
UAE_108,2023-06,4987,4639,-5903,-5804,-6.98
UAE_108,2023-07,4388,4682,-4512,-4480,6.7
UAE_108,2023-08,6406,6132,-6664,-6076,-4.28
UAE_108,2023-09,3686,3397,-6487,-7273,-7.84
UAE_108,2023-10,5571,6131,-7381,-8010,10.05
UAE_108,2023-11,1901,1928,-6207,-7175,1.42
UAE_108,2023-12,2396,2586,-8557,-8553,7.93
UAE_108,2024-01,2396,2576,-7738,-7608,7.51
UAE_108,2024-02,1786,1707,-6404,-6571,-4.42
UAE_108,2024-03,3406,3687,-6562,-6685,8.25
UAE_108,2024-04,2749,2728,-2258,-2329,-0.76
UAE_108,2024-05,2532,2474,-3388,-3762,-2.29
UAE_108,2024-06,7139,7389,-11866,-10667,3.5
UAE_108,2024-07,4131,3931,-6907,-7593,-4.84
UAE_108,2024-08,5571,6160,-8388,-8715,10.57
UAE_108,2024-09,5329,5525,-9803,-10302,3.68
UAE_108,2024-10,4491,4900,-8933,-8302,9.11
UAE_108,2024-11,2642,2908,-10684,-9894,10.07
UAE_108,2024-12,3736,3813,-9621,-8913,2.06
UAE_108,2025-01,1212,1303,-3488,-3303,7.51
UAE_108,2025-02,3241,3140,-7408,-7891,-3.12
UAE_108,2025-03,4544,4400,-5437,-5113,-3.17
UAE_108,2025-04,2540,2752,-8267,-9460,8.35
UAE_108,2025-05,2281,2114,-2749,-3030,-7.32
UAE_108,2025-06,4040,3707,-1542,-1586,-8.24
UAE_108,2025-07,3696,3807,-8388,-7457,3.0
UAE_108,2025-08,2062,1877,-2429,-2478,-8.97
UAE_108,2025-09,5564,6069,-9279,-10083,9.08
UAE_108,2025-10,5247,4883,-4730,-4281,-6.94
UAE_108,2025-11,1742,1622,-2357,-2080,-6.89
UAE_108,2025-12,4582,4523,-6020,-5519,-1.29
UAE_109,2023-01,3226,3534,-3018,-2986,9.55
UAE_109,2023-02,4903,4569,-2734,-2771,-6.81
UAE_109,2023-03,3111,3183,-3934,-4351,2.31
UAE_109,2023-04,3365,3214,-2437,-2847,-4.49
UAE_109,2023-05,2764,2626,-4642,-4705,-4.99
UAE_109,2023-06,2418,2420,-13809,-13185,0.08
UAE_109,2023-07,12851,12982,-12399,-13512,1.02
UAE_109,2023-08,5825,5896,-3980,-4297,1.22
UAE_109,2023-09,1708,1888,-5929,-6903,10.54
UAE_109,2023-10,1817,1772,-3745,-3752,-2.48
UAE_109,2023-11,4334,3965,-3313,-3094,-8.51
UAE_109,2023-12,27088,26537,-2309,-2283,-2.03
UAE_109,2024-01,11296,10347,-6895,-6647,-8.4
UAE_109,2024-02,13487,12347,-9411,-9923,-8.45
UAE_109,2024-03,2659,2668,-10242,-9189,0.34
UAE_109,2024-04,3941,4197,-10664,-9440,6.5
UAE_109,2024-05,4034,4331,-7272,-6586,7.36
UAE_109,2024-06,5484,5173,-5004,-4934,-5.67
UAE_109,2024-07,9876,10064,-6171,-7253,1.9
UAE_109,2024-08,29762,28561,-2230,-2374,-4.04
UAE_109,2024-09,1922,1995,-4459,-4336,3.8
UAE_109,2024-10,9272,8777,-8890,-10386,-5.34
UAE_109,2024-11,5701,5200,-6320,-7155,-8.79
UAE_109,2024-12,5055,4839,-9043,-9394,-4.27
UAE_109,2025-01,2982,3027,-1901,-1747,1.51
UAE_109,2025-02,6654,7165,-10584,-9459,7.68
UAE_109,2025-03,5097,5102,-3619,-3298,0.1
UAE_109,2025-04,1635,1804,-3484,-3857,10.34
UAE_109,2025-05,6359,6114,-1676,-1492,-3.85
UAE_109,2025-06,37065,38765,-7913,-8152,4.59
UAE_109,2025-07,6033,6694,-7689,-8637,10.96
UAE_109,2025-08,7053,7389,-2282,-2182,4.76
UAE_109,2025-09,11273,10418,-14477,-13534,-7.58
UAE_109,2025-10,2614,2860,-12161,-12055,9.41
UAE_109,2025-11,3718,4097,-6142,-5409,10.19
UAE_109,2025-12,10504,11141,-3289,-3292,6.06
UAE_110,2023-01,1381,1298,-2569,-2550,-6.01
UAE_110,2023-02,1674,1592,-1481,-1739,-4.9
UAE_110,2023-03,2287,2502,-4398,-4330,9.4
UAE_110,2023-04,915,867,-4847,-5397,-5.25
UAE_110,2023-05,3169,3308,-2423,-2283,4.39
UAE_110,2023-06,2128,2072,-4646,-4054,-2.63
UAE_110,2023-07,1443,1563,-5235,-6089,8.32
UAE_110,2023-08,1046,1095,-7612,-7825,4.68
UAE_110,2023-09,3095,2871,-1885,-1663,-7.24
UAE_110,2023-10,972,890,-4630,-5018,-8.44
UAE_110,2023-11,2615,2548,-1098,-1167,-2.56
UAE_110,2023-12,1831,1799,-4284,-4655,-1.75
UAE_110,2024-01,1263,1187,-6833,-6292,-6.02
UAE_110,2024-02,1166,1195,-7243,-7050,2.49
UAE_110,2024-03,1904,1852,-2493,-2289,-2.73
UAE_110,2024-04,2446,2408,-4279,-4240,-1.55
UAE_110,2024-05,5693,5884,-6122,-6667,3.35
UAE_110,2024-06,2819,2967,-4878,-5170,5.25
UAE_110,2024-07,2449,2408,-4474,-4132,-1.67
UAE_110,2024-08,4203,3970,-6182,-5975,-5.54
UAE_110,2024-09,1928,1827,-6074,-7095,-5.24
UAE_110,2024-10,2801,2786,-2255,-2420,-0.54
UAE_110,2024-11,2063,1995,-4392,-4131,-3.3
UAE_110,2024-12,4857,4913,-4607,-5085,1.15
UAE_110,2025-01,917,918,-5405,-5279,0.11
UAE_110,2025-02,2734,2774,-6036,-5572,1.46
UAE_110,2025-03,2702,2699,-4659,-4727,-0.11
UAE_110,2025-04,4883,4687,-5765,-5194,-4.01
UAE_110,2025-05,2247,2367,-1958,-1838,5.34
UAE_110,2025-06,1191,1086,-8326,-8241,-8.82
UAE_110,2025-07,5505,5330,-8342,-7418,-3.18
UAE_110,2025-08,1689,1687,-6292,-6406,-0.12
UAE_110,2025-09,3796,3742,-540,-546,-1.42
UAE_110,2025-10,3754,3775,-4685,-4385,0.56
UAE_110,2025-11,992,1073,-6904,-6994,8.17
UAE_110,2025-12,2969,3053,-1465,-1483,2.83
UAE_111,2023-01,1382,1362,-2625,-2576,-1.45
UAE_111,2023-02,11083,10925,-7045,-7194,-1.43
UAE_111,2023-03,1769,1701,-5844,-5793,-3.84
UAE_111,2023-04,5515,6043,-3763,-3430,9.57
UAE_111,2023-05,2579,2558,-3506,-3359,-0.81
UAE_111,2023-06,21563,20456,-3299,-3877,-5.13
UAE_111,2023-07,2201,2098,-11578,-10781,-4.68
UAE_111,2023-08,1639,1554,-3268,-2942,-5.19
UAE_111,2023-09,2974,3270,-3509,-3466,9.95
UAE_111,2023-10,9752,9641,-10070,-10235,-1.14
UAE_111,2023-11,5676,5228,-2783,-2970,-7.89
UAE_111,2023-12,2302,2466,-1759,-1555,7.12
UAE_111,2024-01,7468,6983,-6265,-7072,-6.49
UAE_111,2024-02,4481,4253,-3074,-2758,-5.09
UAE_111,2024-03,1441,1562,-2779,-2607,8.4
UAE_111,2024-04,3898,4038,-2184,-2111,3.59
UAE_111,2024-05,4246,4586,-2874,-2959,8.01
UAE_111,2024-06,17389,18087,-8778,-9470,4.01
UAE_111,2024-07,2339,2264,-5060,-5115,-3.21
UAE_111,2024-08,5757,5911,-11535,-11608,2.68
UAE_111,2024-09,8152,7578,-4010,-4228,-7.04
UAE_111,2024-10,3292,3403,-8255,-9337,3.37
UAE_111,2024-11,6154,5977,-8710,-7886,-2.88
UAE_111,2024-12,13793,14175,-5079,-5460,2.77
UAE_111,2025-01,2717,2745,-5084,-5465,1.03
UAE_111,2025-02,4240,4599,-8290,-8072,8.47
UAE_111,2025-03,3736,3734,-12539,-11324,-0.05
UAE_111,2025-04,16757,17482,-6672,-5898,4.33
UAE_111,2025-05,5082,4630,-5681,-5798,-8.89
UAE_111,2025-06,3246,3369,-9844,-8783,3.79
UAE_111,2025-07,12787,13515,-7426,-7229,5.69
UAE_111,2025-08,3478,3486,-3527,-3371,0.23
UAE_111,2025-09,6189,6131,-5781,-6323,-0.94
UAE_111,2025-10,1581,1564,-8501,-8674,-1.08
UAE_111,2025-11,9389,8883,-5637,-5650,-5.39
UAE_111,2025-12,7410,7755,-5311,-6079,4.66
UAE_112,2023-01,2173,2028,-2451,-2856,-6.67
UAE_112,2023-02,2415,2235,-9158,-8504,-7.45
UAE_112,2023-03,3174,3491,-5289,-4947,9.99
UAE_112,2023-04,12698,13573,-4265,-4786,6.89
UAE_112,2023-05,7066,6875,-8748,-9090,-2.7
UAE_112,2023-06,12645,12463,-1940,-1836,-1.44
UAE_112,2023-07,9231,9237,-5593,-5214,0.06
UAE_112,2023-08,7425,7633,-8195,-7939,2.8
UAE_112,2023-09,4226,4523,-9979,-8963,7.03
UAE_112,2023-10,11870,12154,-3967,-4585,2.39
UAE_112,2023-11,8884,8250,-9049,-8578,-7.14
UAE_112,2023-12,2969,2713,-2659,-2806,-8.62
UAE_112,2024-01,1015,1068,-5446,-4802,5.22
UAE_112,2024-02,3193,3025,-6381,-6803,-5.26
UAE_112,2024-03,1720,1593,-4954,-5705,-7.38
UAE_112,2024-04,4039,3773,-1865,-1782,-6.59
UAE_112,2024-05,3380,3095,-8829,-8683,-8.43
UAE_112,2024-06,3330,3255,-5394,-5382,-2.25
UAE_112,2024-07,10240,10808,-10617,-10237,5.55
UAE_112,2024-08,4843,4569,-2993,-3048,-5.66
UAE_112,2024-09,5309,4954,-2777,-2961,-6.69
UAE_112,2024-10,2723,2725,-2675,-2626,0.07
UAE_112,2024-11,3956,4140,-7154,-7244,4.65
UAE_112,2024-12,7762,7705,-7121,-8084,-0.73
UAE_112,2025-01,1658,1655,-3917,-4501,-0.18
UAE_112,2025-02,1461,1515,-10054,-8808,3.7
UAE_112,2025-03,1419,1385,-6156,-7032,-2.4
UAE_112,2025-04,1425,1328,-7134,-7865,-6.81
UAE_112,2025-05,4396,4800,-4099,-4027,9.19
UAE_112,2025-06,15928,17418,-3364,-3851,9.35
UAE_112,2025-07,1756,1739,-7765,-8222,-0.97
UAE_112,2025-08,5135,5168,-8466,-9592,0.64
UAE_112,2025-09,5768,5715,-6909,-6524,-0.92
UAE_112,2025-10,1492,1548,-3990,-3808,3.75
UAE_112,2025-11,3905,4279,-3591,-3550,9.58
UAE_112,2025-12,7492,6891,-8273,-8081,-8.02
UAE_113,2023-01,1902,2049,-3917,-4330,7.73
UAE_113,2023-02,1126,1234,-6205,-6292,9.59
UAE_113,2023-03,1872,2053,-3453,-3772,9.67
UAE_113,2023-04,1842,1962,-5167,-5574,6.51
UAE_113,2023-05,3030,3293,-2553,-2755,8.68
UAE_113,2023-06,2117,2019,-8657,-8294,-4.63
UAE_113,2023-07,2110,2336,-1837,-1622,10.71
UAE_113,2023-08,1424,1362,-2225,-2093,-4.35
UAE_113,2023-09,7333,8077,-4505,-4916,10.15
UAE_113,2023-10,836,908,-5447,-5598,8.61
UAE_113,2023-11,1046,1129,-4846,-4825,7.93
UAE_113,2023-12,1142,1125,-3250,-3597,-1.49
UAE_113,2024-01,2472,2615,-1956,-2281,5.78
UAE_113,2024-02,1045,984,-4648,-5307,-5.84
UAE_113,2024-03,2375,2171,-4195,-3740,-8.59
UAE_113,2024-04,3132,3291,-5697,-5461,5.08
UAE_113,2024-05,1518,1559,-6338,-7270,2.7
UAE_113,2024-06,5512,6043,-6485,-7082,9.63
UAE_113,2024-07,3558,3622,-7108,-8066,1.8
UAE_113,2024-08,2992,3083,-1794,-1854,3.04
UAE_113,2024-09,2858,2724,-836,-803,-4.69
UAE_113,2024-10,3410,3223,-6969,-6363,-5.48
UAE_113,2024-11,1998,2014,-4018,-4180,0.8
UAE_113,2024-12,1446,1568,-2189,-2154,8.44
UAE_113,2025-01,1805,1999,-1645,-1585,10.75
UAE_113,2025-02,1991,1981,-3499,-4005,-0.5
UAE_113,2025-03,2112,1984,-5298,-5197,-6.06
UAE_113,2025-04,1648,1624,-5450,-6218,-1.46
UAE_113,2025-05,3109,3007,-4302,-3993,-3.28
UAE_113,2025-06,4092,4148,-6784,-7149,1.37
UAE_113,2025-07,1773,1906,-3125,-2823,7.5
UAE_113,2025-08,7577,7343,-4574,-4301,-3.09
UAE_113,2025-09,1684,1783,-8306,-7979,5.88
UAE_113,2025-10,1630,1579,-3910,-4019,-3.13
UAE_113,2025-11,3359,3384,-2626,-2484,0.74
UAE_113,2025-12,1519,1646,-4337,-4631,8.36
UAE_114,2023-01,16715,17460,-9846,-9080,4.46
UAE_114,2023-02,303036,322866,51260,56727,6.54
UAE_114,2023-03,153801,140696,12478,13302,-8.52
UAE_114,2023-04,244933,264342,54390,50695,7.92
UAE_114,2023-05,101775,112155,-9222,-8364,10.2
UAE_114,2023-06,376491,367415,10446,10938,-2.41
UAE_114,2023-07,345504,367481,-2183,-2208,6.36
UAE_114,2023-08,414575,441843,72423,68959,6.58
UAE_114,2023-09,129417,126904,92,103,-1.94
UAE_114,2023-10,343175,337936,58343,62914,-1.53
UAE_114,2023-11,86003,79291,-36479,-37765,-7.8
UAE_114,2023-12,404463,410663,37356,36321,1.53
UAE_114,2024-01,58092,53420,-16799,-16921,-8.04
UAE_114,2024-02,21822,20932,-17586,-19868,-4.08
UAE_114,2024-03,143173,130934,-8217,-7372,-8.55
UAE_114,2024-04,441227,467353,70197,77666,5.92
UAE_114,2024-05,471928,455962,24363,23826,-3.38
UAE_114,2024-06,378413,380540,-1267,-1243,0.56
UAE_114,2024-07,601090,578383,118808,127014,-3.78
UAE_114,2024-08,420780,433166,41583,45717,2.94
UAE_114,2024-09,161817,168340,16243,14950,4.03
UAE_114,2024-10,147215,135114,-30230,-32175,-8.22
UAE_114,2024-11,151088,152442,24094,25285,0.9
UAE_114,2024-12,104011,111947,-1047,-1168,7.63
UAE_114,2025-01,29551,28944,-6451,-6191,-2.05
UAE_114,2025-02,737077,708717,93103,99365,-3.85
UAE_114,2025-03,317500,334745,28129,31461,5.43
UAE_114,2025-04,366865,375538,38745,43836,2.36
UAE_114,2025-05,381072,401331,80129,72934,5.32
UAE_114,2025-06,193912,180326,25623,25451,-7.01
UAE_114,2025-07,602278,609248,208965,189455,1.16
UAE_114,2025-08,160772,153330,-10692,-12066,-4.63
UAE_114,2025-09,940111,913789,244481,236998,-2.8
UAE_114,2025-10,249899,249134,-17425,-18212,-0.31
UAE_114,2025-11,694761,714134,94200,92471,2.79
UAE_114,2025-12,392664,380116,59098,65153,-3.2
UAE_115,2023-01,1216,1227,-1148,-1071,0.9
UAE_115,2023-02,1191,1238,-5251,-4825,3.95
UAE_115,2023-03,1324,1211,-3234,-3345,-8.53
UAE_115,2023-04,889,957,-3574,-4079,7.65
UAE_115,2023-05,3041,3102,-2970,-3139,2.01
UAE_115,2023-06,2504,2747,-9160,-8211,9.7
UAE_115,2023-07,2246,2351,-5180,-5788,4.67
UAE_115,2023-08,1125,1212,-3974,-3800,7.73
UAE_115,2023-09,2678,2962,-2209,-2318,10.6
UAE_115,2023-10,1436,1461,-3757,-3357,1.74
UAE_115,2023-11,1365,1405,-3986,-3808,2.93
UAE_115,2023-12,1133,1220,-3217,-3288,7.68
UAE_115,2024-01,2289,2446,-4545,-4640,6.86
UAE_115,2024-02,1168,1107,-2986,-3250,-5.22
UAE_115,2024-03,1614,1644,-3539,-3825,1.86
UAE_115,2024-04,2453,2586,-6016,-6380,5.42
UAE_115,2024-05,3023,3095,-5420,-6343,2.38
UAE_115,2024-06,4403,4619,-3700,-4323,4.91
UAE_115,2024-07,3619,3466,-7106,-7632,-4.23
UAE_115,2024-08,2940,3012,-5361,-5679,2.45
UAE_115,2024-09,2872,2821,-4437,-3880,-1.78
UAE_115,2024-10,1780,1915,-4405,-3873,7.58
UAE_115,2024-11,2183,2101,-2108,-1844,-3.76
UAE_115,2024-12,782,797,-1417,-1628,1.92
UAE_115,2025-01,1069,1152,-1438,-1487,7.76
UAE_115,2025-02,1352,1268,-1559,-1828,-6.21
UAE_115,2025-03,2732,2702,-1506,-1513,-1.1
UAE_115,2025-04,1402,1424,-1837,-2089,1.57
UAE_115,2025-05,2434,2215,-3599,-3964,-9.0
UAE_115,2025-06,2757,2982,-4426,-4863,8.16
UAE_115,2025-07,5430,5697,-8013,-7688,4.92
UAE_115,2025-08,2495,2455,-4337,-4526,-1.6
UAE_115,2025-09,3947,3875,-5711,-5464,-1.82
UAE_115,2025-10,2935,3028,-6758,-6690,3.17
UAE_115,2025-11,2861,2687,-4871,-4252,-6.08
UAE_115,2025-12,2513,2598,-3000,-2853,3.38
UAE_116,2023-01,1841,1940,-9909,-9113,5.38
UAE_116,2023-02,4296,4042,-7506,-7109,-5.91
UAE_116,2023-03,6930,7197,-6787,-7897,3.85
UAE_116,2023-04,2552,2735,-5763,-6248,7.17
UAE_116,2023-05,5224,5387,-6710,-6014,3.12
UAE_116,2023-06,4789,4386,-9503,-9539,-8.42
UAE_116,2023-07,4044,4364,-5582,-6163,7.91
UAE_116,2023-08,9743,10548,-4678,-4431,8.26
UAE_116,2023-09,2191,2156,-4891,-5510,-1.6
UAE_116,2023-10,23065,21660,-9324,-8299,-6.09
UAE_116,2023-11,2572,2817,-2727,-2828,9.53
UAE_116,2023-12,6267,6292,-7246,-6865,0.4
UAE_116,2024-01,2593,2393,-9341,-8539,-7.71
UAE_116,2024-02,4117,4187,-5183,-5971,1.7
UAE_116,2024-03,3387,3460,-11509,-10845,2.16
UAE_116,2024-04,2930,2786,-7184,-6263,-4.91
UAE_116,2024-05,15720,16762,-12274,-10771,6.63
UAE_116,2024-06,2125,2187,-10038,-9347,2.92
UAE_116,2024-07,7109,6955,-4807,-4379,-2.17
UAE_116,2024-08,12571,11637,-11276,-12048,-7.43
UAE_116,2024-09,2781,2966,-6694,-7779,6.65
UAE_116,2024-10,2324,2373,-2532,-2963,2.11
UAE_116,2024-11,4433,4222,-3175,-2871,-4.76
UAE_116,2024-12,4613,4430,-6007,-6504,-3.97
UAE_116,2025-01,9558,9372,-4205,-4115,-1.95
UAE_116,2025-02,5472,5979,-6224,-7207,9.27
UAE_116,2025-03,2431,2455,-8291,-8658,0.99
UAE_116,2025-04,3721,3747,-4198,-3991,0.7
UAE_116,2025-05,11125,10767,-15528,-14125,-3.22
UAE_116,2025-06,4512,4708,-7431,-6630,4.34
UAE_116,2025-07,5029,5457,-3689,-4075,8.51
UAE_116,2025-08,2915,3084,-6073,-6538,5.8
UAE_116,2025-09,16924,18125,-8596,-7574,7.1
UAE_116,2025-10,12196,12412,-11386,-10742,1.77
UAE_116,2025-11,6519,6153,-8685,-9182,-5.61
UAE_116,2025-12,4917,5462,-1882,-2192,11.08
UAE_117,2023-01,1355,1379,-4557,-4062,1.77
UAE_117,2023-02,915,972,-5152,-4979,6.23
UAE_117,2023-03,1244,1155,-1732,-1797,-7.15
UAE_117,2023-04,2787,2634,-4017,-4262,-5.49
UAE_117,2023-05,1364,1453,-6990,-6729,6.52
UAE_117,2023-06,2772,2650,-4426,-3968,-4.4
UAE_117,2023-07,2451,2244,-7100,-7298,-8.45
UAE_117,2023-08,5477,5408,-5759,-5318,-1.26
UAE_117,2023-09,2494,2400,-5323,-5688,-3.77
UAE_117,2023-10,965,980,-2671,-2913,1.55
UAE_117,2023-11,1269,1183,-4412,-4626,-6.78
UAE_117,2023-12,2562,2531,-5895,-5224,-1.21
UAE_117,2024-01,828,813,-4096,-4243,-1.81
UAE_117,2024-02,2023,2172,-3016,-2658,7.37
UAE_117,2024-03,2332,2214,-3528,-3927,-5.06
UAE_117,2024-04,1769,1842,-1991,-2024,4.13
UAE_117,2024-05,1380,1257,-6872,-7180,-8.91
UAE_117,2024-06,6768,6786,-6626,-7688,0.27
UAE_117,2024-07,2138,1952,-1534,-1691,-8.7
UAE_117,2024-08,11002,11530,-7504,-7736,4.8
UAE_117,2024-09,3149,3113,-5004,-5413,-1.14
UAE_117,2024-10,1799,1770,-2836,-2662,-1.61
UAE_117,2024-11,3423,3149,-5969,-5328,-8.0
UAE_117,2024-12,1243,1133,-2544,-2675,-8.85
UAE_117,2025-01,2582,2554,-5029,-5613,-1.08
UAE_117,2025-02,1199,1122,-1673,-1772,-6.42
UAE_117,2025-03,2886,2939,-4286,-4175,1.84
UAE_117,2025-04,1422,1411,-1466,-1405,-0.77
UAE_117,2025-05,2961,3081,-5439,-5838,4.05
UAE_117,2025-06,3539,3348,-1923,-1813,-5.4
UAE_117,2025-07,2399,2290,-7920,-7503,-4.54
UAE_117,2025-08,2176,2360,-2866,-2571,8.46
UAE_117,2025-09,3280,3489,-2596,-2638,6.37
UAE_117,2025-10,3071,2819,-5293,-6003,-8.21
UAE_117,2025-11,2352,2177,-1787,-1868,-7.44
UAE_117,2025-12,1707,1882,-5293,-5834,10.25
UAE_118,2023-01,3021,2782,-3184,-3671,-7.91
UAE_118,2023-02,3411,3209,-12511,-14250,-5.92
UAE_118,2023-03,3212,3359,-2693,-2842,4.58
UAE_118,2023-04,3243,3192,-9274,-9521,-1.57
UAE_118,2023-05,3056,3319,-8784,-9992,8.61
UAE_118,2023-06,30009,28131,-11049,-12798,-6.26
UAE_118,2023-07,10054,10796,-8238,-8558,7.38
UAE_118,2023-08,65427,63818,-3798,-3467,-2.46
UAE_118,2023-09,14668,13609,-9789,-10001,-7.22
UAE_118,2023-10,12365,12826,-11983,-11528,3.73
UAE_118,2023-11,8899,8393,-7804,-7705,-5.69
UAE_118,2023-12,9842,10681,-5558,-4873,8.52
UAE_118,2024-01,3002,2861,-5992,-5706,-4.7
UAE_118,2024-02,19585,18560,-8577,-8442,-5.23
UAE_118,2024-03,19733,17958,-14074,-12778,-9.0
UAE_118,2024-04,6318,6194,-4180,-4575,-1.96
UAE_118,2024-05,7600,7790,-5790,-5396,2.5
UAE_118,2024-06,3674,3472,-12854,-15110,-5.5
UAE_118,2024-07,19086,17933,-11295,-10601,-6.04
UAE_118,2024-08,5656,5703,-6992,-6284,0.83
UAE_118,2024-09,4341,4188,-7847,-7536,-3.52
UAE_118,2024-10,12088,13083,-7679,-7803,8.23
UAE_118,2024-11,3369,3553,-4685,-4395,5.46
UAE_118,2024-12,14565,15936,-11746,-12042,9.41
UAE_118,2025-01,1742,1810,-4070,-4230,3.9
UAE_118,2025-02,5345,5172,-2668,-3018,-3.24
UAE_118,2025-03,3573,3431,-4305,-5012,-3.97
UAE_118,2025-04,8494,8180,-4186,-4307,-3.7
UAE_118,2025-05,29621,31432,-6519,-5902,6.11
UAE_118,2025-06,33258,32273,-4274,-4064,-2.96
UAE_118,2025-07,13281,13624,-8035,-8428,2.58
UAE_118,2025-08,18264,19284,-3325,-3812,5.58
UAE_118,2025-09,17726,19379,-3112,-2938,9.33
UAE_118,2025-10,11797,11646,-4339,-5066,-1.28
UAE_118,2025-11,5595,5851,-6035,-5677,4.58
UAE_118,2025-12,22826,21258,-6370,-5897,-6.87
UAE_119,2023-01,17182,17663,-4103,-4475,2.8
UAE_119,2023-02,1555,1672,-7975,-8141,7.52
UAE_119,2023-03,1555,1609,-1740,-1934,3.47
UAE_119,2023-04,10336,10700,-7031,-7402,3.52
UAE_119,2023-05,4017,4435,-7111,-7653,10.41
UAE_119,2023-06,4032,3965,-7603,-7358,-1.66
UAE_119,2023-07,1665,1727,-2795,-2515,3.72
UAE_119,2023-08,4981,4867,-2420,-2106,-2.29
UAE_119,2023-09,1260,1390,-11029,-11204,10.32
UAE_119,2023-10,2294,2168,-10277,-9423,-5.49
UAE_119,2023-11,2258,2132,-9100,-8205,-5.58
UAE_119,2023-12,3052,2986,-8097,-8419,-2.16
UAE_119,2024-01,1724,1589,-2822,-2840,-7.83
UAE_119,2024-02,2489,2494,-7129,-7138,0.2
UAE_119,2024-03,3250,3435,-1069,-1096,5.69
UAE_119,2024-04,3664,4046,-1104,-1094,10.43
UAE_119,2024-05,3952,3723,-8320,-9368,-5.79
UAE_119,2024-06,22369,20384,-3725,-3327,-8.87
UAE_119,2024-07,5416,5806,-4755,-5050,7.2
UAE_119,2024-08,3521,3240,-4814,-4466,-7.98
UAE_119,2024-09,5517,5246,-2665,-2864,-4.91
UAE_119,2024-10,6807,7288,-3378,-3860,7.07
UAE_119,2024-11,3194,3261,-2909,-2675,2.1
UAE_119,2024-12,1545,1424,-8335,-8251,-7.83
UAE_119,2025-01,2909,3228,-8661,-7893,10.97
UAE_119,2025-02,4018,4249,-5382,-5398,5.75
UAE_119,2025-03,2242,2224,-8510,-7780,-0.8
UAE_119,2025-04,5428,5599,-7858,-8023,3.15
UAE_119,2025-05,4829,5082,-5001,-5337,5.24
UAE_119,2025-06,27239,29198,-4356,-4013,7.19
UAE_119,2025-07,14422,13952,-9050,-8433,-3.26
UAE_119,2025-08,3450,3526,-2618,-2717,2.2
UAE_119,2025-09,1869,1786,-4683,-4194,-4.44
UAE_119,2025-10,5962,6239,-6752,-6138,4.65
UAE_119,2025-11,2835,2634,-10019,-9070,-7.09
UAE_119,2025-12,2622,2677,-2604,-2528,2.1
UAE_120,2023-01,6335,5982,-10237,-9073,-5.57
UAE_120,2023-02,2264,2266,-5097,-5242,0.09
UAE_120,2023-03,4286,4343,-9090,-8938,1.33
UAE_120,2023-04,1380,1357,-5851,-6664,-1.67
UAE_120,2023-05,3351,3407,-1977,-2291,1.67
UAE_120,2023-06,8986,8880,-13427,-13287,-1.18
UAE_120,2023-07,5025,5153,-6388,-6716,2.55
UAE_120,2023-08,3660,3545,-8719,-9625,-3.14
UAE_120,2023-09,8616,8194,-6079,-6508,-4.9
UAE_120,2023-10,4280,4738,-6641,-7525,10.7
UAE_120,2023-11,2078,2087,-4463,-5194,0.43
UAE_120,2023-12,3101,3031,-7532,-8453,-2.26
UAE_120,2024-01,1294,1335,-8014,-7863,3.17
UAE_120,2024-02,4344,4043,-8116,-7888,-6.93
UAE_120,2024-03,6648,7070,-7959,-8756,6.35
UAE_120,2024-04,5277,5235,-2350,-2368,-0.8
UAE_120,2024-05,3592,3622,-2487,-2480,0.84
UAE_120,2024-06,10940,11324,-9770,-8711,3.51
UAE_120,2024-07,23993,23039,-6117,-6280,-3.98
UAE_120,2024-08,7493,7124,-11161,-12161,-4.92
UAE_120,2024-09,4582,4525,-8458,-7605,-1.24
UAE_120,2024-10,5194,5549,-5186,-4783,6.83
UAE_120,2024-11,2964,3126,-2385,-2554,5.47
UAE_120,2024-12,2886,2637,-4546,-4028,-8.63
UAE_120,2025-01,4364,4227,-9532,-9964,-3.14
UAE_120,2025-02,2788,3069,-7738,-6996,10.08
UAE_120,2025-03,2536,2637,-4651,-4337,3.98
UAE_120,2025-04,6699,6645,-9745,-8718,-0.81
UAE_120,2025-05,11341,11912,-6535,-7532,5.03
UAE_120,2025-06,12250,11712,-7740,-8298,-4.39
UAE_120,2025-07,6236,5873,-13318,-12574,-5.82
UAE_120,2025-08,9399,10082,-10738,-12206,7.27
UAE_120,2025-09,2379,2366,-4858,-5300,-0.55
UAE_120,2025-10,3162,3060,-5511,-5052,-3.23
UAE_120,2025-11,5266,5638,-6123,-5653,7.06
UAE_120,2025-12,5074,5147,-1733,-1833,1.44
UAE_121,2023-01,1182,1175,-4979,-5190,-0.59
UAE_121,2023-02,2553,2727,-2879,-2770,6.82
UAE_121,2023-03,1916,1912,-2893,-3379,-0.21
UAE_121,2023-04,2588,2854,-1904,-1815,10.28
UAE_121,2023-05,3698,3448,-3047,-2697,-6.76
UAE_121,2023-06,1257,1277,-7200,-7318,1.59
UAE_121,2023-07,8729,8832,-8792,-8841,1.18
UAE_121,2023-08,4803,4511,-2286,-2274,-6.08
UAE_121,2023-09,3712,4056,-5769,-5449,9.27
UAE_121,2023-10,8764,8954,-10579,-9649,2.17
UAE_121,2023-11,4331,4569,-8790,-8739,5.5
UAE_121,2023-12,1249,1245,-7906,-9028,-0.32
UAE_121,2024-01,4685,4917,-3376,-3538,4.95
UAE_121,2024-02,1957,2141,-1729,-1675,9.4
UAE_121,2024-03,3859,4055,-3910,-4376,5.08
UAE_121,2024-04,3077,2810,-7798,-7345,-8.68
UAE_121,2024-05,16053,14879,-9666,-8482,-7.31
UAE_121,2024-06,11421,11735,-9427,-9398,2.75
UAE_121,2024-07,14906,14726,-5817,-6341,-1.21
UAE_121,2024-08,5918,5576,-4003,-4516,-5.78
UAE_121,2024-09,7293,6656,-8639,-9121,-8.73
UAE_121,2024-10,7252,7929,-4486,-5162,9.34
UAE_121,2024-11,2423,2687,-11517,-10423,10.9
UAE_121,2024-12,3967,4165,-3904,-3647,4.99
UAE_121,2025-01,2461,2368,-3094,-3156,-3.78
UAE_121,2025-02,2861,2981,-6594,-6871,4.19
UAE_121,2025-03,5759,5714,-6745,-7826,-0.78
UAE_121,2025-04,2405,2215,-4569,-4266,-7.9
UAE_121,2025-05,13335,12267,-7631,-7690,-8.01
UAE_121,2025-06,4027,4022,-6267,-5935,-0.12
UAE_121,2025-07,8025,7491,-12579,-10996,-6.65
UAE_121,2025-08,2110,2136,-8283,-8559,1.23
UAE_121,2025-09,4331,4652,-12979,-11367,7.41
UAE_121,2025-10,5916,5851,-5719,-5824,-1.1
UAE_121,2025-11,6034,6606,-7254,-6601,9.48
UAE_121,2025-12,2912,3000,-3935,-3426,3.02
UAE_122,2023-01,2099,2206,-2060,-1816,5.1
UAE_122,2023-02,1492,1536,-5445,-5590,2.95
UAE_122,2023-03,2378,2638,-2801,-2856,10.93
UAE_122,2023-04,5436,5532,-6111,-5401,1.77
UAE_122,2023-05,2992,2721,-5495,-5351,-9.06
UAE_122,2023-06,6617,6888,-3851,-3743,4.1
UAE_122,2023-07,1527,1642,-6867,-7609,7.53
UAE_122,2023-08,20537,19318,-3966,-4159,-5.94
UAE_122,2023-09,976,978,-6031,-5659,0.2
UAE_122,2023-10,2043,1879,-2038,-2262,-8.03
UAE_122,2023-11,1256,1181,-5318,-5712,-5.97
UAE_122,2023-12,1755,1616,-5285,-5558,-7.92
UAE_122,2024-01,1878,1862,-4434,-4346,-0.85
UAE_122,2024-02,2590,2498,-3102,-3257,-3.55
UAE_122,2024-03,2662,2599,-5552,-5193,-2.37
UAE_122,2024-04,2412,2284,-4471,-4331,-5.31
UAE_122,2024-05,2795,2931,-7162,-7472,4.87
UAE_122,2024-06,5661,5696,-5468,-5446,0.62
UAE_122,2024-07,3917,3675,-1702,-1900,-6.18
UAE_122,2024-08,2272,2518,-3015,-2729,10.83
UAE_122,2024-09,2320,2333,-5605,-5570,0.56
UAE_122,2024-10,3581,3314,-2357,-2262,-7.46
UAE_122,2024-11,873,870,-3096,-3129,-0.34
UAE_122,2024-12,2624,2864,-5538,-5825,9.15
UAE_122,2025-01,2555,2764,-1084,-1074,8.18
UAE_122,2025-02,2480,2324,-3585,-3789,-6.29
UAE_122,2025-03,1054,978,-2611,-2304,-7.21
UAE_122,2025-04,2919,3003,-1278,-1166,2.88
UAE_122,2025-05,1562,1605,-7956,-7159,2.75
UAE_122,2025-06,5561,5246,-6949,-7437,-5.66
UAE_122,2025-07,4039,4127,-3316,-3130,2.18
UAE_122,2025-08,3024,3128,-6018,-5655,3.44
UAE_122,2025-09,2567,2597,-6808,-6711,1.17
UAE_122,2025-10,2982,3118,-5859,-5772,4.56
UAE_122,2025-11,1427,1425,-3587,-3203,-0.14
UAE_122,2025-12,1899,1938,-1008,-1024,2.05
UAE_123,2023-01,83137,82562,-3357,-3231,-0.69
UAE_123,2023-02,23358,25406,-9054,-9193,8.77
UAE_123,2023-03,121392,123063,-8979,-8112,1.38
UAE_123,2023-04,104397,104281,-22463,-21888,-0.11
UAE_123,2023-05,179047,166666,-15315,-16933,-6.91
UAE_123,2023-06,319966,352224,79916,70433,10.08
UAE_123,2023-07,95843,104245,1956,1741,8.77
UAE_123,2023-08,128182,132434,29229,26123,3.32
UAE_123,2023-09,214055,228108,59341,54412,6.57
UAE_123,2023-10,84864,94241,-25184,-22595,11.05
UAE_123,2023-11,312521,306824,41140,37694,-1.82
UAE_123,2023-12,21890,20032,-16660,-15213,-8.49
UAE_123,2024-01,63502,62244,-4515,-4265,-1.98
UAE_123,2024-02,30018,33244,-2769,-2506,10.75
UAE_123,2024-03,46403,47254,-5408,-5305,1.83
UAE_123,2024-04,12786,12515,-9972,-11041,-2.12
UAE_123,2024-05,142596,131983,-2822,-2732,-7.44
UAE_123,2024-06,172825,163620,-6851,-6012,-5.33
UAE_123,2024-07,52568,53431,-1999,-1921,1.64
UAE_123,2024-08,73500,77532,-39179,-43013,5.49
UAE_123,2024-09,300201,324866,53624,59075,8.22
UAE_123,2024-10,267036,245822,-2547,-2751,-7.94
UAE_123,2024-11,125411,121622,12672,13052,-3.02
UAE_123,2024-12,239095,226558,-3572,-3766,-5.24
UAE_123,2025-01,91009,88076,-17610,-15969,-3.22
UAE_123,2025-02,57713,59131,-24476,-22038,2.46
UAE_123,2025-03,95146,88900,17139,18130,-6.56
UAE_123,2025-04,144114,143631,-4802,-4558,-0.34
UAE_123,2025-05,241864,266965,81840,73814,10.38
UAE_123,2025-06,81802,76780,1464,1688,-6.14
UAE_123,2025-07,391513,371230,30631,28603,-5.18
UAE_123,2025-08,602719,612359,62573,60288,1.6
UAE_123,2025-09,339665,341145,28611,26822,0.44
UAE_123,2025-10,428792,461925,39606,45368,7.73
UAE_123,2025-11,170734,162543,49219,44481,-4.8
UAE_123,2025-12,143425,134714,12640,12614,-6.07
UAE_124,2023-01,1609,1644,-1576,-1776,2.18
UAE_124,2023-02,1434,1420,-3618,-3360,-0.98
UAE_124,2023-03,1186,1276,-1964,-1962,7.59
UAE_124,2023-04,898,841,-2726,-2723,-6.35
UAE_124,2023-05,2573,2706,-2474,-2163,5.17
UAE_124,2023-06,2605,2381,-3161,-3551,-8.6
UAE_124,2023-07,2198,2098,-6164,-5570,-4.55
UAE_124,2023-08,1914,1979,-1296,-1320,3.4
UAE_124,2023-09,3077,3165,-2284,-2539,2.86
UAE_124,2023-10,3154,3122,-1456,-1662,-1.01
UAE_124,2023-11,854,796,-1591,-1463,-6.79
UAE_124,2023-12,2585,2525,-842,-867,-2.32
UAE_124,2024-01,1125,1225,-2147,-1961,8.89
UAE_124,2024-02,1075,1176,-5345,-4778,9.4
UAE_124,2024-03,1908,1902,-1562,-1382,-0.31
UAE_124,2024-04,1073,1151,-4098,-4421,7.27
UAE_124,2024-05,1790,1732,-4115,-4345,-3.24
UAE_124,2024-06,1579,1667,-7360,-7983,5.57
UAE_124,2024-07,1995,1994,-4767,-4982,-0.05
UAE_124,2024-08,3849,3510,-7928,-7035,-8.81
UAE_124,2024-09,3142,3397,-7203,-7392,8.12
UAE_124,2024-10,1754,1672,-2608,-2489,-4.68
UAE_124,2024-11,1278,1249,-4860,-4410,-2.27
UAE_124,2024-12,1558,1715,-1088,-1124,10.08
UAE_124,2025-01,1840,1789,-2647,-2322,-2.77
UAE_124,2025-02,3744,3492,-4685,-5429,-6.73
UAE_124,2025-03,2211,2317,-859,-1010,4.79
UAE_124,2025-04,1849,1993,-1711,-1971,7.79
UAE_124,2025-05,3542,3831,-5070,-4783,8.16
UAE_124,2025-06,3100,3192,-3139,-3044,2.97
UAE_124,2025-07,2892,3161,-5521,-5442,9.3
UAE_124,2025-08,3285,3212,-2831,-2579,-2.22
UAE_124,2025-09,1757,1725,-3454,-3011,-1.82
UAE_124,2025-10,4814,5332,-3966,-4340,10.76
UAE_124,2025-11,3177,3201,-823,-939,0.76
UAE_124,2025-12,2767,2888,-4115,-4384,4.37
UAE_125,2023-01,1685,1592,-5849,-5200,-5.52
UAE_125,2023-02,964,986,-1371,-1300,2.28
UAE_125,2023-03,1143,1189,-2508,-2189,4.02
UAE_125,2023-04,2150,2354,-5200,-4855,9.49
UAE_125,2023-05,1461,1413,-5734,-5087,-3.29
UAE_125,2023-06,6865,6972,-5023,-4777,1.56
UAE_125,2023-07,7104,6775,-6945,-6951,-4.63
UAE_125,2023-08,2842,2637,-5315,-4636,-7.21
UAE_125,2023-09,2542,2749,-4629,-4242,8.14
UAE_125,2023-10,1103,1050,-1412,-1617,-4.81
UAE_125,2023-11,2359,2525,-4001,-3612,7.04
UAE_125,2023-12,1932,2130,-6204,-6219,10.25
UAE_125,2024-01,1431,1535,-4386,-4025,7.27
UAE_125,2024-02,2273,2512,-2614,-2776,10.51
UAE_125,2024-03,2127,2098,-7202,-6313,-1.36
UAE_125,2024-04,1510,1575,-3652,-3217,4.3
UAE_125,2024-05,2221,2200,-8793,-8302,-0.95
UAE_125,2024-06,9826,10766,-5064,-5687,9.57
UAE_125,2024-07,3403,3602,-3316,-3453,5.85
UAE_125,2024-08,2642,2853,-2767,-2541,7.99
UAE_125,2024-09,3110,3086,-3567,-3183,-0.77
UAE_125,2024-10,1609,1784,-6543,-6709,10.88
UAE_125,2024-11,1853,1792,-1676,-1719,-3.29
UAE_125,2024-12,1905,1934,-3614,-3593,1.52
UAE_125,2025-01,2581,2467,-5430,-5553,-4.42
UAE_125,2025-02,815,822,-6007,-7004,0.86
UAE_125,2025-03,1276,1416,-3264,-3094,10.97
UAE_125,2025-04,1170,1226,-4189,-4834,4.79
UAE_125,2025-05,3224,3522,-2384,-2671,9.24
UAE_125,2025-06,3154,3243,-4537,-5155,2.82
UAE_125,2025-07,13180,12585,-3502,-4061,-4.51
UAE_125,2025-08,1623,1697,-3989,-3585,4.56
UAE_125,2025-09,4895,5054,-7413,-6697,3.25
UAE_125,2025-10,1646,1729,-3939,-3548,5.04
UAE_125,2025-11,1144,1084,-6450,-6814,-5.24
UAE_125,2025-12,2340,2131,-5108,-5609,-8.93
UAE_126,2023-01,4027,3810,-5906,-6484,-5.39
UAE_126,2023-02,2836,2862,-8517,-9016,0.92
UAE_126,2023-03,3391,3585,-11312,-10267,5.72
UAE_126,2023-04,3228,3232,-2423,-2190,0.12
UAE_126,2023-05,3262,3606,-11340,-11042,10.55
UAE_126,2023-06,11684,12831,-14210,-12422,9.82
UAE_126,2023-07,7631,7193,-14214,-14509,-5.74
UAE_126,2023-08,5501,5812,-3541,-3381,5.65
UAE_126,2023-09,3737,3679,-5458,-5929,-1.55
UAE_126,2023-10,3568,3741,-5082,-4770,4.85
UAE_126,2023-11,29903,31236,-1528,-1731,4.46
UAE_126,2023-12,3493,3859,-4171,-4609,10.48
UAE_126,2024-01,2846,2625,-2701,-2892,-7.77
UAE_126,2024-02,4044,3717,-9137,-8282,-8.09
UAE_126,2024-03,2916,2854,-4503,-4928,-2.13
UAE_126,2024-04,7683,7851,-5756,-6079,2.19
UAE_126,2024-05,5545,5323,-2988,-3167,-4.0
UAE_126,2024-06,4844,5077,-5950,-6688,4.81
UAE_126,2024-07,28736,27777,-9228,-10236,-3.34
UAE_126,2024-08,20970,21865,-2800,-3206,4.27
UAE_126,2024-09,8494,8685,-9135,-8811,2.25
UAE_126,2024-10,3697,3920,-7668,-7558,6.03
UAE_126,2024-11,3014,3254,-5728,-6465,7.96
UAE_126,2024-12,3169,2891,-2711,-2384,-8.77
UAE_126,2025-01,4541,4889,-1257,-1371,7.66
UAE_126,2025-02,5357,4993,-1056,-1186,-6.79
UAE_126,2025-03,2503,2579,-2962,-3248,3.04
UAE_126,2025-04,9825,9455,-6108,-5351,-3.77
UAE_126,2025-05,3242,3486,-2676,-2538,7.53
UAE_126,2025-06,17397,17615,-11835,-12048,1.25
UAE_126,2025-07,3224,3157,-6264,-6016,-2.08
UAE_126,2025-08,17634,17702,-5992,-5495,0.39
UAE_126,2025-09,5831,6062,-10057,-10373,3.96
UAE_126,2025-10,3393,3678,-8014,-7824,8.4
UAE_126,2025-11,2975,3192,-10293,-10975,7.29
UAE_126,2025-12,3010,3083,-8696,-9191,2.43
UAE_127,2023-01,6755,6144,-9492,-10801,-9.05
UAE_127,2023-02,4208,4676,-7124,-6639,11.12
UAE_127,2023-03,4540,5017,-10204,-10133,10.51
UAE_127,2023-04,1779,1966,-3755,-3834,10.51
UAE_127,2023-05,8756,8628,-8974,-7804,-1.46
UAE_127,2023-06,3598,3952,-6141,-7153,9.84
UAE_127,2023-07,10339,10306,-9094,-8326,-0.32
UAE_127,2023-08,3755,3764,-6918,-6571,0.24
UAE_127,2023-09,7657,8072,-9530,-8445,5.42
UAE_127,2023-10,3874,4076,-4158,-4238,5.21
UAE_127,2023-11,5522,5055,-1946,-1712,-8.46
UAE_127,2023-12,4178,3941,-6298,-6164,-5.67
UAE_127,2024-01,6746,7375,-6701,-6352,9.32
UAE_127,2024-02,5864,5421,-6586,-6212,-7.55
UAE_127,2024-03,2972,3045,-3422,-3866,2.46
UAE_127,2024-04,23763,23819,-8343,-7418,0.24
UAE_127,2024-05,7832,8404,-12580,-12372,7.3
UAE_127,2024-06,1933,1868,-9132,-8878,-3.36
UAE_127,2024-07,2396,2282,-2870,-3276,-4.76
UAE_127,2024-08,11952,12806,-12702,-11152,7.15
UAE_127,2024-09,6291,6122,-2224,-2156,-2.69
UAE_127,2024-10,6313,5826,-1551,-1697,-7.71
UAE_127,2024-11,3305,3665,-4569,-4147,10.89
UAE_127,2024-12,6481,7050,-11319,-10393,8.78
UAE_127,2025-01,3659,3925,-4912,-5042,7.27
UAE_127,2025-02,22055,20910,-6035,-6635,-5.19
UAE_127,2025-03,1820,1830,-3926,-3677,0.55
UAE_127,2025-04,4153,3970,-4129,-4628,-4.41
UAE_127,2025-05,8736,9070,-12102,-11087,3.82
UAE_127,2025-06,6960,6531,-9298,-10136,-6.16
UAE_127,2025-07,7787,8137,-10907,-12637,4.49
UAE_127,2025-08,11000,10384,-4483,-4608,-5.6
UAE_127,2025-09,10992,10804,-7314,-6446,-1.71
UAE_127,2025-10,9322,8656,-11162,-9896,-7.14
UAE_127,2025-11,11336,11116,-6345,-7347,-1.94
UAE_127,2025-12,2531,2596,-3286,-3133,2.57
UAE_128,2023-01,29800,27812,-5722,-5529,-6.67
UAE_128,2023-02,3497,3823,-11803,-12415,9.32
UAE_128,2023-03,5038,5069,-5999,-6169,0.62
UAE_128,2023-04,5529,5237,-2966,-3055,-5.28
UAE_128,2023-05,77598,74835,11186,12460,-3.56
UAE_128,2023-06,10485,10320,-8712,-8733,-1.57
UAE_128,2023-07,14835,14189,-6454,-6178,-4.35
UAE_128,2023-08,8347,9259,-9697,-8774,10.93
UAE_128,2023-09,27112,25066,-17086,-15045,-7.55
UAE_128,2023-10,18676,20739,-14926,-14420,11.05
UAE_128,2023-11,6546,6841,-7546,-7582,4.51
UAE_128,2023-12,11859,12837,-11433,-13246,8.25
UAE_128,2024-01,8039,8080,-13013,-12373,0.51
UAE_128,2024-02,4873,4759,-2679,-2419,-2.34
UAE_128,2024-03,7338,8044,-11164,-11170,9.62
UAE_128,2024-04,25375,23488,-4106,-3774,-7.44
UAE_128,2024-05,10431,11028,-6823,-5961,5.72
UAE_128,2024-06,65165,71722,-2285,-2288,10.06
UAE_128,2024-07,28104,27751,-7212,-7271,-1.26
UAE_128,2024-08,5072,5351,-5138,-5914,5.5
UAE_128,2024-09,7145,7475,-18387,-16699,4.62
UAE_128,2024-10,5657,6046,-11457,-10911,6.88
UAE_128,2024-11,5252,5446,-4155,-3710,3.69
UAE_128,2024-12,2910,3188,-11528,-10644,9.55
UAE_128,2025-01,8293,8312,-10854,-9681,0.23
UAE_128,2025-02,6540,6475,-10638,-9720,-0.99
UAE_128,2025-03,2960,3010,-3907,-4370,1.69
UAE_128,2025-04,12610,12549,-10276,-11125,-0.48
UAE_128,2025-05,3831,3953,-10467,-12039,3.18
UAE_128,2025-06,40014,38248,-11408,-10601,-4.41
UAE_128,2025-07,26724,27638,-19106,-17831,3.42
UAE_128,2025-08,10286,10632,-23771,-21050,3.36
UAE_128,2025-09,27785,27441,-21454,-19589,-1.24
UAE_128,2025-10,20051,21195,-3440,-3271,5.71
UAE_128,2025-11,6583,7145,-10514,-9166,8.54
UAE_128,2025-12,4321,4212,-4250,-3989,-2.52
UAE_129,2023-01,1127,1240,-2164,-2240,10.03
UAE_129,2023-02,2156,2120,-5882,-5332,-1.67
UAE_129,2023-03,1412,1329,-4477,-5153,-5.88
UAE_129,2023-04,1594,1459,-2249,-2505,-8.47
UAE_129,2023-05,2720,2960,-4399,-3830,8.82
UAE_129,2023-06,2686,2457,-3945,-3865,-8.53
UAE_129,2023-07,5297,5480,-5915,-6769,3.45
UAE_129,2023-08,1512,1378,-10989,-9617,-8.86
UAE_129,2023-09,2614,2624,-4539,-5217,0.38
UAE_129,2023-10,1909,1872,-2825,-3175,-1.94
UAE_129,2023-11,2042,2065,-6045,-5382,1.13
UAE_129,2023-12,1256,1315,-4354,-4773,4.7
UAE_129,2024-01,1680,1757,-3866,-3504,4.58
UAE_129,2024-02,1524,1419,-5625,-6017,-6.89
UAE_129,2024-03,1705,1698,-6875,-5981,-0.41
UAE_129,2024-04,3358,3242,-3098,-3187,-3.45
UAE_129,2024-05,2723,2754,-3629,-3494,1.14
UAE_129,2024-06,3295,3194,-2841,-2569,-3.07
UAE_129,2024-07,3882,3554,-6138,-5763,-8.45
UAE_129,2024-08,3666,3604,-6110,-6628,-1.69
UAE_129,2024-09,2481,2459,-3742,-3274,-0.89
UAE_129,2024-10,1514,1569,-7076,-7214,3.63
UAE_129,2024-11,1594,1616,-1345,-1559,1.38
UAE_129,2024-12,1760,1776,-2752,-2693,0.91
UAE_129,2025-01,2748,2837,-1641,-1746,3.24
UAE_129,2025-02,1726,1627,-2675,-2607,-5.74
UAE_129,2025-03,2830,2911,-2039,-2339,2.86
UAE_129,2025-04,2306,2331,-5610,-6092,1.08
UAE_129,2025-05,1612,1509,-4236,-4065,-6.39
UAE_129,2025-06,2645,2796,-6375,-6413,5.71
UAE_129,2025-07,3654,3590,-1462,-1451,-1.75
UAE_129,2025-08,3636,3937,-1801,-1781,8.28
UAE_129,2025-09,2300,2129,-5582,-6061,-7.43
UAE_129,2025-10,3146,3088,-2186,-2550,-1.84
UAE_129,2025-11,3665,3380,-714,-670,-7.78
UAE_129,2025-12,1917,1856,-3775,-4160,-3.18
UAE_130,2023-01,1261,1349,-2130,-2047,6.98
UAE_130,2023-02,1083,1028,-2561,-2241,-5.08
UAE_130,2023-03,1236,1352,-2838,-3191,9.39
UAE_130,2023-04,3018,3035,-3312,-3234,0.56
UAE_130,2023-05,3026,2996,-3372,-3071,-0.99
UAE_130,2023-06,2954,3081,-5731,-5515,4.3
UAE_130,2023-07,4476,4597,-5604,-6048,2.7
UAE_130,2023-08,1719,1595,-5284,-5280,-7.21
UAE_130,2023-09,2679,2473,-3151,-3123,-7.69
UAE_130,2023-10,2635,2455,-1733,-1571,-6.83
UAE_130,2023-11,1799,1697,-4025,-3669,-5.67
UAE_130,2023-12,2588,2678,-2132,-2395,3.48
UAE_130,2024-01,1325,1383,-2041,-2231,4.38
UAE_130,2024-02,841,864,-4244,-3806,2.73
UAE_130,2024-03,2096,2244,-6531,-6581,7.06
UAE_130,2024-04,2396,2273,-1859,-2010,-5.13
UAE_130,2024-05,2880,3139,-5739,-6741,8.99
UAE_130,2024-06,3390,3482,-1555,-1529,2.71
UAE_130,2024-07,3677,3399,-2601,-2308,-7.56
UAE_130,2024-08,2026,1952,-8012,-9115,-3.65
UAE_130,2024-09,4592,4575,-4138,-4238,-0.37
UAE_130,2024-10,1422,1418,-2187,-1946,-0.28
UAE_130,2024-11,2257,2496,-3192,-3483,10.59
UAE_130,2024-12,2499,2368,-3008,-2878,-5.24
UAE_130,2025-01,1876,1816,-1503,-1443,-3.2
UAE_130,2025-02,2661,2925,-2482,-2562,9.92
UAE_130,2025-03,2913,2649,-2223,-2580,-9.06
UAE_130,2025-04,1507,1499,-7497,-7143,-0.53
UAE_130,2025-05,1693,1657,-7192,-6873,-2.13
UAE_130,2025-06,2976,2752,-8348,-7491,-7.53
UAE_130,2025-07,12589,12386,-3689,-3673,-1.61
UAE_130,2025-08,2388,2522,-6496,-6028,5.61
UAE_130,2025-09,1715,1609,-3470,-3044,-6.18
UAE_130,2025-10,1418,1540,-3495,-3421,8.6
UAE_130,2025-11,2185,2114,-2411,-2098,-3.25
UAE_130,2025-12,2006,2023,-4235,-4085,0.85
UAE_131,2023-01,1445,1475,-5385,-6168,2.08
UAE_131,2023-02,2235,2247,-7267,-8089,0.54
UAE_131,2023-03,1152,1242,-2298,-2370,7.81
UAE_131,2023-04,2348,2170,-3273,-3696,-7.58
UAE_131,2023-05,4040,4270,-5378,-5837,5.69
UAE_131,2023-06,9010,9396,-10744,-9788,4.28
UAE_131,2023-07,2982,3254,-3004,-3206,9.12
UAE_131,2023-08,2732,2712,-8241,-7671,-0.73
UAE_131,2023-09,2142,1985,-6051,-6081,-7.33
UAE_131,2023-10,2832,2762,-5765,-6169,-2.47
UAE_131,2023-11,2853,2899,-2655,-2480,1.61
UAE_131,2023-12,2387,2576,-1490,-1701,7.92
UAE_131,2024-01,2853,2811,-8961,-8704,-1.47
UAE_131,2024-02,2738,2702,-1801,-1781,-1.31
UAE_131,2024-03,2980,3261,-2236,-2494,9.43
UAE_131,2024-04,1449,1480,-1779,-2085,2.14
UAE_131,2024-05,2095,2088,-2343,-2089,-0.33
UAE_131,2024-06,1578,1725,-3482,-3089,9.32
UAE_131,2024-07,4022,4415,-2465,-2319,9.77
UAE_131,2024-08,2714,3013,-9784,-10155,11.02
UAE_131,2024-09,11586,11340,-7777,-7237,-2.12
UAE_131,2024-10,4389,4273,-3128,-2728,-2.64
UAE_131,2024-11,4288,3912,-1697,-1763,-8.77
UAE_131,2024-12,3847,3679,-4730,-4649,-4.37
UAE_131,2025-01,2745,2896,-7332,-6454,5.5
UAE_131,2025-02,2905,3152,-989,-884,8.5
UAE_131,2025-03,2208,2025,-5392,-5327,-8.29
UAE_131,2025-04,1582,1724,-4911,-4298,8.98
UAE_131,2025-05,4681,4921,-4550,-4182,5.13
UAE_131,2025-06,10373,10371,-5180,-5438,-0.02
UAE_131,2025-07,7800,8629,-9518,-9555,10.63
UAE_131,2025-08,2699,2902,-9719,-10636,7.52
UAE_131,2025-09,11315,10726,-8217,-8232,-5.21
UAE_131,2025-10,3005,2749,-4995,-5522,-8.52
UAE_131,2025-11,1764,1619,-2132,-2130,-8.22
UAE_131,2025-12,2682,2784,-1721,-1924,3.8
UAE_132,2023-01,2060,2025,-8408,-9058,-1.7
UAE_132,2023-02,3357,3671,-4724,-4816,9.35
UAE_132,2023-03,3990,4238,-3635,-3957,6.22
UAE_132,2023-04,2925,3101,-8243,-8612,6.02
UAE_132,2023-05,4484,4397,-4144,-4754,-1.94
UAE_132,2023-06,2930,2788,-3486,-3990,-4.85
UAE_132,2023-07,13104,12591,-9039,-10431,-3.91
UAE_132,2023-08,5115,5273,-4336,-5057,3.09
UAE_132,2023-09,8574,8968,-11268,-10388,4.6
UAE_132,2023-10,4122,3997,-4592,-4150,-3.03
UAE_132,2023-11,14273,14181,-7780,-6938,-0.64
UAE_132,2023-12,2677,2542,-7789,-7480,-5.04
UAE_132,2024-01,3362,3456,-5296,-4998,2.8
UAE_132,2024-02,15425,14825,-6248,-6302,-3.89
UAE_132,2024-03,3834,4045,-4225,-4112,5.5
UAE_132,2024-04,5382,5081,-6263,-6493,-5.59
UAE_132,2024-05,6715,7295,-11491,-11398,8.64
UAE_132,2024-06,7639,7460,-11851,-11789,-2.34
UAE_132,2024-07,3794,4125,-8742,-8936,8.72
UAE_132,2024-08,4379,4278,-2173,-2310,-2.31
UAE_132,2024-09,3159,3250,-2974,-3337,2.88
UAE_132,2024-10,1648,1573,-7737,-8873,-4.55
UAE_132,2024-11,2270,2114,-4401,-4393,-6.87
UAE_132,2024-12,1518,1597,-2318,-2253,5.2
UAE_132,2025-01,9355,10009,-7242,-6970,6.99
UAE_132,2025-02,4521,4507,-9097,-10454,-0.31
UAE_132,2025-03,5181,5116,-6114,-5418,-1.25
UAE_132,2025-04,6172,6854,-7124,-6440,11.05
UAE_132,2025-05,5365,5938,-5938,-6527,10.68
UAE_132,2025-06,10373,10390,-10389,-10616,0.16
UAE_132,2025-07,17017,17811,-11366,-9914,4.67
UAE_132,2025-08,3326,3147,-2815,-3209,-5.38
UAE_132,2025-09,16353,16723,-5974,-6132,2.26
UAE_132,2025-10,7019,7105,-6026,-6974,1.23
UAE_132,2025-11,4462,4058,-7910,-7881,-9.05
UAE_132,2025-12,4347,4180,-9244,-9344,-3.84
UAE_133,2023-01,695,637,-5065,-5317,-8.35
UAE_133,2023-02,1085,1009,-4067,-3860,-7.0
UAE_133,2023-03,2509,2467,-1543,-1422,-1.67
UAE_133,2023-04,1828,1688,-4802,-4327,-7.66
UAE_133,2023-05,2000,2027,-5409,-5017,1.35
UAE_133,2023-06,1025,939,-3095,-2886,-8.39
UAE_133,2023-07,3111,3057,-6723,-6619,-1.74
UAE_133,2023-08,2222,2079,-8186,-8559,-6.44
UAE_133,2023-09,2776,2951,-4077,-4583,6.3
UAE_133,2023-10,2212,2054,-1809,-1647,-7.14
UAE_133,2023-11,1346,1479,-5811,-6733,9.88
UAE_133,2023-12,1385,1469,-1025,-1066,6.06
UAE_133,2024-01,3356,3681,-5808,-5687,9.68
UAE_133,2024-02,1032,1062,-2045,-2098,2.91
UAE_133,2024-03,864,897,-2088,-1994,3.82
UAE_133,2024-04,1349,1334,-2490,-2542,-1.11
UAE_133,2024-05,2681,2448,-2521,-2503,-8.69
UAE_133,2024-06,3257,3042,-5154,-4668,-6.6
UAE_133,2024-07,3575,3770,-4162,-3880,5.45
UAE_133,2024-08,3381,3286,-9963,-8665,-2.81
UAE_133,2024-09,3220,3443,-1229,-1115,6.93
UAE_133,2024-10,3335,3454,-1581,-1575,3.57
UAE_133,2024-11,1887,2026,-5299,-5631,7.37
UAE_133,2024-12,958,1001,-1328,-1523,4.49
UAE_133,2025-01,1848,1890,-6502,-6016,2.27
UAE_133,2025-02,2537,2731,-3760,-3763,7.65
UAE_133,2025-03,1266,1174,-1979,-2079,-7.27
UAE_133,2025-04,1790,1938,-4157,-4536,8.27
UAE_133,2025-05,4054,3727,-4425,-4121,-8.07
UAE_133,2025-06,3187,3118,-1075,-1114,-2.17
UAE_133,2025-07,1877,1990,-2195,-2479,6.02
UAE_133,2025-08,4014,3791,-695,-745,-5.56
UAE_133,2025-09,1579,1462,-7776,-7342,-7.41
UAE_133,2025-10,3051,2925,-4539,-4273,-4.13
UAE_133,2025-11,1203,1110,-4228,-4792,-7.73
UAE_133,2025-12,2434,2644,-4888,-4696,8.63
UAE_134,2023-01,2829,2811,-1191,-1241,-0.64
UAE_134,2023-02,2636,2631,-6087,-5878,-0.19
UAE_134,2023-03,3966,4204,-11250,-11399,6.0
UAE_134,2023-04,3278,3138,-5962,-5858,-4.27
UAE_134,2023-05,17723,16905,-5817,-5800,-4.62
UAE_134,2023-06,5240,5058,-1910,-2219,-3.47
UAE_134,2023-07,2869,3152,-4349,-4354,9.86
UAE_134,2023-08,3475,3312,-13528,-14819,-4.69
UAE_134,2023-09,3276,3311,-11537,-11511,1.07
UAE_134,2023-10,4475,4202,-6225,-5956,-6.1
UAE_134,2023-11,3131,3351,-9216,-8647,7.03
UAE_134,2023-12,2633,2747,-3040,-3024,4.33
UAE_134,2024-01,3886,4157,-4011,-4396,6.97
UAE_134,2024-02,6337,6491,-3526,-3935,2.43
UAE_134,2024-03,3709,3778,-6951,-6365,1.86
UAE_134,2024-04,3266,3488,-2902,-3366,6.8
UAE_134,2024-05,5057,4791,-10667,-9861,-5.26
UAE_134,2024-06,3533,3477,-4526,-4507,-1.59
UAE_134,2024-07,6814,6348,-5977,-6651,-6.84
UAE_134,2024-08,6744,6300,-1879,-2014,-6.58
UAE_134,2024-09,14626,13497,-6703,-6773,-7.72
UAE_134,2024-10,10436,9678,-7774,-7195,-7.26
UAE_134,2024-11,4672,4288,-2936,-3144,-8.22
UAE_134,2024-12,4455,4198,-11687,-10565,-5.77
UAE_134,2025-01,13538,13067,-5255,-5962,-3.48
UAE_134,2025-02,4567,4417,-1740,-1673,-3.28
UAE_134,2025-03,2063,2289,-4407,-3958,10.95
UAE_134,2025-04,5199,5647,-3382,-3436,8.62
UAE_134,2025-05,4053,4152,-2849,-3262,2.44
UAE_134,2025-06,3388,3411,-3174,-3469,0.68
UAE_134,2025-07,24288,24275,-7054,-6542,-0.05
UAE_134,2025-08,6278,6336,-2532,-2804,0.92
UAE_134,2025-09,10771,10800,-8877,-8357,0.27
UAE_134,2025-10,3160,3470,-3005,-3235,9.81
UAE_134,2025-11,3391,3149,-3352,-3338,-7.14
UAE_134,2025-12,5294,5157,-3570,-3128,-2.59
UAE_135,2023-01,2134,1968,-6016,-6720,-7.78
UAE_135,2023-02,1846,1805,-1750,-1530,-2.22
UAE_135,2023-03,4687,4423,-4222,-4956,-5.63
UAE_135,2023-04,958,1032,-4750,-4469,7.72
UAE_135,2023-05,2014,2032,-3247,-2915,0.89
UAE_135,2023-06,1888,1883,-1929,-1682,-0.26
UAE_135,2023-07,2517,2605,-1803,-1973,3.5
UAE_135,2023-08,3642,3394,-1373,-1379,-6.81
UAE_135,2023-09,1252,1262,-3087,-3335,0.8
UAE_135,2023-10,2368,2181,-6629,-6200,-7.9
UAE_135,2023-11,2338,2561,-4994,-5430,9.54
UAE_135,2023-12,2827,2639,-2808,-2927,-6.65
UAE_135,2024-01,2284,2082,-4547,-4331,-8.84
UAE_135,2024-02,701,756,-2814,-2830,7.85
UAE_135,2024-03,2546,2721,-2930,-2893,6.87
UAE_135,2024-04,3330,3068,-5483,-4943,-7.87
UAE_135,2024-05,989,938,-2870,-3171,-5.16
UAE_135,2024-06,3397,3258,-3820,-3527,-4.09
UAE_135,2024-07,2059,1884,-8950,-8191,-8.5
UAE_135,2024-08,4054,3834,-1589,-1718,-5.43
UAE_135,2024-09,2805,3024,-3240,-3122,7.81
UAE_135,2024-10,1433,1313,-5059,-4457,-8.37
UAE_135,2024-11,1258,1177,-4400,-3993,-6.44
UAE_135,2024-12,981,1070,-2997,-2689,9.07
UAE_135,2025-01,2451,2629,-912,-917,7.26
UAE_135,2025-02,1735,1841,-1067,-1054,6.11
UAE_135,2025-03,3023,3119,-4519,-5053,3.18
UAE_135,2025-04,3087,3231,-5241,-4614,4.66
UAE_135,2025-05,3749,3829,-2612,-2838,2.13
UAE_135,2025-06,2396,2523,-4855,-5699,5.3
UAE_135,2025-07,4293,4099,-5276,-4652,-4.52
UAE_135,2025-08,3259,3115,-963,-974,-4.42
UAE_135,2025-09,1519,1676,-2364,-2059,10.34
UAE_135,2025-10,2130,1969,-1789,-1640,-7.56
UAE_135,2025-11,1078,1170,-5030,-5468,8.53
UAE_135,2025-12,3247,3175,-1479,-1601,-2.22
UAE_136,2023-01,1856,1727,-3123,-3658,-6.95
UAE_136,2023-02,2577,2363,-4824,-4488,-8.3
UAE_136,2023-03,2994,3233,-6144,-5790,7.98
UAE_136,2023-04,2201,2107,-2394,-2185,-4.27
UAE_136,2023-05,1101,1100,-3235,-3299,-0.09
UAE_136,2023-06,2632,2797,-5421,-5122,6.27
UAE_136,2023-07,1328,1374,-8136,-9124,3.46
UAE_136,2023-08,7881,8352,-6564,-6036,5.98
UAE_136,2023-09,3086,3110,-1320,-1280,0.78
UAE_136,2023-10,5093,5634,-6939,-6091,10.62
UAE_136,2023-11,1551,1548,-2028,-2218,-0.19
UAE_136,2023-12,2062,1967,-2183,-2317,-4.61
UAE_136,2024-01,2390,2478,-1093,-1113,3.68
UAE_136,2024-02,2198,2103,-3688,-3209,-4.32
UAE_136,2024-03,2286,2286,-1831,-1962,0.0
UAE_136,2024-04,2937,3080,-3181,-2854,4.87
UAE_136,2024-05,5001,5486,-6144,-5909,9.7
UAE_136,2024-06,3102,3068,-8772,-8033,-1.1
UAE_136,2024-07,1610,1712,-1494,-1541,6.34
UAE_136,2024-08,4171,3856,-2397,-2713,-7.55
UAE_136,2024-09,3014,2974,-2038,-2141,-1.33
UAE_136,2024-10,3295,3014,-4679,-4259,-8.53
UAE_136,2024-11,1908,2100,-1504,-1574,10.06
UAE_136,2024-12,2178,2239,-5584,-4942,2.8
UAE_136,2025-01,884,886,-1355,-1186,0.23
UAE_136,2025-02,2038,2029,-1205,-1190,-0.44
UAE_136,2025-03,3226,3127,-4771,-4219,-3.07
UAE_136,2025-04,1356,1371,-4725,-4157,1.11
UAE_136,2025-05,1659,1667,-3614,-3172,0.48
UAE_136,2025-06,2454,2609,-5649,-5896,6.32
UAE_136,2025-07,2733,2596,-4378,-4638,-5.01
UAE_136,2025-08,1140,1217,-8584,-7473,6.75
UAE_136,2025-09,2012,1831,-5173,-6041,-9.0
UAE_136,2025-10,1950,2093,-8011,-7853,7.33
UAE_136,2025-11,2443,2660,-4281,-4920,8.88
UAE_136,2025-12,2886,2932,-3869,-4012,1.59
UAE_137,2023-01,396008,413511,52680,56237,4.42
UAE_137,2023-02,1442447,1423964,270967,243899,-1.28
UAE_137,2023-03,978667,1015117,130793,115706,3.72
UAE_137,2023-04,1428755,1314611,386186,409956,-7.99
UAE_137,2023-05,1171233,1265688,273692,283122,8.06
UAE_137,2023-06,1777695,1711188,161165,173652,-3.74
UAE_137,2023-07,1855003,1821293,429071,405578,-1.82
UAE_137,2023-08,6094178,5644971,1950266,1732781,-7.37
UAE_137,2023-09,591499,620945,101818,101340,4.98
UAE_137,2023-10,1653664,1803468,497815,445236,9.06
UAE_137,2023-11,3249623,3262686,451782,476449,0.4
UAE_137,2023-12,755191,723914,110114,102461,-4.14
UAE_137,2024-01,1924502,1757692,300161,312104,-8.67
UAE_137,2024-02,492738,488343,99001,111109,-0.89
UAE_137,2024-03,3240472,3295847,747588,769285,1.71
UAE_137,2024-04,1136392,1041905,184960,215844,-8.31
UAE_137,2024-05,1843434,1964850,646024,585077,6.59
UAE_137,2024-06,2177517,2279743,696178,625703,4.69
UAE_137,2024-07,749173,697811,187194,163390,-6.86
UAE_137,2024-08,5120236,5186040,1426012,1537025,1.29
UAE_137,2024-09,4709240,4741275,1399596,1309459,0.68
UAE_137,2024-10,1476917,1612865,278911,286434,9.2
UAE_137,2024-11,2150292,1963253,434787,415976,-8.7
UAE_137,2024-12,2012669,2214766,599132,527727,10.04
UAE_137,2025-01,1491246,1360991,193791,225533,-8.73
UAE_137,2025-02,1911729,1914056,291958,316166,0.12
UAE_137,2025-03,2412464,2392710,379471,341847,-0.82
UAE_137,2025-04,623322,652297,126473,138805,4.65
UAE_137,2025-05,2017432,2103722,479888,555936,4.28
UAE_137,2025-06,2573017,2566779,448658,411879,-0.24
UAE_137,2025-07,1600004,1579816,272505,272385,-1.26
UAE_137,2025-08,9105094,9239829,3943559,3499744,1.48
UAE_137,2025-09,2170655,2347239,631527,582377,8.14
UAE_137,2025-10,915467,903117,163237,186909,-1.35
UAE_137,2025-11,699949,763981,185098,162275,9.15
UAE_137,2025-12,1504381,1376986,175273,184328,-8.47
UAE_138,2023-01,794,748,-1284,-1336,-5.79
UAE_138,2023-02,2147,2156,-2967,-2903,0.42
UAE_138,2023-03,1835,2034,-4114,-4114,10.84
UAE_138,2023-04,1247,1311,-5652,-6092,5.13
UAE_138,2023-05,1251,1264,-5586,-5128,1.04
UAE_138,2023-06,2117,1978,-3426,-3151,-6.57
UAE_138,2023-07,2836,2966,-8676,-8240,4.58
UAE_138,2023-08,1079,1185,-3271,-2865,9.82
UAE_138,2023-09,1444,1422,-7104,-8075,-1.52
UAE_138,2023-10,3030,2920,-4297,-4584,-3.63
UAE_138,2023-11,1635,1570,-5499,-5140,-3.98
UAE_138,2023-12,971,918,-1864,-2011,-5.46
UAE_138,2024-01,1443,1387,-2231,-2284,-3.88
UAE_138,2024-02,2329,2398,-3125,-3440,2.96
UAE_138,2024-03,2079,2265,-2531,-2925,8.95
UAE_138,2024-04,1522,1398,-7659,-6744,-8.15
UAE_138,2024-05,2663,2663,-4746,-5125,0.0
UAE_138,2024-06,2890,2840,-3909,-3770,-1.73
UAE_138,2024-07,2460,2534,-2551,-2497,3.01
UAE_138,2024-08,1140,1227,-7718,-7426,7.63
UAE_138,2024-09,3590,3760,-4244,-3813,4.74
UAE_138,2024-10,1087,1057,-6020,-5546,-2.76
UAE_138,2024-11,3520,3201,-1788,-1976,-9.06
UAE_138,2024-12,2504,2629,-1447,-1685,4.99
UAE_138,2025-01,1056,1024,-5705,-6647,-3.03
UAE_138,2025-02,5274,4840,-3959,-4174,-8.23
UAE_138,2025-03,2507,2717,-6619,-6675,8.38
UAE_138,2025-04,1887,1819,-4121,-4752,-3.6
UAE_138,2025-05,3294,3038,-2086,-2410,-7.77
UAE_138,2025-06,2426,2615,-1803,-2006,7.79
UAE_138,2025-07,2973,2773,-5096,-4628,-6.73
UAE_138,2025-08,3617,3408,-6064,-5567,-5.78
UAE_138,2025-09,3288,3356,-2090,-1918,2.07
UAE_138,2025-10,1227,1237,-4099,-4202,0.81
UAE_138,2025-11,1391,1404,-4715,-4860,0.93
UAE_138,2025-12,2313,2517,-2639,-2773,8.82
UAE_139,2023-01,3928,4090,-6031,-6434,4.12
UAE_139,2023-02,7046,6576,-5900,-6456,-6.67
UAE_139,2023-03,1561,1692,-6825,-6217,8.39
UAE_139,2023-04,9018,8462,-11642,-12294,-6.17
UAE_139,2023-05,3927,4069,-7234,-8211,3.62
UAE_139,2023-06,5996,5908,-8196,-7588,-1.47
UAE_139,2023-07,5845,5403,-6781,-6758,-7.56
UAE_139,2023-08,17633,19336,-12127,-12711,9.66
UAE_139,2023-09,6357,5806,-7382,-6835,-8.67
UAE_139,2023-10,1673,1780,-5707,-6457,6.4
UAE_139,2023-11,1911,2008,-6533,-7593,5.08
UAE_139,2023-12,2777,2826,-1813,-2078,1.76
UAE_139,2024-01,3306,3290,-6509,-6970,-0.48
UAE_139,2024-02,2059,2177,-4793,-5180,5.73
UAE_139,2024-03,4566,4502,-9085,-9040,-1.4
UAE_139,2024-04,2890,2867,-2738,-2634,-0.8
UAE_139,2024-05,2554,2334,-6170,-5741,-8.61
UAE_139,2024-06,23310,22745,-7957,-7309,-2.42
UAE_139,2024-07,26670,25707,-7581,-7871,-3.61
UAE_139,2024-08,5842,6082,-1579,-1414,4.11
UAE_139,2024-09,10732,11226,-6994,-7257,4.6
UAE_139,2024-10,6167,6201,-6695,-6943,0.55
UAE_139,2024-11,9005,9330,-5712,-5999,3.61
UAE_139,2024-12,4235,4235,-8842,-10111,0.0
UAE_139,2025-01,10634,10360,-7813,-6878,-2.58
UAE_139,2025-02,4532,4444,-4526,-4002,-1.94
UAE_139,2025-03,19176,17632,-6485,-5814,-8.05
UAE_139,2025-04,2239,2427,-2362,-2726,8.4
UAE_139,2025-05,10619,10080,-5005,-5497,-5.08
UAE_139,2025-06,15892,17465,-7900,-7397,9.9
UAE_139,2025-07,9983,9746,-12318,-13019,-2.37
UAE_139,2025-08,3238,3187,-7593,-7453,-1.58
UAE_139,2025-09,33814,33353,-4606,-5102,-1.36
UAE_139,2025-10,4432,4837,-3175,-3131,9.14
UAE_139,2025-11,2117,2345,-8646,-9020,10.77
UAE_139,2025-12,4056,4100,-7523,-7216,1.08
UAE_140,2023-01,3055,3224,-4381,-3851,5.53
UAE_140,2023-02,8537,8549,-5350,-5130,0.14
UAE_140,2023-03,9661,10294,-4213,-4217,6.55
UAE_140,2023-04,3041,3253,-9090,-8919,6.97
UAE_140,2023-05,7975,7772,-6171,-5843,-2.55
UAE_140,2023-06,4201,4637,-13572,-11998,10.38
UAE_140,2023-07,4363,4438,-2824,-2646,1.72
UAE_140,2023-08,3045,3293,-7820,-8903,8.14
UAE_140,2023-09,1560,1500,-8603,-8506,-3.85
UAE_140,2023-10,14757,13647,-8978,-8261,-7.52
UAE_140,2023-11,3183,3210,-4633,-4854,0.85
UAE_140,2023-12,6586,6319,-6739,-7275,-4.05
UAE_140,2024-01,1859,1812,-8518,-8407,-2.53
UAE_140,2024-02,2189,2013,-6648,-7195,-8.04
UAE_140,2024-03,8783,8292,-2967,-2849,-5.59
UAE_140,2024-04,5469,5385,-9981,-10206,-1.54
UAE_140,2024-05,3960,3705,-9589,-9765,-6.44
UAE_140,2024-06,4464,4095,-3764,-3289,-8.27
UAE_140,2024-07,2072,2192,-5679,-5667,5.79
UAE_140,2024-08,1875,1987,-5610,-5491,5.97
UAE_140,2024-09,2338,2351,-6512,-6838,0.56
UAE_140,2024-10,3985,4121,-7108,-8089,3.41
UAE_140,2024-11,1602,1555,-7883,-8091,-2.93
UAE_140,2024-12,2824,2860,-8619,-7608,1.27
UAE_140,2025-01,3317,3414,-2845,-2756,2.92
UAE_140,2025-02,1577,1559,-4288,-4827,-1.14
UAE_140,2025-03,3629,3564,-5860,-5144,-1.79
UAE_140,2025-04,4687,4723,-2118,-1870,0.77
UAE_140,2025-05,5469,5214,-9879,-10415,-4.66
UAE_140,2025-06,2235,2364,-3014,-2892,5.77
UAE_140,2025-07,10487,11411,-4485,-4737,8.81
UAE_140,2025-08,4489,4979,-7791,-7539,10.92
UAE_140,2025-09,5701,5694,-796,-912,-0.12
UAE_140,2025-10,4077,4016,-10433,-9770,-1.5
UAE_140,2025-11,4912,4753,-4028,-4388,-3.24
UAE_140,2025-12,1385,1366,-8479,-9115,-1.37
UAE_141,2023-01,2158,2286,-4984,-4678,5.93
UAE_141,2023-02,2640,2433,-2972,-3303,-7.84
UAE_141,2023-03,1703,1553,-1882,-1803,-8.81
UAE_141,2023-04,1179,1201,-4520,-4750,1.87
UAE_141,2023-05,5819,5926,-8317,-8312,1.84
UAE_141,2023-06,1987,2189,-1422,-1616,10.17
UAE_141,2023-07,3262,3003,-4084,-4786,-7.94
UAE_141,2023-08,1781,1730,-6952,-6173,-2.86
UAE_141,2023-09,1733,1778,-7027,-6438,2.6
UAE_141,2023-10,1387,1284,-4566,-4595,-7.43
UAE_141,2023-11,1252,1175,-6262,-5968,-6.15
UAE_141,2023-12,2245,2373,-3348,-2919,5.7
UAE_141,2024-01,2586,2411,-2125,-2081,-6.77
UAE_141,2024-02,1400,1281,-2926,-2677,-8.5
UAE_141,2024-03,1505,1568,-1135,-1006,4.19
UAE_141,2024-04,993,1053,-5711,-5778,6.04
UAE_141,2024-05,2883,2845,-3755,-4107,-1.32
UAE_141,2024-06,1763,1951,-2157,-1915,10.66
UAE_141,2024-07,3158,3148,-4628,-4576,-0.32
UAE_141,2024-08,3576,3697,-3939,-4316,3.38
UAE_141,2024-09,3062,2984,-3470,-3716,-2.55
UAE_141,2024-10,1323,1326,-3501,-3764,0.23
UAE_141,2024-11,2346,2487,-2633,-2607,6.01
UAE_141,2024-12,2158,2197,-1217,-1071,1.81
UAE_141,2025-01,1377,1436,-4961,-5825,4.28
UAE_141,2025-02,1609,1727,-5263,-5162,7.33
UAE_141,2025-03,988,911,-4674,-5286,-7.79
UAE_141,2025-04,2085,2169,-2378,-2193,4.03
UAE_141,2025-05,1219,1237,-2732,-2875,1.48
UAE_141,2025-06,2898,2953,-5270,-4778,1.9
UAE_141,2025-07,1658,1753,-7288,-6606,5.73
UAE_141,2025-08,1317,1378,-3809,-4146,4.63
UAE_141,2025-09,2906,2654,-6154,-7104,-8.67
UAE_141,2025-10,3418,3316,-7154,-7091,-2.98
UAE_141,2025-11,6042,5699,-7197,-6269,-5.68
UAE_141,2025-12,1226,1191,-2013,-2341,-2.85
UAE_142,2023-01,7045,7310,-8610,-7736,3.76
UAE_142,2023-02,13063,12563,-14318,-14836,-3.83
UAE_142,2023-03,14920,14856,-6614,-6891,-0.43
UAE_142,2023-04,4091,4287,-7872,-7816,4.79
UAE_142,2023-05,7058,6774,-6951,-6983,-4.02
UAE_142,2023-06,10323,9982,-11225,-11555,-3.3
UAE_142,2023-07,15616,15343,-17058,-14945,-1.75
UAE_142,2023-08,25815,27224,-9648,-9603,5.46
UAE_142,2023-09,5371,5157,-10899,-9845,-3.98
UAE_142,2023-10,33493,31209,-14503,-13590,-6.82
UAE_142,2023-11,6110,5857,-13776,-13331,-4.14
UAE_142,2023-12,21840,20695,-6711,-6158,-5.24
UAE_142,2024-01,7994,7807,-5651,-4921,-2.34
UAE_142,2024-02,14203,14836,-4166,-4271,4.46
UAE_142,2024-03,8429,8662,-9889,-8884,2.76
UAE_142,2024-04,31411,29191,-7874,-7770,-7.07
UAE_142,2024-05,7725,8390,-8493,-7557,8.61
UAE_142,2024-06,26435,27013,-4848,-4479,2.19
UAE_142,2024-07,103406,109673,6617,6231,6.06
UAE_142,2024-08,11602,10976,-5721,-5839,-5.4
UAE_142,2024-09,46776,45104,-18243,-19148,-3.57
UAE_142,2024-10,18431,20416,-23525,-25026,10.77
UAE_142,2024-11,59292,57009,-12449,-12887,-3.85
UAE_142,2024-12,14332,14418,-8657,-8130,0.6
UAE_142,2025-01,6667,6937,-5882,-5740,4.05
UAE_142,2025-02,9294,9478,-16457,-16158,1.98
UAE_142,2025-03,9646,9849,-3895,-3430,2.1
UAE_142,2025-04,22867,21174,-152,-177,-7.4
UAE_142,2025-05,107457,117723,232,220,9.55
UAE_142,2025-06,58758,61505,-11040,-10299,4.68
UAE_142,2025-07,75324,72875,-4184,-3711,-3.25
UAE_142,2025-08,50343,54545,-23066,-20059,8.35
UAE_142,2025-09,61075,59448,-5439,-5756,-2.66
UAE_142,2025-10,91555,93654,-6399,-7079,2.29
UAE_142,2025-11,52399,55042,-5928,-5892,5.04
UAE_142,2025-12,16642,16787,-7023,-7157,0.87
UAE_143,2023-01,21067,23169,-6174,-7007,9.98
UAE_143,2023-02,293155,314350,43937,38957,7.23
UAE_143,2023-03,108373,113650,-22212,-21161,4.87
UAE_143,2023-04,408271,393102,33498,34527,-3.72
UAE_143,2023-05,275218,289010,23022,20393,5.01
UAE_143,2023-06,487994,470428,95790,112059,-3.6
UAE_143,2023-07,171010,162586,-13709,-13482,-4.93
UAE_143,2023-08,222428,226898,2017,2344,2.01
UAE_143,2023-09,350228,366059,28664,25979,4.52
UAE_143,2023-10,458239,444407,58389,63521,-3.02
UAE_143,2023-11,109961,109072,-3478,-3933,-0.81
UAE_143,2023-12,208296,203030,10262,10883,-2.53
UAE_143,2024-01,181088,167585,4274,4022,-7.46
UAE_143,2024-02,58527,55251,3627,3498,-5.6
UAE_143,2024-03,15591,15750,-14610,-12753,1.02
UAE_143,2024-04,301873,327148,37800,32922,8.37
UAE_143,2024-05,211897,224937,-715,-639,6.15
UAE_143,2024-06,367960,357455,52897,57918,-2.85
UAE_143,2024-07,152826,148500,-6046,-5989,-2.83
UAE_143,2024-08,45649,48564,-6480,-5937,6.39
UAE_143,2024-09,326847,316232,6193,6011,-3.25
UAE_143,2024-10,116465,106954,12775,14286,-8.17
UAE_143,2024-11,311066,321993,72256,64487,3.51
UAE_143,2024-12,260204,240365,19528,17375,-7.62
UAE_143,2025-01,231579,218104,9383,8779,-5.82
UAE_143,2025-02,229743,211550,46630,45214,-7.92
UAE_143,2025-03,95835,99834,-30427,-30506,4.17
UAE_143,2025-04,249300,228392,36249,40851,-8.39
UAE_143,2025-05,261104,271093,566,581,3.83
UAE_143,2025-06,420496,390142,56321,54109,-7.22
UAE_143,2025-07,309699,313593,20898,22948,1.26
UAE_143,2025-08,528218,519477,16221,18534,-1.65
UAE_143,2025-09,468801,458797,122148,115364,-2.13
UAE_143,2025-10,105827,109280,-4827,-5006,3.26
UAE_143,2025-11,23663,26035,-7734,-8019,10.02
UAE_143,2025-12,157258,160898,16307,14694,2.31
UAE_144,2023-01,2901,2667,-6022,-5987,-8.07
UAE_144,2023-02,2392,2302,-2067,-1878,-3.76
UAE_144,2023-03,13468,12690,-7797,-7662,-5.78
UAE_144,2023-04,1392,1402,-4535,-3972,0.72
UAE_144,2023-05,5097,4774,-6880,-7050,-6.34
UAE_144,2023-06,2816,2883,-7221,-7884,2.38
UAE_144,2023-07,22997,23189,-7353,-7338,0.83
UAE_144,2023-08,2013,2092,-6218,-5972,3.92
UAE_144,2023-09,8727,9455,-7577,-7253,8.34
UAE_144,2023-10,3178,3281,-6008,-5692,3.24
UAE_144,2023-11,4016,3721,-3951,-3640,-7.35
UAE_144,2023-12,3740,3705,-5611,-4977,-0.94
UAE_144,2024-01,2762,2842,-2076,-2116,2.9
UAE_144,2024-02,3019,2748,-3651,-3691,-8.98
UAE_144,2024-03,1302,1307,-5701,-6164,0.38
UAE_144,2024-04,3817,3636,-7437,-7449,-4.74
UAE_144,2024-05,5313,5413,-6197,-5398,1.88
UAE_144,2024-06,9994,9466,-10297,-9098,-5.28
UAE_144,2024-07,2235,2252,-4849,-5577,0.76
UAE_144,2024-08,11070,12048,-12019,-11572,8.83
UAE_144,2024-09,6033,5769,-8651,-7707,-4.38
UAE_144,2024-10,2396,2183,-6765,-6285,-8.89
UAE_144,2024-11,3043,2895,-7504,-7817,-4.86
UAE_144,2024-12,2709,2906,-4278,-4765,7.27
UAE_144,2025-01,4076,3834,-1453,-1388,-5.94
UAE_144,2025-02,5057,4971,-7134,-7129,-1.7
UAE_144,2025-03,18659,17354,-7294,-6939,-6.99
UAE_144,2025-04,6418,6444,-5093,-5144,0.41
UAE_144,2025-05,5026,5130,-12282,-12401,2.07
UAE_144,2025-06,3189,3414,-2650,-2678,7.06
UAE_144,2025-07,6150,6689,-7967,-7089,8.76
UAE_144,2025-08,8201,7992,-9573,-10858,-2.55
UAE_144,2025-09,2552,2543,-3221,-3095,-0.35
UAE_144,2025-10,3334,3267,-2168,-2346,-2.01
UAE_144,2025-11,5533,5449,-6478,-6090,-1.52
UAE_144,2025-12,4566,4664,-4002,-4227,2.15
UAE_145,2023-01,1207,1162,-3662,-3252,-3.73
UAE_145,2023-02,2616,2402,-2265,-2503,-8.18
UAE_145,2023-03,2814,2748,-3966,-3914,-2.35
UAE_145,2023-04,2251,2245,-3104,-3118,-0.27
UAE_145,2023-05,2027,2217,-4392,-4194,9.37
UAE_145,2023-06,2232,2199,-1366,-1541,-1.48
UAE_145,2023-07,2040,1997,-9715,-8690,-2.11
UAE_145,2023-08,2071,2290,-6807,-7824,10.57
UAE_145,2023-09,1011,1002,-2510,-2267,-0.89
UAE_145,2023-10,1657,1511,-4039,-4571,-8.81
UAE_145,2023-11,2091,2116,-7167,-6649,1.2
UAE_145,2023-12,3865,3696,-6061,-5432,-4.37
UAE_145,2024-01,822,779,-1139,-1176,-5.23
UAE_145,2024-02,1246,1199,-2962,-3385,-3.77
UAE_145,2024-03,2185,2173,-3088,-2881,-0.55
UAE_145,2024-04,2671,2688,-2695,-2955,0.64
UAE_145,2024-05,4634,4435,-6632,-6078,-4.29
UAE_145,2024-06,2625,2779,-8136,-7372,5.87
UAE_145,2024-07,2646,2447,-3367,-3110,-7.52
UAE_145,2024-08,2384,2496,-7127,-7782,4.7
UAE_145,2024-09,1472,1471,-3154,-3132,-0.07
UAE_145,2024-10,1730,1767,-2428,-2613,2.14
UAE_145,2024-11,1364,1288,-5374,-5478,-5.57
UAE_145,2024-12,1862,1787,-3834,-3916,-4.03
UAE_145,2025-01,2396,2569,-4690,-4197,7.22
UAE_145,2025-02,2553,2706,-1832,-2143,5.99
UAE_145,2025-03,3481,3184,-1236,-1310,-8.53
UAE_145,2025-04,1777,1827,-5549,-5029,2.81
UAE_145,2025-05,3663,3996,-6006,-5373,9.09
UAE_145,2025-06,5719,6260,-4750,-4335,9.46
UAE_145,2025-07,3473,3264,-5250,-4682,-6.02
UAE_145,2025-08,2800,3084,-1253,-1403,10.14
UAE_145,2025-09,2759,2746,-6071,-6193,-0.47
UAE_145,2025-10,2449,2373,-2064,-2105,-3.1
UAE_145,2025-11,2782,3037,-3011,-3490,9.17
UAE_145,2025-12,1504,1546,-2329,-2251,2.79
UAE_146,2023-01,4415,4584,-4130,-4712,3.83
UAE_146,2023-02,705,773,-2690,-2850,9.65
UAE_146,2023-03,1020,957,-1925,-1962,-6.18
UAE_146,2023-04,1539,1500,-4813,-4674,-2.53
UAE_146,2023-05,1354,1318,-4093,-4433,-2.66
UAE_146,2023-06,1711,1760,-8091,-8090,2.86
UAE_146,2023-07,2781,2879,-4792,-5621,3.52
UAE_146,2023-08,2924,2997,-6372,-5628,2.5
UAE_146,2023-09,4134,4062,-5544,-6122,-1.74
UAE_146,2023-10,1793,1868,-2616,-3070,4.18
UAE_146,2023-11,1568,1455,-5936,-6239,-7.21
UAE_146,2023-12,2467,2583,-861,-899,4.7
UAE_146,2024-01,1240,1248,-3756,-3704,0.65
UAE_146,2024-02,1363,1303,-4243,-4896,-4.4
UAE_146,2024-03,881,812,-5328,-5053,-7.83
UAE_146,2024-04,2142,2075,-6319,-5900,-3.13
UAE_146,2024-05,3149,3020,-1462,-1471,-4.1
UAE_146,2024-06,2674,2664,-8170,-7646,-0.37
UAE_146,2024-07,3716,3416,-2321,-2329,-8.07
UAE_146,2024-08,3185,3026,-6818,-6277,-4.99
UAE_146,2024-09,2095,1925,-5728,-5272,-8.11
UAE_146,2024-10,2640,2588,-1588,-1629,-1.97
UAE_146,2024-11,1537,1471,-6026,-5711,-4.29
UAE_146,2024-12,1016,1097,-6285,-6305,7.97
UAE_146,2025-01,2702,2485,-4048,-4665,-8.03
UAE_146,2025-02,846,913,-6931,-6931,7.92
UAE_146,2025-03,1721,1622,-5128,-4771,-5.75
UAE_146,2025-04,2794,2660,-1837,-1865,-4.8
UAE_146,2025-05,3647,3500,-5791,-6022,-4.03
UAE_146,2025-06,3333,3393,-6081,-6844,1.8
UAE_146,2025-07,2149,2294,-3997,-3530,6.75
UAE_146,2025-08,1880,1858,-6824,-6093,-1.17
UAE_146,2025-09,3354,3490,-2257,-2149,4.05
UAE_146,2025-10,2721,2579,-3630,-3410,-5.22
UAE_146,2025-11,2974,3145,-6544,-5934,5.75
UAE_146,2025-12,1458,1437,-4998,-4865,-1.44
UAE_147,2023-01,1473,1513,-5269,-5311,2.72
UAE_147,2023-02,1070,1013,-3297,-3565,-5.33
UAE_147,2023-03,2487,2529,-3177,-3464,1.69
UAE_147,2023-04,5148,5679,-5628,-6559,10.31
UAE_147,2023-05,2299,2324,-2825,-2716,1.09
UAE_147,2023-06,873,964,-6319,-6032,10.42
UAE_147,2023-07,3077,2896,-2965,-2863,-5.88
UAE_147,2023-08,1839,1903,-3103,-3095,3.48
UAE_147,2023-09,2271,2353,-1493,-1742,3.61
UAE_147,2023-10,1198,1234,-4072,-3896,3.01
UAE_147,2023-11,2242,2489,-3051,-2999,11.02
UAE_147,2023-12,789,797,-4645,-5029,1.01
UAE_147,2024-01,2098,1957,-1109,-1282,-6.72
UAE_147,2024-02,1047,1163,-2220,-2394,11.08
UAE_147,2024-03,1045,982,-2906,-3374,-6.03
UAE_147,2024-04,2236,2355,-2986,-3361,5.32
UAE_147,2024-05,1671,1563,-4613,-5381,-6.46
UAE_147,2024-06,2075,2253,-6287,-5855,8.58
UAE_147,2024-07,3933,3945,-7440,-8123,0.31
UAE_147,2024-08,1319,1241,-4997,-4443,-5.91
UAE_147,2024-09,2025,1988,-3355,-3906,-1.83
UAE_147,2024-10,1787,1674,-1481,-1626,-6.32
UAE_147,2024-11,2235,2117,-908,-914,-5.28
UAE_147,2024-12,2430,2665,-4560,-4434,9.67
UAE_147,2025-01,1560,1639,-4053,-3784,5.06
UAE_147,2025-02,2205,2084,-5275,-5452,-5.49
UAE_147,2025-03,2602,2647,-3539,-4072,1.73
UAE_147,2025-04,1687,1605,-1618,-1589,-4.86
UAE_147,2025-05,3692,3569,-1649,-1448,-3.33
UAE_147,2025-06,2227,2347,-6444,-5641,5.39
UAE_147,2025-07,1577,1443,-3743,-3565,-8.5
UAE_147,2025-08,2813,2896,-4924,-5718,2.95
UAE_147,2025-09,2175,2268,-5280,-4642,4.28
UAE_147,2025-10,1125,1049,-7064,-6237,-6.76
UAE_147,2025-11,1855,1910,-5002,-4542,2.96
UAE_147,2025-12,2166,2125,-5262,-5753,-1.89
UAE_148,2023-01,1540,1601,-7883,-6951,3.96
UAE_148,2023-02,3206,3331,-4549,-4360,3.9
UAE_148,2023-03,2129,1988,-1878,-2052,-6.62
UAE_148,2023-04,4965,4845,-8161,-8096,-2.42
UAE_148,2023-05,5780,5392,-6955,-7373,-6.71
UAE_148,2023-06,5192,5064,-2734,-2396,-2.47
UAE_148,2023-07,16360,16931,-7927,-8170,3.49
UAE_148,2023-08,4061,4066,-6931,-6544,0.12
UAE_148,2023-09,9832,9419,-10867,-9846,-4.2
UAE_148,2023-10,1778,1946,-8206,-8782,9.45
UAE_148,2023-11,2165,1976,-8471,-7573,-8.73
UAE_148,2023-12,1652,1550,-5898,-6557,-6.17
UAE_148,2024-01,1143,1174,-5034,-5308,2.71
UAE_148,2024-02,3338,3509,-3021,-3127,5.12
UAE_148,2024-03,8752,8963,-7985,-8860,2.41
UAE_148,2024-04,2997,2866,-3210,-3096,-4.37
UAE_148,2024-05,9483,10238,-2903,-3056,7.96
UAE_148,2024-06,6687,6408,-13747,-12765,-4.17
UAE_148,2024-07,5671,5329,-8331,-9469,-6.03
UAE_148,2024-08,14282,14338,-4952,-5484,0.39
UAE_148,2024-09,5029,4793,-8073,-7549,-4.69
UAE_148,2024-10,7991,8610,-6274,-6343,7.75
UAE_148,2024-11,3439,3133,-5861,-6884,-8.9
UAE_148,2024-12,3391,3171,-3654,-3271,-6.49
UAE_148,2025-01,2326,2233,-4992,-5320,-4.0
UAE_148,2025-02,1691,1539,-8053,-8802,-8.99
UAE_148,2025-03,4114,4190,-8474,-9905,1.85
UAE_148,2025-04,7882,7800,-8621,-8120,-1.04
UAE_148,2025-05,3506,3602,-4918,-5219,2.74
UAE_148,2025-06,10725,11207,-7441,-8203,4.49
UAE_148,2025-07,2749,3044,-5794,-6008,10.73
UAE_148,2025-08,17347,17057,-6949,-6685,-1.67
UAE_148,2025-09,9536,10398,-7359,-7596,9.04
UAE_148,2025-10,3663,3362,-10861,-11435,-8.22
UAE_148,2025-11,5625,5169,-4049,-4048,-8.11
UAE_148,2025-12,14380,14247,-5332,-6191,-0.92
UAE_149,2023-01,177385,184655,31812,30825,4.1
UAE_149,2023-02,41835,42907,-12392,-11187,2.56
UAE_149,2023-03,29990,31130,-8441,-8796,3.8
UAE_149,2023-04,67797,68833,-5661,-5544,1.53
UAE_149,2023-05,127769,140755,3149,3635,10.16
UAE_149,2023-06,16993,18851,-14307,-12970,10.93
UAE_149,2023-07,16379,16065,-4957,-5523,-1.92
UAE_149,2023-08,305575,304257,47702,48400,-0.43
UAE_149,2023-09,116344,114282,-17243,-18833,-1.77
UAE_149,2023-10,26814,25532,-3547,-3848,-4.78
UAE_149,2023-11,57939,60561,-17944,-18181,4.53
UAE_149,2023-12,82495,82067,-11161,-12071,-0.52
UAE_149,2024-01,107159,111741,-9476,-10981,4.28
UAE_149,2024-02,147263,148852,5305,4877,1.08
UAE_149,2024-03,76281,81566,11995,12463,6.93
UAE_149,2024-04,98748,108805,7514,7830,10.18
UAE_149,2024-05,49041,49453,2390,2534,0.84
UAE_149,2024-06,134934,130580,-20286,-19523,-3.23
UAE_149,2024-07,141280,156812,-208,-184,10.99
UAE_149,2024-08,45047,41631,-16175,-18554,-7.58
UAE_149,2024-09,252427,237268,4671,5147,-6.01
UAE_149,2024-10,99244,95448,-5984,-7036,-3.82
UAE_149,2024-11,20481,19924,-3786,-3962,-2.72
UAE_149,2024-12,61885,64764,3204,3246,4.65
UAE_149,2025-01,51749,49136,-20264,-20743,-5.05
UAE_149,2025-02,9926,10482,-7253,-7936,5.6
UAE_149,2025-03,40802,39523,-3394,-3787,-3.13
UAE_149,2025-04,67974,73533,-4973,-5077,8.18
UAE_149,2025-05,272309,269777,37628,39071,-0.93
UAE_149,2025-06,63870,63359,-12297,-11574,-0.8
UAE_149,2025-07,129738,131584,178,194,1.42
UAE_149,2025-08,207298,229402,38444,39421,10.66
UAE_149,2025-09,203359,198016,19287,19666,-2.63
UAE_149,2025-10,64606,60623,-2547,-2473,-6.17
UAE_149,2025-11,165072,167321,26226,24740,1.36
UAE_149,2025-12,94823,95825,-9412,-8407,1.06
UAE_150,2023-01,3740,3748,-4434,-3895,0.21
UAE_150,2023-02,2872,2824,-8034,-7598,-1.67
UAE_150,2023-03,2249,2285,-4366,-4335,1.6
UAE_150,2023-04,3765,4109,-9945,-10433,9.14
UAE_150,2023-05,5656,5968,-6850,-6375,5.52
UAE_150,2023-06,3535,3358,-6190,-6626,-5.01
UAE_150,2023-07,12706,12340,-9455,-9499,-2.88
UAE_150,2023-08,2476,2266,-4741,-5553,-8.48
UAE_150,2023-09,5411,5137,-3029,-2776,-5.06
UAE_150,2023-10,3318,3521,-6554,-6574,6.12
UAE_150,2023-11,4516,4680,-7687,-6993,3.63
UAE_150,2023-12,2098,2227,-1905,-2103,6.15
UAE_150,2024-01,5962,6043,-5173,-5194,1.36
UAE_150,2024-02,1885,1864,-3679,-3319,-1.11
UAE_150,2024-03,3918,4195,-5353,-4663,7.07
UAE_150,2024-04,4644,4234,-7443,-6872,-8.83
UAE_150,2024-05,1938,1808,-10204,-9308,-6.71
UAE_150,2024-06,10219,10972,-8833,-8641,7.37
UAE_150,2024-07,2126,1935,-6112,-5759,-8.98
UAE_150,2024-08,4748,4472,-5884,-5897,-5.81
UAE_150,2024-09,4960,5329,-6367,-7274,7.44
UAE_150,2024-10,2985,2949,-7778,-8631,-1.21
UAE_150,2024-11,2559,2589,-3094,-2940,1.17
UAE_150,2024-12,2059,1910,-5761,-6277,-7.24
UAE_150,2025-01,4693,4419,-2503,-2439,-5.84
UAE_150,2025-02,3860,3634,-3197,-3759,-5.85
UAE_150,2025-03,1579,1599,-4927,-4972,1.27
UAE_150,2025-04,1416,1540,-6379,-5917,8.76
UAE_150,2025-05,2008,2085,-9916,-9143,3.83
UAE_150,2025-06,3074,2938,-3159,-3688,-4.42
UAE_150,2025-07,6893,6438,-2886,-2625,-6.6
UAE_150,2025-08,24496,22582,-3883,-4295,-7.81
UAE_150,2025-09,10893,11276,-9877,-9279,3.52
UAE_150,2025-10,5108,5090,-5719,-5160,-0.35
UAE_150,2025-11,5827,6416,-8403,-8730,10.11
UAE_150,2025-12,4055,3999,-3146,-2917,-1.38
UAE_151,2023-01,3211,3016,-1154,-1066,-6.07
UAE_151,2023-02,2421,2380,-6363,-7193,-1.69
UAE_151,2023-03,1961,2067,-1784,-1725,5.41
UAE_151,2023-04,2974,3283,-8340,-8178,10.39
UAE_151,2023-05,7122,7840,-8807,-7679,10.08
UAE_151,2023-06,19785,18352,-3491,-3862,-7.24
UAE_151,2023-07,5754,5695,-2729,-2774,-1.03
UAE_151,2023-08,6312,6180,-12743,-11684,-2.09
UAE_151,2023-09,8423,8088,-6852,-6949,-3.98
UAE_151,2023-10,3302,3365,-2039,-2156,1.91
UAE_151,2023-11,2134,2141,-1446,-1470,0.33
UAE_151,2023-12,3490,3519,-3294,-3252,0.83
UAE_151,2024-01,3029,3149,-5611,-5643,3.96
UAE_151,2024-02,3309,3504,-6198,-5628,5.89
UAE_151,2024-03,4608,4494,-8071,-7532,-2.47
UAE_151,2024-04,5246,4934,-8896,-8717,-5.95
UAE_151,2024-05,4492,4393,-8229,-8763,-2.2
UAE_151,2024-06,2121,2010,-9875,-10167,-5.23
UAE_151,2024-07,9413,9261,-6548,-6776,-1.61
UAE_151,2024-08,2176,2131,-5547,-6413,-2.07
UAE_151,2024-09,4160,4292,-2313,-2195,3.17
UAE_151,2024-10,1521,1444,-3641,-4018,-5.06
UAE_151,2024-11,5432,4967,-3410,-3282,-8.56
UAE_151,2024-12,1166,1232,-9439,-8682,5.66
UAE_151,2025-01,6800,7363,-5956,-6012,8.28
UAE_151,2025-02,3386,3146,-2339,-2526,-7.09
UAE_151,2025-03,2027,2063,-7672,-8215,1.78
UAE_151,2025-04,4663,4355,-1437,-1686,-6.61
UAE_151,2025-05,4533,4469,-7320,-7111,-1.41
UAE_151,2025-06,4415,4242,-4117,-3979,-3.92
UAE_151,2025-07,14378,14675,-10557,-9925,2.07
UAE_151,2025-08,7400,7043,-9168,-10104,-4.82
UAE_151,2025-09,4369,4548,-10906,-10105,4.1
UAE_151,2025-10,1513,1574,-7272,-7410,4.03
UAE_151,2025-11,2415,2597,-8871,-8320,7.54
UAE_151,2025-12,3684,3657,-7815,-7426,-0.73
UAE_152,2023-01,1699119,1641729,218785,197335,-3.38
UAE_152,2023-02,6215873,6106651,1617205,1744047,-1.76
UAE_152,2023-03,1662598,1590024,314874,286847,-4.37
UAE_152,2023-04,10593438,10244384,3065649,2907572,-3.3
UAE_152,2023-05,1042399,1134137,308271,304805,8.8
UAE_152,2023-06,1074523,1013575,231084,220668,-5.67
UAE_152,2023-07,7771270,7948910,1400470,1241586,2.29
UAE_152,2023-08,1303977,1244188,147407,141747,-4.59
UAE_152,2023-09,1928004,2058125,286826,306661,6.75
UAE_152,2023-10,4038549,4141738,750389,796612,2.56
UAE_152,2023-11,6364362,6533319,2509403,2197230,2.65
UAE_152,2023-12,1848715,1807437,472410,497820,-2.23
UAE_152,2024-01,3727454,3695686,928656,941023,-0.85
UAE_152,2024-02,406816,444124,16145,18241,9.17
UAE_152,2024-03,2321091,2524138,301875,309458,8.75
UAE_152,2024-04,895077,844820,44737,51039,-5.61
UAE_152,2024-05,1121229,1214304,278477,280727,8.3
UAE_152,2024-06,797330,835432,162642,155812,4.78
UAE_152,2024-07,10312116,10112118,1811950,1708702,-1.94
UAE_152,2024-08,4082737,3964419,637514,606860,-2.9
UAE_152,2024-09,3433701,3639597,1025271,1063365,6.0
UAE_152,2024-10,3096054,2884697,1002406,942296,-6.83
UAE_152,2024-11,2244854,2100181,265690,274485,-6.44
UAE_152,2024-12,4649372,4937888,1257663,1441635,6.21
UAE_152,2025-01,324168,358579,39502,36829,10.62
UAE_152,2025-02,1823343,1989688,426395,376429,9.12
UAE_152,2025-03,4078909,3889886,762659,832289,-4.63
UAE_152,2025-04,1089517,1003745,146227,128655,-7.87
UAE_152,2025-05,781736,839134,168301,179124,7.34
UAE_152,2025-06,3060333,3231927,757565,691433,5.61
UAE_152,2025-07,3022478,2924357,625760,548645,-3.25
UAE_152,2025-08,2876240,2999112,356002,364594,4.27
UAE_152,2025-09,2796456,3006439,725342,653113,7.51
UAE_152,2025-10,1721247,1698928,459706,455770,-1.3
UAE_152,2025-11,5857293,6394201,1852780,1911591,9.17
UAE_152,2025-12,1501591,1631631,502036,448833,8.66
UAE_153,2023-01,1510,1423,-2049,-2124,-5.76
UAE_153,2023-02,1799,1994,-5381,-5402,10.84
UAE_153,2023-03,2873,2728,-2251,-2595,-5.05
UAE_153,2023-04,965,1062,-1398,-1435,10.05
UAE_153,2023-05,1676,1829,-2157,-1922,9.13
UAE_153,2023-06,2932,3242,-2408,-2171,10.57
UAE_153,2023-07,958,1050,-8608,-7613,9.6
UAE_153,2023-08,2542,2447,-3350,-3677,-3.74
UAE_153,2023-09,2919,2818,-8167,-7815,-3.46
UAE_153,2023-10,1549,1472,-6929,-7731,-4.97
UAE_153,2023-11,780,778,-2764,-3210,-0.26
UAE_153,2023-12,1184,1193,-5260,-4992,0.76
UAE_153,2024-01,1418,1458,-4179,-4631,2.82
UAE_153,2024-02,1109,1164,-3299,-3021,4.96
UAE_153,2024-03,1552,1500,-4672,-4751,-3.35
UAE_153,2024-04,3243,3080,-3828,-4386,-5.03
UAE_153,2024-05,4448,4623,-5455,-6041,3.93
UAE_153,2024-06,4570,4631,-8549,-7965,1.33
UAE_153,2024-07,2992,3063,-2624,-2737,2.37
UAE_153,2024-08,6450,6643,-4540,-4542,2.99
UAE_153,2024-09,1162,1106,-1742,-1856,-4.82
UAE_153,2024-10,3145,3047,-2205,-1957,-3.12
UAE_153,2024-11,1964,1818,-3950,-4398,-7.43
UAE_153,2024-12,2911,2945,-1019,-1165,1.17
UAE_153,2025-01,2742,2630,-4476,-4814,-4.08
UAE_153,2025-02,1157,1225,-3870,-4292,5.88
UAE_153,2025-03,1012,1033,-2706,-2698,2.08
UAE_153,2025-04,7827,7255,-4292,-4750,-7.31
UAE_153,2025-05,1513,1551,-3398,-3646,2.51
UAE_153,2025-06,2955,2939,-3489,-3680,-0.54
UAE_153,2025-07,2341,2158,-2344,-2451,-7.82
UAE_153,2025-08,2138,2136,-1409,-1615,-0.09
UAE_153,2025-09,2061,1921,-3436,-3291,-6.79
UAE_153,2025-10,1927,2017,-5598,-5800,4.67
UAE_153,2025-11,2257,2124,-1258,-1368,-5.89
UAE_153,2025-12,1684,1618,-3139,-3511,-3.92
UAE_154,2023-01,1771,1931,-1926,-1946,9.03
UAE_154,2023-02,803,879,-5414,-5606,9.46
UAE_154,2023-03,2626,2475,-4102,-3788,-5.75
UAE_154,2023-04,1699,1672,-4236,-4105,-1.59
UAE_154,2023-05,2553,2398,-2260,-2110,-6.07
UAE_154,2023-06,1607,1482,-5449,-4850,-7.78
UAE_154,2023-07,993,1060,-6987,-7134,6.75
UAE_154,2023-08,3327,3132,-9717,-8539,-5.86
UAE_154,2023-09,2110,2108,-5404,-5826,-0.09
UAE_154,2023-10,6240,6324,-6159,-5449,1.35
UAE_154,2023-11,1100,1086,-4980,-5786,-1.27
UAE_154,2023-12,2024,2246,-3335,-3420,10.97
UAE_154,2024-01,2163,2145,-3657,-4011,-0.83
UAE_154,2024-02,1287,1189,-3615,-4239,-7.61
UAE_154,2024-03,2275,2433,-5107,-4750,6.95
UAE_154,2024-04,2068,1976,-5427,-5446,-4.45
UAE_154,2024-05,1296,1333,-8169,-8065,2.85
UAE_154,2024-06,3861,3763,-3462,-3303,-2.54
UAE_154,2024-07,949,1054,-4280,-4104,11.06
UAE_154,2024-08,2993,3126,-2998,-2796,4.44
UAE_154,2024-09,1602,1593,-3597,-3367,-0.56
UAE_154,2024-10,2286,2164,-4013,-3993,-5.34
UAE_154,2024-11,3107,2911,-5438,-6032,-6.31
UAE_154,2024-12,822,906,-4181,-4327,10.22
UAE_154,2025-01,1318,1357,-1074,-1177,2.96
UAE_154,2025-02,2711,2480,-1876,-1985,-8.52
UAE_154,2025-03,3136,2994,-2359,-2408,-4.53
UAE_154,2025-04,1144,1242,-7438,-7136,8.57
UAE_154,2025-05,1897,1892,-6750,-7675,-0.26
UAE_154,2025-06,2777,2835,-6005,-6678,2.09
UAE_154,2025-07,1405,1419,-2013,-1833,1.0
UAE_154,2025-08,2454,2550,-7080,-6523,3.91
UAE_154,2025-09,3105,3273,-5326,-5348,5.41
UAE_154,2025-10,1127,1137,-3467,-3967,0.89
UAE_154,2025-11,2801,3107,-4903,-5048,10.92
UAE_154,2025-12,2083,2002,-4831,-4601,-3.89
UAE_155,2023-01,10730,10247,-14583,-13279,-4.5
UAE_155,2023-02,15632,16869,-7824,-7788,7.91
UAE_155,2023-03,20669,21987,-7707,-7066,6.38
UAE_155,2023-04,62546,59337,-17486,-17230,-5.13
UAE_155,2023-05,72387,72003,-13280,-13895,-0.53
UAE_155,2023-06,33345,34977,-27345,-25192,4.89
UAE_155,2023-07,12447,12476,-6098,-6029,0.23
UAE_155,2023-08,132040,131106,4002,4225,-0.71
UAE_155,2023-09,14116,15648,-12225,-11308,10.85
UAE_155,2023-10,43485,46347,-20008,-17482,6.58
UAE_155,2023-11,108898,106574,5103,4755,-2.13
UAE_155,2023-12,112490,108396,8236,7669,-3.64
UAE_155,2024-01,8087,8930,-10180,-11376,10.42
UAE_155,2024-02,57706,62883,-4458,-4297,8.97
UAE_155,2024-03,20566,22319,-3072,-2737,8.52
UAE_155,2024-04,21944,23787,-6220,-5789,8.4
UAE_155,2024-05,64509,63834,-461,-438,-1.05
UAE_155,2024-06,54133,50969,-15503,-15262,-5.84
UAE_155,2024-07,174290,161898,25378,26237,-7.11
UAE_155,2024-08,29466,28185,-18408,-17308,-4.35
UAE_155,2024-09,183225,174305,-1095,-1072,-4.87
UAE_155,2024-10,45705,46570,-20770,-19335,1.89
UAE_155,2024-11,23295,25526,-2703,-2912,9.58
UAE_155,2024-12,78290,72725,-11461,-11255,-7.11
UAE_155,2025-01,55286,56635,-14398,-13600,2.44
UAE_155,2025-02,68196,73876,-6454,-6388,8.33
UAE_155,2025-03,7521,8125,-10112,-9386,8.03
UAE_155,2025-04,5294,5333,-9304,-10920,0.74
UAE_155,2025-05,11090,10426,-6280,-6825,-5.99
UAE_155,2025-06,58455,59874,-13254,-12096,2.43
UAE_155,2025-07,50531,49336,-7491,-6766,-2.36
UAE_155,2025-08,55135,51545,-2370,-2744,-6.51
UAE_155,2025-09,7932,7772,-7967,-7556,-2.02
UAE_155,2025-10,27506,25908,-4953,-4685,-5.81
UAE_155,2025-11,33128,30217,-17707,-16999,-8.79
UAE_155,2025-12,5040,5497,-11376,-12367,9.07
UAE_156,2023-01,2189,2141,-2264,-2132,-2.19
UAE_156,2023-02,5180,5333,-6513,-7179,2.95
UAE_156,2023-03,3116,3438,-5037,-5155,10.33
UAE_156,2023-04,2536,2625,-3932,-3646,3.51
UAE_156,2023-05,4090,4035,-8424,-8427,-1.34
UAE_156,2023-06,4112,4315,-1382,-1433,4.94
UAE_156,2023-07,7079,7504,-11449,-10209,6.0
UAE_156,2023-08,4752,4539,-2766,-3153,-4.48
UAE_156,2023-09,7996,8811,-6964,-7611,10.19
UAE_156,2023-10,3717,3973,-1959,-2168,6.89
UAE_156,2023-11,3028,3114,-4896,-5581,2.84
UAE_156,2023-12,2368,2591,-2450,-2309,9.42
UAE_156,2024-01,1909,1746,-5158,-5976,-8.54
UAE_156,2024-02,4048,3802,-3121,-3140,-6.08
UAE_156,2024-03,2092,2321,-8420,-7373,10.95
UAE_156,2024-04,3058,2999,-8925,-8188,-1.93
UAE_156,2024-05,3966,3875,-7891,-7033,-2.29
UAE_156,2024-06,9932,9979,-5826,-6155,0.47
UAE_156,2024-07,14833,14589,-9105,-8200,-1.64
UAE_156,2024-08,5172,5541,-5162,-5612,7.13
UAE_156,2024-09,5089,5190,-996,-1146,1.98
UAE_156,2024-10,4260,4443,-5220,-5627,4.3
UAE_156,2024-11,5085,4881,-7429,-7748,-4.01
UAE_156,2024-12,7255,6736,-7504,-7928,-7.15
UAE_156,2025-01,3023,3149,-1608,-1777,4.17
UAE_156,2025-02,3619,3426,-2858,-3191,-5.33
UAE_156,2025-03,2134,1981,-4376,-4583,-7.17
UAE_156,2025-04,6040,6565,-5890,-6168,8.69
UAE_156,2025-05,5318,4874,-8710,-8914,-8.35
UAE_156,2025-06,3529,3745,-4564,-5309,6.12
UAE_156,2025-07,3993,3820,-4899,-4418,-4.33
UAE_156,2025-08,6409,5944,-7315,-7118,-7.26
UAE_156,2025-09,5374,5105,-7796,-8679,-5.01
UAE_156,2025-10,4713,4733,-4351,-4671,0.42
UAE_156,2025-11,8062,8410,-7073,-6187,4.32
UAE_156,2025-12,3836,3843,-5624,-5933,0.18
UAE_157,2023-01,20044,19092,-7031,-6158,-4.75
UAE_157,2023-02,137096,139627,26563,29258,1.85
UAE_157,2023-03,92202,98967,4759,5363,7.34
UAE_157,2023-04,82856,76681,-29667,-27175,-7.45
UAE_157,2023-05,107109,102924,-5298,-5489,-3.91
UAE_157,2023-06,108015,112679,-1233,-1371,4.32
UAE_157,2023-07,110177,109607,-11450,-10938,-0.52
UAE_157,2023-08,181536,189765,-9952,-10000,4.53
UAE_157,2023-09,82623,84181,-8178,-8572,1.89
UAE_157,2023-10,149302,149743,14620,15386,0.3
UAE_157,2023-11,193638,196226,3895,3477,1.34
UAE_157,2023-12,114828,119514,3172,2805,4.08
UAE_157,2024-01,78377,78879,-12507,-14342,0.64
UAE_157,2024-02,87361,91967,-8047,-7782,5.27
UAE_157,2024-03,78969,82039,3550,3292,3.89
UAE_157,2024-04,195122,207647,2628,2383,6.42
UAE_157,2024-05,54128,55418,8909,8773,2.38
UAE_157,2024-06,86089,81696,-7765,-7271,-5.1
UAE_157,2024-07,243442,243425,18205,20646,-0.01
UAE_157,2024-08,138356,126859,-17125,-15641,-8.31
UAE_157,2024-09,332041,303407,2293,2244,-8.62
UAE_157,2024-10,89050,97691,-20023,-21344,9.7
UAE_157,2024-11,269295,254518,18243,17973,-5.49
UAE_157,2024-12,69444,64600,-11626,-12524,-6.98
UAE_157,2025-01,176954,196439,11707,13489,11.01
UAE_157,2025-02,84067,81405,-2191,-2310,-3.17
UAE_157,2025-03,113844,106925,-17505,-16183,-6.08
UAE_157,2025-04,135424,131315,16812,17125,-3.03
UAE_157,2025-05,145462,137782,14824,13103,-5.28
UAE_157,2025-06,223550,225933,39638,37486,1.07
UAE_157,2025-07,75044,77389,-161,-154,3.12
UAE_157,2025-08,322555,301672,9297,9449,-6.47
UAE_157,2025-09,86762,87680,383,391,1.06
UAE_157,2025-10,310843,343183,18676,19035,10.4
UAE_157,2025-11,50430,54358,-9779,-9692,7.79
UAE_157,2025-12,166748,167500,3067,3318,0.45
UAE_158,2023-01,68037,68408,-5321,-5524,0.55
UAE_158,2023-02,3870,3941,-10660,-11626,1.83
UAE_158,2023-03,7906,8677,-2130,-2186,9.75
UAE_158,2023-04,44887,41281,-2660,-2600,-8.03
UAE_158,2023-05,32709,29996,-15934,-14123,-8.29
UAE_158,2023-06,55673,51131,-4193,-4147,-8.16
UAE_158,2023-07,9379,8638,-3927,-4373,-7.9
UAE_158,2023-08,44402,40559,-3761,-4045,-8.66
UAE_158,2023-09,82364,80716,-3727,-3991,-2.0
UAE_158,2023-10,9108,8836,-13154,-12142,-2.99
UAE_158,2023-11,18695,19205,-10581,-10153,2.73
UAE_158,2023-12,29604,27617,-12324,-14018,-6.71
UAE_158,2024-01,30627,31970,-3588,-3195,4.39
UAE_158,2024-02,33346,33552,-12533,-11164,0.62
UAE_158,2024-03,16342,16429,-14490,-16940,0.53
UAE_158,2024-04,5460,5033,-4634,-5050,-7.82
UAE_158,2024-05,9764,9860,-4396,-4949,0.98
UAE_158,2024-06,31208,31360,-19146,-17679,0.49
UAE_158,2024-07,66725,70110,-7525,-7355,5.07
UAE_158,2024-08,49880,47745,-21655,-20662,-4.28
UAE_158,2024-09,30907,31129,-7629,-8477,0.72
UAE_158,2024-10,12548,13307,-21546,-19319,6.05
UAE_158,2024-11,8416,7766,-9454,-9502,-7.72
UAE_158,2024-12,4708,4603,-4477,-5259,-2.23
UAE_158,2025-01,23243,21274,-12062,-10932,-8.47
UAE_158,2025-02,14435,14354,-15728,-16678,-0.56
UAE_158,2025-03,30566,32957,-11448,-11326,7.82
UAE_158,2025-04,80395,82110,247,226,2.13
UAE_158,2025-05,6519,6110,-7352,-7471,-6.27
UAE_158,2025-06,43049,41461,-7061,-6446,-3.69
UAE_158,2025-07,181675,174812,11521,12342,-3.78
UAE_158,2025-08,10616,9776,-7916,-7953,-7.91
UAE_158,2025-09,11087,11249,-7182,-7784,1.46
UAE_158,2025-10,14626,15906,-11635,-12416,8.75
UAE_158,2025-11,15122,14886,-9081,-10047,-1.56
UAE_158,2025-12,14442,15216,-10776,-9404,5.36
UAE_159,2023-01,1533,1648,-7308,-6436,7.5
UAE_159,2023-02,2067,2096,-4478,-4422,1.4
UAE_159,2023-03,2450,2555,-4039,-3524,4.29
UAE_159,2023-04,1327,1220,-3093,-3525,-8.06
UAE_159,2023-05,1833,1706,-3994,-4443,-6.93
UAE_159,2023-06,5352,5066,-4599,-5210,-5.34
UAE_159,2023-07,5630,6186,-7641,-7578,9.88
UAE_159,2023-08,3149,3028,-2302,-2271,-3.84
UAE_159,2023-09,3557,3381,-3111,-3073,-4.95
UAE_159,2023-10,3117,3170,-3929,-4149,1.7
UAE_159,2023-11,1718,1585,-3826,-3963,-7.74
UAE_159,2023-12,771,748,-2742,-2968,-2.98
UAE_159,2024-01,4125,4270,-3972,-4626,3.52
UAE_159,2024-02,2575,2493,-3475,-3250,-3.18
UAE_159,2024-03,2359,2489,-5608,-6525,5.51
UAE_159,2024-04,6734,6375,-6056,-5650,-5.33
UAE_159,2024-05,6734,6944,-7504,-6770,3.12
UAE_159,2024-06,2810,3022,-7897,-7275,7.54
UAE_159,2024-07,6146,6344,-6022,-5593,3.22
UAE_159,2024-08,2347,2194,-8595,-8388,-6.52
UAE_159,2024-09,1517,1651,-8309,-7485,8.83
UAE_159,2024-10,3666,3610,-6417,-5944,-1.53
UAE_159,2024-11,1028,1139,-2014,-2173,10.8
UAE_159,2024-12,2609,2512,-4062,-4209,-3.72
UAE_159,2025-01,2160,2113,-3550,-3908,-2.18
UAE_159,2025-02,2451,2685,-4474,-3962,9.55
UAE_159,2025-03,3177,3232,-1709,-1573,1.73
UAE_159,2025-04,2621,2404,-7091,-7281,-8.28
UAE_159,2025-05,3535,3922,-6369,-6569,10.95
UAE_159,2025-06,1198,1249,-3620,-3334,4.26
UAE_159,2025-07,3810,3574,-5422,-4907,-6.19
UAE_159,2025-08,4011,3836,-2692,-2712,-4.36
UAE_159,2025-09,4146,3875,-5493,-5188,-6.54
UAE_159,2025-10,2890,3070,-1152,-1115,6.23
UAE_159,2025-11,3294,3386,-356,-352,2.79
UAE_159,2025-12,1113,1031,-3564,-3601,-7.37
UAE_160,2023-01,133293,124039,-6282,-6189,-6.94
UAE_160,2023-02,138670,153786,6719,6739,10.9
UAE_160,2023-03,231444,254288,20299,22252,9.87
UAE_160,2023-04,142123,150654,-8309,-9374,6.0
UAE_160,2023-05,92333,97218,13071,12255,5.29
UAE_160,2023-06,346318,362946,50380,45852,4.8
UAE_160,2023-07,78659,75316,-6220,-6167,-4.25
UAE_160,2023-08,599750,560419,149201,140769,-6.56
UAE_160,2023-09,141040,148362,17346,19924,5.19
UAE_160,2023-10,72427,77484,-8540,-9034,6.98
UAE_160,2023-11,124664,127215,290,262,2.05
UAE_160,2023-12,142958,146839,1813,2022,2.71
UAE_160,2024-01,46054,42709,-13146,-11686,-7.26
UAE_160,2024-02,86086,91533,-4058,-4314,6.33
UAE_160,2024-03,60197,61356,-9437,-9172,1.93
UAE_160,2024-04,120431,112613,11406,10741,-6.49
UAE_160,2024-05,164681,151390,-2648,-2724,-8.07
UAE_160,2024-06,285283,306663,20319,20917,7.49
UAE_160,2024-07,598446,569518,120804,119924,-4.83
UAE_160,2024-08,262960,258721,45857,49879,-1.61
UAE_160,2024-09,54195,56430,-5891,-6520,4.12
UAE_160,2024-10,162851,178237,22682,24990,9.45
UAE_160,2024-11,13315,12364,-9412,-10234,-7.14
UAE_160,2024-12,69732,64698,-16234,-18562,-7.22
UAE_160,2025-01,159128,146864,16702,16097,-7.71
UAE_160,2025-02,195814,195433,-13667,-13383,-0.19
UAE_160,2025-03,32864,30997,-3336,-3277,-5.68
UAE_160,2025-04,477968,501090,69350,61362,4.84
UAE_160,2025-05,52296,51940,-19828,-18455,-0.68
UAE_160,2025-06,161147,152650,9552,9270,-5.27
UAE_160,2025-07,78676,73096,6189,6566,-7.09
UAE_160,2025-08,319367,309971,1189,1185,-2.94
UAE_160,2025-09,151544,167064,12417,12980,10.24
UAE_160,2025-10,164972,169889,34401,33888,2.98
UAE_160,2025-11,72966,66655,-22268,-26117,-8.65
UAE_160,2025-12,185041,189429,7938,7068,2.37
UAE_161,2023-01,2408,2375,-2033,-2055,-1.37
UAE_161,2023-02,1372,1427,-4858,-4282,4.01
UAE_161,2023-03,2481,2436,-1007,-1139,-1.81
UAE_161,2023-04,1437,1400,-6902,-6131,-2.57
UAE_161,2023-05,1771,1740,-3179,-3578,-1.75
UAE_161,2023-06,1847,2047,-2948,-3424,10.83
UAE_161,2023-07,2118,2057,-2464,-2191,-2.88
UAE_161,2023-08,4535,4684,-7144,-7552,3.29
UAE_161,2023-09,3146,3462,-4658,-4457,10.04
UAE_161,2023-10,2476,2311,-6030,-6485,-6.66
UAE_161,2023-11,2487,2550,-2518,-2812,2.53
UAE_161,2023-12,1204,1169,-2292,-2460,-2.91
UAE_161,2024-01,1424,1404,-5097,-5766,-1.4
UAE_161,2024-02,2227,2398,-4114,-3637,7.68
UAE_161,2024-03,1988,1817,-2622,-2591,-8.6
UAE_161,2024-04,1562,1736,-4324,-4513,11.14
UAE_161,2024-05,1636,1766,-2368,-2363,7.95
UAE_161,2024-06,2056,2209,-2139,-2115,7.44
UAE_161,2024-07,4948,5345,-7793,-7913,8.02
UAE_161,2024-08,1244,1206,-1748,-1730,-3.05
UAE_161,2024-09,3307,3557,-6415,-7231,7.56
UAE_161,2024-10,2612,2587,-1136,-1142,-0.96
UAE_161,2024-11,2219,2416,-945,-1038,8.88
UAE_161,2024-12,1158,1172,-7024,-6412,1.21
UAE_161,2025-01,2722,2854,-4956,-5206,4.85
UAE_161,2025-02,3433,3428,-6037,-5411,-0.15
UAE_161,2025-03,2985,2745,-6165,-5684,-8.04
UAE_161,2025-04,3692,3372,-1511,-1721,-8.67
UAE_161,2025-05,2271,2099,-1780,-1658,-7.57
UAE_161,2025-06,7357,7801,-5279,-5353,6.04
UAE_161,2025-07,1426,1383,-8041,-7765,-3.02
UAE_161,2025-08,2064,2111,-7859,-7339,2.28
UAE_161,2025-09,3479,3838,-4035,-4322,10.32
UAE_161,2025-10,2557,2572,-3872,-4532,0.59
UAE_161,2025-11,2000,1863,-5811,-5445,-6.85
UAE_161,2025-12,1314,1355,-2486,-2571,3.12
UAE_162,2023-01,2735,2532,-6483,-6501,-7.42
UAE_162,2023-02,3307,3011,-3848,-3725,-8.95
UAE_162,2023-03,846,843,-3882,-3709,-0.35
UAE_162,2023-04,2584,2372,-5430,-5608,-8.2
UAE_162,2023-05,2306,2531,-4844,-4230,9.76
UAE_162,2023-06,7316,8009,-7973,-8948,9.47
UAE_162,2023-07,1989,1871,-3754,-3323,-5.93
UAE_162,2023-08,3743,3455,-2341,-2544,-7.69
UAE_162,2023-09,2447,2688,-2691,-2667,9.85
UAE_162,2023-10,1067,1173,-4808,-4778,9.93
UAE_162,2023-11,2923,3061,-3197,-2886,4.72
UAE_162,2023-12,1200,1196,-4792,-5296,-0.33
UAE_162,2024-01,1821,1806,-3252,-3524,-0.82
UAE_162,2024-02,3306,3031,-1520,-1628,-8.32
UAE_162,2024-03,4360,4629,-5305,-5944,6.17
UAE_162,2024-04,3390,3520,-2660,-2811,3.83
UAE_162,2024-05,2817,2905,-2830,-3241,3.12
UAE_162,2024-06,2014,2133,-3568,-3888,5.91
UAE_162,2024-07,3006,2993,-2501,-2411,-0.43
UAE_162,2024-08,4823,4645,-3328,-3878,-3.69
UAE_162,2024-09,2683,2907,-7695,-7993,8.35
UAE_162,2024-10,3384,3492,-8120,-7064,3.19
UAE_162,2024-11,3152,3131,-5136,-5733,-0.67
UAE_162,2024-12,3513,3451,-1723,-1825,-1.76
UAE_162,2025-01,3284,3271,-4689,-5054,-0.4
UAE_162,2025-02,6036,6592,-2946,-3407,9.21
UAE_162,2025-03,3495,3195,-4214,-4661,-8.58
UAE_162,2025-04,1193,1162,-9736,-8632,-2.6
UAE_162,2025-05,3247,3066,-7447,-6872,-5.57
UAE_162,2025-06,1804,1733,-5447,-5427,-3.94
UAE_162,2025-07,5596,5130,-8804,-7906,-8.33
UAE_162,2025-08,2201,2338,-3572,-3911,6.22
UAE_162,2025-09,5580,5262,-5465,-4856,-5.7
UAE_162,2025-10,3595,3457,-2131,-2271,-3.84
UAE_162,2025-11,4708,4739,-8414,-7816,0.66
UAE_162,2025-12,2200,2235,-8389,-8073,1.59
UAE_163,2023-01,859,812,-3712,-3513,-5.47
UAE_163,2023-02,1494,1566,-2199,-2356,4.82
UAE_163,2023-03,2440,2647,-2177,-2142,8.48
UAE_163,2023-04,1481,1357,-1513,-1408,-8.37
UAE_163,2023-05,2108,1919,-2089,-2334,-8.97
UAE_163,2023-06,3152,3158,-2898,-3340,0.19
UAE_163,2023-07,3352,3625,-2694,-2594,8.14
UAE_163,2023-08,2900,3067,-6577,-7226,5.76
UAE_163,2023-09,3389,3282,-2383,-2539,-3.16
UAE_163,2023-10,1266,1164,-2805,-3140,-8.06
UAE_163,2023-11,1235,1144,-3116,-3225,-7.37
UAE_163,2023-12,660,728,-3674,-3949,10.3
UAE_163,2024-01,1609,1765,-5546,-5294,9.7
UAE_163,2024-02,710,703,-2684,-2420,-0.99
UAE_163,2024-03,2000,2201,-4044,-3588,10.05
UAE_163,2024-04,1994,1904,-3854,-3904,-4.51
UAE_163,2024-05,3498,3598,-5953,-6071,2.86
UAE_163,2024-06,2768,2667,-4913,-4832,-3.65
UAE_163,2024-07,3936,3990,-1033,-1215,1.37
UAE_163,2024-08,2670,2429,-3136,-3112,-9.03
UAE_163,2024-09,1755,1651,-6273,-7131,-5.93
UAE_163,2024-10,3097,3281,-2878,-2744,5.94
UAE_163,2024-11,2543,2357,-3987,-3507,-7.31
UAE_163,2024-12,1526,1613,-1431,-1543,5.7
UAE_163,2025-01,2174,2022,-6111,-5567,-6.99
UAE_163,2025-02,2905,2876,-1246,-1243,-1.0
UAE_163,2025-03,2933,2688,-2181,-2143,-8.35
UAE_163,2025-04,1746,1628,-1544,-1377,-6.76
UAE_163,2025-05,3105,3032,-3435,-3939,-2.35
UAE_163,2025-06,3637,3716,-1588,-1810,2.17
UAE_163,2025-07,4534,4221,-4193,-4768,-6.9
UAE_163,2025-08,1323,1364,-2593,-2301,3.1
UAE_163,2025-09,5534,5197,-6820,-7434,-6.09
UAE_163,2025-10,5939,5948,-4513,-4535,0.15
UAE_163,2025-11,2879,3041,-3578,-4103,5.63
UAE_163,2025-12,2466,2568,-3339,-3891,4.14
UAE_164,2023-01,674,700,-3815,-4420,3.86
UAE_164,2023-02,1788,1820,-5033,-5493,1.79
UAE_164,2023-03,1215,1161,-4865,-5658,-4.44
UAE_164,2023-04,1511,1505,-2163,-2060,-0.4
UAE_164,2023-05,2984,2731,-3174,-3177,-8.48
UAE_164,2023-06,1277,1163,-1552,-1721,-8.93
UAE_164,2023-07,1287,1291,-4967,-4644,0.31
UAE_164,2023-08,1106,1056,-3715,-4102,-4.52
UAE_164,2023-09,2042,2234,-4012,-4590,9.4
UAE_164,2023-10,2991,2776,-2866,-3025,-7.19
UAE_164,2023-11,2244,2173,-4483,-4684,-3.16
UAE_164,2023-12,2333,2443,-3394,-2953,4.71
UAE_164,2024-01,1608,1645,-859,-971,2.3
UAE_164,2024-02,1816,1736,-4684,-4456,-4.41
UAE_164,2024-03,1737,1652,-1928,-2253,-4.89
UAE_164,2024-04,1588,1500,-5576,-5288,-5.54
UAE_164,2024-05,1665,1777,-5384,-6265,6.73
UAE_164,2024-06,6135,6310,-8954,-8112,2.85
UAE_164,2024-07,3644,3646,-4100,-3609,0.05
UAE_164,2024-08,2205,2335,-3476,-3093,5.9
UAE_164,2024-09,4034,4454,-7597,-7044,10.41
UAE_164,2024-10,2947,2970,-1373,-1504,0.78
UAE_164,2024-11,1311,1265,-3813,-4447,-3.51
UAE_164,2024-12,1955,1806,-5241,-5354,-7.62
UAE_164,2025-01,1911,1951,-5527,-5170,2.09
UAE_164,2025-02,1014,1116,-3296,-3128,10.06
UAE_164,2025-03,1941,2041,-4256,-5008,5.15
UAE_164,2025-04,1084,1182,-7805,-7768,9.04
UAE_164,2025-05,1989,2064,-7361,-6940,3.77
UAE_164,2025-06,1795,1740,-4474,-4383,-3.06
UAE_164,2025-07,3205,3380,-4446,-4312,5.46
UAE_164,2025-08,8953,8339,-4963,-4685,-6.86
UAE_164,2025-09,3097,2958,-1970,-1823,-4.49
UAE_164,2025-10,3623,3473,-2924,-3384,-4.14
UAE_164,2025-11,2259,2366,-4920,-4770,4.74
UAE_164,2025-12,906,871,-6595,-6830,-3.86
UAE_165,2023-01,949,890,-5415,-5029,-6.22
UAE_165,2023-02,1620,1781,-6940,-6393,9.94
UAE_165,2023-03,877,900,-5755,-5310,2.62
UAE_165,2023-04,4521,4807,-5515,-5850,6.33
UAE_165,2023-05,2779,2987,-3910,-4319,7.48
UAE_165,2023-06,1430,1543,-3657,-3727,7.9
UAE_165,2023-07,10211,9319,-4465,-4741,-8.74
UAE_165,2023-08,2027,1904,-3872,-3428,-6.07
UAE_165,2023-09,1891,2006,-1386,-1478,6.08
UAE_165,2023-10,3299,3094,-2864,-3293,-6.21
UAE_165,2023-11,2595,2408,-5615,-5187,-7.21
UAE_165,2023-12,2494,2283,-3357,-3322,-8.46
UAE_165,2024-01,2074,2059,-2788,-3055,-0.72
UAE_165,2024-02,1025,998,-1292,-1370,-2.63
UAE_165,2024-03,856,915,-2018,-2346,6.89
UAE_165,2024-04,2984,3025,-6965,-6572,1.37
UAE_165,2024-05,1792,1695,-4143,-3776,-5.41
UAE_165,2024-06,2191,2355,-1784,-2035,7.49
UAE_165,2024-07,1250,1230,-1400,-1530,-1.6
UAE_165,2024-08,1340,1287,-3752,-3517,-3.96
UAE_165,2024-09,1422,1480,-7560,-6778,4.08
UAE_165,2024-10,1950,1854,-8805,-7951,-4.92
UAE_165,2024-11,3116,3190,-542,-522,2.37
UAE_165,2024-12,910,950,-1752,-1714,4.4
UAE_165,2025-01,1888,1959,-1725,-1966,3.76
UAE_165,2025-02,786,848,-4602,-4465,7.89
UAE_165,2025-03,846,915,-5408,-6003,8.16
UAE_165,2025-04,1324,1207,-5036,-4466,-8.84
UAE_165,2025-05,2093,2050,-3212,-3480,-2.05
UAE_165,2025-06,6952,7316,-5432,-5613,5.24
UAE_165,2025-07,3936,3895,-7582,-7267,-1.04
UAE_165,2025-08,1220,1354,-5567,-4927,10.98
UAE_165,2025-09,4345,4323,-7572,-8721,-0.51
UAE_165,2025-10,2730,2800,-7847,-6957,2.56
UAE_165,2025-11,2375,2259,-3489,-3894,-4.88
UAE_165,2025-12,1081,1068,-1823,-1597,-1.2
UAE_166,2023-01,1501,1464,-4133,-3767,-2.47
UAE_166,2023-02,1568,1587,-2989,-3481,1.21
UAE_166,2023-03,2849,2705,-1248,-1176,-5.05
UAE_166,2023-04,4841,4679,-6133,-6036,-3.35
UAE_166,2023-05,2821,2571,-5013,-4837,-8.86
UAE_166,2023-06,998,979,-4016,-3941,-1.9
UAE_166,2023-07,1646,1813,-2473,-2275,10.15
UAE_166,2023-08,2670,2606,-2103,-2059,-2.4
UAE_166,2023-09,1846,1991,-6056,-5970,7.85
UAE_166,2023-10,1230,1360,-2300,-2628,10.57
UAE_166,2023-11,1519,1607,-5592,-5890,5.79
UAE_166,2023-12,1661,1724,-5697,-5384,3.79
UAE_166,2024-01,1386,1473,-3417,-3532,6.28
UAE_166,2024-02,2273,2248,-4376,-3996,-1.1
UAE_166,2024-03,1865,1855,-7800,-6787,-0.54
UAE_166,2024-04,2562,2506,-1761,-1603,-2.19
UAE_166,2024-05,1623,1508,-3528,-3639,-7.09
UAE_166,2024-06,1578,1547,-9118,-8114,-1.96
UAE_166,2024-07,1873,1709,-5500,-5122,-8.76
UAE_166,2024-08,3182,3253,-6454,-6055,2.23
UAE_166,2024-09,2108,2264,-5014,-4719,7.4
UAE_166,2024-10,2577,2351,-3871,-3989,-8.77
UAE_166,2024-11,1128,1116,-4637,-4278,-1.06
UAE_166,2024-12,2795,2750,-1454,-1560,-1.61
UAE_166,2025-01,955,886,-3911,-3586,-7.23
UAE_166,2025-02,2198,2200,-5238,-5866,0.09
UAE_166,2025-03,2136,2275,-2294,-2279,6.51
UAE_166,2025-04,2836,2994,-3155,-3088,5.57
UAE_166,2025-05,1647,1657,-4783,-4567,0.61
UAE_166,2025-06,1811,1771,-3471,-3568,-2.21
UAE_166,2025-07,8100,7904,-5708,-5734,-2.42
UAE_166,2025-08,1394,1300,-4176,-4351,-6.74
UAE_166,2025-09,3387,3307,-1358,-1275,-2.36
UAE_166,2025-10,1234,1280,-5545,-5446,3.73
UAE_166,2025-11,3193,3384,-1796,-1689,5.98
UAE_166,2025-12,2280,2354,-3622,-3244,3.25
UAE_167,2023-01,1541,1634,-5388,-5619,6.04
UAE_167,2023-02,2118,2272,-3783,-3765,7.27
UAE_167,2023-03,10097,9664,-4185,-3771,-4.29
UAE_167,2023-04,8487,8284,-11142,-12250,-2.39
UAE_167,2023-05,5108,4726,-9460,-8672,-7.48
UAE_167,2023-06,5586,5439,-9398,-10002,-2.63
UAE_167,2023-07,11597,11796,-4507,-4605,1.72
UAE_167,2023-08,5853,6018,-2746,-2754,2.82
UAE_167,2023-09,7858,7177,-12675,-13597,-8.67
UAE_167,2023-10,6293,6374,-7364,-6437,1.29
UAE_167,2023-11,5199,4826,-10123,-9863,-7.17
UAE_167,2023-12,1366,1434,-3486,-3772,4.98
UAE_167,2024-01,5902,6206,-8737,-9264,5.15
UAE_167,2024-02,3827,3875,-5837,-6154,1.25
UAE_167,2024-03,4686,5030,-2286,-2105,7.34
UAE_167,2024-04,2530,2757,-2391,-2266,8.97
UAE_167,2024-05,7073,6539,-1778,-1651,-7.55
UAE_167,2024-06,4823,4693,-1586,-1819,-2.7
UAE_167,2024-07,8555,9243,-11037,-11765,8.04
UAE_167,2024-08,4933,4980,-2137,-2416,0.95
UAE_167,2024-09,6729,7438,-6050,-6853,10.54
UAE_167,2024-10,7732,7951,-10963,-11685,2.83
UAE_167,2024-11,4572,4578,-4914,-4830,0.13
UAE_167,2024-12,1895,1959,-3000,-3080,3.38
UAE_167,2025-01,3575,3868,-4784,-4201,8.2
UAE_167,2025-02,13423,14062,-9687,-8442,4.76
UAE_167,2025-03,3909,4210,-5985,-5636,7.7
UAE_167,2025-04,3512,3823,-3080,-3487,8.86
UAE_167,2025-05,5560,5514,-5151,-4503,-0.83
UAE_167,2025-06,5378,5068,-1883,-2037,-5.76
UAE_167,2025-07,5378,5907,-2481,-2844,9.84
UAE_167,2025-08,4446,4392,-4855,-4997,-1.21
UAE_167,2025-09,4549,5020,-3022,-3263,10.35
UAE_167,2025-10,6990,6811,-556,-619,-2.56
UAE_167,2025-11,1713,1599,-2391,-2758,-6.65
UAE_167,2025-12,7824,7834,-9978,-9843,0.13
UAE_168,2023-01,20609,20151,-8248,-8547,-2.22
UAE_168,2023-02,55954,51175,-14015,-13519,-8.54
UAE_168,2023-03,37145,36187,-27865,-24883,-2.58
UAE_168,2023-04,62948,62902,-6652,-6124,-0.07
UAE_168,2023-05,31660,32647,-7567,-7064,3.12
UAE_168,2023-06,17732,19678,-13874,-13291,10.97
UAE_168,2023-07,218408,205950,15444,13985,-5.7
UAE_168,2023-08,104188,115610,8168,7624,10.96
UAE_168,2023-09,127539,119556,1122,1302,-6.26
UAE_168,2023-10,78864,80600,-9166,-9571,2.2
UAE_168,2023-11,63494,61766,-11796,-13822,-2.72
UAE_168,2023-12,80136,84726,-1840,-1783,5.73
UAE_168,2024-01,54958,50726,-15982,-14838,-7.7
UAE_168,2024-02,27441,28200,-6112,-5551,2.77
UAE_168,2024-03,27734,29735,-5729,-5539,7.21
UAE_168,2024-04,41224,38274,-23325,-20652,-7.16
UAE_168,2024-05,49285,50410,-12466,-13800,2.28
UAE_168,2024-06,75738,72790,-24503,-24356,-3.89
UAE_168,2024-07,239198,219857,28473,27369,-8.09
UAE_168,2024-08,223637,225764,22030,23159,0.95
UAE_168,2024-09,53098,49267,-10805,-11945,-7.21
UAE_168,2024-10,18411,18247,-16517,-15650,-0.89
UAE_168,2024-11,100614,98417,-2447,-2835,-2.18
UAE_168,2024-12,65221,63602,3717,4028,-2.48
UAE_168,2025-01,61019,64729,-15269,-14477,6.08
UAE_168,2025-02,52478,55062,5323,4641,4.92
UAE_168,2025-03,33842,33704,-9670,-9952,-0.41
UAE_168,2025-04,107426,112427,6236,6258,4.66
UAE_168,2025-05,8039,7499,-13799,-12894,-6.72
UAE_168,2025-06,65031,66363,-8941,-8947,2.05
UAE_168,2025-07,70387,68983,-273,-295,-1.99
UAE_168,2025-08,102056,103612,4272,4351,1.52
UAE_168,2025-09,63792,59397,-17460,-18049,-6.89
UAE_168,2025-10,30890,31664,-10525,-9382,2.51
UAE_168,2025-11,25609,23781,-12423,-11126,-7.14
UAE_168,2025-12,8787,8001,-7128,-6837,-8.95
UAE_169,2023-01,730,723,-1484,-1534,-0.96
UAE_169,2023-02,1742,1852,-5148,-5103,6.31
UAE_169,2023-03,1263,1255,-4700,-5465,-0.63
UAE_169,2023-04,1488,1480,-2997,-2850,-0.54
UAE_169,2023-05,1877,1873,-3793,-3919,-0.21
UAE_169,2023-06,2139,2198,-2184,-2180,2.76
UAE_169,2023-07,5451,5461,-3889,-3554,0.18
UAE_169,2023-08,2289,2136,-4518,-3995,-6.68
UAE_169,2023-09,3177,3004,-6078,-6150,-5.45
UAE_169,2023-10,1614,1578,-4389,-4559,-2.23
UAE_169,2023-11,2573,2438,-1712,-1680,-5.25
UAE_169,2023-12,1749,1699,-1920,-2060,-2.86
UAE_169,2024-01,2068,2006,-3563,-3520,-3.0
UAE_169,2024-02,1899,1846,-3238,-2856,-2.79
UAE_169,2024-03,2721,2515,-5539,-5415,-7.57
UAE_169,2024-04,5153,5695,-6116,-6336,10.52
UAE_169,2024-05,3211,3387,-3327,-3183,5.48
UAE_169,2024-06,3083,2915,-2923,-3146,-5.45
UAE_169,2024-07,2417,2265,-3618,-3165,-6.29
UAE_169,2024-08,3913,3976,-1234,-1227,1.61
UAE_169,2024-09,1536,1616,-4930,-4945,5.21
UAE_169,2024-10,1919,2110,-1157,-1335,9.95
UAE_169,2024-11,2904,2792,-1956,-2147,-3.86
UAE_169,2024-12,1748,1847,-3122,-3672,5.66
UAE_169,2025-01,6120,5731,-4274,-4971,-6.36
UAE_169,2025-02,1771,1839,-1959,-2046,3.84
UAE_169,2025-03,960,1006,-2205,-1943,4.79
UAE_169,2025-04,2272,2434,-7849,-7110,7.13
UAE_169,2025-05,3766,3507,-4793,-5129,-6.88
UAE_169,2025-06,2380,2457,-1281,-1265,3.24
UAE_169,2025-07,2493,2535,-3300,-3535,1.68
UAE_169,2025-08,3308,3039,-4487,-4750,-8.13
UAE_169,2025-09,2078,1970,-2050,-1937,-5.2
UAE_169,2025-10,2983,2894,-1302,-1445,-2.98
UAE_169,2025-11,1484,1554,-4830,-4473,4.72
UAE_169,2025-12,2791,2720,-4921,-4580,-2.54
UAE_170,2023-01,50265,47388,-20696,-23050,-5.72
UAE_170,2023-02,238809,219665,7182,6419,-8.02
UAE_170,2023-03,188575,182380,-212,-211,-3.29
UAE_170,2023-04,106347,107434,4729,5149,1.02
UAE_170,2023-05,369110,406973,67043,74702,10.26
UAE_170,2023-06,149307,159153,-14851,-14350,6.59
UAE_170,2023-07,143181,155485,-2779,-2823,8.59
UAE_170,2023-08,101150,105203,-14330,-16452,4.01
UAE_170,2023-09,268794,253807,55336,51939,-5.58
UAE_170,2023-10,41005,41382,-5974,-5456,0.92
UAE_170,2023-11,162011,147954,1037,1124,-8.68
UAE_170,2023-12,14120,14062,-22120,-21906,-0.41
UAE_170,2024-01,130913,129949,-3707,-3367,-0.74
UAE_170,2024-02,185851,170715,25149,23549,-8.14
UAE_170,2024-03,56274,61968,-6309,-6024,10.12
UAE_170,2024-04,83962,89716,-16316,-16026,6.85
UAE_170,2024-05,375516,387152,39208,36170,3.1
UAE_170,2024-06,111401,113482,10660,10348,1.87
UAE_170,2024-07,154146,147869,4952,5557,-4.07
UAE_170,2024-08,167787,153175,7139,6731,-8.71
UAE_170,2024-09,133261,131326,-5327,-4715,-1.45
UAE_170,2024-10,29164,28463,-12218,-10712,-2.4
UAE_170,2024-11,145090,143908,38541,34007,-0.81
UAE_170,2024-12,27511,29756,-30841,-29326,8.16
UAE_170,2025-01,20488,21376,-11823,-11432,4.33
UAE_170,2025-02,180378,188853,4751,4358,4.7
UAE_170,2025-03,29294,28279,-5300,-5381,-3.46
UAE_170,2025-04,31947,30077,-1549,-1664,-5.85
UAE_170,2025-05,38337,40872,-1626,-1576,6.61
UAE_170,2025-06,69408,74303,-29046,-26381,7.05
UAE_170,2025-07,75801,79132,-25161,-21959,4.39
UAE_170,2025-08,121814,129308,-317,-292,6.15
UAE_170,2025-09,56276,56236,-19072,-21303,-0.07
UAE_170,2025-10,91844,86086,1113,1010,-6.27
UAE_170,2025-11,129779,121579,-11950,-11120,-6.32
UAE_170,2025-12,48041,51222,-22083,-25306,6.62
UAE_171,2023-01,24173,22083,-8988,-9550,-8.65
UAE_171,2023-02,14665,15972,-6754,-7719,8.91
UAE_171,2023-03,12333,11445,-2065,-2057,-7.2
UAE_171,2023-04,10791,9839,-4831,-4480,-8.82
UAE_171,2023-05,18332,18509,-7401,-7319,0.97
UAE_171,2023-06,48548,45799,-5195,-5406,-5.66
UAE_171,2023-07,75137,82383,-8440,-9155,9.64
UAE_171,2023-08,46577,44440,-9603,-8400,-4.59
UAE_171,2023-09,33029,30811,-6076,-6078,-6.72
UAE_171,2023-10,46952,43651,-1352,-1178,-7.03
UAE_171,2023-11,14026,14704,-12516,-11547,4.83
UAE_171,2023-12,98768,101371,16282,14332,2.64
UAE_171,2024-01,26849,25823,-4826,-5103,-3.82
UAE_171,2024-02,7286,6779,-5965,-5398,-6.96
UAE_171,2024-03,26823,26319,-14596,-14165,-1.88
UAE_171,2024-04,21585,20473,-11439,-11237,-5.15
UAE_171,2024-05,50792,46412,-10607,-11515,-8.62
UAE_171,2024-06,12393,11704,-14543,-14023,-5.56
UAE_171,2024-07,72651,74708,-7640,-7172,2.83
UAE_171,2024-08,102813,99033,2273,2062,-3.68
UAE_171,2024-09,11424,11612,-3805,-4290,1.65
UAE_171,2024-10,17330,17254,-5162,-4990,-0.44
UAE_171,2024-11,62006,66539,-1464,-1499,7.31
UAE_171,2024-12,52325,51005,-4536,-5040,-2.52
UAE_171,2025-01,22245,20814,-6410,-5734,-6.43
UAE_171,2025-02,9991,10667,-10506,-10617,6.77
UAE_171,2025-03,34293,33928,-12382,-13454,-1.06
UAE_171,2025-04,35233,37007,-9611,-10032,5.04
UAE_171,2025-05,77691,83125,-6368,-5953,6.99
UAE_171,2025-06,47152,46417,-14256,-13711,-1.56
UAE_171,2025-07,78955,85832,6652,6535,8.71
UAE_171,2025-08,27366,27894,-7409,-6635,1.93
UAE_171,2025-09,13625,14944,-13446,-14052,9.68
UAE_171,2025-10,14085,15488,-6578,-6373,9.96
UAE_171,2025-11,12450,12200,-6236,-5605,-2.01
UAE_171,2025-12,6688,6972,-9399,-9364,4.25
UAE_172,2023-01,9018,9317,-7715,-8113,3.32
UAE_172,2023-02,3659,3510,-3361,-3135,-4.07
UAE_172,2023-03,1523,1468,-5508,-6259,-3.61
UAE_172,2023-04,2125,2159,-6199,-7221,1.6
UAE_172,2023-05,4028,4167,-9750,-11256,3.45
UAE_172,2023-06,3923,4063,-5036,-5556,3.57
UAE_172,2023-07,4842,4856,-4186,-4703,0.29
UAE_172,2023-08,13867,14511,-9562,-10662,4.64
UAE_172,2023-09,1526,1501,-2649,-2791,-1.64
UAE_172,2023-10,4375,4855,-2046,-2302,10.97
UAE_172,2023-11,3381,3747,-2343,-2620,10.83
UAE_172,2023-12,2241,2063,-5339,-4714,-7.94
UAE_172,2024-01,3431,3598,-5987,-5844,4.87
UAE_172,2024-02,3172,3253,-6032,-5462,2.55
UAE_172,2024-03,2569,2774,-5692,-6268,7.98
UAE_172,2024-04,2525,2490,-6198,-7170,-1.39
UAE_172,2024-05,5680,5857,-6967,-7199,3.12
UAE_172,2024-06,5757,5254,-4999,-4475,-8.74
UAE_172,2024-07,20781,20783,-8050,-7387,0.01
UAE_172,2024-08,3175,3015,-6254,-6327,-5.04
UAE_172,2024-09,5496,5114,-9497,-10284,-6.95
UAE_172,2024-10,2384,2517,-3856,-3873,5.58
UAE_172,2024-11,2697,2625,-3277,-3847,-2.67
UAE_172,2024-12,5146,5103,-9821,-8883,-0.84
UAE_172,2025-01,2612,2616,-4314,-4653,0.15
UAE_172,2025-02,8334,8966,-6739,-6368,7.58
UAE_172,2025-03,4576,4644,-2990,-3010,1.49
UAE_172,2025-04,11803,10827,-6496,-6343,-8.27
UAE_172,2025-05,19667,18587,-7040,-7124,-5.49
UAE_172,2025-06,5885,6220,-2946,-3447,5.69
UAE_172,2025-07,5741,5451,-8853,-7814,-5.05
UAE_172,2025-08,16622,17210,-9621,-9387,3.54
UAE_172,2025-09,13717,13123,-8672,-7972,-4.33
UAE_172,2025-10,1777,1793,-3386,-3190,0.9
UAE_172,2025-11,3755,3952,-12057,-10813,5.25
UAE_172,2025-12,2784,2706,-6631,-5845,-2.8
UAE_173,2023-01,1211,1207,-4748,-4562,-0.33
UAE_173,2023-02,7875,8598,-6666,-7410,9.18
UAE_173,2023-03,4221,4545,-3069,-2796,7.68
UAE_173,2023-04,14476,15309,-8639,-9799,5.75
UAE_173,2023-05,3347,3395,-11510,-10408,1.43
UAE_173,2023-06,4027,4028,-9045,-8614,0.02
UAE_173,2023-07,4047,4453,-6776,-7717,10.03
UAE_173,2023-08,9428,9711,-9923,-11082,3.0
UAE_173,2023-09,9192,9127,-13357,-12222,-0.71
UAE_173,2023-10,3015,3249,-4623,-5020,7.76
UAE_173,2023-11,5178,5060,-10971,-9804,-2.28
UAE_173,2023-12,4418,4806,-6570,-7195,8.78
UAE_173,2024-01,4196,4461,-8180,-7120,6.32
UAE_173,2024-02,18367,19967,-4956,-4505,8.71
UAE_173,2024-03,9282,9283,-9273,-9748,0.01
UAE_173,2024-04,5216,5454,-6426,-6343,4.56
UAE_173,2024-05,3796,3695,-7740,-7241,-2.66
UAE_173,2024-06,11410,12233,-8216,-8546,7.21
UAE_173,2024-07,15189,13814,-4188,-3910,-9.05
UAE_173,2024-08,31231,30298,-5260,-5863,-2.99
UAE_173,2024-09,3431,3515,-5992,-5246,2.45
UAE_173,2024-10,13653,13084,-3745,-3414,-4.17
UAE_173,2024-11,3030,2907,-5088,-5097,-4.06
UAE_173,2024-12,6652,6160,-7038,-6869,-7.4
UAE_173,2025-01,6216,6032,-9361,-10040,-2.96
UAE_173,2025-02,3505,3513,-10471,-10195,0.23
UAE_173,2025-03,11883,10992,-8405,-7475,-7.5
UAE_173,2025-04,3956,4065,-5098,-4453,2.76
UAE_173,2025-05,33064,31237,-164,-146,-5.53
UAE_173,2025-06,9401,10256,-13640,-13153,9.09
UAE_173,2025-07,11668,12093,-9567,-9813,3.64
UAE_173,2025-08,8765,7990,-9524,-9381,-8.84
UAE_173,2025-09,2946,2934,-7035,-8122,-0.41
UAE_173,2025-10,17660,16705,-4796,-5061,-5.41
UAE_173,2025-11,1815,2007,-5634,-5164,10.58
UAE_173,2025-12,9387,9509,-6946,-6246,1.3
UAE_174,2023-01,1436,1391,-2285,-2359,-3.13
UAE_174,2023-02,4713,4483,-3586,-3910,-4.88
UAE_174,2023-03,2557,2376,-6602,-6069,-7.08
UAE_174,2023-04,4646,4899,-6278,-5642,5.45
UAE_174,2023-05,5697,5324,-4547,-4356,-6.55
UAE_174,2023-06,6518,6134,-2476,-2783,-5.89
UAE_174,2023-07,8948,8248,-11457,-11622,-7.82
UAE_174,2023-08,37864,35033,-5799,-6795,-7.48
UAE_174,2023-09,6864,7429,-11910,-13258,8.23
UAE_174,2023-10,25590,23686,-9551,-8594,-7.44
UAE_174,2023-11,4331,4353,-7639,-7015,0.51
UAE_174,2023-12,5321,4895,-1661,-1718,-8.01
UAE_174,2024-01,3911,4315,-7913,-7235,10.33
UAE_174,2024-02,1328,1441,-6901,-6281,8.51
UAE_174,2024-03,3542,3911,-2939,-3031,10.42
UAE_174,2024-04,2866,2636,-2700,-2675,-8.03
UAE_174,2024-05,21602,20655,-8878,-9263,-4.38
UAE_174,2024-06,3476,3208,-2042,-2275,-7.71
UAE_174,2024-07,5986,6246,-7876,-7889,4.34
UAE_174,2024-08,5423,5421,-4962,-4360,-0.04
UAE_174,2024-09,14362,14615,-8752,-8170,1.76
UAE_174,2024-10,6276,5956,-8932,-8747,-5.1
UAE_174,2024-11,2794,2858,-9595,-8435,2.29
UAE_174,2024-12,2799,2686,-9922,-10685,-4.04
UAE_174,2025-01,5216,4784,-2130,-2188,-8.28
UAE_174,2025-02,10020,9947,-3926,-3980,-0.73
UAE_174,2025-03,3244,3449,-10430,-10892,6.32
UAE_174,2025-04,3457,3312,-7617,-6945,-4.19
UAE_174,2025-05,9414,10180,-6195,-6100,8.14
UAE_174,2025-06,23072,21672,-7477,-6843,-6.07
UAE_174,2025-07,12836,13920,-1739,-1623,8.44
UAE_174,2025-08,22950,21532,-9511,-8632,-6.18
UAE_174,2025-09,2363,2529,-4867,-5296,7.02
UAE_174,2025-10,25531,25428,-3408,-3129,-0.4
UAE_174,2025-11,2777,2772,-2992,-2721,-0.18
UAE_174,2025-12,2369,2315,-3834,-3598,-2.28
UAE_175,2023-01,1102,1033,-3877,-3547,-6.26
UAE_175,2023-02,4802,4824,-6453,-5619,0.46
UAE_175,2023-03,3880,3614,-8917,-8654,-6.86
UAE_175,2023-04,2999,3221,-3813,-4219,7.4
UAE_175,2023-05,1824,1700,-7141,-6790,-6.8
UAE_175,2023-06,1757,1764,-3143,-2882,0.4
UAE_175,2023-07,3522,3555,-6393,-6951,0.94
UAE_175,2023-08,2957,2916,-9191,-8045,-1.39
UAE_175,2023-09,2434,2346,-1913,-2110,-3.62
UAE_175,2023-10,1710,1858,-4520,-4785,8.65
UAE_175,2023-11,9562,10588,-9373,-8572,10.73
UAE_175,2023-12,6500,6007,-6463,-6620,-7.58
UAE_175,2024-01,3469,3269,-8315,-7468,-5.77
UAE_175,2024-02,7449,7254,-4578,-5058,-2.62
UAE_175,2024-03,2475,2504,-7027,-7954,1.17
UAE_175,2024-04,6100,6013,-6034,-6407,-1.43
UAE_175,2024-05,12895,12484,-6511,-7596,-3.19
UAE_175,2024-06,18896,19458,-9053,-8322,2.97
UAE_175,2024-07,2797,2681,-2255,-2282,-4.15
UAE_175,2024-08,3488,3285,-2527,-2635,-5.82
UAE_175,2024-09,1466,1355,-7801,-8098,-7.57
UAE_175,2024-10,2127,1971,-8619,-9807,-7.33
UAE_175,2024-11,2638,2525,-4013,-3562,-4.28
UAE_175,2024-12,2598,2523,-7094,-6925,-2.89
UAE_175,2025-01,3682,3504,-2878,-3299,-4.83
UAE_175,2025-02,1599,1462,-1701,-1995,-8.57
UAE_175,2025-03,4723,4578,-2647,-2632,-3.07
UAE_175,2025-04,1507,1491,-5001,-4565,-1.06
UAE_175,2025-05,9997,10489,-6419,-6570,4.92
UAE_175,2025-06,5323,5097,-1414,-1635,-4.25
UAE_175,2025-07,3356,3540,-4505,-4354,5.48
UAE_175,2025-08,2777,2650,-2086,-2182,-4.57
UAE_175,2025-09,2862,2863,-5914,-5258,0.03
UAE_175,2025-10,3286,3247,-2998,-2647,-1.19
UAE_175,2025-11,2217,2363,-4350,-4863,6.59
UAE_175,2025-12,8032,8888,-6505,-6706,10.66
UAE_176,2023-01,7232,6764,-6326,-7332,-6.47
UAE_176,2023-02,1756,1846,-3298,-3390,5.13
UAE_176,2023-03,1841,2014,-10407,-9487,9.4
UAE_176,2023-04,1368,1468,-7209,-7401,7.31
UAE_176,2023-05,2864,2860,-9463,-8486,-0.14
UAE_176,2023-06,2956,2926,-2320,-2284,-1.01
UAE_176,2023-07,3083,3366,-6596,-6861,9.18
UAE_176,2023-08,4367,4140,-8554,-9941,-5.2
UAE_176,2023-09,4691,4755,-2004,-1820,1.36
UAE_176,2023-10,1568,1528,-6238,-5443,-2.55
UAE_176,2023-11,2573,2625,-4854,-5625,2.02
UAE_176,2023-12,2392,2516,-2899,-2896,5.18
UAE_176,2024-01,3040,2852,-1740,-1522,-6.18
UAE_176,2024-02,1475,1545,-4906,-5500,4.75
UAE_176,2024-03,3279,3050,-1762,-1681,-6.98
UAE_176,2024-04,8236,8660,-4444,-4707,5.15
UAE_176,2024-05,2596,2748,-6152,-6279,5.86
UAE_176,2024-06,2741,2838,-4275,-3989,3.54
UAE_176,2024-07,5030,4609,-2278,-2100,-8.37
UAE_176,2024-08,4259,4487,-2640,-3050,5.35
UAE_176,2024-09,7891,7693,-6595,-5868,-2.51
UAE_176,2024-10,9126,8703,-6458,-7221,-4.64
UAE_176,2024-11,7691,8531,-6516,-5958,10.92
UAE_176,2024-12,2321,2164,-2851,-2531,-6.76
UAE_176,2025-01,5018,4838,-5354,-4976,-3.59
UAE_176,2025-02,3447,3545,-3683,-3627,2.84
UAE_176,2025-03,1148,1164,-2542,-2288,1.39
UAE_176,2025-04,3851,3753,-6015,-5994,-2.54
UAE_176,2025-05,4051,4215,-1080,-1248,4.05
UAE_176,2025-06,5324,5028,-6405,-6043,-5.56
UAE_176,2025-07,1907,1869,-13028,-12088,-1.99
UAE_176,2025-08,8148,7903,-6627,-7448,-3.01
UAE_176,2025-09,2909,2929,-1750,-1711,0.69
UAE_176,2025-10,1484,1360,-6940,-6550,-8.36
UAE_176,2025-11,4269,4001,-4403,-3954,-6.28
UAE_176,2025-12,2766,3011,-9472,-8588,8.86
UAE_177,2023-01,9975,9474,-11646,-10280,-5.02
UAE_177,2023-02,28868,29577,-4530,-4077,2.46
UAE_177,2023-03,51967,52832,-19567,-17358,1.66
UAE_177,2023-04,23922,22002,-9468,-9950,-8.03
UAE_177,2023-05,13891,12673,-13503,-12165,-8.77
UAE_177,2023-06,102303,96291,313,309,-5.88
UAE_177,2023-07,44906,42419,-31053,-31067,-5.54
UAE_177,2023-08,178451,168967,16362,18126,-5.31
UAE_177,2023-09,75382,77172,-5902,-5270,2.37
UAE_177,2023-10,14145,14237,-20252,-22012,0.65
UAE_177,2023-11,89407,89237,10644,9623,-0.19
UAE_177,2023-12,94488,101069,-6785,-7576,6.96
UAE_177,2024-01,9992,10159,-5326,-4962,1.67
UAE_177,2024-02,47116,46355,-12751,-11572,-1.62
UAE_177,2024-03,71991,72660,-2434,-2149,0.93
UAE_177,2024-04,34794,38263,-4631,-4602,9.97
UAE_177,2024-05,146759,139399,979,920,-5.02
UAE_177,2024-06,66366,70703,-11800,-12331,6.53
UAE_177,2024-07,13388,14191,-5584,-5696,6.0
UAE_177,2024-08,88793,88827,-2685,-3039,0.04
UAE_177,2024-09,20836,22679,-8491,-7775,8.85
UAE_177,2024-10,11098,10382,-19529,-17126,-6.45
UAE_177,2024-11,76563,79472,195,179,3.8
UAE_177,2024-12,4727,5096,-8183,-9537,7.81
UAE_177,2025-01,19327,20186,-1014,-1142,4.44
UAE_177,2025-02,55806,61313,-953,-958,9.87
UAE_177,2025-03,19772,20622,-18638,-17182,4.3
UAE_177,2025-04,109163,117205,-12638,-12878,7.37
UAE_177,2025-05,9343,9183,-5901,-6326,-1.71
UAE_177,2025-06,165390,178127,21050,19381,7.7
UAE_177,2025-07,29606,31278,-3332,-3389,5.65
UAE_177,2025-08,94543,92117,11188,11164,-2.57
UAE_177,2025-09,47649,49469,-16428,-17152,3.82
UAE_177,2025-10,212724,209561,43372,44404,-1.49
UAE_177,2025-11,6031,5890,-11169,-13096,-2.34
UAE_177,2025-12,41868,42602,-21608,-21370,1.75
UAE_178,2023-01,1888,1949,-5709,-5014,3.23
UAE_178,2023-02,1552,1667,-826,-938,7.41
UAE_178,2023-03,2202,2064,-5340,-5186,-6.27
UAE_178,2023-04,1155,1270,-2710,-3007,9.96
UAE_178,2023-05,3350,3143,-1880,-1956,-6.18
UAE_178,2023-06,3421,3550,-2496,-2717,3.77
UAE_178,2023-07,2214,2443,-8261,-7816,10.34
UAE_178,2023-08,2717,2701,-8153,-7505,-0.59
UAE_178,2023-09,2036,1896,-1103,-1185,-6.88
UAE_178,2023-10,1477,1444,-3829,-4347,-2.23
UAE_178,2023-11,1911,1792,-2892,-3240,-6.23
UAE_178,2023-12,1172,1112,-6665,-5850,-5.12
UAE_178,2024-01,928,1005,-4243,-3774,8.3
UAE_178,2024-02,766,838,-6022,-5585,9.4
UAE_178,2024-03,1279,1306,-4129,-4071,2.11
UAE_178,2024-04,2391,2515,-4388,-4560,5.19
UAE_178,2024-05,1004,934,-4334,-4329,-6.97
UAE_178,2024-06,1546,1573,-7733,-7131,1.75
UAE_178,2024-07,4107,4241,-8076,-8814,3.26
UAE_178,2024-08,2015,1859,-1751,-2042,-7.74
UAE_178,2024-09,4072,4351,-6007,-5848,6.85
UAE_178,2024-10,1544,1676,-4884,-4749,8.55
UAE_178,2024-11,851,869,-3604,-4045,2.12
UAE_178,2024-12,3028,2987,-4500,-4777,-1.35
UAE_178,2025-01,2463,2249,-6015,-6428,-8.69
UAE_178,2025-02,1182,1163,-1715,-1684,-1.61
UAE_178,2025-03,2230,2053,-4794,-4528,-7.94
UAE_178,2025-04,3582,3509,-2356,-2434,-2.04
UAE_178,2025-05,3348,3288,-5376,-5430,-1.79
UAE_178,2025-06,3535,3433,-1960,-2178,-2.89
UAE_178,2025-07,6880,6475,-8901,-8456,-5.89
UAE_178,2025-08,3156,3195,-4592,-4796,1.24
UAE_178,2025-09,1795,1684,-6683,-6801,-6.18
UAE_178,2025-10,3542,3384,-5028,-4750,-4.46
UAE_178,2025-11,931,977,-6535,-7049,4.94
UAE_178,2025-12,1497,1398,-3747,-3991,-6.61
UAE_179,2023-01,3115,3361,-5607,-6432,7.9
UAE_179,2023-02,7408,7106,-8136,-7663,-4.08
UAE_179,2023-03,1296,1417,-4771,-4268,9.34
UAE_179,2023-04,1252,1291,-4956,-4348,3.12
UAE_179,2023-05,7288,7774,-10788,-9849,6.67
UAE_179,2023-06,3258,3389,-9264,-10692,4.02
UAE_179,2023-07,10796,11035,-7329,-6730,2.21
UAE_179,2023-08,8944,9049,-7423,-8284,1.17
UAE_179,2023-09,3863,3592,-9560,-9944,-7.02
UAE_179,2023-10,14775,13984,-9168,-8569,-5.35
UAE_179,2023-11,9715,8868,-11228,-10395,-8.72
UAE_179,2023-12,4306,4137,-2915,-3205,-3.92
UAE_179,2024-01,11238,12054,-5130,-5577,7.26
UAE_179,2024-02,1171,1141,-7667,-8357,-2.56
UAE_179,2024-03,7247,7637,-8373,-8204,5.38
UAE_179,2024-04,2332,2456,-6279,-6163,5.32
UAE_179,2024-05,5923,5413,-1976,-2018,-8.61
UAE_179,2024-06,2794,2840,-6136,-6162,1.65
UAE_179,2024-07,9337,10017,-11478,-13191,7.28
UAE_179,2024-08,1670,1854,-2710,-2414,11.02
UAE_179,2024-09,7150,7453,-9762,-10116,4.24
UAE_179,2024-10,3188,3150,-7587,-6648,-1.19
UAE_179,2024-11,3521,3561,-3270,-2886,1.14
UAE_179,2024-12,3336,3557,-3190,-3259,6.62
UAE_179,2025-01,4527,4457,-2809,-2787,-1.55
UAE_179,2025-02,6414,5870,-11072,-9991,-8.48
UAE_179,2025-03,9346,9096,-6445,-6487,-2.67
UAE_179,2025-04,1377,1488,-4217,-4072,8.06
UAE_179,2025-05,4014,3853,-6058,-6782,-4.01
UAE_179,2025-06,1705,1866,-11250,-10768,9.44
UAE_179,2025-07,3642,3877,-16895,-15200,6.45
UAE_179,2025-08,10135,9718,-7873,-8526,-4.11
UAE_179,2025-09,24743,23578,-1801,-1683,-4.71
UAE_179,2025-10,2476,2396,-6719,-7607,-3.23
UAE_179,2025-11,10287,10763,-5085,-4828,4.63
UAE_179,2025-12,4358,4663,-1347,-1363,7.0
UAE_180,2023-01,5793,5269,-6037,-5661,-9.05
UAE_180,2023-02,957,1057,-4744,-5193,10.45
UAE_180,2023-03,2670,2470,-6788,-6886,-7.49
UAE_180,2023-04,2077,1902,-6585,-6850,-8.43
UAE_180,2023-05,5648,6174,-7638,-7764,9.31
UAE_180,2023-06,1162,1087,-7311,-8481,-6.45
UAE_180,2023-07,2803,2937,-8509,-7944,4.78
UAE_180,2023-08,2698,2635,-10904,-10024,-2.34
UAE_180,2023-09,3914,3798,-7266,-8285,-2.96
UAE_180,2023-10,3247,3505,-1275,-1498,7.95
UAE_180,2023-11,1347,1377,-3688,-4022,2.23
UAE_180,2023-12,2108,2092,-6690,-6199,-0.76
UAE_180,2024-01,2884,3155,-4111,-4551,9.4
UAE_180,2024-02,1225,1316,-5117,-4857,7.43
UAE_180,2024-03,2879,2656,-6645,-7018,-7.75
UAE_180,2024-04,1624,1492,-4379,-5024,-8.13
UAE_180,2024-05,3495,3477,-5326,-5026,-0.52
UAE_180,2024-06,1130,1218,-3119,-2762,7.79
UAE_180,2024-07,7371,6756,-7888,-8713,-8.34
UAE_180,2024-08,5143,4887,-8944,-9971,-4.98
UAE_180,2024-09,1963,1851,-1472,-1710,-5.71
UAE_180,2024-10,2304,2134,-8040,-8343,-7.38
UAE_180,2024-11,2559,2686,-3333,-2979,4.96
UAE_180,2024-12,2172,2081,-5545,-6423,-4.19
UAE_180,2025-01,2106,2217,-2232,-2079,5.27
UAE_180,2025-02,1621,1761,-1525,-1582,8.64
UAE_180,2025-03,1371,1375,-8289,-7951,0.29
UAE_180,2025-04,5759,5479,-5224,-5481,-4.86
UAE_180,2025-05,2934,2992,-2233,-2031,1.98
UAE_180,2025-06,1566,1553,-1880,-1777,-0.83
UAE_180,2025-07,3666,3759,-11078,-10136,2.54
UAE_180,2025-08,1435,1519,-7782,-7940,5.85
UAE_180,2025-09,1776,1684,-6793,-7410,-5.18
UAE_180,2025-10,4042,4259,-6707,-7723,5.37
UAE_180,2025-11,2632,2762,-2004,-1950,4.94
UAE_180,2025-12,3020,2931,-7132,-6440,-2.95
UAE_181,2023-01,1927,1806,-1300,-1426,-6.28
UAE_181,2023-02,1417,1428,-5714,-6577,0.78
UAE_181,2023-03,1260,1222,-5154,-5302,-3.02
UAE_181,2023-04,3199,2973,-5148,-4664,-7.06
UAE_181,2023-05,2933,2972,-4510,-5177,1.33
UAE_181,2023-06,1812,1827,-7190,-8448,0.83
UAE_181,2023-07,3245,3295,-1371,-1580,1.54
UAE_181,2023-08,1598,1545,-8788,-8335,-3.32
UAE_181,2023-09,1303,1414,-1905,-1686,8.52
UAE_181,2023-10,3487,3558,-7536,-6944,2.04
UAE_181,2023-11,1817,1740,-4460,-4435,-4.24
UAE_181,2023-12,1959,2095,-1773,-1929,6.94
UAE_181,2024-01,1134,1210,-5390,-5927,6.7
UAE_181,2024-02,2200,2314,-2880,-2657,5.18
UAE_181,2024-03,1241,1291,-2079,-2349,4.03
UAE_181,2024-04,4535,4922,-7242,-6432,8.53
UAE_181,2024-05,2271,2360,-2301,-2502,3.92
UAE_181,2024-06,1399,1316,-4430,-4245,-5.93
UAE_181,2024-07,1143,1095,-5154,-5357,-4.2
UAE_181,2024-08,3727,4011,-6407,-6773,7.62
UAE_181,2024-09,3058,3226,-6649,-6347,5.49
UAE_181,2024-10,1487,1362,-7077,-7059,-8.41
UAE_181,2024-11,1599,1642,-6926,-6129,2.69
UAE_181,2024-12,959,925,-5029,-5393,-3.55
UAE_181,2025-01,905,913,-3187,-3328,0.88
UAE_181,2025-02,3125,2963,-5700,-5315,-5.18
UAE_181,2025-03,894,923,-6334,-6161,3.24
UAE_181,2025-04,3462,3350,-5233,-5312,-3.24
UAE_181,2025-05,3320,3091,-3697,-3555,-6.9
UAE_181,2025-06,1615,1605,-6388,-5564,-0.62
UAE_181,2025-07,2683,2591,-6603,-7385,-3.43
UAE_181,2025-08,4421,4089,-604,-565,-7.51
UAE_181,2025-09,1487,1498,-3276,-3303,0.74
UAE_181,2025-10,3780,3777,-5027,-5772,-0.08
UAE_181,2025-11,2630,2746,-4546,-4800,4.41
UAE_181,2025-12,2842,2648,-2026,-2118,-6.83
UAE_182,2023-01,1233,1183,-4050,-3792,-4.06
UAE_182,2023-02,2424,2345,-3963,-4478,-3.26
UAE_182,2023-03,2316,2421,-6088,-5560,4.53
UAE_182,2023-04,1336,1238,-4325,-4589,-7.34
UAE_182,2023-05,4000,3919,-8177,-7116,-2.02
UAE_182,2023-06,2944,3106,-5846,-5692,5.5
UAE_182,2023-07,2740,2545,-1734,-1667,-7.12
UAE_182,2023-08,3165,3416,-1393,-1480,7.93
UAE_182,2023-09,1226,1362,-6913,-6067,11.09
UAE_182,2023-10,2141,2095,-3311,-2956,-2.15
UAE_182,2023-11,5284,5465,-6448,-5677,3.43
UAE_182,2023-12,1028,1055,-6992,-7013,2.63
UAE_182,2024-01,1800,1794,-3301,-3500,-0.33
UAE_182,2024-02,2328,2282,-2423,-2449,-1.98
UAE_182,2024-03,1094,1033,-4226,-4110,-5.58
UAE_182,2024-04,1032,1061,-2544,-2405,2.81
UAE_182,2024-05,2541,2803,-2310,-2446,10.31
UAE_182,2024-06,3059,2938,-7641,-8002,-3.96
UAE_182,2024-07,2572,2673,-8076,-7425,3.93
UAE_182,2024-08,1063,1092,-7045,-7353,2.73
UAE_182,2024-09,2658,2517,-6953,-7279,-5.3
UAE_182,2024-10,3325,3517,-5862,-6583,5.77
UAE_182,2024-11,2284,2382,-1575,-1504,4.29
UAE_182,2024-12,2458,2452,-2422,-2800,-0.24
UAE_182,2025-01,1033,1130,-7418,-6760,9.39
UAE_182,2025-02,1555,1479,-3360,-3573,-4.89
UAE_182,2025-03,1702,1736,-4273,-3804,2.0
UAE_182,2025-04,2063,2003,-3592,-3800,-2.91
UAE_182,2025-05,2897,3058,-3418,-3466,5.56
UAE_182,2025-06,1804,1648,-7700,-8158,-8.65
UAE_182,2025-07,2304,2221,-3528,-3725,-3.6
UAE_182,2025-08,7539,7255,-3829,-3696,-3.77
UAE_182,2025-09,2872,2926,-3928,-3458,1.88
UAE_182,2025-10,2208,2076,-1054,-1217,-5.98
UAE_182,2025-11,1610,1698,-2091,-2376,5.47
UAE_182,2025-12,3027,3218,-3052,-2853,6.31
UAE_183,2023-01,70757,71040,-7443,-6479,0.4
UAE_183,2023-02,87303,83059,-12975,-11970,-4.86
UAE_183,2023-03,44718,48358,-20004,-21873,8.14
UAE_183,2023-04,127520,125132,29481,26532,-1.87
UAE_183,2023-05,181795,169018,4772,4705,-7.03
UAE_183,2023-06,162410,163667,-8888,-10411,0.77
UAE_183,2023-07,212332,199137,7004,6312,-6.21
UAE_183,2023-08,109620,106992,24412,21498,-2.4
UAE_183,2023-09,369132,365330,56746,57577,-1.03
UAE_183,2023-10,229235,217100,-3350,-3786,-5.29
UAE_183,2023-11,16045,17401,-10149,-9592,8.45
UAE_183,2023-12,139903,143985,12461,12214,2.92
UAE_183,2024-01,109410,111339,17514,17362,1.76
UAE_183,2024-02,74454,79187,11367,10722,6.36
UAE_183,2024-03,124222,123529,-4076,-4618,-0.56
UAE_183,2024-04,81673,74629,-2412,-2603,-8.62
UAE_183,2024-05,244652,269446,4619,4883,10.13
UAE_183,2024-06,362975,386797,7966,9283,6.56
UAE_183,2024-07,237118,251057,-17600,-17350,5.88
UAE_183,2024-08,123089,120854,-12076,-13322,-1.82
UAE_183,2024-09,307089,317731,40358,41437,3.47
UAE_183,2024-10,98546,100254,11837,11312,1.73
UAE_183,2024-11,122450,135807,-16263,-16066,10.91
UAE_183,2024-12,80093,75969,-7653,-8546,-5.15
UAE_183,2025-01,87699,88564,-10475,-9756,0.99
UAE_183,2025-02,73216,73518,-851,-969,0.41
UAE_183,2025-03,230056,223246,31822,36354,-2.96
UAE_183,2025-04,228776,233718,37364,33271,2.16
UAE_183,2025-05,113437,109877,4091,4498,-3.14
UAE_183,2025-06,129602,127216,24990,26644,-1.84
UAE_183,2025-07,156589,157811,-8135,-8928,0.78
UAE_183,2025-08,124187,114316,-17874,-19511,-7.95
UAE_183,2025-09,52932,51721,-12672,-11864,-2.29
UAE_183,2025-10,77569,74926,-1707,-1764,-3.41
UAE_183,2025-11,33246,31988,-22951,-26065,-3.78
UAE_183,2025-12,45516,47939,-5715,-5085,5.32
UAE_184,2023-01,6692,6373,-5268,-5081,-4.77
UAE_184,2023-02,57360,54427,-5914,-5501,-5.11
UAE_184,2023-03,18882,20513,-11954,-11178,8.64
UAE_184,2023-04,14312,15144,-20274,-19374,5.81
UAE_184,2023-05,13531,14027,-17153,-17110,3.67
UAE_184,2023-06,70067,77174,-9364,-10667,10.14
UAE_184,2023-07,15705,14512,-21333,-23191,-7.6
UAE_184,2023-08,234352,239555,23219,23310,2.22
UAE_184,2023-09,19953,20965,-4249,-3952,5.07
UAE_184,2023-10,10007,9171,-3573,-3933,-8.35
UAE_184,2023-11,53412,56791,-10455,-11178,6.33
UAE_184,2023-12,49431,54551,-6355,-5837,10.36
UAE_184,2024-01,23701,23475,-9244,-9901,-0.95
UAE_184,2024-02,3008,2823,-4204,-4771,-6.15
UAE_184,2024-03,7923,7445,-8290,-8775,-6.03
UAE_184,2024-04,6299,6256,-8290,-7584,-0.68
UAE_184,2024-05,26194,25028,-305,-322,-4.45
UAE_184,2024-06,86599,84859,-6327,-5858,-2.01
UAE_184,2024-07,4803,4800,-6408,-7112,-0.06
UAE_184,2024-08,88874,86287,4927,4866,-2.91
UAE_184,2024-09,26719,26790,35,33,0.27
UAE_184,2024-10,18243,17377,-7430,-6940,-4.75
UAE_184,2024-11,100840,104709,12313,12252,3.84
UAE_184,2024-12,12601,12445,-8049,-7273,-1.24
UAE_184,2025-01,28824,31038,-13034,-13930,7.68
UAE_184,2025-02,27315,26830,-3461,-3349,-1.78
UAE_184,2025-03,28607,26987,-13904,-14938,-5.66
UAE_184,2025-04,30876,32150,-13412,-13163,4.13
UAE_184,2025-05,27170,24746,-9649,-9738,-8.92
UAE_184,2025-06,73835,67766,-2370,-2203,-8.22
UAE_184,2025-07,45886,44114,-9171,-9660,-3.86
UAE_184,2025-08,33612,31473,-16376,-17638,-6.36
UAE_184,2025-09,10720,11542,-5471,-6107,7.67
UAE_184,2025-10,61191,56482,-13640,-14752,-7.7
UAE_184,2025-11,9917,10113,-5100,-4488,1.98
UAE_184,2025-12,8100,8082,-9434,-11007,-0.22
UAE_185,2023-01,2759,3006,-5340,-4973,8.95
UAE_185,2023-02,1966,1959,-7195,-6915,-0.36
UAE_185,2023-03,5651,6065,-8945,-9485,7.33
UAE_185,2023-04,2541,2761,-1412,-1542,8.66
UAE_185,2023-05,2756,2793,-3042,-3309,1.34
UAE_185,2023-06,2093,2283,-6757,-6400,9.08
UAE_185,2023-07,11062,10278,-10932,-10457,-7.09
UAE_185,2023-08,2729,2794,-4045,-4220,2.38
UAE_185,2023-09,2345,2363,-8412,-9669,0.77
UAE_185,2023-10,2640,2450,-3023,-3173,-7.2
UAE_185,2023-11,6349,6946,-5409,-6166,9.4
UAE_185,2023-12,3294,3150,-4018,-4094,-4.37
UAE_185,2024-01,1005,1068,-5066,-4682,6.27
UAE_185,2024-02,3138,2926,-5850,-6590,-6.76
UAE_185,2024-03,3905,3960,-2213,-2186,1.41
UAE_185,2024-04,2287,2083,-6411,-5845,-8.92
UAE_185,2024-05,2122,2237,-3894,-4531,5.42
UAE_185,2024-06,3044,2978,-11740,-11200,-2.17
UAE_185,2024-07,1668,1684,-12299,-12537,0.96
UAE_185,2024-08,1618,1712,-5239,-5004,5.81
UAE_185,2024-09,3176,2959,-2161,-2345,-6.83
UAE_185,2024-10,1927,1833,-4379,-4421,-4.88
UAE_185,2024-11,3767,3759,-5317,-5712,-0.21
UAE_185,2024-12,13585,13160,-5655,-6582,-3.13
UAE_185,2025-01,2448,2356,-1978,-1861,-3.76
UAE_185,2025-02,2882,2868,-3439,-3316,-0.49
UAE_185,2025-03,3763,4045,-1831,-1712,7.49
UAE_185,2025-04,7731,8302,-6845,-6725,7.39
UAE_185,2025-05,3088,2943,-5182,-5641,-4.7
UAE_185,2025-06,11968,11869,-8682,-9546,-0.83
UAE_185,2025-07,8161,8280,-5979,-5692,1.46
UAE_185,2025-08,10471,9737,-7773,-6777,-7.01
UAE_185,2025-09,5315,4977,-3971,-3942,-6.36
UAE_185,2025-10,3085,2863,-2214,-2601,-7.2
UAE_185,2025-11,3641,3904,-1992,-2187,7.22
UAE_185,2025-12,2239,2478,-7554,-7101,10.67
UAE_186,2023-01,1826,1902,-3717,-3998,4.16
UAE_186,2023-02,901,890,-3484,-3081,-1.22
UAE_186,2023-03,1792,1728,-5458,-5380,-3.57
UAE_186,2023-04,2639,2516,-1851,-1766,-4.66
UAE_186,2023-05,3392,3290,-6924,-8122,-3.01
UAE_186,2023-06,931,976,-9117,-8304,4.83
UAE_186,2023-07,1177,1087,-2113,-1970,-7.65
UAE_186,2023-08,1145,1139,-3512,-3884,-0.52
UAE_186,2023-09,1705,1780,-7340,-7622,4.4
UAE_186,2023-10,2121,2019,-2065,-2298,-4.81
UAE_186,2023-11,1238,1334,-6601,-6118,7.75
UAE_186,2023-12,1613,1496,-5061,-4461,-7.25
UAE_186,2024-01,2702,2535,-4860,-5031,-6.18
UAE_186,2024-02,1231,1183,-3677,-3835,-3.9
UAE_186,2024-03,1443,1340,-4245,-3769,-7.14
UAE_186,2024-04,2807,2820,-2331,-2089,0.46
UAE_186,2024-05,3962,3666,-7804,-7638,-7.47
UAE_186,2024-06,2912,2851,-4758,-4874,-2.09
UAE_186,2024-07,3929,3983,-7159,-7652,1.37
UAE_186,2024-08,3776,3959,-4585,-4580,4.85
UAE_186,2024-09,5732,5798,-4622,-4982,1.15
UAE_186,2024-10,1650,1674,-3655,-3350,1.45
UAE_186,2024-11,1073,1127,-4837,-5566,5.03
UAE_186,2024-12,1546,1488,-5640,-5406,-3.75
UAE_186,2025-01,2104,2120,-1678,-1464,0.76
UAE_186,2025-02,1414,1342,-4820,-4202,-5.09
UAE_186,2025-03,1153,1112,-1475,-1696,-3.56
UAE_186,2025-04,2433,2519,-5982,-6893,3.53
UAE_186,2025-05,1088,1150,-4347,-4846,5.7
UAE_186,2025-06,4221,4229,-5240,-5767,0.19
UAE_186,2025-07,1729,1577,-3016,-2624,-8.79
UAE_186,2025-08,2920,2822,-1280,-1290,-3.36
UAE_186,2025-09,3714,3782,-957,-1073,1.83
UAE_186,2025-10,2262,2209,-1250,-1331,-2.34
UAE_186,2025-11,2627,2594,-4323,-4878,-1.26
UAE_186,2025-12,1123,1241,-2148,-2157,10.51
UAE_187,2023-01,1580,1534,-1232,-1089,-2.91
UAE_187,2023-02,1172,1298,-3147,-3202,10.75
UAE_187,2023-03,2173,2034,-1277,-1413,-6.4
UAE_187,2023-04,2248,2289,-2707,-2696,1.82
UAE_187,2023-05,1025,1130,-5055,-4960,10.24
UAE_187,2023-06,3367,3599,-5135,-5544,6.89
UAE_187,2023-07,11256,11371,-7015,-6573,1.02
UAE_187,2023-08,1827,1727,-1970,-1842,-5.47
UAE_187,2023-09,2098,2003,-1564,-1769,-4.53
UAE_187,2023-10,1924,2098,-6264,-5561,9.04
UAE_187,2023-11,1387,1306,-2338,-2242,-5.84
UAE_187,2023-12,2023,2245,-3250,-3079,10.97
UAE_187,2024-01,1027,960,-2981,-3258,-6.52
UAE_187,2024-02,1146,1078,-4225,-4058,-5.93
UAE_187,2024-03,891,835,-2621,-2322,-6.29
UAE_187,2024-04,1094,1119,-2366,-2705,2.29
UAE_187,2024-05,3223,3021,-4370,-4080,-6.27
UAE_187,2024-06,3604,3339,-4096,-4192,-7.35
UAE_187,2024-07,3525,3524,-3025,-3100,-0.03
UAE_187,2024-08,3409,3763,-3493,-3201,10.38
UAE_187,2024-09,3447,3296,-6373,-5717,-4.38
UAE_187,2024-10,2810,3104,-6471,-5713,10.46
UAE_187,2024-11,2197,2110,-4153,-4209,-3.96
UAE_187,2024-12,1698,1734,-7648,-6669,2.12
UAE_187,2025-01,2035,2183,-1523,-1528,7.27
UAE_187,2025-02,2293,2413,-4130,-3633,5.23
UAE_187,2025-03,1480,1504,-3889,-4217,1.62
UAE_187,2025-04,890,934,-4582,-4105,4.94
UAE_187,2025-05,3578,3934,-7141,-7093,9.95
UAE_187,2025-06,1767,1658,-2922,-2806,-6.17
UAE_187,2025-07,1465,1536,-7813,-6819,4.85
UAE_187,2025-08,2439,2438,-2474,-2609,-0.04
UAE_187,2025-09,1870,1866,-6225,-5641,-0.21
UAE_187,2025-10,1534,1678,-3637,-3947,9.39
UAE_187,2025-11,1687,1585,-3243,-2868,-6.05
UAE_187,2025-12,1245,1224,-1267,-1365,-1.69
UAE_188,2023-01,17606,16601,-4983,-4657,-5.71
UAE_188,2023-02,42569,40132,-22936,-25662,-5.72
UAE_188,2023-03,68199,72588,4804,5168,6.44
UAE_188,2023-04,8983,9478,-6897,-7407,5.51
UAE_188,2023-05,61070,67772,-23840,-25116,10.97
UAE_188,2023-06,169419,164222,-20610,-20762,-3.07
UAE_188,2023-07,14281,13705,-6320,-6441,-4.03
UAE_188,2023-08,182779,189542,-1241,-1369,3.7
UAE_188,2023-09,55031,58944,-2539,-2730,7.11
UAE_188,2023-10,38160,38516,-18082,-16370,0.93
UAE_188,2023-11,15747,15954,-3075,-3217,1.31
UAE_188,2023-12,17768,19352,-28676,-29756,8.91
UAE_188,2024-01,120592,132404,16164,14893,9.8
UAE_188,2024-02,30509,31914,-19126,-16757,4.61
UAE_188,2024-03,56013,53839,-8096,-7139,-3.88
UAE_188,2024-04,297346,276414,37855,35045,-7.04
UAE_188,2024-05,38259,39002,3512,3216,1.94
UAE_188,2024-06,133419,145654,18685,17557,9.17
UAE_188,2024-07,93475,95816,-14991,-13108,2.5
UAE_188,2024-08,22107,22182,-23762,-26633,0.34
UAE_188,2024-09,312992,324835,25960,28011,3.78
UAE_188,2024-10,203361,185123,14892,15645,-8.97
UAE_188,2024-11,117006,109140,-2310,-2065,-6.72
UAE_188,2024-12,17986,18369,-15809,-15908,2.13
UAE_188,2025-01,130586,122119,10279,10493,-6.48
UAE_188,2025-02,66033,72315,-12781,-12095,9.51
UAE_188,2025-03,87157,79882,-8935,-10047,-8.35
UAE_188,2025-04,66198,64350,5063,5579,-2.79
UAE_188,2025-05,129411,135584,10679,10689,4.77
UAE_188,2025-06,36225,38867,-20113,-22234,7.29
UAE_188,2025-07,406766,418405,60180,53557,2.86
UAE_188,2025-08,176520,173318,12235,11675,-1.81
UAE_188,2025-09,138316,129286,-1589,-1685,-6.53
UAE_188,2025-10,68802,71300,5576,5813,3.63
UAE_188,2025-11,88685,83228,-19970,-19029,-6.15
UAE_188,2025-12,16287,16544,-8000,-8982,1.58
UAE_189,2023-01,20855,22572,-5794,-5945,8.23
UAE_189,2023-02,147367,147455,6662,6225,0.06
UAE_189,2023-03,28357,27921,-27072,-27645,-1.54
UAE_189,2023-04,76456,84617,-20373,-23373,10.67
UAE_189,2023-05,94142,86707,4850,4518,-7.9
UAE_189,2023-06,242205,251419,11012,11136,3.8
UAE_189,2023-07,145117,141770,-19315,-19536,-2.31
UAE_189,2023-08,245001,229083,18748,20906,-6.5
UAE_189,2023-09,266797,271126,7083,6416,1.62
UAE_189,2023-10,227321,219131,9708,10686,-3.6
UAE_189,2023-11,81106,74707,11168,10492,-7.89
UAE_189,2023-12,27651,26744,-7808,-7170,-3.28
UAE_189,2024-01,36104,36530,-11312,-11648,1.18
UAE_189,2024-02,71119,74101,-25761,-23182,4.19
UAE_189,2024-03,141032,148559,2926,2832,5.34
UAE_189,2024-04,343395,359988,31018,34063,4.83
UAE_189,2024-05,199148,186775,20565,20074,-6.21
UAE_189,2024-06,349614,331164,35481,35542,-5.28
UAE_189,2024-07,401531,432106,127634,117337,7.61
UAE_189,2024-08,157677,162450,23796,23414,3.03
UAE_189,2024-09,142116,139072,-3967,-3953,-2.14
UAE_189,2024-10,385754,382727,82445,74118,-0.78
UAE_189,2024-11,323555,312929,56817,58126,-3.28
UAE_189,2024-12,425987,435721,106242,105973,2.29
UAE_189,2025-01,180468,166761,3844,3575,-7.6
UAE_189,2025-02,107734,101950,-608,-651,-5.37
UAE_189,2025-03,150037,146326,18001,19336,-2.47
UAE_189,2025-04,146121,142486,6298,6680,-2.49
UAE_189,2025-05,95731,93363,-12173,-13605,-2.47
UAE_189,2025-06,254576,233000,1205,1081,-8.48
UAE_189,2025-07,213089,233475,11975,11909,9.57
UAE_189,2025-08,253631,232814,1852,1754,-8.21
UAE_189,2025-09,275396,265671,-1947,-1929,-3.53
UAE_189,2025-10,93151,90343,-9258,-8357,-3.01
UAE_189,2025-11,57130,59010,-5039,-5043,3.29
UAE_189,2025-12,65988,64019,-17430,-15423,-2.98
UAE_190,2023-01,1488,1562,-5505,-4795,4.97
UAE_190,2023-02,3227,3037,-6573,-7195,-5.89
UAE_190,2023-03,15300,14523,-4400,-4398,-5.08
UAE_190,2023-04,2348,2151,-9658,-9615,-8.39
UAE_190,2023-05,21937,20243,-5780,-6406,-7.72
UAE_190,2023-06,11257,10787,-7278,-6928,-4.18
UAE_190,2023-07,4585,4243,-12113,-13748,-7.46
UAE_190,2023-08,4382,4845,-4587,-4255,10.57
UAE_190,2023-09,8547,8505,-10960,-10296,-0.49
UAE_190,2023-10,4436,4204,-6356,-5630,-5.23
UAE_190,2023-11,5261,5450,-9555,-9372,3.59
UAE_190,2023-12,3032,3308,-3087,-2945,9.1
UAE_190,2024-01,6174,6626,-6353,-6591,7.32
UAE_190,2024-02,3986,4163,-3406,-3410,4.44
UAE_190,2024-03,3609,3376,-10685,-10020,-6.46
UAE_190,2024-04,9961,10497,-9182,-9737,5.38
UAE_190,2024-05,4245,4691,-2953,-2928,10.51
UAE_190,2024-06,6021,5746,-2201,-2293,-4.57
UAE_190,2024-07,3212,3033,-11196,-10647,-5.57
UAE_190,2024-08,17420,17632,-9276,-9258,1.22
UAE_190,2024-09,4911,4742,-10194,-10291,-3.44
UAE_190,2024-10,1612,1591,-6622,-6837,-1.3
UAE_190,2024-11,5071,5148,-7080,-7123,1.52
UAE_190,2024-12,15414,15952,-6418,-6102,3.49
UAE_190,2025-01,4030,4280,-7544,-6662,6.2
UAE_190,2025-02,4706,4865,-4289,-4405,3.38
UAE_190,2025-03,3186,3421,-3616,-3544,7.38
UAE_190,2025-04,6057,6510,-9392,-9714,7.48
UAE_190,2025-05,31030,31177,-4963,-5219,0.47
UAE_190,2025-06,8913,8363,-9812,-8823,-6.17
UAE_190,2025-07,23011,21683,-4912,-4345,-5.77
UAE_190,2025-08,10773,10712,-9309,-8109,-0.57
UAE_190,2025-09,3081,2985,-3160,-2831,-3.12
UAE_190,2025-10,10632,10707,-8323,-7926,0.71
UAE_190,2025-11,3891,4178,-5207,-5277,7.38
UAE_190,2025-12,4980,5087,-5189,-5708,2.15
UAE_191,2023-01,11640,11322,-14887,-13246,-2.73
UAE_191,2023-02,3658,3982,-4796,-4434,8.86
UAE_191,2023-03,54609,53204,-2034,-2047,-2.57
UAE_191,2023-04,46130,45752,-6951,-7750,-0.82
UAE_191,2023-05,31107,34042,-10511,-9791,9.44
UAE_191,2023-06,79967,78092,-3117,-3157,-2.34
UAE_191,2023-07,20036,21959,-14091,-13069,9.6
UAE_191,2023-08,12869,12847,-6941,-7296,-0.17
UAE_191,2023-09,14746,14989,-18590,-17221,1.65
UAE_191,2023-10,51595,50284,-12819,-13815,-2.54
UAE_191,2023-11,26590,27283,-12672,-11488,2.61
UAE_191,2023-12,52359,48016,-9918,-9606,-8.29
UAE_191,2024-01,10155,10864,-9137,-8070,6.98
UAE_191,2024-02,24604,22792,-17271,-16566,-7.36
UAE_191,2024-03,33206,32525,-22530,-19767,-2.05
UAE_191,2024-04,51567,54673,-5016,-5143,6.02
UAE_191,2024-05,50003,51312,-11529,-11251,2.62
UAE_191,2024-06,141268,131253,13649,14272,-7.09
UAE_191,2024-07,37538,35758,-20465,-18734,-4.74
UAE_191,2024-08,15774,15953,-8757,-10159,1.13
UAE_191,2024-09,22157,22844,-21877,-20528,3.1
UAE_191,2024-10,19890,21906,-17064,-15459,10.14
UAE_191,2024-11,58615,60065,-11153,-12702,2.47
UAE_191,2024-12,45485,41925,-6467,-6180,-7.83
UAE_191,2025-01,21474,22671,-10746,-12085,5.57
UAE_191,2025-02,4414,4203,-7856,-6893,-4.78
UAE_191,2025-03,40313,37304,-13251,-11919,-7.46
UAE_191,2025-04,58775,62563,-41,-46,6.44
UAE_191,2025-05,11196,10743,-17710,-18068,-4.05
UAE_191,2025-06,106558,103821,12067,10943,-2.57
UAE_191,2025-07,42643,38928,-13510,-12367,-8.71
UAE_191,2025-08,57818,59996,1607,1754,3.77
UAE_191,2025-09,63296,62994,-14459,-15285,-0.48
UAE_191,2025-10,77715,77739,-3195,-3624,0.03
UAE_191,2025-11,64972,69540,-8264,-7961,7.03
UAE_191,2025-12,17880,19133,-12533,-11921,7.01
UAE_192,2023-01,2048,1928,-3487,-3387,-5.86
UAE_192,2023-02,1325,1339,-5303,-5053,1.06
UAE_192,2023-03,2725,2693,-2066,-2373,-1.17
UAE_192,2023-04,1667,1765,-8560,-7807,5.88
UAE_192,2023-05,1953,1845,-5371,-5766,-5.53
UAE_192,2023-06,966,925,-2957,-3184,-4.24
UAE_192,2023-07,1437,1486,-4713,-4362,3.41
UAE_192,2023-08,2071,2151,-7724,-7098,3.86
UAE_192,2023-09,6217,6310,-6953,-6335,1.5
UAE_192,2023-10,2642,2673,-2490,-2235,1.17
UAE_192,2023-11,2073,1997,-3494,-3252,-3.67
UAE_192,2023-12,2484,2727,-1703,-1512,9.78
UAE_192,2024-01,1037,974,-5984,-5367,-6.08
UAE_192,2024-02,2383,2359,-5317,-5357,-1.01
UAE_192,2024-03,2384,2492,-4805,-5513,4.53
UAE_192,2024-04,1089,1151,-2261,-2320,5.69
UAE_192,2024-05,1235,1176,-1650,-1572,-4.78
UAE_192,2024-06,2318,2441,-3537,-3169,5.31
UAE_192,2024-07,2234,2079,-2269,-2347,-6.94
UAE_192,2024-08,3098,3110,-1061,-1227,0.39
UAE_192,2024-09,5257,5609,-6460,-5734,6.7
UAE_192,2024-10,3575,3440,-2011,-1758,-3.78
UAE_192,2024-11,1026,982,-6581,-6677,-4.29
UAE_192,2024-12,1148,1122,-3880,-3967,-2.26
UAE_192,2025-01,2967,2914,-2511,-2360,-1.79
UAE_192,2025-02,2876,2659,-1636,-1759,-7.55
UAE_192,2025-03,1387,1262,-5558,-5144,-9.01
UAE_192,2025-04,5597,5825,-7481,-7230,4.07
UAE_192,2025-05,1167,1179,-7936,-8128,1.03
UAE_192,2025-06,3936,4205,-3404,-3972,6.83
UAE_192,2025-07,1888,2061,-2967,-3445,9.16
UAE_192,2025-08,1528,1647,-1822,-1823,7.79
UAE_192,2025-09,3839,4130,-5578,-4941,7.58
UAE_192,2025-10,2319,2493,-3706,-3861,7.5
UAE_192,2025-11,2691,2755,-738,-775,2.38
UAE_192,2025-12,923,1023,-1207,-1305,10.83
UAE_193,2023-01,3045,3258,-6043,-5271,7.0
UAE_193,2023-02,2868,2675,-2316,-2270,-6.73
UAE_193,2023-03,4207,3863,-1934,-2151,-8.18
UAE_193,2023-04,3886,4252,-5887,-5608,9.42
UAE_193,2023-05,1700,1613,-7792,-6879,-5.12
UAE_193,2023-06,3911,3831,-3581,-3545,-2.05
UAE_193,2023-07,6322,6259,-13327,-12731,-1.0
UAE_193,2023-08,3061,3062,-5499,-5181,0.03
UAE_193,2023-09,4245,4288,-4376,-4077,1.01
UAE_193,2023-10,4816,4411,-2731,-2703,-8.41
UAE_193,2023-11,3006,2752,-2615,-2772,-8.45
UAE_193,2023-12,1966,1829,-5389,-5803,-6.97
UAE_193,2024-01,2125,1937,-3885,-4071,-8.85
UAE_193,2024-02,1189,1108,-7354,-6417,-6.81
UAE_193,2024-03,3722,3755,-6727,-6110,0.89
UAE_193,2024-04,1721,1628,-8825,-8213,-5.4
UAE_193,2024-05,4290,4413,-8308,-7551,2.87
UAE_193,2024-06,3085,2902,-2888,-2593,-5.93
UAE_193,2024-07,5952,6192,-12820,-11595,4.03
UAE_193,2024-08,22170,21185,-3276,-3163,-4.44
UAE_193,2024-09,4342,4240,-7125,-6335,-2.35
UAE_193,2024-10,3060,3073,-7818,-7386,0.42
UAE_193,2024-11,3082,3377,-3522,-3419,9.57
UAE_193,2024-12,1662,1670,-2701,-2598,0.48
UAE_193,2025-01,1145,1239,-3853,-4007,8.21
UAE_193,2025-02,4433,4082,-6184,-6077,-7.92
UAE_193,2025-03,2606,2464,-4440,-4492,-5.45
UAE_193,2025-04,4774,4376,-1372,-1258,-8.34
UAE_193,2025-05,1502,1656,-3889,-3908,10.25
UAE_193,2025-06,3101,3266,-4064,-4097,5.32
UAE_193,2025-07,6636,6727,-9483,-9602,1.37
UAE_193,2025-08,3283,3546,-9094,-8179,8.01
UAE_193,2025-09,1845,1701,-7693,-8572,-7.8
UAE_193,2025-10,1272,1379,-3212,-3754,8.41
UAE_193,2025-11,8955,8707,-3998,-3866,-2.77
UAE_193,2025-12,4166,3836,-4249,-4527,-7.92
UAE_194,2023-01,1406,1468,-3455,-3357,4.41
UAE_194,2023-02,980,1018,-4573,-4432,3.88
UAE_194,2023-03,1608,1786,-3731,-4133,11.07
UAE_194,2023-04,4522,4197,-4844,-4620,-7.19
UAE_194,2023-05,2440,2336,-2295,-2028,-4.26
UAE_194,2023-06,2541,2512,-7606,-7997,-1.14
UAE_194,2023-07,3892,3659,-6839,-6074,-5.99
UAE_194,2023-08,2912,2809,-2339,-2036,-3.54
UAE_194,2023-09,991,910,-3754,-3307,-8.17
UAE_194,2023-10,1866,1902,-5427,-5090,1.93
UAE_194,2023-11,2263,2216,-3780,-4004,-2.08
UAE_194,2023-12,2037,2018,-3014,-3073,-0.93
UAE_194,2024-01,2617,2675,-3607,-4077,2.22
UAE_194,2024-02,1489,1491,-5332,-4738,0.13
UAE_194,2024-03,3055,2814,-5501,-4931,-7.89
UAE_194,2024-04,786,873,-6986,-7408,11.07
UAE_194,2024-05,3019,2853,-6268,-5603,-5.5
UAE_194,2024-06,3684,3858,-7044,-6378,4.72
UAE_194,2024-07,3414,3567,-1210,-1067,4.48
UAE_194,2024-08,2161,2298,-6490,-7416,6.34
UAE_194,2024-09,2861,3159,-7299,-7055,10.42
UAE_194,2024-10,6398,6035,-5493,-5198,-5.67
UAE_194,2024-11,1418,1504,-4951,-5111,6.06
UAE_194,2024-12,2194,2218,-3678,-4234,1.09
UAE_194,2025-01,1669,1551,-5444,-5535,-7.07
UAE_194,2025-02,929,916,-2153,-2092,-1.4
UAE_194,2025-03,2875,2860,-1000,-965,-0.52
UAE_194,2025-04,1782,1903,-1812,-1878,6.79
UAE_194,2025-05,3553,3261,-2172,-2495,-8.22
UAE_194,2025-06,2283,2389,-5058,-4752,4.64
UAE_194,2025-07,3348,3652,-1504,-1564,9.08
UAE_194,2025-08,2740,2680,-2169,-2190,-2.19
UAE_194,2025-09,3523,3560,-6404,-6457,1.05
UAE_194,2025-10,2892,3089,-1011,-1025,6.81
UAE_194,2025-11,1739,1804,-1328,-1354,3.74
UAE_194,2025-12,978,977,-2567,-2344,-0.1
UAE_195,2023-01,39379,36092,-6413,-7073,-8.35
UAE_195,2023-02,181082,174657,-11567,-12466,-3.55
UAE_195,2023-03,64356,70444,-9578,-8731,9.46
UAE_195,2023-04,28256,30328,-8638,-9342,7.33
UAE_195,2023-05,163073,148560,-14069,-12869,-8.9
UAE_195,2023-06,198111,196369,-3376,-3248,-0.88
UAE_195,2023-07,181105,176806,-18945,-20057,-2.37
UAE_195,2023-08,143250,139563,815,942,-2.57
UAE_195,2023-09,603902,618637,138444,159116,2.44
UAE_195,2023-10,45292,48360,-4728,-4670,6.77
UAE_195,2023-11,103399,94876,-5755,-6273,-8.24
UAE_195,2023-12,108607,103868,-12033,-11427,-4.36
UAE_195,2024-01,86003,83613,-11233,-12219,-2.78
UAE_195,2024-02,63948,67465,-11759,-12501,5.5
UAE_195,2024-03,320492,336962,74567,74943,5.14
UAE_195,2024-04,202944,203536,31215,35440,0.29
UAE_195,2024-05,165783,164730,-25031,-25535,-0.64
UAE_195,2024-06,246123,259469,5402,6269,5.42
UAE_195,2024-07,206906,228328,28294,29504,10.35
UAE_195,2024-08,177631,195174,24726,24660,9.88
UAE_195,2024-09,305058,338820,54161,56252,11.07
UAE_195,2024-10,143995,139140,-2381,-2680,-3.37
UAE_195,2024-11,62735,66684,1605,1772,6.29
UAE_195,2024-12,152982,154068,5133,5966,0.71
UAE_195,2025-01,117796,124294,-2235,-1974,5.52
UAE_195,2025-02,117896,112132,4167,4184,-4.89
UAE_195,2025-03,460283,429794,50112,53462,-6.62
UAE_195,2025-04,54602,59099,-22040,-22176,8.24
UAE_195,2025-05,479482,489807,108223,122433,2.15
UAE_195,2025-06,489270,503002,71583,82071,2.81
UAE_195,2025-07,209166,199485,-15412,-17024,-4.63
UAE_195,2025-08,41313,45523,-21051,-20275,10.19
UAE_195,2025-09,120757,120917,9596,8986,0.13
UAE_195,2025-10,343173,318632,85182,80633,-7.15
UAE_195,2025-11,531830,500774,75973,80116,-5.84
UAE_195,2025-12,53393,57345,-848,-772,7.4
UAE_196,2023-01,2141,2025,-1782,-1589,-5.42
UAE_196,2023-02,2331,2131,-979,-1087,-8.58
UAE_196,2023-03,2268,2477,-7539,-6608,9.22
UAE_196,2023-04,948,978,-4505,-5147,3.16
UAE_196,2023-05,1871,1880,-1432,-1474,0.48
UAE_196,2023-06,2767,3051,-5478,-5808,10.26
UAE_196,2023-07,962,945,-3019,-3027,-1.77
UAE_196,2023-08,1960,1853,-5310,-4659,-5.46
UAE_196,2023-09,1436,1580,-7217,-7357,10.03
UAE_196,2023-10,2709,2563,-6553,-6397,-5.39
UAE_196,2023-11,2052,2111,-2491,-2208,2.88
UAE_196,2023-12,2186,2322,-2868,-3058,6.22
UAE_196,2024-01,2511,2353,-3761,-3690,-6.29
UAE_196,2024-02,3708,4047,-6377,-6160,9.14
UAE_196,2024-03,991,982,-3280,-3791,-0.91
UAE_196,2024-04,957,1031,-8236,-7631,7.73
UAE_196,2024-05,3625,3582,-3680,-3392,-1.19
UAE_196,2024-06,1626,1553,-3232,-3000,-4.49
UAE_196,2024-07,967,1038,-2889,-3375,7.34
UAE_196,2024-08,3085,3240,-5625,-5031,5.02
UAE_196,2024-09,1685,1801,-1132,-1268,6.88
UAE_196,2024-10,3670,3358,-3261,-3092,-8.5
UAE_196,2024-11,1104,1086,-6954,-6886,-1.63
UAE_196,2024-12,2263,2131,-5986,-6023,-5.83
UAE_196,2025-01,2355,2432,-2486,-2640,3.27
UAE_196,2025-02,1208,1175,-1424,-1331,-2.73
UAE_196,2025-03,952,869,-4738,-5100,-8.72
UAE_196,2025-04,1354,1274,-4318,-5008,-5.91
UAE_196,2025-05,2917,3168,-1718,-1918,8.6
UAE_196,2025-06,2986,3278,-1251,-1223,9.78
UAE_196,2025-07,7314,7898,-6751,-6393,7.98
UAE_196,2025-08,1603,1473,-5345,-5967,-8.11
UAE_196,2025-09,3474,3311,-5091,-4669,-4.69
UAE_196,2025-10,1977,2078,-1712,-1957,5.11
UAE_196,2025-11,7947,7977,-4784,-4836,0.38
UAE_196,2025-12,1556,1470,-6002,-5858,-5.53
UAE_197,2023-01,351533,340472,27596,31410,-3.15
UAE_197,2023-02,94548,104657,-4725,-4431,10.69
UAE_197,2023-03,211088,222864,6235,6849,5.58
UAE_197,2023-04,343187,342424,22102,24039,-0.22
UAE_197,2023-05,96544,93894,-6365,-7219,-2.74
UAE_197,2023-06,1568123,1580042,282663,272912,0.76
UAE_197,2023-07,843704,842982,172758,179975,-0.09
UAE_197,2023-08,45638,46155,-11688,-10554,1.13
UAE_197,2023-09,532134,517788,120488,123372,-2.7
UAE_197,2023-10,378787,377398,8843,8137,-0.37
UAE_197,2023-11,137297,142163,-19592,-20859,3.54
UAE_197,2023-12,105048,102149,-4133,-3632,-2.76
UAE_197,2024-01,126374,125596,26537,26502,-0.62
UAE_197,2024-02,430191,410815,64787,74016,-4.5
UAE_197,2024-03,144005,159265,9298,9528,10.6
UAE_197,2024-04,435155,410968,112223,97779,-5.56
UAE_197,2024-05,807781,822569,201208,176164,1.83
UAE_197,2024-06,1169832,1185308,127334,130291,1.32
UAE_197,2024-07,316147,313312,69387,65911,-0.9
UAE_197,2024-08,294766,313368,18123,18673,6.31
UAE_197,2024-09,353114,378701,2862,2659,7.25
UAE_197,2024-10,277183,296421,56554,55349,6.94
UAE_197,2024-11,263925,253403,13505,12785,-3.99
UAE_197,2024-12,171724,177086,-19859,-20500,3.12
UAE_197,2025-01,138735,152778,30292,35332,10.12
UAE_197,2025-02,74131,75569,-1846,-2126,1.94
UAE_197,2025-03,521371,560817,81044,73768,7.57
UAE_197,2025-04,187890,181321,-11745,-11070,-3.5
UAE_197,2025-05,50178,46173,-9970,-10451,-7.98
UAE_197,2025-06,264360,257251,30271,27873,-2.69
UAE_197,2025-07,1051865,1028061,253747,269760,-2.26
UAE_197,2025-08,171536,183823,1139,1078,7.16
UAE_197,2025-09,179050,185952,-19824,-17607,3.85
UAE_197,2025-10,244378,238663,23488,24466,-2.34
UAE_197,2025-11,158447,144164,-12991,-12049,-9.01
UAE_197,2025-12,179020,177304,15699,18370,-0.96
UAE_198,2023-01,21290,22811,-9188,-9504,7.14
UAE_198,2023-02,83140,82032,1860,1803,-1.33
UAE_198,2023-03,196468,190249,4286,4262,-3.17
UAE_198,2023-04,99971,92504,-16171,-14358,-7.47
UAE_198,2023-05,104804,97448,3786,4254,-7.02
UAE_198,2023-06,142533,136169,-6756,-6215,-4.46
UAE_198,2023-07,333543,347753,52129,54694,4.26
UAE_198,2023-08,206841,199270,15597,15093,-3.66
UAE_198,2023-09,241351,235528,6506,7242,-2.41
UAE_198,2023-10,118885,116278,-21449,-23921,-2.19
UAE_198,2023-11,7369,7801,-10918,-11462,5.86
UAE_198,2023-12,16836,18061,-3555,-4108,7.28
UAE_198,2024-01,42257,43872,2266,2403,3.82
UAE_198,2024-02,144596,152037,1713,1625,5.15
UAE_198,2024-03,18332,19110,-7557,-8482,4.24
UAE_198,2024-04,179521,176674,10355,9219,-1.59
UAE_198,2024-05,141127,150310,1391,1240,6.51
UAE_198,2024-06,340768,346935,40477,36523,1.81
UAE_198,2024-07,49788,46212,-5567,-5798,-7.18
UAE_198,2024-08,95324,101324,-12011,-10798,6.29
UAE_198,2024-09,336119,320254,32942,34006,-4.72
UAE_198,2024-10,188359,196732,19050,17241,4.45
UAE_198,2024-11,31740,30974,-8090,-8537,-2.41
UAE_198,2024-12,111936,110278,-8841,-9548,-1.48
UAE_198,2025-01,73267,70995,-21130,-18699,-3.1
UAE_198,2025-02,153190,149491,13281,14353,-2.41
UAE_198,2025-03,140735,144128,9577,9532,2.41
UAE_198,2025-04,141753,152747,-20085,-21696,7.76
UAE_198,2025-05,82371,89062,9361,10839,8.12
UAE_198,2025-06,79640,80772,-22419,-24407,1.42
UAE_198,2025-07,311969,290699,-733,-660,-6.82
UAE_198,2025-08,462641,426942,52559,61107,-7.72
UAE_198,2025-09,43762,46756,-11791,-11866,6.84
UAE_198,2025-10,306369,290968,10222,11327,-5.03
UAE_198,2025-11,156322,161521,203,196,3.33
UAE_198,2025-12,43179,42705,-1183,-1309,-1.1
UAE_199,2023-01,155599,157616,-5166,-5006,1.3
UAE_199,2023-02,134191,142684,-14908,-15637,6.33
UAE_199,2023-03,151125,151709,7979,8713,0.39
UAE_199,2023-04,550230,505895,82359,71831,-8.06
UAE_199,2023-05,585248,620881,107821,122230,6.09
UAE_199,2023-06,297094,294233,35821,38232,-0.96
UAE_199,2023-07,371556,339585,49395,47030,-8.6
UAE_199,2023-08,17380,17369,-10002,-11509,-0.06
UAE_199,2023-09,138023,146958,-12394,-11329,6.47
UAE_199,2023-10,268542,297413,24986,22467,10.75
UAE_199,2023-11,322633,338648,82237,72791,4.96
UAE_199,2023-12,248857,237275,5824,6060,-4.65
UAE_199,2024-01,298784,285221,13515,12700,-4.54
UAE_199,2024-02,537244,520827,80892,74780,-3.06
UAE_199,2024-03,503818,477152,95837,95848,-5.29
UAE_199,2024-04,294734,283257,6598,6108,-3.89
UAE_199,2024-05,426665,416781,22191,23632,-2.32
UAE_199,2024-06,218476,207148,31960,28792,-5.19
UAE_199,2024-07,218833,236356,-15116,-17376,8.01
UAE_199,2024-08,363568,351886,36700,36067,-3.21
UAE_199,2024-09,838344,766710,207009,186360,-8.54
UAE_199,2024-10,185961,176264,13023,11696,-5.21
UAE_199,2024-11,268471,260861,47741,45431,-2.83
UAE_199,2024-12,172004,174248,5003,4987,1.3
UAE_199,2025-01,283044,264189,26360,26988,-6.66
UAE_199,2025-02,109365,118263,-13107,-12449,8.14
UAE_199,2025-03,91181,90075,-9938,-9309,-1.21
UAE_199,2025-04,341844,318329,51971,45244,-6.88
UAE_199,2025-05,176165,186494,-5324,-4907,5.86
UAE_199,2025-06,535204,502774,22792,24471,-6.06
UAE_199,2025-07,396616,414487,91070,82292,4.51
UAE_199,2025-08,198356,202203,-5613,-5617,1.94
UAE_199,2025-09,227053,211456,-5711,-5445,-6.87
UAE_199,2025-10,201635,193359,-1371,-1538,-4.1
UAE_199,2025-11,154044,150778,-14951,-15865,-2.12
UAE_199,2025-12,309820,322784,60409,56428,4.18
UAE_200,2023-01,2352,2609,-4474,-5155,10.93
UAE_200,2023-02,3214,3469,-3895,-3595,7.93
UAE_200,2023-03,2757,2554,-6809,-6290,-7.36
UAE_200,2023-04,20298,20644,-7488,-8065,1.7
UAE_200,2023-05,8527,8763,-10175,-9554,2.77
UAE_200,2023-06,1604,1752,-7903,-7706,9.23
UAE_200,2023-07,13245,12766,-6711,-7343,-3.62
UAE_200,2023-08,3736,3453,-5358,-5995,-7.57
UAE_200,2023-09,5165,4814,-7183,-6340,-6.8
UAE_200,2023-10,8134,8539,-4416,-4572,4.98
UAE_200,2023-11,1289,1391,-4582,-4630,7.91
UAE_200,2023-12,3061,2812,-9174,-9048,-8.13
UAE_200,2024-01,2128,2268,-6525,-5749,6.58
UAE_200,2024-02,5831,5512,-12511,-11445,-5.47
UAE_200,2024-03,5484,5033,-2417,-2759,-8.22
UAE_200,2024-04,10695,10532,-8396,-9788,-1.52
UAE_200,2024-05,5262,5648,-4983,-4681,7.34
UAE_200,2024-06,2785,2853,-12890,-12404,2.44
UAE_200,2024-07,5497,5031,-4098,-3692,-8.48
UAE_200,2024-08,9635,9177,-6612,-7293,-4.75
UAE_200,2024-09,9149,8748,-10074,-10163,-4.38
UAE_200,2024-10,48102,44200,-2121,-2213,-8.11
UAE_200,2024-11,6921,7462,-13370,-11757,7.82
UAE_200,2024-12,3833,3676,-9270,-8274,-4.1
UAE_200,2025-01,5979,5960,-6331,-5837,-0.32
UAE_200,2025-02,5139,5158,-9037,-9936,0.37
UAE_200,2025-03,2962,3109,-2422,-2304,4.96
UAE_200,2025-04,47153,48534,-612,-663,2.93
UAE_200,2025-05,2799,2615,-3324,-3839,-6.57
UAE_200,2025-06,47264,50404,-753,-870,6.64
UAE_200,2025-07,8573,8891,-9711,-9083,3.71
UAE_200,2025-08,15138,14891,-11282,-10935,-1.63
UAE_200,2025-09,19760,20307,-9201,-8451,2.77
UAE_200,2025-10,5648,5571,-2652,-2785,-1.36
UAE_200,2025-11,6513,6131,-4303,-4941,-5.87
UAE_200,2025-12,11242,11403,-8659,-7883,1.43
UAE_201,2023-01,20553,19484,-12364,-13077,-5.2
UAE_201,2023-02,41627,42267,-30052,-35265,1.54
UAE_201,2023-03,55997,59472,443,506,6.21
UAE_201,2023-04,47603,47538,-15191,-13362,-0.14
UAE_201,2023-05,159210,158450,-13471,-13166,-0.48
UAE_201,2023-06,191878,179288,4795,5608,-6.56
UAE_201,2023-07,200120,216045,1822,1810,7.96
UAE_201,2023-08,87907,90154,-9823,-10133,2.56
UAE_201,2023-09,190239,198919,39816,40960,4.56
UAE_201,2023-10,28230,29244,-22721,-21054,3.59
UAE_201,2023-11,207965,198773,1583,1496,-4.42
UAE_201,2023-12,31685,29105,-3536,-3375,-8.14
UAE_201,2024-01,134515,134747,790,900,0.17
UAE_201,2024-02,115848,109578,-2200,-2392,-5.41
UAE_201,2024-03,153417,164672,17689,17874,7.34
UAE_201,2024-04,74162,74231,2078,1988,0.09
UAE_201,2024-05,461014,424334,83866,94455,-7.96
UAE_201,2024-06,478551,498915,104284,99677,4.26
UAE_201,2024-07,15489,14422,-10891,-12004,-6.89
UAE_201,2024-08,221525,242732,33227,35178,9.57
UAE_201,2024-09,101313,111427,23018,24976,9.98
UAE_201,2024-10,119340,128823,18852,20457,7.95
UAE_201,2024-11,89033,85132,-6881,-8010,-4.38
UAE_201,2024-12,168773,159844,17687,19190,-5.29
UAE_201,2025-01,45232,41301,-22300,-25361,-8.69
UAE_201,2025-02,60333,58053,-12251,-11260,-3.78
UAE_201,2025-03,261919,250047,26592,25897,-4.53
UAE_201,2025-04,36540,34000,-3668,-4128,-6.95
UAE_201,2025-05,101009,106226,3587,3313,5.16
UAE_201,2025-06,226979,235497,31164,36542,3.75
UAE_201,2025-07,506104,547717,42522,40888,8.22
UAE_201,2025-08,169399,185685,-8785,-9596,9.61
UAE_201,2025-09,318712,295829,21738,20702,-7.18
UAE_201,2025-10,260812,259827,29887,27191,-0.38
UAE_201,2025-11,121676,117199,23818,25307,-3.68
UAE_201,2025-12,56461,61106,6006,5720,8.23
UAE_202,2023-01,687,645,-1368,-1241,-6.11
UAE_202,2023-02,2322,2313,-1407,-1393,-0.39
UAE_202,2023-03,2228,2297,-779,-732,3.1
UAE_202,2023-04,2858,2799,-1831,-2133,-2.06
UAE_202,2023-05,1348,1340,-7968,-7654,-0.59
UAE_202,2023-06,3215,3345,-1708,-1739,4.04
UAE_202,2023-07,1956,2152,-7431,-8743,10.02
UAE_202,2023-08,1059,1099,-6348,-5931,3.78
UAE_202,2023-09,1568,1610,-5231,-5586,2.68
UAE_202,2023-10,1227,1227,-8689,-8227,0.0
UAE_202,2023-11,877,926,-3180,-3138,5.59
UAE_202,2023-12,2412,2485,-2049,-2221,3.03
UAE_202,2024-01,2009,1973,-1929,-1885,-1.79
UAE_202,2024-02,952,926,-3844,-3445,-2.73
UAE_202,2024-03,885,906,-3458,-3046,2.37
UAE_202,2024-04,2625,2834,-5376,-5190,7.96
UAE_202,2024-05,2426,2356,-6475,-6746,-2.89
UAE_202,2024-06,2568,2354,-5384,-5419,-8.33
UAE_202,2024-07,1696,1617,-8048,-7610,-4.66
UAE_202,2024-08,1515,1510,-2924,-3290,-0.33
UAE_202,2024-09,3493,3302,-6673,-7006,-5.47
UAE_202,2024-10,1324,1345,-7908,-6952,1.59
UAE_202,2024-11,2705,2884,-3428,-3692,6.62
UAE_202,2024-12,1164,1209,-5090,-4490,3.87
UAE_202,2025-01,1848,1751,-5410,-5066,-5.25
UAE_202,2025-02,2159,2028,-2541,-2427,-6.07
UAE_202,2025-03,2604,2579,-3957,-3956,-0.96
UAE_202,2025-04,3636,3607,-3645,-3331,-0.8
UAE_202,2025-05,1539,1477,-6074,-6734,-4.03
UAE_202,2025-06,2053,2223,-3946,-4334,8.28
UAE_202,2025-07,2663,2677,-3767,-3678,0.53
UAE_202,2025-08,2941,2733,-6653,-7588,-7.07
UAE_202,2025-09,10623,11123,-4379,-4989,4.71
UAE_202,2025-10,1103,1208,-2004,-1920,9.52
UAE_202,2025-11,2598,2660,-1669,-1681,2.39
UAE_202,2025-12,1635,1489,-2155,-2133,-8.93
UAE_203,2023-01,1207,1290,-4321,-4814,6.88
UAE_203,2023-02,5408,5272,-5581,-5384,-2.51
UAE_203,2023-03,1693,1879,-3440,-3379,10.99
UAE_203,2023-04,7831,7782,-5555,-5635,-0.63
UAE_203,2023-05,15861,14485,-5922,-5895,-8.68
UAE_203,2023-06,1619,1527,-4383,-3895,-5.68
UAE_203,2023-07,22338,22652,-9053,-7970,1.41
UAE_203,2023-08,6964,6834,-11035,-10015,-1.87
UAE_203,2023-09,3958,3969,-10774,-11366,0.28
UAE_203,2023-10,2584,2372,-7989,-7880,-8.2
UAE_203,2023-11,3305,3096,-10431,-9303,-6.32
UAE_203,2023-12,2423,2398,-7513,-7610,-1.03
UAE_203,2024-01,3160,2999,-6705,-6589,-5.09
UAE_203,2024-02,1907,1808,-4515,-5128,-5.19
UAE_203,2024-03,4652,4331,-4434,-4107,-6.9
UAE_203,2024-04,3351,3204,-7978,-7429,-4.39
UAE_203,2024-05,7415,6931,-5239,-5284,-6.53
UAE_203,2024-06,7869,8570,-7929,-9265,8.91
UAE_203,2024-07,2794,2758,-2146,-2071,-1.29
UAE_203,2024-08,2161,2146,-5080,-4658,-0.69
UAE_203,2024-09,4392,4213,-4714,-4108,-4.08
UAE_203,2024-10,3518,3596,-6422,-5787,2.22
UAE_203,2024-11,6255,6091,-6075,-6443,-2.62
UAE_203,2024-12,2610,2586,-3311,-3167,-0.92
UAE_203,2025-01,4278,4318,-4475,-4994,0.94
UAE_203,2025-02,2286,2236,-3413,-2997,-2.19
UAE_203,2025-03,4426,4353,-6401,-6293,-1.65
UAE_203,2025-04,3006,3120,-1988,-2256,3.79
UAE_203,2025-05,4684,4374,-7165,-6599,-6.62
UAE_203,2025-06,8030,8219,-7592,-7929,2.35
UAE_203,2025-07,1872,2041,-10750,-10734,9.03
UAE_203,2025-08,4239,3952,-12248,-12208,-6.77
UAE_203,2025-09,3826,3775,-1837,-1821,-1.33
UAE_203,2025-10,3812,4203,-4079,-4760,10.26
UAE_203,2025-11,5091,4687,-6760,-6392,-7.94
UAE_203,2025-12,2115,2014,-1756,-1542,-4.78
UAE_204,2023-01,2901,2851,-4641,-4616,-1.72
UAE_204,2023-02,819,812,-6111,-6174,-0.85
UAE_204,2023-03,1197,1095,-5619,-6585,-8.52
UAE_204,2023-04,1544,1661,-6520,-6090,7.58
UAE_204,2023-05,2921,3183,-4609,-4955,8.97
UAE_204,2023-06,3437,3389,-7594,-7058,-1.4
UAE_204,2023-07,7913,8133,-5528,-4955,2.78
UAE_204,2023-08,2227,2129,-1330,-1453,-4.4
UAE_204,2023-09,1665,1672,-7767,-7016,0.42
UAE_204,2023-10,1000,912,-2310,-2533,-8.8
UAE_204,2023-11,3260,2998,-5528,-6340,-8.04
UAE_204,2023-12,742,690,-4975,-5363,-7.01
UAE_204,2024-01,1512,1379,-5046,-4519,-8.8
UAE_204,2024-02,1228,1327,-4354,-4181,8.06
UAE_204,2024-03,1856,1739,-2921,-2938,-6.3
UAE_204,2024-04,2079,2242,-2943,-2759,7.84
UAE_204,2024-05,1681,1607,-10001,-8760,-4.4
UAE_204,2024-06,1605,1619,-1732,-1935,0.87
UAE_204,2024-07,3862,3859,-8089,-8803,-0.08
UAE_204,2024-08,3195,3551,-2690,-3044,11.14
UAE_204,2024-09,1914,1839,-3229,-2950,-3.92
UAE_204,2024-10,1323,1370,-2824,-3225,3.55
UAE_204,2024-11,2636,2645,-1868,-1718,0.34
UAE_204,2024-12,1273,1409,-1216,-1335,10.68
UAE_204,2025-01,2340,2528,-1615,-1606,8.03
UAE_204,2025-02,2583,2820,-3509,-3464,9.18
UAE_204,2025-03,2651,2864,-4691,-4675,8.03
UAE_204,2025-04,1614,1664,-7317,-7153,3.1
UAE_204,2025-05,1171,1243,-6178,-5672,6.15
UAE_204,2025-06,3688,3878,-1797,-2005,5.15
UAE_204,2025-07,3447,3137,-5039,-4917,-8.99
UAE_204,2025-08,2243,2344,-2167,-2219,4.5
UAE_204,2025-09,4004,3725,-7142,-7323,-6.97
UAE_204,2025-10,4101,3766,-5950,-5459,-8.17
UAE_204,2025-11,1845,1858,-3523,-3519,0.7
UAE_204,2025-12,1255,1144,-1029,-1056,-8.84
UAE_205,2023-01,670502,697441,132672,146587,4.02
UAE_205,2023-02,458482,503124,115899,104478,9.74
UAE_205,2023-03,2042929,1995680,341468,303491,-2.31
UAE_205,2023-04,1161376,1057268,150555,154074,-8.96
UAE_205,2023-05,397883,396862,-25169,-24084,-0.26
UAE_205,2023-06,1575069,1612844,165929,186460,2.4
UAE_205,2023-07,2597485,2648086,590834,584109,1.95
UAE_205,2023-08,1298557,1297797,430749,423754,-0.06
UAE_205,2023-09,633121,630307,24870,23503,-0.44
UAE_205,2023-10,645521,713384,77403,77986,10.51
UAE_205,2023-11,390272,397761,46832,53395,1.92
UAE_205,2023-12,869794,928427,201165,198192,6.74
UAE_205,2024-01,234322,232164,42404,37824,-0.92
UAE_205,2024-02,300983,280846,40534,41495,-6.69
UAE_205,2024-03,931215,935781,148259,139029,0.49
UAE_205,2024-04,1037041,1037322,105418,118046,0.03
UAE_205,2024-05,1047603,1074222,105975,114227,2.54
UAE_205,2024-06,2742498,2535805,361056,371004,-7.54
UAE_205,2024-07,1284038,1198367,182634,201711,-6.67
UAE_205,2024-08,1869167,1756907,404332,382926,-6.01
UAE_205,2024-09,738013,730059,73064,84452,-1.08
UAE_205,2024-10,2242219,2096396,678732,646079,-6.5
UAE_205,2024-11,559156,561512,143245,157185,0.42
UAE_205,2024-12,624292,639287,75361,81330,2.4
UAE_205,2025-01,2002417,1997723,359695,335876,-0.23
UAE_205,2025-02,1984202,2119173,379810,438524,6.8
UAE_205,2025-03,1217115,1276376,262716,294234,4.87
UAE_205,2025-04,928201,1007738,175493,200165,8.57
UAE_205,2025-05,1185880,1108074,412822,364426,-6.56
UAE_205,2025-06,5723295,5931051,1655951,1676360,3.63
UAE_205,2025-07,1782586,1637417,240615,276810,-8.14
UAE_205,2025-08,1067619,985886,120726,137313,-7.66
UAE_205,2025-09,1476985,1559716,391903,344298,5.6
UAE_205,2025-10,3407188,3314985,1214765,1070232,-2.71
UAE_205,2025-11,2108918,2142495,271280,276983,1.59
UAE_205,2025-12,838121,855525,76658,67533,2.08
UAE_206,2023-01,771,719,-4203,-4272,-6.74
UAE_206,2023-02,1401,1274,-3176,-3594,-9.06
UAE_206,2023-03,1892,1836,-5924,-5287,-2.96
UAE_206,2023-04,2299,2095,-3035,-2873,-8.87
UAE_206,2023-05,995,1067,-2358,-2590,7.24
UAE_206,2023-06,1664,1833,-4165,-4336,10.16
UAE_206,2023-07,5617,5452,-5719,-6322,-2.94
UAE_206,2023-08,2360,2433,-2907,-2567,3.09
UAE_206,2023-09,1178,1220,-4354,-4359,3.57
UAE_206,2023-10,1673,1707,-1146,-1248,2.03
UAE_206,2023-11,3091,2835,-6626,-5978,-8.28
UAE_206,2023-12,2444,2525,-3765,-3600,3.31
UAE_206,2024-01,1276,1209,-6443,-6880,-5.25
UAE_206,2024-02,2473,2455,-5034,-4428,-0.73
UAE_206,2024-03,1146,1087,-5434,-6125,-5.15
UAE_206,2024-04,2343,2499,-4192,-4457,6.66
UAE_206,2024-05,1384,1451,-2435,-2347,4.84
UAE_206,2024-06,3421,3667,-1520,-1420,7.19
UAE_206,2024-07,2721,2947,-6884,-6235,8.31
UAE_206,2024-08,2055,1982,-8266,-8239,-3.55
UAE_206,2024-09,2737,2942,-6057,-5717,7.49
UAE_206,2024-10,918,967,-4764,-5598,5.34
UAE_206,2024-11,2983,2808,-2890,-3252,-5.87
UAE_206,2024-12,2556,2552,-2182,-2188,-0.16
UAE_206,2025-01,2684,2603,-5453,-5339,-3.02
UAE_206,2025-02,5380,5938,-4895,-5041,10.37
UAE_206,2025-03,1165,1208,-5664,-5170,3.69
UAE_206,2025-04,4363,4025,-4169,-4738,-7.75
UAE_206,2025-05,1048,1077,-3487,-3097,2.77
UAE_206,2025-06,1113,1209,-8447,-8426,8.63
UAE_206,2025-07,2239,2051,-4437,-4823,-8.4
UAE_206,2025-08,2534,2501,-6875,-7807,-1.3
UAE_206,2025-09,2909,3010,-957,-1083,3.47
UAE_206,2025-10,2839,2952,-3871,-4077,3.98
UAE_206,2025-11,3363,3184,-933,-819,-5.32
UAE_206,2025-12,2126,2187,-1041,-1159,2.87
UAE_207,2023-01,1383,1259,-2970,-2976,-8.97
UAE_207,2023-02,1667,1568,-5548,-5640,-5.94
UAE_207,2023-03,6585,6064,-6980,-6377,-7.91
UAE_207,2023-04,4849,4861,-11206,-9980,0.25
UAE_207,2023-05,3360,3287,-2514,-2917,-2.17
UAE_207,2023-06,2356,2422,-7918,-8770,2.8
UAE_207,2023-07,16162,17769,-8453,-7712,9.94
UAE_207,2023-08,10705,11215,-6378,-5699,4.76
UAE_207,2023-09,2748,3010,-6179,-6442,9.53
UAE_207,2023-10,3482,3659,-4508,-4615,5.08
UAE_207,2023-11,4328,4169,-6149,-6888,-3.67
UAE_207,2023-12,2087,2081,-2407,-2796,-0.29
UAE_207,2024-01,2997,2736,-8462,-8981,-8.71
UAE_207,2024-02,4601,4483,-11062,-10196,-2.56
UAE_207,2024-03,7733,7332,-5596,-5257,-5.19
UAE_207,2024-04,1998,2002,-9318,-8271,0.2
UAE_207,2024-05,4036,4150,-7503,-7887,2.82
UAE_207,2024-06,22244,23212,-8027,-7108,4.35
UAE_207,2024-07,5017,5217,-4730,-4115,3.99
UAE_207,2024-08,12909,12394,-6155,-7175,-3.99
UAE_207,2024-09,4297,4269,-2424,-2742,-0.65
UAE_207,2024-10,1968,2054,-9640,-10958,4.37
UAE_207,2024-11,2496,2299,-6833,-6607,-7.89
UAE_207,2024-12,4317,3993,-4519,-5232,-7.51
UAE_207,2025-01,2408,2594,-7902,-7235,7.72
UAE_207,2025-02,3708,3613,-10387,-9863,-2.56
UAE_207,2025-03,10237,9352,-7583,-7247,-8.65
UAE_207,2025-04,10528,11244,-5895,-6473,6.8
UAE_207,2025-05,5170,4803,-7902,-6937,-7.1
UAE_207,2025-06,10939,11947,-10632,-9901,9.21
UAE_207,2025-07,11018,11851,-12679,-11865,7.56
UAE_207,2025-08,2840,2591,-4129,-3610,-8.77
UAE_207,2025-09,7938,7949,-5720,-6536,0.14
UAE_207,2025-10,6971,7308,-6615,-7183,4.83
UAE_207,2025-11,8577,9196,-6309,-7410,7.22
UAE_207,2025-12,4939,5033,-6656,-7187,1.9
UAE_208,2023-01,874,922,-2530,-2294,5.49
UAE_208,2023-02,1785,1821,-2313,-2427,2.02
UAE_208,2023-03,3673,3937,-6580,-5998,7.19
UAE_208,2023-04,1879,1814,-7497,-7591,-3.46
UAE_208,2023-05,1325,1414,-5546,-5721,6.72
UAE_208,2023-06,3329,3531,-3166,-3000,6.07
UAE_208,2023-07,1898,1831,-6775,-7072,-3.53
UAE_208,2023-08,3248,2955,-4022,-3942,-9.02
UAE_208,2023-09,5954,5720,-6749,-6059,-3.93
UAE_208,2023-10,892,813,-3421,-3672,-8.86
UAE_208,2023-11,3615,3717,-5805,-5922,2.82
UAE_208,2023-12,2203,2030,-4721,-5433,-7.85
UAE_208,2024-01,1007,955,-2920,-3137,-5.16
UAE_208,2024-02,2628,2456,-4455,-4245,-6.54
UAE_208,2024-03,809,813,-7343,-6821,0.49
UAE_208,2024-04,914,975,-6130,-6654,6.67
UAE_208,2024-05,1858,2031,-7607,-8913,9.31
UAE_208,2024-06,2554,2645,-2144,-2506,3.56
UAE_208,2024-07,10120,9679,-5830,-5106,-4.36
UAE_208,2024-08,3901,3746,-3651,-3356,-3.97
UAE_208,2024-09,2112,2123,-7207,-7124,0.52
UAE_208,2024-10,3295,3450,-4626,-4763,4.7
UAE_208,2024-11,2594,2380,-4254,-3801,-8.25
UAE_208,2024-12,2293,2115,-7666,-6952,-7.76
UAE_208,2025-01,857,785,-2885,-2722,-8.4
UAE_208,2025-02,1496,1385,-4474,-4234,-7.42
UAE_208,2025-03,1714,1608,-3140,-3042,-6.18
UAE_208,2025-04,1406,1385,-3904,-3875,-1.49
UAE_208,2025-05,3451,3748,-1763,-1710,8.61
UAE_208,2025-06,2333,2124,-1931,-1791,-8.96
UAE_208,2025-07,1246,1153,-1650,-1676,-7.46
UAE_208,2025-08,2867,3083,-1287,-1135,7.53
UAE_208,2025-09,8238,8165,-5245,-5929,-0.89
UAE_208,2025-10,3015,2839,-3291,-3207,-5.84
UAE_208,2025-11,1378,1451,-2302,-2589,5.3
UAE_208,2025-12,807,821,-5636,-5156,1.73
UAE_209,2023-01,53165,54551,-8216,-7877,2.61
UAE_209,2023-02,5983,6276,-7109,-7417,4.9
UAE_209,2023-03,11906,11143,-25914,-24000,-6.41
UAE_209,2023-04,32721,30139,-9885,-8808,-7.89
UAE_209,2023-05,128986,119792,-4006,-3910,-7.13
UAE_209,2023-06,81810,79504,-20728,-23235,-2.82
UAE_209,2023-07,29909,32596,718,789,8.98
UAE_209,2023-08,53642,56829,-9686,-8742,5.94
UAE_209,2023-09,21976,20465,-14216,-12971,-6.88
UAE_209,2023-10,66260,67173,-13418,-12583,1.38
UAE_209,2023-11,26266,24077,-4244,-4544,-8.33
UAE_209,2023-12,17686,18425,-9619,-8712,4.18
UAE_209,2024-01,10093,9446,-11544,-10155,-6.41
UAE_209,2024-02,50211,50565,-20702,-18086,0.71
UAE_209,2024-03,22407,22551,-5858,-5492,0.64
UAE_209,2024-04,12438,13751,-2878,-3219,10.56
UAE_209,2024-05,67350,63549,-18058,-17365,-5.64
UAE_209,2024-06,29975,32147,-19586,-22385,7.25
UAE_209,2024-07,136701,137732,-4324,-4799,0.75
UAE_209,2024-08,16366,16575,-4443,-4168,1.28
UAE_209,2024-09,27885,27982,-12139,-10600,0.35
UAE_209,2024-10,7897,7959,-8631,-7575,0.79
UAE_209,2024-11,46797,43219,-25284,-22521,-7.65
UAE_209,2024-12,43677,48245,-1122,-999,10.46
UAE_209,2025-01,9779,10472,-16261,-15479,7.09
UAE_209,2025-02,9848,10429,-10234,-8993,5.9
UAE_209,2025-03,45559,49877,-7324,-8401,9.48
UAE_209,2025-04,10733,10371,-7912,-8436,-3.37
UAE_209,2025-05,59570,56479,2734,2577,-5.19
UAE_209,2025-06,44613,41955,-6077,-5563,-5.96
UAE_209,2025-07,251687,252019,37630,33521,0.13
UAE_209,2025-08,15665,15664,-8422,-8646,-0.01
UAE_209,2025-09,13198,13561,-6113,-6696,2.75
UAE_209,2025-10,70838,76526,-6200,-5872,8.03
UAE_209,2025-11,38229,40153,-22600,-21548,5.03
UAE_209,2025-12,19952,21094,-23805,-23854,5.72
UAE_210,2023-01,1191764,1275119,312302,334368,6.99
UAE_210,2023-02,2690466,2585603,584185,553659,-3.9
UAE_210,2023-03,1877698,1715184,195278,184137,-8.65
UAE_210,2023-04,2423142,2249343,719405,668853,-7.17
UAE_210,2023-05,1358451,1472111,119034,114438,8.37
UAE_210,2023-06,1144767,1043506,216067,188107,-8.85
UAE_210,2023-07,1956041,1839936,384241,348602,-5.94
UAE_210,2023-08,725236,693809,58662,61222,-4.33
UAE_210,2023-09,3576257,3377197,815986,734095,-5.57
UAE_210,2023-10,612650,571310,64547,75540,-6.75
UAE_210,2023-11,2326302,2271741,254237,283799,-2.35
UAE_210,2023-12,901189,999637,199595,194653,10.92
UAE_210,2024-01,297672,309434,1213,1371,3.95
UAE_210,2024-02,830536,865895,152348,166018,4.26
UAE_210,2024-03,551385,518706,147535,148240,-5.93
UAE_210,2024-04,2007146,1963730,578989,556002,-2.16
UAE_210,2024-05,1157351,1269646,252780,226051,9.7
UAE_210,2024-06,4483687,4710753,981903,1120568,5.06
UAE_210,2024-07,2741186,3036246,469839,471973,10.76
UAE_210,2024-08,2873724,2626307,511205,514049,-8.61
UAE_210,2024-09,2239045,2084184,354686,336217,-6.92
UAE_210,2024-10,1269396,1279916,375508,328614,0.83
UAE_210,2024-11,3966642,3817633,1334033,1183175,-3.76
UAE_210,2024-12,906860,881232,136610,151839,-2.83
UAE_210,2025-01,2827807,2877640,804658,724153,1.76
UAE_210,2025-02,1353561,1385255,368537,372159,2.34
UAE_210,2025-03,4467493,4205796,1308791,1408912,-5.86
UAE_210,2025-04,1186716,1084212,286892,287522,-8.64
UAE_210,2025-05,1829328,1924909,340719,323303,5.22
UAE_210,2025-06,2510850,2565126,467514,503125,2.16
UAE_210,2025-07,754974,823733,176573,181833,9.11
UAE_210,2025-08,1948482,1878670,241297,272364,-3.58
UAE_210,2025-09,844623,895718,212600,204676,6.05
UAE_210,2025-10,1548007,1599135,342552,332204,3.3
UAE_210,2025-11,2641242,2840352,849892,854677,7.54
UAE_210,2025-12,1009389,1016372,132890,138874,0.69
UAE_211,2023-01,2845,2643,-4170,-4205,-7.1
UAE_211,2023-02,6637,6350,-7719,-8568,-4.32
UAE_211,2023-03,5605,5299,-11563,-10783,-5.46
UAE_211,2023-04,4968,5290,-12763,-12524,6.48
UAE_211,2023-05,10158,10295,-10707,-11022,1.35
UAE_211,2023-06,5696,5703,-9211,-9895,0.12
UAE_211,2023-07,5267,5032,-2736,-2853,-4.46
UAE_211,2023-08,4403,4176,-3572,-3521,-5.16
UAE_211,2023-09,13601,15041,-4017,-3606,10.59
UAE_211,2023-10,2714,2948,-10687,-11555,8.62
UAE_211,2023-11,2737,2830,-5249,-5329,3.4
UAE_211,2023-12,2853,2896,-5314,-6071,1.51
UAE_211,2024-01,3068,2878,-3451,-3772,-6.19
UAE_211,2024-02,5058,5551,-7454,-6847,9.75
UAE_211,2024-03,3572,3523,-4940,-5147,-1.37
UAE_211,2024-04,4392,4206,-2783,-2730,-4.23
UAE_211,2024-05,22212,22776,-7131,-8303,2.54
UAE_211,2024-06,4359,4750,-10051,-10036,8.97
UAE_211,2024-07,10361,9894,-1326,-1547,-4.51
UAE_211,2024-08,11966,11590,-5843,-6405,-3.14
UAE_211,2024-09,11318,11233,-6478,-5880,-0.75
UAE_211,2024-10,1955,1963,-6747,-6203,0.41
UAE_211,2024-11,3237,3447,-7852,-9192,6.49
UAE_211,2024-12,3031,2954,-6446,-7013,-2.54
UAE_211,2025-01,4240,4623,-5453,-5039,9.03
UAE_211,2025-02,4968,4788,-5779,-6067,-3.62
UAE_211,2025-03,16788,15453,-3615,-4199,-7.95
UAE_211,2025-04,1529,1548,-3707,-3756,1.24
UAE_211,2025-05,2132,2320,-6812,-6295,8.82
UAE_211,2025-06,6416,6602,-6506,-6849,2.9
UAE_211,2025-07,2951,2862,-5387,-5717,-3.02
UAE_211,2025-08,16355,15176,-10336,-9495,-7.21
UAE_211,2025-09,5574,5404,-13075,-11937,-3.05
UAE_211,2025-10,2951,3133,-1925,-2013,6.17
UAE_211,2025-11,6934,7208,-9951,-9511,3.95
UAE_211,2025-12,14518,14925,-3484,-3933,2.8
UAE_212,2023-01,5937,5412,-10457,-11496,-8.84
UAE_212,2023-02,5855,5431,-4547,-4449,-7.24
UAE_212,2023-03,19414,17762,-8355,-8508,-8.51
UAE_212,2023-04,6251,6342,-1953,-2261,1.46
UAE_212,2023-05,13242,12065,-13490,-14399,-8.89
UAE_212,2023-06,20010,20901,-4795,-5434,4.45
UAE_212,2023-07,13539,14328,-9314,-8335,5.83
UAE_212,2023-08,12989,12056,-10749,-10099,-7.18
UAE_212,2023-09,5349,4996,-5582,-5690,-6.6
UAE_212,2023-10,4126,4277,-11524,-10456,3.66
UAE_212,2023-11,1976,1968,-8326,-7288,-0.4
UAE_212,2023-12,8166,7885,-6000,-6262,-3.44
UAE_212,2024-01,6629,6708,-12080,-13585,1.19
UAE_212,2024-02,18050,20050,-4033,-3628,11.08
UAE_212,2024-03,6714,6977,-10157,-9090,3.92
UAE_212,2024-04,3842,3632,-6657,-7069,-5.47
UAE_212,2024-05,16297,15508,-16675,-15665,-4.84
UAE_212,2024-06,15114,14600,-5359,-5631,-3.4
UAE_212,2024-07,4575,4605,-3536,-3942,0.66
UAE_212,2024-08,18753,17991,-3370,-3695,-4.06
UAE_212,2024-09,11185,11076,-6057,-6223,-0.97
UAE_212,2024-10,2904,2760,-2854,-3096,-4.96
UAE_212,2024-11,4748,4471,-3194,-3607,-5.83
UAE_212,2024-12,6672,6515,-2335,-2513,-2.35
UAE_212,2025-01,2780,2742,-2949,-2961,-1.37
UAE_212,2025-02,8188,7535,-10329,-11250,-7.98
UAE_212,2025-03,7636,7238,-3107,-2811,-5.21
UAE_212,2025-04,12267,11432,-10229,-10791,-6.81
UAE_212,2025-05,5584,5615,-20846,-18315,0.56
UAE_212,2025-06,4012,4076,-3785,-3661,1.6
UAE_212,2025-07,18662,19108,-3637,-4055,2.39
UAE_212,2025-08,33559,32580,-9699,-10920,-2.92
UAE_212,2025-09,7125,6740,-4367,-4286,-5.4
UAE_212,2025-10,14253,13609,-14002,-16107,-4.52
UAE_212,2025-11,3250,3055,-3059,-2787,-6.0
UAE_212,2025-12,4134,3839,-8204,-7165,-7.14
UAE_213,2023-01,2682,2482,-6363,-7134,-7.46
UAE_213,2023-02,2156,2337,-7770,-7309,8.4
UAE_213,2023-03,2992,3099,-4722,-4174,3.58
UAE_213,2023-04,5082,4991,-2191,-2461,-1.79
UAE_213,2023-05,21045,19400,-9682,-11144,-7.82
UAE_213,2023-06,2334,2374,-3349,-3464,1.71
UAE_213,2023-07,6691,6592,-9320,-9111,-1.48
UAE_213,2023-08,6816,6515,-5368,-4916,-4.42
UAE_213,2023-09,11797,11101,-8406,-8186,-5.9
UAE_213,2023-10,4119,3958,-2390,-2287,-3.91
UAE_213,2023-11,1663,1677,-8648,-8009,0.84
UAE_213,2023-12,4198,4237,-7358,-6420,0.93
UAE_213,2024-01,14124,15557,-6057,-7073,10.15
UAE_213,2024-02,2166,1988,-3335,-3174,-8.22
UAE_213,2024-03,4398,4413,-3154,-3237,0.34
UAE_213,2024-04,4609,4686,-11836,-11333,1.67
UAE_213,2024-05,3423,3503,-7438,-8242,2.34
UAE_213,2024-06,7504,6979,-9106,-9756,-7.0
UAE_213,2024-07,13233,13024,-9678,-9870,-1.58
UAE_213,2024-08,7398,6968,-2027,-1995,-5.81
UAE_213,2024-09,18859,17709,-4595,-4819,-6.1
UAE_213,2024-10,2868,2732,-4155,-4438,-4.74
UAE_213,2024-11,7149,6906,-7116,-6267,-3.4
UAE_213,2024-12,9777,10280,-3422,-3403,5.14
UAE_213,2025-01,4383,4842,-7659,-6817,10.47
UAE_213,2025-02,4106,4294,-5110,-4992,4.58
UAE_213,2025-03,10953,10199,-9744,-10543,-6.88
UAE_213,2025-04,9499,8653,-8817,-7723,-8.91
UAE_213,2025-05,3485,3326,-7435,-8110,-4.56
UAE_213,2025-06,18791,18916,-10382,-9638,0.67
UAE_213,2025-07,2238,2044,-6366,-5840,-8.67
UAE_213,2025-08,5000,4793,-4841,-4713,-4.14
UAE_213,2025-09,12971,13817,-7615,-6705,6.52
UAE_213,2025-10,4179,4376,-6156,-6161,4.71
UAE_213,2025-11,4515,4988,-6431,-6499,10.48
UAE_213,2025-12,4407,4743,-8347,-8672,7.62
UAE_214,2023-01,3641,3750,-2997,-3078,2.99
UAE_214,2023-02,3582,3641,-9930,-10965,1.65
UAE_214,2023-03,6123,6420,-6618,-6252,4.85
UAE_214,2023-04,15000,15369,-11008,-9626,2.46
UAE_214,2023-05,3724,3553,-8993,-9785,-4.59
UAE_214,2023-06,3273,3073,-10231,-11400,-6.11
UAE_214,2023-07,8368,9058,-14316,-14935,8.25
UAE_214,2023-08,3537,3882,-6100,-5438,9.75
UAE_214,2023-09,5914,5971,-7894,-6935,0.96
UAE_214,2023-10,6862,6254,-12785,-12513,-8.86
UAE_214,2023-11,7901,7343,-10407,-9563,-7.06
UAE_214,2023-12,3204,3091,-7928,-7373,-3.53
UAE_214,2024-01,4477,4611,-5213,-5185,2.99
UAE_214,2024-02,4647,4646,-9068,-8870,-0.02
UAE_214,2024-03,9197,9933,-7274,-8512,8.0
UAE_214,2024-04,6896,7095,-9699,-9393,2.89
UAE_214,2024-05,12300,12318,-10727,-9462,0.15
UAE_214,2024-06,1936,1820,-8719,-8999,-5.99
UAE_214,2024-07,2451,2385,-7251,-8097,-2.69
UAE_214,2024-08,3185,3409,-3154,-3398,7.03
UAE_214,2024-09,29364,31613,-3989,-4464,7.66
UAE_214,2024-10,4164,4391,-11019,-9872,5.45
UAE_214,2024-11,8030,7948,-12284,-11194,-1.02
UAE_214,2024-12,2066,2187,-2582,-2736,5.86
UAE_214,2025-01,4851,5087,-8982,-8903,4.86
UAE_214,2025-02,18509,19989,-5591,-5995,8.0
UAE_214,2025-03,28651,27290,-3689,-3348,-4.75
UAE_214,2025-04,14647,14376,-9588,-9571,-1.85
UAE_214,2025-05,9723,9460,-8356,-7999,-2.7
UAE_214,2025-06,3566,3882,-8468,-7989,8.86
UAE_214,2025-07,10943,11985,-6203,-6140,9.52
UAE_214,2025-08,52008,50071,495,567,-3.72
UAE_214,2025-09,2752,2547,-3569,-3826,-7.45
UAE_214,2025-10,1755,1919,-8874,-9425,9.34
UAE_214,2025-11,14380,15906,-7187,-7885,10.61
UAE_214,2025-12,6846,6504,-7631,-7774,-5.0
UAE_215,2023-01,16169,16597,-17765,-19884,2.65
UAE_215,2023-02,3764,3702,-6617,-7132,-1.65
UAE_215,2023-03,76223,71878,-6607,-7713,-5.7
UAE_215,2023-04,6129,6423,-5027,-5172,4.8
UAE_215,2023-05,159290,162871,15122,14979,2.25
UAE_215,2023-06,58067,59352,-10273,-11538,2.21
UAE_215,2023-07,51805,47956,-8812,-8065,-7.43
UAE_215,2023-08,32467,29854,-6497,-6159,-8.05
UAE_215,2023-09,67954,73767,498,484,8.55
UAE_215,2023-10,6309,6389,-6508,-5832,1.27
UAE_215,2023-11,61621,64130,-4327,-4237,4.07
UAE_215,2023-12,9608,8746,-14512,-13987,-8.97
UAE_215,2024-01,65664,68880,-4149,-3942,4.9
UAE_215,2024-02,30333,28091,-11658,-11960,-7.39
UAE_215,2024-03,15279,16482,-9374,-9227,7.87
UAE_215,2024-04,31916,35358,-13868,-14448,10.78
UAE_215,2024-05,36364,40358,-21557,-18944,10.98
UAE_215,2024-06,89574,88286,-7438,-6737,-1.44
UAE_215,2024-07,52450,52988,-11025,-12599,1.03
UAE_215,2024-08,8793,8989,-10624,-9601,2.23
UAE_215,2024-09,15936,16871,-1557,-1419,5.87
UAE_215,2024-10,6320,5996,-8897,-9129,-5.13
UAE_215,2024-11,22375,23025,-14671,-14030,2.91
UAE_215,2024-12,9020,8758,-16771,-19118,-2.9
UAE_215,2025-01,112818,107584,6096,6072,-4.64
UAE_215,2025-02,12352,11271,-14409,-14322,-8.75
UAE_215,2025-03,7209,7338,-10291,-10792,1.79
UAE_215,2025-04,47678,46000,-8639,-9099,-3.52
UAE_215,2025-05,46527,50087,-5176,-5745,7.65
UAE_215,2025-06,29767,31177,-8393,-7512,4.74
UAE_215,2025-07,12109,13048,-6599,-5868,7.75
UAE_215,2025-08,70371,64204,-4765,-5041,-8.76
UAE_215,2025-09,37610,38587,-4425,-4042,2.6
UAE_215,2025-10,21198,20322,-13110,-13617,-4.13
UAE_215,2025-11,35483,33974,-13668,-12378,-4.25
UAE_215,2025-12,76463,73394,-3477,-3743,-4.01
UAE_216,2023-01,5911,5833,-2579,-2634,-1.32
UAE_216,2023-02,4728,4862,-3564,-4043,2.83
UAE_216,2023-03,14938,16547,-7536,-8697,10.77
UAE_216,2023-04,40083,44176,-6465,-6840,10.21
UAE_216,2023-05,24074,24894,-15957,-15958,3.41
UAE_216,2023-06,7378,7618,-8931,-8260,3.25
UAE_216,2023-07,27772,28106,-4489,-5249,1.2
UAE_216,2023-08,9128,9019,-17580,-19775,-1.19
UAE_216,2023-09,13051,13643,-17202,-15300,4.54
UAE_216,2023-10,2875,2960,-8059,-7143,2.96
UAE_216,2023-11,6263,6433,-5632,-5409,2.71
UAE_216,2023-12,6153,6682,-6256,-5463,8.6
UAE_216,2024-01,4446,4526,-2655,-2519,1.8
UAE_216,2024-02,1882,2021,-5856,-6066,7.39
UAE_216,2024-03,24430,23342,-9819,-10058,-4.45
UAE_216,2024-04,15591,16237,-3277,-3245,4.14
UAE_216,2024-05,4157,3961,-9315,-10909,-4.71
UAE_216,2024-06,14323,15903,-9085,-10004,11.03
UAE_216,2024-07,5398,5945,-5668,-5723,10.13
UAE_216,2024-08,40343,42352,-4126,-4655,4.98
UAE_216,2024-09,14481,13556,-8980,-8381,-6.39
UAE_216,2024-10,11831,12089,-11148,-9784,2.18
UAE_216,2024-11,3310,3172,-6294,-5691,-4.17
UAE_216,2024-12,19931,22059,-4588,-4161,10.68
UAE_216,2025-01,44323,47744,-6406,-7114,7.72
UAE_216,2025-02,30757,34161,-8265,-7794,11.07
UAE_216,2025-03,6945,6353,-14906,-13079,-8.52
UAE_216,2025-04,10320,9924,-16219,-17913,-3.84
UAE_216,2025-05,42296,41111,-10631,-10006,-2.8
UAE_216,2025-06,4080,4042,-5057,-4718,-0.93
UAE_216,2025-07,10209,9822,-5332,-5165,-3.79
UAE_216,2025-08,7224,7398,-6806,-6416,2.41
UAE_216,2025-09,46551,43637,-5512,-6448,-6.26
UAE_216,2025-10,8066,8800,-7347,-6484,9.1
UAE_216,2025-11,42247,42123,-9051,-10377,-0.29
UAE_216,2025-12,17354,16497,-9746,-10348,-4.94
UAE_217,2023-01,4221,4495,-6119,-5465,6.49
UAE_217,2023-02,1930,1930,-822,-936,0.0
UAE_217,2023-03,2686,2481,-2084,-1843,-7.63
UAE_217,2023-04,2232,2345,-4720,-4329,5.06
UAE_217,2023-05,1934,1934,-8632,-7741,0.0
UAE_217,2023-06,1723,1706,-2506,-2550,-0.99
UAE_217,2023-07,7856,7338,-8849,-7849,-6.59
UAE_217,2023-08,1699,1548,-7110,-6525,-8.89
UAE_217,2023-09,1317,1249,-3572,-3653,-5.16
UAE_217,2023-10,1105,1201,-3066,-2814,8.69
UAE_217,2023-11,3297,3351,-3589,-3606,1.64
UAE_217,2023-12,1855,1784,-1354,-1376,-3.83
UAE_217,2024-01,2114,2251,-5946,-5363,6.48
UAE_217,2024-02,2706,2582,-1696,-1538,-4.58
UAE_217,2024-03,2546,2411,-4005,-4177,-5.3
UAE_217,2024-04,2640,2553,-1052,-1015,-3.3
UAE_217,2024-05,3269,3463,-1313,-1368,5.93
UAE_217,2024-06,2036,1881,-6233,-5541,-7.61
UAE_217,2024-07,3659,3681,-4384,-4983,0.6
UAE_217,2024-08,2856,2734,-1800,-1832,-4.27
UAE_217,2024-09,3621,3637,-6251,-7286,0.44
UAE_217,2024-10,2716,2498,-4597,-5279,-8.03
UAE_217,2024-11,1927,1983,-5620,-5848,2.91
UAE_217,2024-12,1821,1698,-6259,-5989,-6.75
UAE_217,2025-01,1883,1884,-3077,-3559,0.05
UAE_217,2025-02,3190,2927,-5389,-5275,-8.24
UAE_217,2025-03,2886,2642,-4476,-5190,-8.45
UAE_217,2025-04,2594,2842,-5371,-4892,9.56
UAE_217,2025-05,3313,3162,-2785,-2671,-4.56
UAE_217,2025-06,11149,11523,-5165,-5494,3.35
UAE_217,2025-07,3782,3721,-3543,-4126,-1.61
UAE_217,2025-08,2053,2143,-3308,-3201,4.38
UAE_217,2025-09,1702,1876,-9483,-8433,10.22
UAE_217,2025-10,5874,5355,-4817,-4676,-8.84
UAE_217,2025-11,991,1101,-3809,-3751,11.1
UAE_217,2025-12,2376,2331,-5122,-4780,-1.89
UAE_218,2023-01,3070,3282,-2880,-2961,6.91
UAE_218,2023-02,2748,2685,-8500,-8028,-2.29
UAE_218,2023-03,1163,1191,-8730,-9737,2.41
UAE_218,2023-04,2049,2061,-6591,-6639,0.59
UAE_218,2023-05,3042,3352,-7859,-8070,10.19
UAE_218,2023-06,3757,3542,-8498,-7423,-5.72
UAE_218,2023-07,3325,3626,-2337,-2627,9.05
UAE_218,2023-08,7422,7410,-10524,-9759,-0.16
UAE_218,2023-09,11716,11863,-5399,-6147,1.25
UAE_218,2023-10,2586,2452,-8567,-7760,-5.18
UAE_218,2023-11,4341,4115,-4443,-4321,-5.21
UAE_218,2023-12,1441,1376,-3112,-3128,-4.51
UAE_218,2024-01,1269,1224,-3384,-3304,-3.55
UAE_218,2024-02,1746,1838,-7581,-7494,5.27
UAE_218,2024-03,3055,2924,-8850,-8011,-4.29
UAE_218,2024-04,4729,4623,-9036,-8752,-2.24
UAE_218,2024-05,5020,4921,-11312,-10416,-1.97
UAE_218,2024-06,2613,2734,-3794,-3779,4.63
UAE_218,2024-07,10150,11121,-6038,-7058,9.57
UAE_218,2024-08,5008,5065,-7110,-7346,1.14
UAE_218,2024-09,3494,3284,-2443,-2131,-6.01
UAE_218,2024-10,2592,2606,-5509,-6134,0.54
UAE_218,2024-11,9062,8608,-7693,-7783,-5.01
UAE_218,2024-12,2344,2143,-7805,-7864,-8.58
UAE_218,2025-01,1344,1430,-2914,-2610,6.4
UAE_218,2025-02,3097,2830,-3316,-3839,-8.62
UAE_218,2025-03,2506,2597,-3553,-3595,3.63
UAE_218,2025-04,4850,4993,-3815,-3347,2.95
UAE_218,2025-05,7416,7160,-6464,-7279,-3.45
UAE_218,2025-06,5518,5337,-1659,-1799,-3.28
UAE_218,2025-07,11942,12340,-9303,-8397,3.33
UAE_218,2025-08,6088,6749,-5486,-5793,10.86
UAE_218,2025-09,2788,2989,-2946,-3189,7.21
UAE_218,2025-10,2008,1996,-7628,-8926,-0.6
UAE_218,2025-11,1564,1598,-1958,-1970,2.17
UAE_218,2025-12,2325,2581,-6433,-6783,11.01
UAE_219,2023-01,1299,1316,-3687,-4269,1.31
UAE_219,2023-02,1831,1844,-5139,-4634,0.71
UAE_219,2023-03,7787,8029,-6658,-6901,3.11
UAE_219,2023-04,1615,1567,-3061,-3221,-2.97
UAE_219,2023-05,4085,3951,-2859,-3344,-3.28
UAE_219,2023-06,9183,10172,-8642,-8184,10.77
UAE_219,2023-07,4143,3807,-3168,-3414,-8.11
UAE_219,2023-08,1345,1320,-7145,-7127,-1.86
UAE_219,2023-09,1345,1338,-2242,-2259,-0.52
UAE_219,2023-10,2727,2993,-5579,-5222,9.75
UAE_219,2023-11,2372,2280,-8160,-8309,-3.88
UAE_219,2023-12,3083,3007,-6307,-6734,-2.47
UAE_219,2024-01,1094,1013,-1880,-1885,-7.4
UAE_219,2024-02,2838,2860,-3975,-4260,0.78
UAE_219,2024-03,2082,1906,-3186,-3371,-8.45
UAE_219,2024-04,3720,3994,-5831,-6464,7.37
UAE_219,2024-05,6483,7165,-8722,-7909,10.52
UAE_219,2024-06,2834,3069,-5463,-5027,8.29
UAE_219,2024-07,4056,3868,-3518,-3155,-4.64
UAE_219,2024-08,2034,1976,-5503,-6416,-2.85
UAE_219,2024-09,3302,3539,-5739,-5617,7.18
UAE_219,2024-10,2823,3081,-3059,-3134,9.14
UAE_219,2024-11,3177,2933,-1877,-1972,-7.68
UAE_219,2024-12,2457,2393,-4701,-5286,-2.6
UAE_219,2025-01,1522,1635,-3766,-4421,7.42
UAE_219,2025-02,1784,1888,-7072,-7915,5.83
UAE_219,2025-03,1387,1374,-4336,-3834,-0.94
UAE_219,2025-04,2577,2496,-1241,-1094,-3.14
UAE_219,2025-05,4898,4630,-1847,-1929,-5.47
UAE_219,2025-06,6164,6049,-7690,-7815,-1.87
UAE_219,2025-07,5370,4929,-1397,-1260,-8.21
UAE_219,2025-08,3912,4262,-7003,-7188,8.95
UAE_219,2025-09,3047,2971,-2953,-2819,-2.49
UAE_219,2025-10,1741,1742,-7121,-7495,0.06
UAE_219,2025-11,2936,3040,-5234,-5127,3.54
UAE_219,2025-12,2310,2491,-4296,-4298,7.84
UAE_220,2023-01,58926,62516,-11339,-12344,6.09
UAE_220,2023-02,1026576,939087,121102,111946,-8.52
UAE_220,2023-03,274360,252233,20046,19798,-8.06
UAE_220,2023-04,222536,205347,5740,5044,-7.72
UAE_220,2023-05,812725,895122,224007,215908,10.14
UAE_220,2023-06,896658,920789,229882,232390,2.69
UAE_220,2023-07,909333,975871,101673,111634,7.32
UAE_220,2023-08,1541893,1695572,427846,460460,9.97
UAE_220,2023-09,1170924,1148221,261972,282454,-1.94
UAE_220,2023-10,363772,345631,-21461,-20812,-4.99
UAE_220,2023-11,763696,787880,137804,152291,3.17
UAE_220,2023-12,662565,612064,55881,57121,-7.62
UAE_220,2024-01,580380,549002,90712,93625,-5.41
UAE_220,2024-02,1829767,1772025,522013,460274,-3.16
UAE_220,2024-03,1306133,1301590,211716,218033,-0.35
UAE_220,2024-04,2552518,2636208,659367,732847,3.28
UAE_220,2024-05,320622,332152,32512,29519,3.6
UAE_220,2024-06,1453642,1425825,360777,395335,-1.91
UAE_220,2024-07,668539,725339,165313,150600,8.5
UAE_220,2024-08,2291543,2324964,648759,642357,1.46
UAE_220,2024-09,1409477,1375031,300328,347493,-2.44
UAE_220,2024-10,277613,287636,-32087,-32192,3.61
UAE_220,2024-11,570996,586310,86648,81303,2.68
UAE_220,2024-12,758910,720278,123598,136894,-5.09
UAE_220,2025-01,132612,147248,-19747,-18500,11.04
UAE_220,2025-02,467672,448901,15710,17800,-4.01
UAE_220,2025-03,1848802,1729591,486484,452910,-6.45
UAE_220,2025-04,1291779,1378061,119050,135554,6.68
UAE_220,2025-05,2407683,2453105,688318,690183,1.89
UAE_220,2025-06,3424427,3383251,742853,857438,-1.2
UAE_220,2025-07,3320551,3158001,893087,790345,-4.9
UAE_220,2025-08,1024975,965779,157070,139825,-5.78
UAE_220,2025-09,1262660,1321296,305413,324237,4.64
UAE_220,2025-10,1030541,1022376,158817,156549,-0.79
UAE_220,2025-11,1269819,1167488,249597,269340,-8.06
UAE_220,2025-12,1306831,1271934,353978,345274,-2.67
UAE_221,2023-01,2353,2256,-4526,-4095,-4.12
UAE_221,2023-02,2297,2187,-4551,-4727,-4.79
UAE_221,2023-03,1096,1009,-5971,-6250,-7.94
UAE_221,2023-04,1209,1198,-2319,-2591,-0.91
UAE_221,2023-05,1040,956,-7154,-6899,-8.08
UAE_221,2023-06,4140,4520,-7356,-6978,9.18
UAE_221,2023-07,3475,3190,-3449,-3924,-8.2
UAE_221,2023-08,1622,1638,-4533,-3956,0.99
UAE_221,2023-09,2749,2688,-3335,-3398,-2.22
UAE_221,2023-10,2103,2175,-3413,-3677,3.42
UAE_221,2023-11,2832,2727,-6914,-6065,-3.71
UAE_221,2023-12,2237,2138,-3046,-3114,-4.43
UAE_221,2024-01,3318,3111,-5125,-5498,-6.24
UAE_221,2024-02,911,878,-1594,-1644,-3.62
UAE_221,2024-03,1133,1225,-5718,-5820,8.12
UAE_221,2024-04,2836,2886,-8230,-7399,1.76
UAE_221,2024-05,4899,5336,-7251,-6528,8.92
UAE_221,2024-06,923,987,-8741,-9264,6.93
UAE_221,2024-07,2976,3069,-2646,-2646,3.12
UAE_221,2024-08,1698,1737,-4121,-4497,2.3
UAE_221,2024-09,2955,2956,-3882,-4222,0.03
UAE_221,2024-10,1049,1106,-6313,-5751,5.43
UAE_221,2024-11,2528,2531,-1555,-1754,0.12
UAE_221,2024-12,1156,1089,-5806,-5994,-5.8
UAE_221,2025-01,1296,1249,-2166,-2163,-3.63
UAE_221,2025-02,1732,1628,-848,-939,-6.0
UAE_221,2025-03,1426,1433,-3164,-2959,0.49
UAE_221,2025-04,1519,1545,-5435,-5829,1.71
UAE_221,2025-05,2945,2767,-2545,-2960,-6.04
UAE_221,2025-06,2750,3041,-3302,-3543,10.58
UAE_221,2025-07,2671,2807,-5798,-6237,5.09
UAE_221,2025-08,3176,3244,-6321,-6239,2.14
UAE_221,2025-09,4063,3708,-1528,-1630,-8.74
UAE_221,2025-10,3571,3678,-2539,-2433,3.0
UAE_221,2025-11,3490,3394,-7247,-6307,-2.75
UAE_221,2025-12,1010,989,-6873,-6007,-2.08
UAE_222,2023-01,8409,7760,-10599,-10265,-7.72
UAE_222,2023-02,2119,2121,-4767,-4624,0.09
UAE_222,2023-03,5650,5611,-6828,-7275,-0.69
UAE_222,2023-04,7170,6674,-4945,-5147,-6.92
UAE_222,2023-05,6259,6202,-13083,-12939,-0.91
UAE_222,2023-06,3206,3321,-12048,-10771,3.59
UAE_222,2023-07,4741,4559,-3016,-2635,-3.84
UAE_222,2023-08,12207,11541,-9924,-8881,-5.46
UAE_222,2023-09,2971,3234,-10485,-11227,8.85
UAE_222,2023-10,16797,17244,-3726,-4264,2.66
UAE_222,2023-11,1640,1676,-9885,-9884,2.2
UAE_222,2023-12,7190,7643,-7806,-8446,6.3
UAE_222,2024-01,13692,14902,-9705,-8508,8.84
UAE_222,2024-02,2132,2226,-8038,-8650,4.41
UAE_222,2024-03,3032,3248,-10846,-9457,7.12
UAE_222,2024-04,2613,2576,-7189,-7992,-1.42
UAE_222,2024-05,8167,8716,-9660,-10306,6.72
UAE_222,2024-06,4240,3887,-7634,-8413,-8.33
UAE_222,2024-07,6314,6731,-4554,-5249,6.6
UAE_222,2024-08,6659,6674,-8147,-8230,0.23
UAE_222,2024-09,13698,13246,-4840,-4744,-3.3
UAE_222,2024-10,10180,9887,-4360,-4136,-2.88
UAE_222,2024-11,4122,4210,-3143,-3548,2.13
UAE_222,2024-12,9090,8315,-8396,-9114,-8.53
UAE_222,2025-01,4797,4871,-8705,-10061,1.54
UAE_222,2025-02,5296,5133,-1054,-1168,-3.08
UAE_222,2025-03,8851,8624,-9277,-10685,-2.56
UAE_222,2025-04,6043,6105,-7523,-6769,1.03
UAE_222,2025-05,4196,4349,-3216,-3750,3.65
UAE_222,2025-06,6489,6826,-8006,-7507,5.19
UAE_222,2025-07,5099,5433,-6973,-6315,6.55
UAE_222,2025-08,34872,33360,-1234,-1130,-4.34
UAE_222,2025-09,2398,2206,-5023,-4704,-8.01
UAE_222,2025-10,21005,19548,-6444,-6241,-6.94
UAE_222,2025-11,6842,7264,-9634,-9907,6.17
UAE_222,2025-12,2206,2320,-6774,-6533,5.17
UAE_223,2023-01,1614,1740,-3726,-4309,7.81
UAE_223,2023-02,2273,2228,-1929,-2046,-1.98
UAE_223,2023-03,1254,1171,-6298,-6246,-6.62
UAE_223,2023-04,887,955,-2883,-3000,7.67
UAE_223,2023-05,1122,1028,-7395,-8061,-8.38
UAE_223,2023-06,3794,3568,-2414,-2667,-5.96
UAE_223,2023-07,5364,5165,-5421,-5377,-3.71
UAE_223,2023-08,1644,1687,-3785,-3528,2.62
UAE_223,2023-09,1643,1715,-5933,-6932,4.38
UAE_223,2023-10,1518,1403,-1576,-1573,-7.58
UAE_223,2023-11,1536,1501,-4403,-3912,-2.28
UAE_223,2023-12,1177,1161,-2762,-2429,-1.36
UAE_223,2024-01,1867,1758,-3508,-3947,-5.84
UAE_223,2024-02,732,736,-6886,-6902,0.55
UAE_223,2024-03,2343,2258,-4886,-4844,-3.63
UAE_223,2024-04,2259,2193,-1461,-1466,-2.92
UAE_223,2024-05,1022,1030,-4685,-4562,0.78
UAE_223,2024-06,2607,2878,-1954,-2013,10.4
UAE_223,2024-07,6294,6036,-5813,-5446,-4.1
UAE_223,2024-08,1150,1231,-1698,-1933,7.04
UAE_223,2024-09,2222,2135,-3961,-3746,-3.92
UAE_223,2024-10,2204,2303,-1465,-1701,4.49
UAE_223,2024-11,2130,2107,-3179,-3627,-1.08
UAE_223,2024-12,832,760,-4837,-5149,-8.65
UAE_223,2025-01,1017,1047,-1776,-1635,2.95
UAE_223,2025-02,3776,3572,-5366,-4792,-5.4
UAE_223,2025-03,2241,2280,-4030,-4149,1.74
UAE_223,2025-04,1829,1689,-4600,-4536,-7.65
UAE_223,2025-05,2003,1897,-2410,-2578,-5.29
UAE_223,2025-06,1876,1963,-3378,-3045,4.64
UAE_223,2025-07,4220,3858,-883,-772,-8.58
UAE_223,2025-08,9175,8623,-7677,-6787,-6.02
UAE_223,2025-09,1204,1188,-6355,-7348,-1.33
UAE_223,2025-10,6895,7002,-3011,-3293,1.55
UAE_223,2025-11,2465,2260,-5735,-5392,-8.32
UAE_223,2025-12,2393,2224,-5288,-5476,-7.06
UAE_224,2023-01,1383,1260,-2902,-2930,-8.89
UAE_224,2023-02,1596,1548,-5906,-5893,-3.01
UAE_224,2023-03,1875,1862,-7004,-6501,-0.69
UAE_224,2023-04,3141,3097,-3751,-4059,-1.4
UAE_224,2023-05,3462,3305,-5528,-5125,-4.53
UAE_224,2023-06,7469,7538,-6067,-6428,0.92
UAE_224,2023-07,16108,14756,-6438,-6912,-8.39
UAE_224,2023-08,7608,7657,-5889,-6293,0.64
UAE_224,2023-09,3637,3758,-4755,-4311,3.33
UAE_224,2023-10,3297,3468,-2480,-2665,5.19
UAE_224,2023-11,3641,3626,-7299,-6764,-0.41
UAE_224,2023-12,1252,1344,-3244,-2867,7.35
UAE_224,2024-01,4448,4541,-5820,-6143,2.09
UAE_224,2024-02,2709,2970,-3629,-4063,9.63
UAE_224,2024-03,2726,3001,-687,-799,10.09
UAE_224,2024-04,3076,3040,-2847,-3062,-1.17
UAE_224,2024-05,2450,2333,-2237,-2290,-4.78
UAE_224,2024-06,2574,2521,-5741,-6597,-2.06
UAE_224,2024-07,2900,3208,-5370,-4832,10.62
UAE_224,2024-08,2207,2168,-2170,-2072,-1.77
UAE_224,2024-09,2863,2764,-4569,-4641,-3.46
UAE_224,2024-10,2373,2532,-5120,-5274,6.7
UAE_224,2024-11,3151,3437,-5705,-5465,9.08
UAE_224,2024-12,2408,2331,-3771,-3712,-3.2
UAE_224,2025-01,1191,1120,-6235,-5898,-5.96
UAE_224,2025-02,2365,2363,-7538,-7794,-0.08
UAE_224,2025-03,1993,2002,-6555,-7028,0.45
UAE_224,2025-04,4907,5109,-7254,-7046,4.12
UAE_224,2025-05,3060,2978,-6175,-6458,-2.68
UAE_224,2025-06,6816,6318,-8334,-7701,-7.31
UAE_224,2025-07,4136,4264,-2968,-2727,3.09
UAE_224,2025-08,3996,4046,-7598,-8758,1.25
UAE_224,2025-09,9822,9456,-5289,-5015,-3.73
UAE_224,2025-10,2547,2478,-4901,-4310,-2.71
UAE_224,2025-11,7320,7040,-6138,-6542,-3.83
UAE_224,2025-12,2330,2417,-3049,-3162,3.73
UAE_225,2023-01,1602,1550,-2593,-2610,-3.25
UAE_225,2023-02,929,987,-1946,-1744,6.24
UAE_225,2023-03,1715,1840,-1601,-1475,7.29
UAE_225,2023-04,1062,983,-6667,-6317,-7.44
UAE_225,2023-05,2277,2311,-2494,-2221,1.49
UAE_225,2023-06,2365,2428,-7447,-7057,2.66
UAE_225,2023-07,3301,3286,-935,-1031,-0.45
UAE_225,2023-08,1064,1024,-4981,-4717,-3.76
UAE_225,2023-09,2398,2617,-5231,-5893,9.13
UAE_225,2023-10,3005,2917,-5008,-5591,-2.93
UAE_225,2023-11,1887,1909,-1628,-1820,1.17
UAE_225,2023-12,1769,1633,-3960,-4190,-7.69
UAE_225,2024-01,1664,1545,-3591,-3538,-7.15
UAE_225,2024-02,1325,1311,-1561,-1751,-1.06
UAE_225,2024-03,3142,3006,-1784,-1907,-4.33
UAE_225,2024-04,2128,1960,-6515,-6128,-7.89
UAE_225,2024-05,1964,1822,-2526,-2691,-7.23
UAE_225,2024-06,3103,3428,-1179,-1182,10.47
UAE_225,2024-07,1397,1525,-5728,-5713,9.16
UAE_225,2024-08,1509,1404,-8493,-8382,-6.96
UAE_225,2024-09,2428,2635,-3709,-3273,8.53
UAE_225,2024-10,1023,963,-2679,-2709,-5.87
UAE_225,2024-11,1221,1291,-1895,-2217,5.73
UAE_225,2024-12,2156,2084,-3529,-3135,-3.34
UAE_225,2025-01,2222,2433,-855,-746,9.5
UAE_225,2025-02,1567,1578,-4109,-4151,0.7
UAE_225,2025-03,3288,3258,-3662,-4181,-0.91
UAE_225,2025-04,1282,1208,-2848,-2833,-5.77
UAE_225,2025-05,3068,3079,-4345,-4442,0.36
UAE_225,2025-06,4763,4572,-6392,-7450,-4.01
UAE_225,2025-07,3363,3094,-8941,-8304,-8.0
UAE_225,2025-08,2541,2768,-1507,-1656,8.93
UAE_225,2025-09,1851,1901,-5945,-5776,2.7
UAE_225,2025-10,6863,7512,-6566,-5952,9.46
UAE_225,2025-11,2628,2710,-3042,-3422,3.12
UAE_225,2025-12,1595,1638,-1266,-1260,2.7
UAE_226,2023-01,42244,43547,-2021,-1947,3.08
UAE_226,2023-02,45056,47593,-7593,-7139,5.63
UAE_226,2023-03,23940,23444,-5184,-4780,-2.07
UAE_226,2023-04,49303,45652,-2415,-2609,-7.41
UAE_226,2023-05,9925,10716,-8276,-7278,7.97
UAE_226,2023-06,22023,21141,-7621,-6694,-4.0
UAE_226,2023-07,42080,45578,-2602,-2395,8.31
UAE_226,2023-08,21137,21939,-20779,-22710,3.79
UAE_226,2023-09,8788,9744,-7502,-7863,10.88
UAE_226,2023-10,5301,4990,-12048,-12587,-5.87
UAE_226,2023-11,17597,19024,-18086,-18304,8.11
UAE_226,2023-12,18203,17567,-4713,-5189,-3.49
UAE_226,2024-01,22898,24940,-13517,-12392,8.92
UAE_226,2024-02,7350,7272,-4638,-4937,-1.06
UAE_226,2024-03,13887,14645,-6857,-6634,5.46
UAE_226,2024-04,18094,17711,-21116,-19981,-2.12
UAE_226,2024-05,7002,7168,-5102,-5735,2.37
UAE_226,2024-06,11313,11386,-19435,-22061,0.65
UAE_226,2024-07,63103,59173,-15864,-17325,-6.23
UAE_226,2024-08,62775,63813,-2738,-3163,1.65
UAE_226,2024-09,19888,20301,-8280,-9623,2.08
UAE_226,2024-10,40342,43586,1370,1208,8.04
UAE_226,2024-11,9062,8341,-7908,-8740,-7.96
UAE_226,2024-12,16151,17728,-3634,-3584,9.76
UAE_226,2025-01,24877,23707,-11193,-12172,-4.7
UAE_226,2025-02,14474,13648,-6056,-5619,-5.71
UAE_226,2025-03,13994,15041,-9726,-11148,7.48
UAE_226,2025-04,20243,21657,-10292,-12075,6.99
UAE_226,2025-05,16796,16187,-24134,-21200,-3.63
UAE_226,2025-06,27662,26416,-13805,-12581,-4.5
UAE_226,2025-07,51727,56485,-5886,-6429,9.2
UAE_226,2025-08,56639,53869,-8661,-7616,-4.89
UAE_226,2025-09,46941,43034,-11036,-11912,-8.32
UAE_226,2025-10,19016,18289,-10169,-9422,-3.82
UAE_226,2025-11,6741,7361,-5050,-5728,9.2
UAE_226,2025-12,5747,6271,-3951,-4242,9.12
UAE_227,2023-01,24305,24834,-14073,-13464,2.18
UAE_227,2023-02,29243,29175,-6002,-6799,-0.23
UAE_227,2023-03,72068,67837,5981,5417,-5.87
UAE_227,2023-04,40463,43404,-2064,-2300,7.27
UAE_227,2023-05,152875,151518,1213,1232,-0.89
UAE_227,2023-06,138271,131743,8428,7768,-4.72
UAE_227,2023-07,185310,192718,27077,28810,4.0
UAE_227,2023-08,86144,90176,-2796,-2452,4.68
UAE_227,2023-09,66266,64646,-839,-921,-2.44
UAE_227,2023-10,61368,64032,10687,9344,4.34
UAE_227,2023-11,58067,60415,-14935,-16310,4.04
UAE_227,2023-12,124752,129546,9957,9255,3.84
UAE_227,2024-01,28427,30733,-16433,-15889,8.11
UAE_227,2024-02,37529,36627,-7902,-8304,-2.4
UAE_227,2024-03,23676,22945,-4362,-3806,-3.09
UAE_227,2024-04,23771,22334,-3302,-3695,-6.05
UAE_227,2024-05,53366,51360,-6575,-7651,-3.76
UAE_227,2024-06,16257,17105,-17849,-19358,5.22
UAE_227,2024-07,52314,57613,-9296,-9911,10.13
UAE_227,2024-08,25579,23556,-9943,-9357,-7.91
UAE_227,2024-09,82426,82289,-8376,-9791,-0.17
UAE_227,2024-10,139150,129264,10555,10950,-7.1
UAE_227,2024-11,21654,20112,-5795,-5404,-7.12
UAE_227,2024-12,50499,53568,-12457,-11007,6.08
UAE_227,2025-01,60276,56319,-1271,-1247,-6.56
UAE_227,2025-02,48365,50590,-4818,-4847,4.6
UAE_227,2025-03,176714,183592,12200,13842,3.89
UAE_227,2025-04,71925,79186,-6962,-7990,10.1
UAE_227,2025-05,18562,17440,-4326,-3959,-6.04
UAE_227,2025-06,66296,64302,-10788,-10074,-3.01
UAE_227,2025-07,22179,23075,-5988,-6277,4.04
UAE_227,2025-08,44386,42759,-19731,-20019,-3.67
UAE_227,2025-09,45052,41207,-2431,-2626,-8.53
UAE_227,2025-10,16003,15216,-3544,-3345,-4.92
UAE_227,2025-11,37136,40032,-24408,-23879,7.8
UAE_227,2025-12,10267,9760,-20037,-21056,-4.94
UAE_228,2023-01,2001,2028,-6437,-6426,1.35
UAE_228,2023-02,2559,2470,-9293,-8366,-3.48
UAE_228,2023-03,3823,4164,-10249,-9624,8.92
UAE_228,2023-04,1693,1646,-9820,-10867,-2.78
UAE_228,2023-05,21016,21496,-8436,-8500,2.28
UAE_228,2023-06,10900,11425,-3702,-4257,4.82
UAE_228,2023-07,10169,9438,-6385,-5911,-7.19
UAE_228,2023-08,6339,6670,-7254,-7946,5.22
UAE_228,2023-09,17450,16013,-7692,-7968,-8.23
UAE_228,2023-10,4420,4316,-1738,-2035,-2.35
UAE_228,2023-11,3593,3921,-7623,-7316,9.13
UAE_228,2023-12,3582,3632,-6772,-7318,1.4
UAE_228,2024-01,2196,2366,-1561,-1806,7.74
UAE_228,2024-02,5461,5031,-6387,-6007,-7.87
UAE_228,2024-03,2381,2321,-6156,-5494,-2.52
UAE_228,2024-04,18915,20440,-4406,-5098,8.06
UAE_228,2024-05,21021,20515,-8260,-7228,-2.41
UAE_228,2024-06,3270,3592,-4238,-4366,9.85
UAE_228,2024-07,31225,30353,-3741,-4100,-2.79
UAE_228,2024-08,8454,7777,-10462,-9175,-8.01
UAE_228,2024-09,17610,19378,-6326,-5884,10.04
UAE_228,2024-10,8895,8660,-10134,-10877,-2.64
UAE_228,2024-11,6053,5903,-10692,-9801,-2.48
UAE_228,2024-12,4932,4740,-1347,-1350,-3.89
UAE_228,2025-01,5560,5923,-8632,-8953,6.53
UAE_228,2025-02,4357,4401,-8837,-8203,1.01
UAE_228,2025-03,4719,4856,-8231,-7674,2.9
UAE_228,2025-04,5288,5541,-2401,-2205,4.78
UAE_228,2025-05,2336,2510,-4821,-4673,7.45
UAE_228,2025-06,32610,34903,-2368,-2396,7.03
UAE_228,2025-07,2480,2641,-9461,-10060,6.49
UAE_228,2025-08,2904,3042,-7687,-8195,4.75
UAE_228,2025-09,11048,11099,-12062,-11115,0.46
UAE_228,2025-10,6253,5705,-7347,-8038,-8.76
UAE_228,2025-11,10013,10363,-7743,-6933,3.5
UAE_228,2025-12,8393,8641,-7406,-7862,2.95
UAE_229,2023-01,2285,2084,-5291,-4938,-8.8
UAE_229,2023-02,6129,5572,-8058,-7932,-9.09
UAE_229,2023-03,4669,4666,-5822,-5243,-0.06
UAE_229,2023-04,1650,1806,-4374,-4151,9.45
UAE_229,2023-05,4315,4014,-11526,-12396,-6.98
UAE_229,2023-06,10593,10913,-9031,-8907,3.02
UAE_229,2023-07,1973,2002,-4802,-5078,1.47
UAE_229,2023-08,4256,4353,-4330,-3841,2.28
UAE_229,2023-09,5255,5598,-8819,-9555,6.53
UAE_229,2023-10,3771,3921,-10223,-9123,3.98
UAE_229,2023-11,1396,1299,-3324,-3806,-6.95
UAE_229,2023-12,2346,2225,-5182,-4836,-5.16
UAE_229,2024-01,3388,3178,-5057,-4900,-6.2
UAE_229,2024-02,3183,3166,-9779,-9530,-0.53
UAE_229,2024-03,2414,2366,-6140,-6016,-1.99
UAE_229,2024-04,7559,6991,-7261,-6449,-7.51
UAE_229,2024-05,5376,5030,-8308,-9134,-6.44
UAE_229,2024-06,3185,3284,-6791,-7232,3.11
UAE_229,2024-07,23794,25414,-7735,-7846,6.81
UAE_229,2024-08,11893,11884,-9079,-9797,-0.08
UAE_229,2024-09,2215,2093,-4483,-4012,-5.51
UAE_229,2024-10,6641,7077,-8838,-8062,6.57
UAE_229,2024-11,3737,3662,-7020,-7183,-2.01
UAE_229,2024-12,4544,4266,-4763,-5247,-6.12
UAE_229,2025-01,1947,1958,-2447,-2802,0.56
UAE_229,2025-02,3974,4311,-10051,-8825,8.48
UAE_229,2025-03,4897,4910,-8789,-7778,0.27
UAE_229,2025-04,2395,2356,-8034,-8496,-1.63
UAE_229,2025-05,11182,11698,-7338,-7088,4.61
UAE_229,2025-06,9003,9974,-8164,-9580,10.79
UAE_229,2025-07,4321,4154,-8581,-8810,-3.86
UAE_229,2025-08,3700,4067,-10109,-8936,9.92
UAE_229,2025-09,6710,6173,-8377,-8442,-8.0
UAE_229,2025-10,4754,4632,-3884,-4466,-2.57
UAE_229,2025-11,2715,2579,-7227,-7161,-5.01
UAE_229,2025-12,21608,22327,-4257,-4759,3.33
UAE_230,2023-01,990,1038,-2760,-2517,4.85
UAE_230,2023-02,3419,3508,-6164,-6848,2.6
UAE_230,2023-03,1659,1539,-3023,-2946,-7.23
UAE_230,2023-04,1468,1366,-8201,-8391,-6.95
UAE_230,2023-05,2412,2631,-1517,-1708,9.08
UAE_230,2023-06,2482,2473,-2427,-2235,-0.36
UAE_230,2023-07,3472,3314,-3014,-2729,-4.55
UAE_230,2023-08,18875,20015,-6908,-7395,6.04
UAE_230,2023-09,3559,3316,-3274,-3335,-6.83
UAE_230,2023-10,1416,1556,-5008,-5582,9.89
UAE_230,2023-11,2068,2012,-2467,-2884,-2.71
UAE_230,2023-12,1671,1674,-2947,-2663,0.18
UAE_230,2024-01,1989,1994,-7024,-6423,0.25
UAE_230,2024-02,1690,1830,-5369,-6125,8.28
UAE_230,2024-03,1946,2064,-2826,-2750,6.06
UAE_230,2024-04,2258,2076,-5452,-6378,-8.06
UAE_230,2024-05,3911,3985,-9939,-10520,1.89
UAE_230,2024-06,3485,3630,-5787,-5089,4.16
UAE_230,2024-07,3532,3258,-6445,-5945,-7.76
UAE_230,2024-08,3769,3731,-3322,-2890,-1.01
UAE_230,2024-09,3005,2872,-7130,-7698,-4.43
UAE_230,2024-10,1335,1247,-6502,-7544,-6.59
UAE_230,2024-11,7465,7196,-7759,-8435,-3.6
UAE_230,2024-12,2903,2909,-3956,-3472,0.21
UAE_230,2025-01,2877,2618,-2255,-2457,-9.0
UAE_230,2025-02,3672,3558,-2522,-2653,-3.1
UAE_230,2025-03,9680,8906,-4244,-4393,-8.0
UAE_230,2025-04,1847,1970,-3836,-3470,6.66
UAE_230,2025-05,2363,2326,-3135,-3251,-1.57
UAE_230,2025-06,10851,11482,-9572,-9691,5.82
UAE_230,2025-07,5848,5920,-7107,-8302,1.23
UAE_230,2025-08,3791,3550,-7348,-6627,-6.36
UAE_230,2025-09,8102,8039,-6539,-6713,-0.78
UAE_230,2025-10,3595,3841,-8134,-9387,6.84
UAE_230,2025-11,3313,3265,-2732,-2875,-1.45
UAE_230,2025-12,2565,2677,-3941,-3986,4.37
UAE_231,2023-01,35081,37390,-6113,-6950,6.58
UAE_231,2023-02,178742,163345,-1951,-2038,-8.61
UAE_231,2023-03,135594,124852,3006,3283,-7.92
UAE_231,2023-04,91298,87246,-5787,-5710,-4.44
UAE_231,2023-05,316848,288988,3113,3072,-8.79
UAE_231,2023-06,271392,273291,-26035,-23013,0.7
UAE_231,2023-07,109225,112438,17641,15520,2.94
UAE_231,2023-08,164165,168813,13276,13566,2.83
UAE_231,2023-09,203988,220187,26653,27732,7.94
UAE_231,2023-10,424726,395922,9081,8353,-6.78
UAE_231,2023-11,58665,62120,-8978,-9012,5.89
UAE_231,2023-12,79757,74326,-7565,-8685,-6.81
UAE_231,2024-01,135587,148109,15023,16559,9.24
UAE_231,2024-02,249769,266445,43603,46478,6.68
UAE_231,2024-03,83738,84910,-37173,-33701,1.4
UAE_231,2024-04,107250,103830,-5068,-5003,-3.19
UAE_231,2024-05,332291,334993,15947,17126,0.81
UAE_231,2024-06,153977,162824,24232,21614,5.75
UAE_231,2024-07,100148,91590,-7168,-7412,-8.55
UAE_231,2024-08,390018,354671,33726,35822,-9.06
UAE_231,2024-09,652431,646944,133473,116830,-0.84
UAE_231,2024-10,137366,142307,-9509,-10547,3.6
UAE_231,2024-11,107619,104593,-2222,-2157,-2.81
UAE_231,2024-12,372495,364129,49947,55887,-2.25
UAE_231,2025-01,244845,234752,17220,18113,-4.12
UAE_231,2025-02,29384,31532,-7289,-8382,7.31
UAE_231,2025-03,324102,331506,13531,12357,2.28
UAE_231,2025-04,475329,436084,49365,49062,-8.26
UAE_231,2025-05,587519,592359,125039,113361,0.82
UAE_231,2025-06,379681,400144,37762,36637,5.39
UAE_231,2025-07,436261,433763,128234,112254,-0.57
UAE_231,2025-08,479419,438186,50088,44199,-8.6
UAE_231,2025-09,255901,262324,39274,39961,2.51
UAE_231,2025-10,338656,359281,41880,43815,6.09
UAE_231,2025-11,379930,378137,25241,26135,-0.47
UAE_231,2025-12,166681,156243,14611,14756,-6.26
UAE_232,2023-01,2429,2411,-5032,-5333,-0.74
UAE_232,2023-02,3575,3443,-3869,-4424,-3.69
UAE_232,2023-03,1215,1255,-1587,-1653,3.29
UAE_232,2023-04,3413,3675,-6721,-6377,7.68
UAE_232,2023-05,1905,2093,-3270,-2946,9.87
UAE_232,2023-06,1760,1733,-2675,-3089,-1.53
UAE_232,2023-07,2389,2232,-5866,-5217,-6.57
UAE_232,2023-08,1393,1439,-7363,-8252,3.3
UAE_232,2023-09,969,927,-8264,-7199,-4.33
UAE_232,2023-10,1526,1589,-2587,-2965,4.13
UAE_232,2023-11,2265,2182,-2683,-3112,-3.66
UAE_232,2023-12,2869,2745,-5021,-5861,-4.32
UAE_232,2024-01,807,815,-4830,-4710,0.99
UAE_232,2024-02,2417,2496,-1371,-1387,3.27
UAE_232,2024-03,2078,1955,-2652,-2788,-5.92
UAE_232,2024-04,3441,3265,-7121,-6208,-5.11
UAE_232,2024-05,1371,1502,-3041,-3411,9.56
UAE_232,2024-06,3102,3121,-6894,-7716,0.61
UAE_232,2024-07,2227,2343,-8214,-7370,5.21
UAE_232,2024-08,3533,3763,-1407,-1285,6.51
UAE_232,2024-09,1290,1267,-6276,-5977,-1.78
UAE_232,2024-10,2075,2227,-6349,-6753,7.33
UAE_232,2024-11,2290,2401,-2350,-2727,4.85
UAE_232,2024-12,1341,1222,-4030,-3704,-8.87
UAE_232,2025-01,1338,1278,-2922,-2546,-4.48
UAE_232,2025-02,2294,2477,-4575,-4403,7.98
UAE_232,2025-03,2425,2331,-6084,-5764,-3.88
UAE_232,2025-04,1543,1457,-2037,-2176,-5.57
UAE_232,2025-05,3930,3909,-3688,-4000,-0.53
UAE_232,2025-06,1574,1580,-3168,-3329,0.38
UAE_232,2025-07,5463,6018,-5172,-5474,10.16
UAE_232,2025-08,5090,5277,-7560,-7378,3.67
UAE_232,2025-09,3737,3498,-3316,-2932,-6.4
UAE_232,2025-10,2657,2782,-4025,-4733,4.7
UAE_232,2025-11,2875,2947,-5513,-5092,2.5
UAE_232,2025-12,2881,2794,-1367,-1415,-3.02
UAE_233,2023-01,1384,1291,-5469,-5702,-6.72
UAE_233,2023-02,1496,1413,-4031,-4371,-5.55
UAE_233,2023-03,1945,1887,-1836,-1799,-2.98
UAE_233,2023-04,2517,2781,-4385,-5126,10.49
UAE_233,2023-05,1895,1864,-6009,-5818,-1.64
UAE_233,2023-06,1037,1074,-4999,-4539,3.57
UAE_233,2023-07,2528,2665,-1737,-1743,5.42
UAE_233,2023-08,4517,4780,-6057,-5931,5.82
UAE_233,2023-09,1276,1308,-6937,-7928,2.51
UAE_233,2023-10,1027,1109,-3057,-2792,7.98
UAE_233,2023-11,1973,2191,-3768,-3374,11.05
UAE_233,2023-12,1885,1803,-2442,-2152,-4.35
UAE_233,2024-01,1478,1434,-4751,-4885,-2.98
UAE_233,2024-02,1025,936,-2407,-2796,-8.68
UAE_233,2024-03,1367,1445,-3162,-3186,5.71
UAE_233,2024-04,1009,1093,-5686,-4954,8.33
UAE_233,2024-05,1740,1603,-7441,-7133,-7.87
UAE_233,2024-06,3899,3612,-2577,-2582,-7.36
UAE_233,2024-07,5478,4985,-5762,-5509,-9.0
UAE_233,2024-08,2731,2800,-7652,-8418,2.53
UAE_233,2024-09,1326,1465,-4002,-3730,10.48
UAE_233,2024-10,1023,969,-4908,-5472,-5.28
UAE_233,2024-11,1124,1210,-2683,-2486,7.65
UAE_233,2024-12,2551,2666,-6009,-5761,4.51
UAE_233,2025-01,2728,2853,-3189,-3646,4.58
UAE_233,2025-02,1014,953,-7609,-6779,-6.02
UAE_233,2025-03,1113,1108,-4444,-4858,-0.45
UAE_233,2025-04,2402,2359,-3241,-2913,-1.79
UAE_233,2025-05,1546,1694,-1557,-1481,9.57
UAE_233,2025-06,3916,4250,-815,-810,8.53
UAE_233,2025-07,3243,3548,-4747,-4258,9.4
UAE_233,2025-08,1615,1572,-5471,-5657,-2.66
UAE_233,2025-09,1370,1294,-5918,-6535,-5.55
UAE_233,2025-10,3127,3303,-4206,-4934,5.63
UAE_233,2025-11,2178,2255,-2021,-2220,3.54
UAE_233,2025-12,1468,1511,-6727,-6489,2.93
UAE_234,2023-01,19941,21130,-4509,-3986,5.96
UAE_234,2023-02,3654,3493,-15695,-14881,-4.41
UAE_234,2023-03,48600,45516,-4502,-4326,-6.35
UAE_234,2023-04,79551,77393,-15646,-16637,-2.71
UAE_234,2023-05,30406,29920,-14054,-14986,-1.6
UAE_234,2023-06,227784,247043,11261,11565,8.45
UAE_234,2023-07,50011,50607,663,624,1.19
UAE_234,2023-08,96287,91074,-20595,-19238,-5.41
UAE_234,2023-09,77373,78819,-5511,-5994,1.87
UAE_234,2023-10,77734,72773,-12243,-11677,-6.38
UAE_234,2023-11,84112,79486,-2645,-2587,-5.5
UAE_234,2023-12,43790,47332,-16963,-17326,8.09
UAE_234,2024-01,59928,63495,3467,3073,5.95
UAE_234,2024-02,31427,34038,-9663,-10153,8.31
UAE_234,2024-03,49600,54676,-7458,-8564,10.23
UAE_234,2024-04,57573,57625,-26911,-23620,0.09
UAE_234,2024-05,21390,20435,-28905,-25501,-4.46
UAE_234,2024-06,85142,91228,-19339,-18009,7.15
UAE_234,2024-07,257292,240340,21846,25140,-6.59
UAE_234,2024-08,21435,19682,-13482,-12942,-8.18
UAE_234,2024-09,14102,15393,-8216,-7312,9.15
UAE_234,2024-10,50521,53874,-9151,-8981,6.64
UAE_234,2024-11,35881,38493,-10871,-11763,7.28
UAE_234,2024-12,53899,59821,1635,1423,10.99
UAE_234,2025-01,62227,57610,-8004,-7757,-7.42
UAE_234,2025-02,46424,47626,-16280,-14520,2.59
UAE_234,2025-03,72173,66758,-828,-750,-7.5
UAE_234,2025-04,9803,9197,-6797,-6453,-6.18
UAE_234,2025-05,32141,34070,-2919,-2831,6.0
UAE_234,2025-06,111303,114459,-2608,-2905,2.84
UAE_234,2025-07,42502,39405,-1213,-1258,-7.29
UAE_234,2025-08,157169,164490,12331,13777,4.66
UAE_234,2025-09,21133,19849,-14819,-13674,-6.08
UAE_234,2025-10,30545,30916,-18448,-17206,1.21
UAE_234,2025-11,36551,40223,-22287,-20823,10.05
UAE_234,2025-12,40926,40898,-12379,-12089,-0.07
UAE_235,2023-01,2445,2455,-4965,-4793,0.41
UAE_235,2023-02,1503,1636,-5852,-5142,8.85
UAE_235,2023-03,1039,983,-4850,-4514,-5.39
UAE_235,2023-04,3204,3148,-7570,-7111,-1.75
UAE_235,2023-05,1692,1744,-4789,-4862,3.07
UAE_235,2023-06,2692,2893,-4367,-4068,7.47
UAE_235,2023-07,1524,1613,-5721,-6117,5.84
UAE_235,2023-08,1024,1013,-3751,-4313,-1.07
UAE_235,2023-09,5343,5345,-6011,-5482,0.04
UAE_235,2023-10,2202,2263,-1795,-1863,2.77
UAE_235,2023-11,1805,1991,-1785,-1828,10.3
UAE_235,2023-12,2616,2408,-2173,-1950,-7.95
UAE_235,2024-01,1077,1181,-4952,-5509,9.66
UAE_235,2024-02,2560,2425,-5808,-5476,-5.27
UAE_235,2024-03,1082,1146,-3509,-3400,5.91
UAE_235,2024-04,1580,1455,-2947,-2598,-7.91
UAE_235,2024-05,1235,1153,-2455,-2430,-6.64
UAE_235,2024-06,3099,2838,-6815,-7257,-8.42
UAE_235,2024-07,1368,1366,-3389,-3050,-0.15
UAE_235,2024-08,2811,2728,-3201,-2880,-2.95
UAE_235,2024-09,2805,3102,-3774,-3415,10.59
UAE_235,2024-10,2400,2456,-1092,-1252,2.33
UAE_235,2024-11,1324,1450,-3677,-3438,9.52
UAE_235,2024-12,2429,2217,-5562,-5041,-8.73
UAE_235,2025-01,924,960,-3104,-3336,3.9
UAE_235,2025-02,2761,2622,-5981,-5538,-5.03
UAE_235,2025-03,1192,1229,-2708,-2466,3.1
UAE_235,2025-04,2755,2516,-5442,-5227,-8.68
UAE_235,2025-05,2745,2565,-2913,-2658,-6.56
UAE_235,2025-06,3991,4228,-4338,-4376,5.94
UAE_235,2025-07,4274,4300,-7208,-6872,0.61
UAE_235,2025-08,1763,1849,-4553,-4934,4.88
UAE_235,2025-09,3367,3191,-2772,-3002,-5.23
UAE_235,2025-10,1928,1881,-6043,-6213,-2.44
UAE_235,2025-11,1839,1676,-2226,-2094,-8.86
UAE_235,2025-12,2645,2525,-5558,-6189,-4.54
UAE_236,2023-01,1205,1176,-4043,-4184,-2.41
UAE_236,2023-02,939,990,-3094,-2774,5.43
UAE_236,2023-03,2595,2691,-5554,-4904,3.7
UAE_236,2023-04,2655,2840,-1853,-2134,6.97
UAE_236,2023-05,1483,1518,-3385,-3218,2.36
UAE_236,2023-06,10949,10974,-5119,-4740,0.23
UAE_236,2023-07,1298,1286,-5165,-5169,-0.92
UAE_236,2023-08,2001,2172,-9611,-9033,8.55
UAE_236,2023-09,2082,2048,-4181,-4270,-1.63
UAE_236,2023-10,1159,1280,-1399,-1623,10.44
UAE_236,2023-11,1407,1424,-6639,-6481,1.21
UAE_236,2023-12,1215,1258,-5065,-4850,3.54
UAE_236,2024-01,2123,1947,-846,-961,-8.29
UAE_236,2024-02,4421,4538,-5048,-5706,2.65
UAE_236,2024-03,788,854,-5936,-6555,8.38
UAE_236,2024-04,3147,3313,-7221,-6388,5.27
UAE_236,2024-05,2547,2374,-7041,-6790,-6.79
UAE_236,2024-06,2225,2041,-7549,-8602,-8.27
UAE_236,2024-07,7488,7037,-6230,-7241,-6.02
UAE_236,2024-08,3781,3776,-3343,-3248,-0.13
UAE_236,2024-09,966,999,-2712,-2952,3.42
UAE_236,2024-10,2652,2885,-5124,-4646,8.79
UAE_236,2024-11,1508,1413,-2775,-2930,-6.3
UAE_236,2024-12,1000,1031,-1387,-1270,3.1
UAE_236,2025-01,2785,2709,-3209,-3432,-2.73
UAE_236,2025-02,2578,2518,-2102,-2325,-2.33
UAE_236,2025-03,1327,1329,-3810,-3723,0.15
UAE_236,2025-04,2864,3027,-3537,-3805,5.69
UAE_236,2025-05,3649,3406,-1861,-1956,-6.66
UAE_236,2025-06,3402,3427,-1226,-1074,0.73
UAE_236,2025-07,3866,3994,-6016,-6815,3.31
UAE_236,2025-08,3844,4196,-3885,-4316,9.16
UAE_236,2025-09,2244,2071,-7761,-7149,-7.71
UAE_236,2025-10,2396,2380,-1138,-1027,-0.67
UAE_236,2025-11,2241,2327,-4963,-5350,3.84
UAE_236,2025-12,1092,1129,-5277,-5580,3.39
UAE_237,2023-01,1059,1170,-3094,-3330,10.48
UAE_237,2023-02,867,898,-3591,-3910,3.58
UAE_237,2023-03,2355,2213,-5427,-6113,-6.03
UAE_237,2023-04,1754,1820,-4495,-4079,3.76
UAE_237,2023-05,1248,1142,-5130,-5234,-8.49
UAE_237,2023-06,1648,1554,-1672,-1917,-5.7
UAE_237,2023-07,3779,3564,-5063,-5784,-5.69
UAE_237,2023-08,1988,2204,-2611,-2409,10.87
UAE_237,2023-09,4922,4492,-6096,-5322,-8.74
UAE_237,2023-10,1130,1037,-3485,-3695,-8.23
UAE_237,2023-11,1017,1008,-5564,-5378,-0.88
UAE_237,2023-12,1075,1152,-3404,-3353,7.16
UAE_237,2024-01,1227,1131,-3681,-3451,-7.82
UAE_237,2024-02,2384,2644,-6292,-5775,10.91
UAE_237,2024-03,1939,2088,-2487,-2557,7.68
UAE_237,2024-04,3010,2766,-2206,-2427,-8.11
UAE_237,2024-05,3585,3489,-7012,-6451,-2.68
UAE_237,2024-06,2834,2803,-6289,-7377,-1.09
UAE_237,2024-07,2894,2813,-2068,-1828,-2.8
UAE_237,2024-08,1366,1325,-2959,-2916,-3.0
UAE_237,2024-09,1586,1466,-2560,-2863,-7.57
UAE_237,2024-10,2450,2378,-6234,-6190,-2.94
UAE_237,2024-11,1945,1840,-2295,-2481,-5.4
UAE_237,2024-12,1142,1214,-2309,-2578,6.3
UAE_237,2025-01,2371,2565,-2756,-2865,8.18
UAE_237,2025-02,1142,1157,-1264,-1448,1.31
UAE_237,2025-03,2409,2195,-1285,-1141,-8.88
UAE_237,2025-04,3320,3259,-5454,-4925,-1.84
UAE_237,2025-05,3207,3014,-5448,-4801,-6.02
UAE_237,2025-06,8038,7616,-5392,-6260,-5.25
UAE_237,2025-07,5560,5677,-4544,-5043,2.1
UAE_237,2025-08,3408,3257,-2591,-2807,-4.43
UAE_237,2025-09,3385,3748,-793,-792,10.72
UAE_237,2025-10,1652,1727,-2136,-2278,4.54
UAE_237,2025-11,2816,2774,-4184,-3694,-1.49
UAE_237,2025-12,4051,3709,-3844,-4489,-8.44
UAE_238,2023-01,1343,1459,-3394,-3976,8.64
UAE_238,2023-02,1175,1134,-4118,-4579,-3.49
UAE_238,2023-03,3496,3284,-3151,-2942,-6.06
UAE_238,2023-04,3283,3241,-10025,-8764,-1.28
UAE_238,2023-05,2048,2053,-2955,-2616,0.24
UAE_238,2023-06,3587,3480,-6282,-5963,-2.98
UAE_238,2023-07,1299,1209,-1932,-2231,-6.93
UAE_238,2023-08,4019,4152,-10027,-10154,3.31
UAE_238,2023-09,1779,1864,-7689,-7049,4.78
UAE_238,2023-10,4864,4619,-5777,-5277,-5.04
UAE_238,2023-11,3446,3407,-2197,-2077,-1.13
UAE_238,2023-12,2822,2693,-3658,-3320,-4.57
UAE_238,2024-01,2820,2672,-7036,-6121,-5.25
UAE_238,2024-02,3290,3150,-2139,-2155,-4.26
UAE_238,2024-03,1067,1034,-6663,-6044,-3.09
UAE_238,2024-04,4266,4311,-7811,-7986,1.05
UAE_238,2024-05,2124,2309,-5975,-6020,8.71
UAE_238,2024-06,9374,9132,-5237,-4708,-2.58
UAE_238,2024-07,2877,2656,-6532,-5991,-7.68
UAE_238,2024-08,2308,2535,-9102,-8207,9.84
UAE_238,2024-09,4501,4577,-7133,-7964,1.69
UAE_238,2024-10,4010,3676,-6355,-5538,-8.33
UAE_238,2024-11,1594,1593,-5508,-4869,-0.06
UAE_238,2024-12,2360,2353,-1878,-1876,-0.3
UAE_238,2025-01,1789,1719,-3913,-3774,-3.91
UAE_238,2025-02,3265,3046,-5621,-5999,-6.71
UAE_238,2025-03,2888,2803,-5549,-4989,-2.94
UAE_238,2025-04,2571,2437,-8383,-8955,-5.21
UAE_238,2025-05,8407,8266,-8086,-8362,-1.68
UAE_238,2025-06,4956,4628,-3628,-3610,-6.62
UAE_238,2025-07,2417,2391,-8990,-9780,-1.08
UAE_238,2025-08,1640,1523,-10501,-10808,-7.13
UAE_238,2025-09,3843,3617,-2141,-1936,-5.88
UAE_238,2025-10,3708,3499,-7410,-6535,-5.64
UAE_238,2025-11,3827,3623,-6012,-6117,-5.33
UAE_238,2025-12,2233,2250,-1924,-1901,0.76
UAE_239,2023-01,1194,1140,-5334,-5279,-4.52
UAE_239,2023-02,2260,2498,-5186,-5303,10.53
UAE_239,2023-03,1967,2051,-1008,-1076,4.27
UAE_239,2023-04,2575,2451,-1492,-1699,-4.82
UAE_239,2023-05,1041,990,-2739,-2989,-4.9
UAE_239,2023-06,2080,2099,-2943,-2993,0.91
UAE_239,2023-07,3536,3447,-5521,-5832,-2.52
UAE_239,2023-08,1263,1302,-3583,-3633,3.09
UAE_239,2023-09,3204,3177,-1697,-1917,-0.84
UAE_239,2023-10,3161,2941,-3090,-3053,-6.96
UAE_239,2023-11,924,971,-1183,-1280,5.09
UAE_239,2023-12,1394,1344,-6486,-6058,-3.59
UAE_239,2024-01,3687,3601,-5492,-5075,-2.33
UAE_239,2024-02,1457,1405,-1588,-1701,-3.57
UAE_239,2024-03,1474,1475,-5603,-5957,0.07
UAE_239,2024-04,3401,3095,-2834,-2725,-9.0
UAE_239,2024-05,3248,3375,-4195,-3927,3.91
UAE_239,2024-06,2550,2565,-5595,-4985,0.59
UAE_239,2024-07,5407,5441,-4714,-4671,0.63
UAE_239,2024-08,3067,2979,-5157,-4643,-2.87
UAE_239,2024-09,3254,3470,-4330,-4314,6.64
UAE_239,2024-10,1156,1146,-2403,-2460,-0.87
UAE_239,2024-11,1509,1524,-2302,-2249,0.99
UAE_239,2024-12,1393,1392,-1665,-1687,-0.07
UAE_239,2025-01,2505,2583,-3543,-3123,3.11
UAE_239,2025-02,2069,2145,-2692,-2736,3.67
UAE_239,2025-03,2696,2832,-1538,-1712,5.04
UAE_239,2025-04,2435,2623,-5782,-6517,7.72
UAE_239,2025-05,1840,2015,-1724,-2018,9.51
UAE_239,2025-06,1529,1480,-9730,-8739,-3.2
UAE_239,2025-07,1928,1989,-5923,-5528,3.16
UAE_239,2025-08,2065,1927,-5396,-5827,-6.68
UAE_239,2025-09,1190,1306,-1796,-1600,9.75
UAE_239,2025-10,5801,5364,-2723,-3118,-7.53
UAE_239,2025-11,3308,3319,-1207,-1117,0.33
UAE_239,2025-12,778,833,-2196,-2513,7.07
UAE_240,2023-01,3014,2911,-5577,-6091,-3.42
UAE_240,2023-02,6377,5851,-7156,-7565,-8.25
UAE_240,2023-03,3574,3877,-6894,-7821,8.48
UAE_240,2023-04,11169,12006,-6457,-6317,7.49
UAE_240,2023-05,1650,1620,-7269,-6380,-1.82
UAE_240,2023-06,2823,2712,-10189,-10712,-3.93
UAE_240,2023-07,2433,2362,-5535,-4981,-2.92
UAE_240,2023-08,2742,2959,-5524,-6496,7.91
UAE_240,2023-09,3097,3125,-4363,-4091,0.9
UAE_240,2023-10,1348,1302,-7026,-8242,-3.41
UAE_240,2023-11,1861,2064,-7036,-6372,10.91
UAE_240,2023-12,2572,2590,-1329,-1285,0.7
UAE_240,2024-01,14016,13693,-4295,-4157,-2.3
UAE_240,2024-02,7060,6914,-5441,-5967,-2.07
UAE_240,2024-03,2136,2011,-4291,-4521,-5.85
UAE_240,2024-04,2043,2086,-4274,-4966,2.1
UAE_240,2024-05,2833,2853,-8598,-9497,0.71
UAE_240,2024-06,4623,4284,-3699,-4098,-7.33
UAE_240,2024-07,2612,2578,-10178,-11350,-1.3
UAE_240,2024-08,2071,2040,-8665,-9798,-1.5
UAE_240,2024-09,1536,1622,-5527,-5841,5.6
UAE_240,2024-10,4472,4404,-8323,-9752,-1.52
UAE_240,2024-11,1170,1159,-8645,-7577,-0.94
UAE_240,2024-12,2211,2269,-4614,-4545,2.62
UAE_240,2025-01,3859,3964,-8420,-7419,2.72
UAE_240,2025-02,3368,3584,-3974,-4556,6.41
UAE_240,2025-03,1124,1226,-4727,-5121,9.07
UAE_240,2025-04,3354,3657,-7977,-8410,9.03
UAE_240,2025-05,8670,8102,-8375,-7396,-6.55
UAE_240,2025-06,20019,22042,-5090,-5722,10.11
UAE_240,2025-07,24561,27032,-5155,-5820,10.06
UAE_240,2025-08,6343,6379,-8922,-8475,0.57
UAE_240,2025-09,4538,4274,-6724,-6023,-5.82
UAE_240,2025-10,1580,1498,-7556,-8684,-5.19
UAE_240,2025-11,3634,3951,-7395,-7007,8.72
UAE_240,2025-12,3697,3478,-4034,-3780,-5.92
UAE_241,2023-01,1173,1155,-3493,-3242,-1.53
UAE_241,2023-02,1109,1128,-2428,-2818,1.71
UAE_241,2023-03,2303,2313,-4912,-4335,0.43
UAE_241,2023-04,13441,14120,-7529,-6722,5.05
UAE_241,2023-05,3912,3620,-1996,-2195,-7.46
UAE_241,2023-06,3978,4281,-2221,-2306,7.62
UAE_241,2023-07,3148,2934,-3379,-3174,-6.8
UAE_241,2023-08,5239,4913,-6164,-6299,-6.22
UAE_241,2023-09,4540,4231,-5258,-5557,-6.81
UAE_241,2023-10,1606,1649,-7347,-7487,2.68
UAE_241,2023-11,7612,7223,-9599,-9412,-5.11
UAE_241,2023-12,2271,2182,-1929,-2007,-3.92
UAE_241,2024-01,3565,3269,-7987,-7896,-8.3
UAE_241,2024-02,2010,2018,-1937,-1767,0.4
UAE_241,2024-03,3642,3457,-1663,-1673,-5.08
UAE_241,2024-04,1798,1780,-4430,-4256,-1.0
UAE_241,2024-05,6667,6121,-7771,-7723,-8.19
UAE_241,2024-06,18554,19550,-4631,-5239,5.37
UAE_241,2024-07,6178,6316,-4723,-4890,2.23
UAE_241,2024-08,5980,5507,-3190,-3177,-7.91
UAE_241,2024-09,6552,6129,-8697,-9631,-6.46
UAE_241,2024-10,3731,3681,-2654,-2982,-1.34
UAE_241,2024-11,2929,2966,-3689,-3783,1.26
UAE_241,2024-12,2801,2556,-9054,-8246,-8.75
UAE_241,2025-01,2792,3083,-6361,-6390,10.42
UAE_241,2025-02,4096,3920,-7827,-7096,-4.3
UAE_241,2025-03,2955,2960,-4084,-4762,0.17
UAE_241,2025-04,4996,4901,-5510,-6055,-1.9
UAE_241,2025-05,4626,4769,-4256,-4253,3.09
UAE_241,2025-06,3016,2949,-7073,-8058,-2.22
UAE_241,2025-07,2891,3117,-2641,-2830,7.82
UAE_241,2025-08,1695,1722,-6773,-7904,1.59
UAE_241,2025-09,2647,2655,-6241,-6334,0.3
UAE_241,2025-10,3062,3280,-1559,-1503,7.12
UAE_241,2025-11,4249,4217,-7348,-7882,-0.75
UAE_241,2025-12,1317,1433,-3326,-3402,8.81
UAE_242,2023-01,149169,155973,-10459,-9908,4.56
UAE_242,2023-02,52574,57430,-3716,-3306,9.24
UAE_242,2023-03,285843,278877,25138,25904,-2.44
UAE_242,2023-04,95827,105019,-11468,-13217,9.59
UAE_242,2023-05,120421,127201,3215,3035,5.63
UAE_242,2023-06,125241,122403,-36282,-35595,-2.27
UAE_242,2023-07,206406,209218,43583,42890,1.36
UAE_242,2023-08,234254,237266,12612,11086,1.29
UAE_242,2023-09,176072,166823,2856,3260,-5.25
UAE_242,2023-10,269782,255988,13563,15605,-5.11
UAE_242,2023-11,168077,177153,9909,11523,5.4
UAE_242,2023-12,136441,125585,1596,1445,-7.96
UAE_242,2024-01,151899,151609,10740,9377,-0.19
UAE_242,2024-02,268583,282008,10356,12032,5.0
UAE_242,2024-03,42181,44725,-6236,-6114,6.03
UAE_242,2024-04,164989,162353,25959,23897,-1.6
UAE_242,2024-05,95098,102424,-13591,-11867,7.7
UAE_242,2024-06,222274,210481,-10126,-9978,-5.31
UAE_242,2024-07,157638,148885,-22609,-22129,-5.55
UAE_242,2024-08,247287,269016,61713,58155,8.79
UAE_242,2024-09,201816,208329,39593,35813,3.23
UAE_242,2024-10,81501,79295,-35635,-32680,-2.71
UAE_242,2024-11,389827,375042,40119,35992,-3.79
UAE_242,2024-12,90498,84768,-12040,-10722,-6.33
UAE_242,2025-01,272301,250070,39920,36788,-8.16
UAE_242,2025-02,139498,149223,3145,3175,6.97
UAE_242,2025-03,28899,29710,-1455,-1571,2.81
UAE_242,2025-04,86897,94310,5603,6084,8.53
UAE_242,2025-05,111952,106168,6490,7275,-5.17
UAE_242,2025-06,175869,182378,4559,3993,3.7
UAE_242,2025-07,206426,187790,15015,14430,-9.03
UAE_242,2025-08,41013,39784,-3301,-3585,-3.0
UAE_242,2025-09,679935,698202,214482,191857,2.69
UAE_242,2025-10,32974,32107,-9542,-10028,-2.63
UAE_242,2025-11,56414,55061,2128,2455,-2.4
UAE_242,2025-12,32278,30852,-16138,-14602,-4.42
UAE_243,2023-01,1172,1109,-5694,-5472,-5.38
UAE_243,2023-02,1992,2172,-7126,-6528,9.04
UAE_243,2023-03,2413,2323,-4051,-4564,-3.73
UAE_243,2023-04,2453,2330,-2445,-2684,-5.01
UAE_243,2023-05,2065,2028,-6622,-7314,-1.79
UAE_243,2023-06,1469,1470,-8118,-9238,0.07
UAE_243,2023-07,2190,2234,-8362,-7708,2.01
UAE_243,2023-08,1945,2104,-4351,-4424,8.17
UAE_243,2023-09,2756,2896,-5497,-4923,5.08
UAE_243,2023-10,3476,3165,-1845,-1607,-8.95
UAE_243,2023-11,2436,2488,-2952,-2929,2.13
UAE_243,2023-12,2224,2218,-1763,-1754,-0.27
UAE_243,2024-01,1983,2081,-5571,-6069,4.94
UAE_243,2024-02,1950,1795,-1858,-2119,-7.95
UAE_243,2024-03,1686,1565,-3981,-3966,-7.18
UAE_243,2024-04,3147,3088,-3956,-4227,-1.87
UAE_243,2024-05,2430,2250,-7768,-7131,-7.41
UAE_243,2024-06,3659,3581,-3881,-3839,-2.13
UAE_243,2024-07,1956,1810,-5405,-4803,-7.46
UAE_243,2024-08,3250,3374,-4644,-4927,3.82
UAE_243,2024-09,3509,3339,-4484,-4271,-4.84
UAE_243,2024-10,2594,2558,-3758,-3547,-1.39
UAE_243,2024-11,2690,2910,-2981,-3121,8.18
UAE_243,2024-12,1773,1894,-6422,-6034,6.82
UAE_243,2025-01,2540,2386,-4440,-3904,-6.06
UAE_243,2025-02,2024,1855,-2210,-2061,-8.35
UAE_243,2025-03,2530,2312,-5924,-5724,-8.62
UAE_243,2025-04,2295,2097,-3164,-3267,-8.63
UAE_243,2025-05,2323,2281,-4387,-4448,-1.81
UAE_243,2025-06,4181,4123,-4757,-4852,-1.39
UAE_243,2025-07,1476,1530,-1775,-1897,3.66
UAE_243,2025-08,1306,1359,-2965,-3147,4.06
UAE_243,2025-09,2527,2805,-4811,-4268,11.0
UAE_243,2025-10,1186,1123,-3991,-4001,-5.31
UAE_243,2025-11,2435,2548,-2552,-2744,4.64
UAE_243,2025-12,1449,1340,-2848,-2961,-7.52
UAE_244,2023-01,1064,1115,-6163,-6513,4.79
UAE_244,2023-02,1428,1311,-4935,-5133,-8.19
UAE_244,2023-03,2276,2425,-9097,-9592,6.55
UAE_244,2023-04,1969,1839,-1840,-1896,-6.6
UAE_244,2023-05,3985,3692,-4368,-4338,-7.35
UAE_244,2023-06,5223,5034,-2137,-1928,-3.62
UAE_244,2023-07,6785,6785,-7254,-6947,0.0
UAE_244,2023-08,3750,3541,-1865,-1826,-5.57
UAE_244,2023-09,11153,10650,-7774,-7935,-4.51
UAE_244,2023-10,2893,2836,-5721,-6497,-1.97
UAE_244,2023-11,3163,2900,-5053,-5522,-8.31
UAE_244,2023-12,2408,2324,-6369,-6441,-3.49
UAE_244,2024-01,3623,3641,-5978,-5699,0.5
UAE_244,2024-02,2026,2084,-1860,-1661,2.86
UAE_244,2024-03,4366,3980,-8196,-7949,-8.84
UAE_244,2024-04,13487,14083,-6014,-5271,4.42
UAE_244,2024-05,2192,2285,-4313,-4550,4.24
UAE_244,2024-06,22575,21058,-3294,-2908,-6.72
UAE_244,2024-07,6142,5842,-6885,-6448,-4.88
UAE_244,2024-08,3361,3428,-2127,-1877,1.99
UAE_244,2024-09,9905,9972,-7746,-8296,0.68
UAE_244,2024-10,7698,7388,-5046,-4450,-4.03
UAE_244,2024-11,6425,6027,-6106,-6820,-6.19
UAE_244,2024-12,5474,5362,-7734,-7767,-2.05
UAE_244,2025-01,4000,4092,-6575,-6604,2.3
UAE_244,2025-02,2940,3188,-8306,-7479,8.44
UAE_244,2025-03,1153,1213,-7212,-6291,5.2
UAE_244,2025-04,3609,3463,-3033,-3341,-4.05
UAE_244,2025-05,2775,2791,-5647,-5940,0.58
UAE_244,2025-06,3670,3636,-5873,-6253,-0.93
UAE_244,2025-07,2571,2664,-4909,-5292,3.62
UAE_244,2025-08,5153,5005,-4283,-4862,-2.87
UAE_244,2025-09,5170,5572,-7916,-8150,7.78
UAE_244,2025-10,4836,4744,-6469,-7016,-1.9
UAE_244,2025-11,2701,2560,-4161,-4616,-5.22
UAE_244,2025-12,1843,1908,-5174,-5785,3.53
UAE_245,2023-01,1132,1221,-4298,-4478,7.86
UAE_245,2023-02,1108,1128,-3330,-3613,1.81
UAE_245,2023-03,2040,2116,-4133,-4434,3.73
UAE_245,2023-04,1801,1962,-4452,-4306,8.94
UAE_245,2023-05,2069,2277,-5006,-5887,10.05
UAE_245,2023-06,2207,2064,-1752,-1833,-6.48
UAE_245,2023-07,3196,3040,-8164,-7656,-4.88
UAE_245,2023-08,1745,1681,-4693,-4567,-3.67
UAE_245,2023-09,3696,3424,-1465,-1446,-7.36
UAE_245,2023-10,3069,3134,-745,-842,2.12
UAE_245,2023-11,6165,6116,-3974,-4589,-0.79
UAE_245,2023-12,2934,2717,-5468,-6017,-7.4
UAE_245,2024-01,706,768,-3420,-3410,8.78
UAE_245,2024-02,1294,1397,-3268,-3557,7.96
UAE_245,2024-03,949,963,-5181,-5955,1.48
UAE_245,2024-04,1176,1307,-6176,-6162,11.14
UAE_245,2024-05,1717,1722,-6536,-6133,0.29
UAE_245,2024-06,1407,1396,-7355,-7283,-0.78
UAE_245,2024-07,3241,2989,-1728,-1691,-7.78
UAE_245,2024-08,4074,3910,-8631,-8391,-4.03
UAE_245,2024-09,1708,1615,-1448,-1642,-5.44
UAE_245,2024-10,2879,2766,-5898,-6338,-3.92
UAE_245,2024-11,2449,2426,-5008,-4511,-0.94
UAE_245,2024-12,985,970,-2741,-2402,-1.52
UAE_245,2025-01,806,856,-2962,-2750,6.2
UAE_245,2025-02,2061,1924,-3704,-4047,-6.65
UAE_245,2025-03,2614,2527,-2278,-2662,-3.33
UAE_245,2025-04,3679,3527,-1214,-1172,-4.13
UAE_245,2025-05,3660,3807,-3676,-4175,4.02
UAE_245,2025-06,3555,3792,-4296,-5043,6.67
UAE_245,2025-07,4136,4319,-4577,-4535,4.42
UAE_245,2025-08,1894,1979,-2181,-2206,4.49
UAE_245,2025-09,3407,3440,-3192,-3558,0.97
UAE_245,2025-10,1788,1662,-4681,-5269,-7.05
UAE_245,2025-11,1520,1443,-1116,-1124,-5.07
UAE_245,2025-12,2656,2707,-3464,-3835,1.92
UAE_246,2023-01,2635,2710,-3185,-3393,2.85
UAE_246,2023-02,2940,3024,-2369,-2291,2.86
UAE_246,2023-03,2095,2297,-4077,-4696,9.64
UAE_246,2023-04,3863,4016,-4432,-3958,3.96
UAE_246,2023-05,4294,4593,-2346,-2082,6.96
UAE_246,2023-06,4616,4277,-9823,-9377,-7.34
UAE_246,2023-07,4665,4963,-1848,-2052,6.39
UAE_246,2023-08,2890,2813,-6602,-5748,-2.66
UAE_246,2023-09,2908,2885,-7154,-6255,-0.79
UAE_246,2023-10,13108,13485,-6783,-7318,2.88
UAE_246,2023-11,2489,2272,-7022,-8177,-8.72
UAE_246,2023-12,7567,7049,-8262,-7879,-6.85
UAE_246,2024-01,1307,1361,-3387,-3046,4.13
UAE_246,2024-02,1951,2128,-5890,-5360,9.07
UAE_246,2024-03,3251,3380,-8871,-10225,3.97
UAE_246,2024-04,6720,6603,-8231,-8027,-1.74
UAE_246,2024-05,2820,2706,-3872,-3445,-4.04
UAE_246,2024-06,5497,5403,-7452,-6541,-1.71
UAE_246,2024-07,4973,5019,-6576,-6794,0.92
UAE_246,2024-08,5308,5854,-12192,-10837,10.29
UAE_246,2024-09,10953,10395,-7194,-7872,-5.09
UAE_246,2024-10,4825,4892,-5692,-5668,1.39
UAE_246,2024-11,3008,3049,-6950,-7837,1.36
UAE_246,2024-12,5814,5295,-8083,-7720,-8.93
UAE_246,2025-01,3480,3248,-1190,-1279,-6.67
UAE_246,2025-02,2497,2393,-7854,-9098,-4.16
UAE_246,2025-03,2480,2590,-6282,-5959,4.44
UAE_246,2025-04,5290,5106,-3191,-2952,-3.48
UAE_246,2025-05,4885,5222,-11393,-10376,6.9
UAE_246,2025-06,2938,2863,-6259,-5763,-2.55
UAE_246,2025-07,4789,4375,-4234,-4441,-8.64
UAE_246,2025-08,10205,10384,-6022,-6456,1.75
UAE_246,2025-09,3565,3316,-2774,-2890,-6.98
UAE_246,2025-10,10032,10357,-7268,-6916,3.24
UAE_246,2025-11,5533,5258,-8887,-8587,-4.97
UAE_246,2025-12,3998,4075,-3125,-3433,1.93
UAE_247,2023-01,187931,179953,30984,31216,-4.25
UAE_247,2023-02,64546,67526,-1617,-1495,4.62
UAE_247,2023-03,179664,191984,-557,-577,6.86
UAE_247,2023-04,273805,273305,38157,38546,-0.18
UAE_247,2023-05,142975,130779,-7354,-7498,-8.53
UAE_247,2023-06,128893,137925,-8333,-8470,7.01
UAE_247,2023-07,681563,655368,195406,182383,-3.84
UAE_247,2023-08,120274,132542,10378,11301,10.2
UAE_247,2023-09,100624,94850,5060,5279,-5.74
UAE_247,2023-10,9511,9492,-11901,-11433,-0.2
UAE_247,2023-11,144759,147838,-781,-755,2.13
UAE_247,2023-12,98869,97881,11735,11016,-1.0
UAE_247,2024-01,79110,74091,-8213,-8299,-6.34
UAE_247,2024-02,75804,71811,-16549,-14478,-5.27
UAE_247,2024-03,9495,10269,-13465,-12995,8.15
UAE_247,2024-04,444985,454732,84172,79596,2.19
UAE_247,2024-05,106658,102065,499,584,-4.31
UAE_247,2024-06,303351,314314,97771,88661,3.61
UAE_247,2024-07,123775,125083,-23788,-24035,1.06
UAE_247,2024-08,59029,59154,-3112,-3312,0.21
UAE_247,2024-09,165889,182972,24270,24286,10.3
UAE_247,2024-10,317610,352002,76601,79177,10.83
UAE_247,2024-11,141390,133534,2758,2827,-5.56
UAE_247,2024-12,71966,78145,3399,3249,8.59
UAE_247,2025-01,250443,238046,37904,41740,-4.95
UAE_247,2025-02,77336,82676,-25839,-27045,6.9
UAE_247,2025-03,233078,250989,-2047,-1833,7.68
UAE_247,2025-04,78168,75978,919,893,-2.8
UAE_247,2025-05,117354,116918,-2757,-2961,-0.37
UAE_247,2025-06,313066,330698,48364,53728,5.63
UAE_247,2025-07,509230,535199,65394,61072,5.1
UAE_247,2025-08,152075,151429,14387,14140,-0.42
UAE_247,2025-09,198424,181542,37530,38507,-8.51
UAE_247,2025-10,79082,78232,-26079,-27501,-1.07
UAE_247,2025-11,34299,34797,-11438,-10535,1.45
UAE_247,2025-12,62247,57347,-11763,-11077,-7.87
UAE_248,2023-01,2218,2249,-4275,-4093,1.4
UAE_248,2023-02,1480,1546,-997,-996,4.46
UAE_248,2023-03,2424,2526,-7094,-6229,4.21
UAE_248,2023-04,1121,1094,-4878,-4592,-2.41
UAE_248,2023-05,1619,1568,-1789,-1623,-3.15
UAE_248,2023-06,1829,1751,-4770,-5383,-4.26
UAE_248,2023-07,6638,7208,-7317,-6976,8.59
UAE_248,2023-08,3079,2864,-2193,-2003,-6.98
UAE_248,2023-09,5482,5473,-4371,-4691,-0.16
UAE_248,2023-10,3387,3619,-4977,-5530,6.85
UAE_248,2023-11,2512,2737,-571,-590,8.96
UAE_248,2023-12,1997,2167,-3685,-3643,8.51
UAE_248,2024-01,2689,2448,-2933,-3257,-8.96
UAE_248,2024-02,1721,1724,-4730,-4559,0.17
UAE_248,2024-03,2680,2541,-6089,-6181,-5.19
UAE_248,2024-04,1421,1510,-1900,-1828,6.26
UAE_248,2024-05,2232,2243,-7301,-8026,0.49
UAE_248,2024-06,2499,2533,-3256,-3774,1.36
UAE_248,2024-07,3404,3373,-7200,-7006,-0.91
UAE_248,2024-08,1666,1608,-4349,-4454,-3.48
UAE_248,2024-09,6420,7095,-3797,-3593,10.51
UAE_248,2024-10,2102,2285,-1293,-1323,8.71
UAE_248,2024-11,1867,1952,-5314,-4659,4.55
UAE_248,2024-12,1527,1544,-7145,-6455,1.11
UAE_248,2025-01,2432,2419,-1680,-1883,-0.53
UAE_248,2025-02,1304,1272,-2181,-2519,-2.45
UAE_248,2025-03,2701,2513,-2358,-2110,-6.96
UAE_248,2025-04,2449,2573,-2540,-2901,5.06
UAE_248,2025-05,1896,2002,-2749,-2474,5.59
UAE_248,2025-06,1680,1706,-9064,-8457,1.55
UAE_248,2025-07,8299,7988,-6094,-6644,-3.75
UAE_248,2025-08,3202,3258,-2539,-2786,1.75
UAE_248,2025-09,4318,4035,-2823,-3244,-6.55
UAE_248,2025-10,3198,3329,-5493,-4961,4.1
UAE_248,2025-11,2253,2453,-6940,-6542,8.88
UAE_248,2025-12,2174,2321,-6130,-6296,6.76
UAE_249,2023-01,2121,2301,-5699,-5115,8.49
UAE_249,2023-02,2130,2342,-1739,-1530,9.95
UAE_249,2023-03,1419,1451,-6388,-6486,2.26
UAE_249,2023-04,2121,2041,-3367,-3085,-3.77
UAE_249,2023-05,1443,1315,-2843,-2833,-8.87
UAE_249,2023-06,3254,3595,-5059,-4918,10.48
UAE_249,2023-07,1727,1686,-7224,-7135,-2.37
UAE_249,2023-08,2624,2685,-3909,-4243,2.32
UAE_249,2023-09,2324,2399,-4277,-4159,3.23
UAE_249,2023-10,3624,3606,-7700,-6953,-0.5
UAE_249,2023-11,1918,1991,-2189,-2357,3.81
UAE_249,2023-12,1182,1173,-5168,-4653,-0.76
UAE_249,2024-01,1816,1666,-6996,-6384,-8.26
UAE_249,2024-02,1319,1309,-2133,-1940,-0.76
UAE_249,2024-03,1181,1213,-6910,-6648,2.71
UAE_249,2024-04,970,905,-1782,-1886,-6.7
UAE_249,2024-05,3844,3509,-2356,-2212,-8.71
UAE_249,2024-06,3380,3226,-9681,-8533,-4.56
UAE_249,2024-07,2383,2509,-5241,-5311,5.29
UAE_249,2024-08,4236,3894,-3761,-3323,-8.07
UAE_249,2024-09,2161,1973,-3696,-3869,-8.7
UAE_249,2024-10,2309,2213,-3563,-3208,-4.16
UAE_249,2024-11,962,999,-4904,-4820,3.85
UAE_249,2024-12,1469,1579,-4419,-4346,7.49
UAE_249,2025-01,1688,1544,-1108,-1275,-8.53
UAE_249,2025-02,1618,1610,-6428,-6502,-0.49
UAE_249,2025-03,3047,3136,-2531,-2799,2.92
UAE_249,2025-04,1054,985,-6195,-6081,-6.55
UAE_249,2025-05,1444,1507,-2411,-2818,4.36
UAE_249,2025-06,2787,2961,-3330,-3697,6.24
UAE_249,2025-07,2242,2279,-8346,-8429,1.65
UAE_249,2025-08,3656,3589,-1368,-1232,-1.83
UAE_249,2025-09,3920,3696,-7545,-6580,-5.71
UAE_249,2025-10,2977,2808,-3502,-3182,-5.68
UAE_249,2025-11,2082,2306,-5637,-5727,10.76
UAE_249,2025-12,2216,2061,-2065,-1943,-6.99
UAE_250,2023-01,1930,1976,-4720,-5052,2.38
UAE_250,2023-02,885,825,-3193,-3749,-6.78
UAE_250,2023-03,2121,2260,-2239,-2068,6.55
UAE_250,2023-04,1271,1398,-5672,-6283,9.99
UAE_250,2023-05,3085,2805,-5030,-4611,-9.08
UAE_250,2023-06,3392,3742,-6681,-6487,10.32
UAE_250,2023-07,2121,2031,-9755,-9058,-4.24
UAE_250,2023-08,1108,1022,-8595,-8329,-7.76
UAE_250,2023-09,3426,3194,-7920,-7817,-6.77
UAE_250,2023-10,1703,1732,-4744,-5204,1.7
UAE_250,2023-11,2431,2408,-3070,-3217,-0.95
UAE_250,2023-12,1097,1203,-1342,-1564,9.66
UAE_250,2024-01,768,800,-2227,-1985,4.17
UAE_250,2024-02,2745,2511,-6022,-5477,-8.52
UAE_250,2024-03,1258,1358,-3121,-2978,7.95
UAE_250,2024-04,910,895,-7372,-7574,-1.65
UAE_250,2024-05,1785,1690,-3920,-3868,-5.32
UAE_250,2024-06,3555,3504,-3072,-3406,-1.43
UAE_250,2024-07,2389,2371,-7629,-6798,-0.75
UAE_250,2024-08,3332,3309,-7457,-7509,-0.69
UAE_250,2024-09,2115,1973,-4707,-4760,-6.71
UAE_250,2024-10,2062,1882,-4542,-4231,-8.73
UAE_250,2024-11,2537,2564,-1396,-1348,1.06
UAE_250,2024-12,2110,2134,-4692,-4245,1.14
UAE_250,2025-01,2262,2147,-4691,-4387,-5.08
UAE_250,2025-02,1246,1171,-5636,-5916,-6.02
UAE_250,2025-03,878,845,-5802,-6513,-3.76
UAE_250,2025-04,6921,6683,-5474,-6085,-3.44
UAE_250,2025-05,1112,1183,-7542,-8546,6.38
UAE_250,2025-06,1785,1747,-6258,-5494,-2.13
UAE_250,2025-07,2262,2185,-4507,-4503,-3.4
UAE_250,2025-08,4476,4278,-3064,-3283,-4.42
UAE_250,2025-09,5396,5691,-4057,-4205,5.47
UAE_250,2025-10,1451,1504,-1967,-1775,3.65
UAE_250,2025-11,3090,3335,-4439,-4943,7.93
UAE_250,2025-12,2067,2192,-3676,-3956,6.05
UAE_251,2023-01,1916,2091,-7266,-7611,9.13
UAE_251,2023-02,963,1023,-5452,-6017,6.23
UAE_251,2023-03,19590,20516,-4294,-3809,4.73
UAE_251,2023-04,3568,3319,-3578,-3594,-6.98
UAE_251,2023-05,19040,20617,-6997,-7446,8.28
UAE_251,2023-06,16330,15947,-7615,-7757,-2.35
UAE_251,2023-07,23027,22650,-5843,-5622,-1.64
UAE_251,2023-08,1907,1743,-4558,-5032,-8.6
UAE_251,2023-09,8074,8567,-6846,-6697,6.11
UAE_251,2023-10,1469,1599,-9534,-8505,8.85
UAE_251,2023-11,2856,2633,-7329,-7660,-7.81
UAE_251,2023-12,3470,3745,-4777,-4582,7.93
UAE_251,2024-01,4075,4159,-7072,-7251,2.06
UAE_251,2024-02,3398,3123,-2586,-2782,-8.09
UAE_251,2024-03,5663,6115,-9566,-8916,7.98
UAE_251,2024-04,2654,2922,-8689,-9484,10.1
UAE_251,2024-05,6995,7198,-10415,-10759,2.9
UAE_251,2024-06,3515,3272,-4678,-5412,-6.91
UAE_251,2024-07,4192,3936,-3519,-3821,-6.11
UAE_251,2024-08,6102,6549,-11424,-10908,7.33
UAE_251,2024-09,10270,11049,-10080,-8984,7.59
UAE_251,2024-10,3226,3472,-6544,-7666,7.63
UAE_251,2024-11,2407,2521,-6317,-5909,4.74
UAE_251,2024-12,1960,1891,-3252,-2838,-3.52
UAE_251,2025-01,2354,2521,-5847,-6538,7.09
UAE_251,2025-02,3838,4220,-7373,-7570,9.95
UAE_251,2025-03,4364,4519,-2232,-1971,3.55
UAE_251,2025-04,1938,2144,-4779,-4560,10.63
UAE_251,2025-05,8460,9382,-11156,-10027,10.9
UAE_251,2025-06,5186,5344,-3895,-4272,3.05
UAE_251,2025-07,4056,4156,-6565,-6229,2.47
UAE_251,2025-08,4400,4683,-2500,-2828,6.43
UAE_251,2025-09,1688,1643,-5669,-5204,-2.67
UAE_251,2025-10,7308,6888,-11142,-10456,-5.75
UAE_251,2025-11,6690,7311,-7453,-7907,9.28
UAE_251,2025-12,13378,13986,-6388,-6509,4.54
UAE_252,2023-01,2339,2528,-2728,-3006,8.08
UAE_252,2023-02,4369,4124,-3368,-3555,-5.61
UAE_252,2023-03,16678,16748,-7264,-6336,0.42
UAE_252,2023-04,10158,10041,-7903,-8990,-1.15
UAE_252,2023-05,5771,5933,-10262,-10034,2.81
UAE_252,2023-06,6541,6333,-5649,-6059,-3.18
UAE_252,2023-07,23773,25703,-309,-337,8.12
UAE_252,2023-08,6607,7052,-12771,-14819,6.74
UAE_252,2023-09,1650,1581,-11886,-10955,-4.18
UAE_252,2023-10,3326,3074,-11896,-11918,-7.58
UAE_252,2023-11,4148,3807,-2489,-2373,-8.22
UAE_252,2023-12,4085,3750,-1864,-1857,-8.2
UAE_252,2024-01,6791,7253,-4346,-4789,6.8
UAE_252,2024-02,4123,4037,-1710,-2012,-2.09
UAE_252,2024-03,6747,7253,-4830,-5013,7.5
UAE_252,2024-04,4617,4651,-3256,-3309,0.74
UAE_252,2024-05,13141,12229,-2318,-2560,-6.94
UAE_252,2024-06,21507,21880,-9428,-9725,1.73
UAE_252,2024-07,26878,24867,-6976,-8077,-7.48
UAE_252,2024-08,26251,26635,-5909,-5245,1.46
UAE_252,2024-09,4059,3865,-7713,-8610,-4.78
UAE_252,2024-10,5218,5316,-4433,-5060,1.88
UAE_252,2024-11,5033,5055,-9111,-10658,0.44
UAE_252,2024-12,45000,43058,-1766,-1975,-4.32
UAE_252,2025-01,4118,4492,-7569,-7735,9.08
UAE_252,2025-02,5365,4966,-9286,-9477,-7.44
UAE_252,2025-03,7744,7722,-7619,-6935,-0.28
UAE_252,2025-04,2093,2078,-12496,-11332,-0.72
UAE_252,2025-05,2625,2694,-10417,-9537,2.63
UAE_252,2025-06,2404,2430,-5024,-5609,1.08
UAE_252,2025-07,21405,20511,-4212,-3673,-4.18
UAE_252,2025-08,7605,7642,-7424,-7079,0.49
UAE_252,2025-09,18820,20778,-7446,-6957,10.4
UAE_252,2025-10,4507,4945,-7575,-6717,9.72
UAE_252,2025-11,5853,5702,-9462,-9014,-2.58
UAE_252,2025-12,2898,2924,-3223,-3444,0.9
UAE_253,2023-01,2077,2122,-7101,-6346,2.17
UAE_253,2023-02,1018,968,-4554,-5289,-4.91
UAE_253,2023-03,12940,12200,-6001,-5353,-5.72
UAE_253,2023-04,2770,2631,-8942,-9186,-5.02
UAE_253,2023-05,1141,1256,-4887,-4933,10.08
UAE_253,2023-06,1231,1127,-2783,-2877,-8.45
UAE_253,2023-07,2259,2488,-9110,-8179,10.14
UAE_253,2023-08,4350,4089,-8259,-7887,-6.0
UAE_253,2023-09,6700,6967,-8450,-8004,3.99
UAE_253,2023-10,972,1036,-3906,-4542,6.58
UAE_253,2023-11,4895,4663,-8473,-7642,-4.74
UAE_253,2023-12,3101,3266,-2664,-2462,5.32
UAE_253,2024-01,1465,1488,-7999,-7199,1.57
UAE_253,2024-02,2218,2382,-7317,-6534,7.39
UAE_253,2024-03,2902,3057,-3821,-3689,5.34
UAE_253,2024-04,1691,1690,-5247,-5965,-0.06
UAE_253,2024-05,5718,5478,-6511,-7561,-4.2
UAE_253,2024-06,3266,3315,-1839,-2146,1.5
UAE_253,2024-07,1365,1287,-3667,-3236,-5.71
UAE_253,2024-08,2980,3126,-7405,-7227,4.9
UAE_253,2024-09,1682,1718,-4433,-3983,2.14
UAE_253,2024-10,3337,3314,-1072,-1255,-0.69
UAE_253,2024-11,1196,1130,-2010,-2008,-5.52
UAE_253,2024-12,2058,2237,-7530,-6721,8.7
UAE_253,2025-01,1391,1448,-1684,-1484,4.1
UAE_253,2025-02,1907,2071,-4808,-4480,8.6
UAE_253,2025-03,3021,3218,-3258,-3504,6.52
UAE_253,2025-04,8656,8242,-3969,-4278,-4.78
UAE_253,2025-05,2086,2151,-2990,-2832,3.12
UAE_253,2025-06,5789,6009,-6770,-6662,3.8
UAE_253,2025-07,3154,3214,-1650,-1550,1.9
UAE_253,2025-08,4823,4885,-6644,-6088,1.29
UAE_253,2025-09,2993,2990,-3125,-3070,-0.1
UAE_253,2025-10,3896,3920,-4691,-4953,0.62
UAE_253,2025-11,2865,2977,-7576,-6723,3.91
UAE_253,2025-12,2872,2819,-5866,-5147,-1.85
UAE_254,2023-01,38955,36786,1210,1076,-5.57
UAE_254,2023-02,34495,37869,-14963,-15965,9.78
UAE_254,2023-03,78290,83449,-6594,-6767,6.59
UAE_254,2023-04,202285,212121,-666,-756,4.86
UAE_254,2023-05,114081,107442,-7041,-6806,-5.82
UAE_254,2023-06,98353,92142,-31723,-35091,-6.32
UAE_254,2023-07,94076,98682,-8819,-10175,4.9
UAE_254,2023-08,156029,168825,17366,16705,8.2
UAE_254,2023-09,51029,52608,-16630,-17792,3.09
UAE_254,2023-10,75815,81520,-19684,-21513,7.52
UAE_254,2023-11,18360,17578,-11972,-10881,-4.26
UAE_254,2023-12,87995,93604,-8067,-9402,6.37
UAE_254,2024-01,53703,55801,-6055,-6329,3.91
UAE_254,2024-02,77544,76113,-12556,-14615,-1.85
UAE_254,2024-03,50396,49997,-7102,-7468,-0.79
UAE_254,2024-04,237546,242038,25455,28987,1.89
UAE_254,2024-05,65284,65213,-14531,-13146,-0.11
UAE_254,2024-06,60710,62928,-24607,-25566,3.65
UAE_254,2024-07,126915,123038,6031,6893,-3.05
UAE_254,2024-08,230172,220921,30646,35018,-4.02
UAE_254,2024-09,228872,239857,28335,28947,4.8
UAE_254,2024-10,98295,92498,-7904,-8047,-5.9
UAE_254,2024-11,186002,175426,24112,24309,-5.69
UAE_254,2024-12,29165,31240,-5652,-6169,7.11
UAE_254,2025-01,84765,79869,-4647,-4295,-5.78
UAE_254,2025-02,69835,73479,-16272,-16942,5.22
UAE_254,2025-03,32364,30204,-324,-288,-6.67
UAE_254,2025-04,376306,379746,99673,93028,0.91
UAE_254,2025-05,52204,54887,349,407,5.14
UAE_254,2025-06,112487,102505,13157,13914,-8.87
UAE_254,2025-07,50211,49538,-15644,-16005,-1.34
UAE_254,2025-08,39185,40888,669,699,4.35
UAE_254,2025-09,391415,356040,73725,81118,-9.04
UAE_254,2025-10,79650,74668,2631,3025,-6.25
UAE_254,2025-11,99266,91139,-6915,-7251,-8.19
UAE_254,2025-12,130880,141618,7992,9044,8.2
UAE_255,2023-01,1337,1301,-4990,-5403,-2.69
UAE_255,2023-02,701,750,-4601,-5015,6.99
UAE_255,2023-03,991,1018,-4801,-5503,2.72
UAE_255,2023-04,1197,1295,-4658,-5067,8.19
UAE_255,2023-05,1539,1547,-8220,-7588,0.52
UAE_255,2023-06,1770,1742,-1744,-1904,-1.58
UAE_255,2023-07,2403,2568,-5960,-5523,6.87
UAE_255,2023-08,1416,1507,-4680,-4474,6.43
UAE_255,2023-09,1667,1578,-5029,-4396,-5.34
UAE_255,2023-10,2427,2555,-5935,-5528,5.27
UAE_255,2023-11,872,969,-1521,-1374,11.12
UAE_255,2023-12,1879,1867,-3538,-3288,-0.64
UAE_255,2024-01,1828,1789,-4924,-4663,-2.13
UAE_255,2024-02,2641,2510,-3970,-3810,-4.96
UAE_255,2024-03,2151,2289,-4345,-4284,6.42
UAE_255,2024-04,3208,3189,-6158,-5652,-0.59
UAE_255,2024-05,13121,13793,-4267,-4583,5.12
UAE_255,2024-06,1294,1201,-2660,-2701,-7.19
UAE_255,2024-07,3559,3478,-1961,-2060,-2.28
UAE_255,2024-08,2204,2151,-2997,-2802,-2.4
UAE_255,2024-09,3658,3459,-4571,-5274,-5.44
UAE_255,2024-10,929,957,-4635,-4104,3.01
UAE_255,2024-11,1430,1500,-5379,-4925,4.9
UAE_255,2024-12,904,1005,-2545,-2411,11.17
UAE_255,2025-01,944,964,-4581,-4200,2.12
UAE_255,2025-02,2186,2398,-2761,-2546,9.7
UAE_255,2025-03,4271,4641,-5246,-5605,8.66
UAE_255,2025-04,7075,6501,-5699,-5963,-8.11
UAE_255,2025-05,1807,1828,-3322,-3256,1.16
UAE_255,2025-06,1495,1637,-3684,-3317,9.5
UAE_255,2025-07,3054,2998,-6292,-5679,-1.83
UAE_255,2025-08,4539,4226,-7466,-6619,-6.9
UAE_255,2025-09,3294,3463,-918,-1003,5.13
UAE_255,2025-10,3519,3623,-7463,-7184,2.96
UAE_255,2025-11,2622,2500,-6157,-5945,-4.65
UAE_255,2025-12,2024,2043,-3235,-3758,0.94
UAE_256,2023-01,4195,4046,-10853,-9862,-3.55
UAE_256,2023-02,8524,8488,-3779,-3464,-0.42
UAE_256,2023-03,3558,3428,-4214,-4957,-3.65
UAE_256,2023-04,3048,3079,-12634,-11851,1.02
UAE_256,2023-05,5526,5152,-5971,-5425,-6.77
UAE_256,2023-06,28750,26660,-9075,-7963,-7.27
UAE_256,2023-07,23750,23487,-8146,-7463,-1.11
UAE_256,2023-08,5337,4877,-6121,-6990,-8.62
UAE_256,2023-09,10352,10669,-14010,-13067,3.06
UAE_256,2023-10,2484,2377,-2320,-2093,-4.31
UAE_256,2023-11,6503,7016,-8515,-8847,7.89
UAE_256,2023-12,10704,9897,-6231,-6572,-7.54
UAE_256,2024-01,9825,10630,-6407,-7470,8.19
UAE_256,2024-02,3898,3877,-11119,-10202,-0.54
UAE_256,2024-03,2544,2557,-4002,-4305,0.51
UAE_256,2024-04,12375,11764,-7399,-6958,-4.94
UAE_256,2024-05,7564,7472,-13792,-12645,-1.22
UAE_256,2024-06,2725,2692,-6279,-7214,-1.21
UAE_256,2024-07,5170,4819,-3446,-3807,-6.79
UAE_256,2024-08,44236,44105,-1598,-1668,-0.3
UAE_256,2024-09,34032,32680,1544,1692,-3.97
UAE_256,2024-10,1645,1667,-11567,-10843,1.34
UAE_256,2024-11,7435,7843,-3764,-4076,5.49
UAE_256,2024-12,1431,1560,-5065,-4553,9.01
UAE_256,2025-01,6947,6937,-6010,-5811,-0.14
UAE_256,2025-02,4865,4567,-6994,-6851,-6.13
UAE_256,2025-03,2702,2922,-9628,-8684,8.14
UAE_256,2025-04,2610,2591,-7254,-7271,-0.73
UAE_256,2025-05,3929,4209,-3992,-3798,7.13
UAE_256,2025-06,7198,7617,-2687,-2584,5.82
UAE_256,2025-07,5560,5759,-4143,-4073,3.58
UAE_256,2025-08,2599,2559,-3532,-3974,-1.54
UAE_256,2025-09,3821,4241,-1896,-2177,10.99
UAE_256,2025-10,5112,4726,-7777,-8247,-7.55
UAE_256,2025-11,3772,3958,-1397,-1409,4.93
UAE_256,2025-12,2386,2400,-2231,-2607,0.59
UAE_257,2023-01,558717,571726,94421,107245,2.33
UAE_257,2023-02,383237,372255,10968,10327,-2.87
UAE_257,2023-03,832969,816119,130450,129959,-2.02
UAE_257,2023-04,1096917,1149593,188816,195704,4.8
UAE_257,2023-05,1724796,1652704,441447,482564,-4.18
UAE_257,2023-06,2041365,2118386,300445,347870,3.77
UAE_257,2023-07,980392,929515,180085,158120,-5.19
UAE_257,2023-08,921081,853586,152471,170827,-7.33
UAE_257,2023-09,1663241,1720566,265716,241752,3.45
UAE_257,2023-10,1728416,1815609,284109,295281,5.04
UAE_257,2023-11,995976,983747,228978,242408,-1.23
UAE_257,2023-12,755357,689022,190427,188101,-8.78
UAE_257,2024-01,1304060,1349338,359303,331939,3.47
UAE_257,2024-02,689495,750864,93046,88980,8.9
UAE_257,2024-03,478421,517697,87221,96921,8.21
UAE_257,2024-04,944680,1027673,35907,41494,8.79
UAE_257,2024-05,7393145,6952963,992967,1126286,-5.95
UAE_257,2024-06,1627644,1686066,374579,353157,3.59
UAE_257,2024-07,939543,1023353,236193,217241,8.92
UAE_257,2024-08,1094965,1062788,278514,244428,-2.94
UAE_257,2024-09,4714077,4890469,1223557,1071006,3.74
UAE_257,2024-10,3522440,3261282,744018,725660,-7.41
UAE_257,2024-11,597808,614708,85764,75228,2.83
UAE_257,2024-12,1595903,1506716,166334,182982,-5.59
UAE_257,2025-01,278514,274888,5000,4832,-1.3
UAE_257,2025-02,711207,786061,135348,157119,10.52
UAE_257,2025-03,6182329,6203107,1360448,1305213,0.34
UAE_257,2025-04,888868,824218,123118,122806,-7.27
UAE_257,2025-05,7369191,6856152,1799145,1715855,-6.96
UAE_257,2025-06,1926656,2086430,220729,253825,8.29
UAE_257,2025-07,443149,409053,22294,21277,-7.69
UAE_257,2025-08,3563915,3402467,643174,693905,-4.53
UAE_257,2025-09,2643391,2823749,982330,886937,6.82
UAE_257,2025-10,5203337,4764856,1620020,1436501,-8.43
UAE_257,2025-11,194583,214479,22625,22969,10.22
UAE_257,2025-12,1574300,1684094,269095,254374,6.97
UAE_258,2023-01,2115,2028,-3661,-4060,-4.11
UAE_258,2023-02,1653,1678,-6197,-5923,1.51
UAE_258,2023-03,3388,3486,-5701,-5498,2.89
UAE_258,2023-04,822,902,-4605,-4980,9.73
UAE_258,2023-05,2082,2055,-4790,-5555,-1.3
UAE_258,2023-06,2254,2493,-2712,-3081,10.6
UAE_258,2023-07,3190,3460,-3394,-3108,8.46
UAE_258,2023-08,3303,3202,-6161,-6986,-3.06
UAE_258,2023-09,2514,2515,-8236,-7170,0.04
UAE_258,2023-10,3023,2833,-5202,-4915,-6.29
UAE_258,2023-11,1343,1261,-6158,-5779,-6.11
UAE_258,2023-12,2795,2748,-752,-820,-1.68
UAE_258,2024-01,1969,2086,-5894,-5323,5.94
UAE_258,2024-02,1159,1163,-6459,-6246,0.35
UAE_258,2024-03,2265,2111,-2508,-2261,-6.8
UAE_258,2024-04,1323,1427,-6658,-6678,7.86
UAE_258,2024-05,3735,3673,-5476,-6204,-1.66
UAE_258,2024-06,3450,3523,-6918,-6290,2.12
UAE_258,2024-07,3807,3913,-3868,-3552,2.78
UAE_258,2024-08,3718,3784,-5562,-6027,1.78
UAE_258,2024-09,2081,2277,-7679,-7214,9.42
UAE_258,2024-10,1606,1708,-6039,-6467,6.35
UAE_258,2024-11,977,945,-7843,-6962,-3.28
UAE_258,2024-12,3067,2965,-4088,-3865,-3.33
UAE_258,2025-01,2549,2614,-2557,-2685,2.55
UAE_258,2025-02,1972,1942,-6619,-6594,-1.52
UAE_258,2025-03,1065,1096,-3823,-3804,2.91
UAE_258,2025-04,1549,1660,-1484,-1351,7.17
UAE_258,2025-05,2754,2797,-2219,-2125,1.56
UAE_258,2025-06,6259,6635,-6643,-6555,6.01
UAE_258,2025-07,3489,3838,-6669,-6377,10.0
UAE_258,2025-08,6262,6451,-7326,-7805,3.02
UAE_258,2025-09,5049,5346,-4942,-5410,5.88
UAE_258,2025-10,8649,9170,-5933,-5357,6.02
UAE_258,2025-11,947,888,-4742,-5280,-6.23
UAE_258,2025-12,2233,2172,-4058,-3938,-2.73
UAE_259,2023-01,19185,18943,-18106,-17269,-1.26
UAE_259,2023-02,36566,37516,-4382,-4012,2.6
UAE_259,2023-03,7014,6415,-5642,-6463,-8.54
UAE_259,2023-04,11699,12874,-17841,-15906,10.04
UAE_259,2023-05,10149,9460,-5590,-5014,-6.79
UAE_259,2023-06,17276,17742,-15851,-16101,2.7
UAE_259,2023-07,46142,42832,-8493,-7973,-7.17
UAE_259,2023-08,22474,23039,-3811,-3817,2.51
UAE_259,2023-09,21808,21158,-3618,-3494,-2.98
UAE_259,2023-10,32881,30723,-16292,-14757,-6.56
UAE_259,2023-11,5053,5141,-17004,-16945,1.74
UAE_259,2023-12,26772,27624,-8146,-9497,3.18
UAE_259,2024-01,28599,27349,-4594,-4819,-4.37
UAE_259,2024-02,5498,5709,-2982,-3217,3.84
UAE_259,2024-03,30562,29021,-12211,-12012,-5.04
UAE_259,2024-04,4598,4588,-8997,-9258,-0.22
UAE_259,2024-05,16718,15947,-8168,-8691,-4.61
UAE_259,2024-06,47415,43625,-8762,-9654,-7.99
UAE_259,2024-07,25961,23921,-11289,-10969,-7.86
UAE_259,2024-08,24616,24691,-10774,-10349,0.3
UAE_259,2024-09,4303,4496,-5637,-6612,4.49
UAE_259,2024-10,87919,87551,16568,17844,-0.42
UAE_259,2024-11,2780,2864,-11671,-12251,3.02
UAE_259,2024-12,2435,2463,-4080,-4232,1.15
UAE_259,2025-01,21725,22527,-9326,-10533,3.69
UAE_259,2025-02,21156,23361,-16244,-15516,10.42
UAE_259,2025-03,16170,16075,-12269,-12462,-0.59
UAE_259,2025-04,12210,13228,-2550,-2791,8.34
UAE_259,2025-05,15989,16900,-11350,-11491,5.7
UAE_259,2025-06,20883,21131,-13486,-14472,1.19
UAE_259,2025-07,11530,11983,-14818,-13941,3.93
UAE_259,2025-08,44045,41652,-2504,-2661,-5.43
UAE_259,2025-09,45481,46994,-2061,-2381,3.33
UAE_259,2025-10,7373,8034,-7761,-8339,8.97
UAE_259,2025-11,16400,16603,-5477,-5137,1.24
UAE_259,2025-12,8091,8813,-3351,-3615,8.92
UAE_260,2023-01,1599,1587,-3286,-3064,-0.75
UAE_260,2023-02,2359,2194,-4596,-4556,-6.99
UAE_260,2023-03,2415,2678,-2242,-2157,10.89
UAE_260,2023-04,1512,1573,-2629,-2531,4.03
UAE_260,2023-05,2614,2668,-2862,-2962,2.07
UAE_260,2023-06,1517,1503,-1759,-2052,-0.92
UAE_260,2023-07,1710,1663,-2113,-2285,-2.75
UAE_260,2023-08,5359,4967,-7714,-8149,-7.31
UAE_260,2023-09,3318,3085,-1769,-1854,-7.02
UAE_260,2023-10,1211,1256,-3067,-3535,3.72
UAE_260,2023-11,1665,1647,-5064,-5644,-1.08
UAE_260,2023-12,2767,2659,-5685,-5170,-3.9
UAE_260,2024-01,1970,2176,-4724,-4452,10.46
UAE_260,2024-02,1634,1570,-4075,-4444,-3.92
UAE_260,2024-03,1833,1961,-4797,-5155,6.98
UAE_260,2024-04,1431,1571,-4382,-4760,9.78
UAE_260,2024-05,1663,1721,-5358,-5258,3.49
UAE_260,2024-06,3696,3764,-6250,-5475,1.84
UAE_260,2024-07,1360,1475,-1638,-1630,8.46
UAE_260,2024-08,1988,2072,-6617,-6254,4.23
UAE_260,2024-09,2751,2637,-8837,-8073,-4.14
UAE_260,2024-10,3612,3399,-976,-882,-5.9
UAE_260,2024-11,2287,2361,-3055,-2916,3.24
UAE_260,2024-12,1379,1480,-2352,-2415,7.32
UAE_260,2025-01,1767,1685,-1228,-1289,-4.64
UAE_260,2025-02,2053,1935,-1973,-2055,-5.75
UAE_260,2025-03,940,977,-2292,-2572,3.94
UAE_260,2025-04,2953,3126,-4267,-4541,5.86
UAE_260,2025-05,3930,4246,-6087,-5590,8.04
UAE_260,2025-06,3048,2848,-3873,-3578,-6.56
UAE_260,2025-07,4732,4335,-4440,-4409,-8.39
UAE_260,2025-08,2392,2320,-3058,-2882,-3.01
UAE_260,2025-09,1614,1652,-6728,-6342,2.35
UAE_260,2025-10,1011,1071,-6391,-5736,5.93
UAE_260,2025-11,2867,3123,-2252,-2252,8.93
UAE_260,2025-12,836,883,-1996,-2309,5.62
UAE_261,2023-01,996,1091,-3588,-3381,9.54
UAE_261,2023-02,1178,1238,-1964,-1869,5.09
UAE_261,2023-03,1620,1606,-4585,-4162,-0.86
UAE_261,2023-04,2592,2700,-3241,-3716,4.17
UAE_261,2023-05,1735,1783,-7246,-7109,2.77
UAE_261,2023-06,5484,5474,-8212,-7415,-0.18
UAE_261,2023-07,1002,976,-5711,-5032,-2.59
UAE_261,2023-08,2193,2128,-1515,-1578,-2.96
UAE_261,2023-09,3276,3094,-5094,-5633,-5.56
UAE_261,2023-10,1173,1128,-4439,-4295,-3.84
UAE_261,2023-11,2023,2175,-1973,-1788,7.51
UAE_261,2023-12,2598,2604,-2395,-2157,0.23
UAE_261,2024-01,2143,1951,-1113,-1222,-8.96
UAE_261,2024-02,825,783,-4770,-4211,-5.09
UAE_261,2024-03,1002,913,-2723,-2671,-8.88
UAE_261,2024-04,1867,1772,-3529,-4121,-5.09
UAE_261,2024-05,1959,2125,-6676,-6892,8.47
UAE_261,2024-06,2323,2445,-2877,-2654,5.25
UAE_261,2024-07,2816,2768,-5262,-5555,-1.7
UAE_261,2024-08,4537,4149,-6449,-7174,-8.55
UAE_261,2024-09,3460,3638,-1779,-1612,5.14
UAE_261,2024-10,2083,2235,-6959,-6088,7.3
UAE_261,2024-11,2899,3033,-6653,-7219,4.62
UAE_261,2024-12,1291,1330,-4106,-4194,3.02
UAE_261,2025-01,1038,1036,-5236,-5491,-0.19
UAE_261,2025-02,1283,1199,-2739,-2445,-6.55
UAE_261,2025-03,3154,3122,-6010,-6094,-1.01
UAE_261,2025-04,1934,1934,-7329,-6629,0.0
UAE_261,2025-05,3177,3036,-1887,-1988,-4.44
UAE_261,2025-06,2346,2328,-9337,-8852,-0.77
UAE_261,2025-07,3088,3152,-10243,-9525,2.07
UAE_261,2025-08,1374,1325,-6270,-7302,-3.57
UAE_261,2025-09,1859,2066,-1999,-2038,11.14
UAE_261,2025-10,2242,2153,-2614,-2430,-3.97
UAE_261,2025-11,1926,2017,-1882,-1662,4.72
UAE_261,2025-12,2829,3002,-1815,-1845,6.12
UAE_262,2023-01,738,796,-1796,-2010,7.86
UAE_262,2023-02,2679,2497,-5703,-5638,-6.79
UAE_262,2023-03,1853,2015,-3827,-4265,8.74
UAE_262,2023-04,1384,1456,-4231,-4499,5.2
UAE_262,2023-05,1080,1028,-1709,-1836,-4.81
UAE_262,2023-06,3241,3514,-3568,-3343,8.42
UAE_262,2023-07,3352,3566,-6185,-5379,6.38
UAE_262,2023-08,2045,2242,-5865,-5481,9.63
UAE_262,2023-09,2954,3131,-4861,-5250,5.99
UAE_262,2023-10,2458,2430,-7239,-7141,-1.14
UAE_262,2023-11,1243,1174,-4081,-4438,-5.55
UAE_262,2023-12,1378,1505,-962,-929,9.22
UAE_262,2024-01,694,702,-1569,-1733,1.15
UAE_262,2024-02,2533,2569,-7076,-6261,1.42
UAE_262,2024-03,943,988,-3559,-4026,4.77
UAE_262,2024-04,1801,1836,-3830,-3474,1.94
UAE_262,2024-05,1406,1344,-2523,-2901,-4.41
UAE_262,2024-06,2614,2505,-4761,-4838,-4.17
UAE_262,2024-07,2825,3029,-2976,-3324,7.22
UAE_262,2024-08,2271,2197,-7382,-8551,-3.26
UAE_262,2024-09,3872,3578,-2712,-2973,-7.59
UAE_262,2024-10,987,904,-4873,-4484,-8.41
UAE_262,2024-11,1396,1421,-4493,-4038,1.79
UAE_262,2024-12,1194,1188,-4094,-4037,-0.5
UAE_262,2025-01,935,979,-3829,-4120,4.71
UAE_262,2025-02,2147,2324,-3998,-4277,8.24
UAE_262,2025-03,1136,1224,-3795,-3440,7.75
UAE_262,2025-04,2471,2659,-3968,-4406,7.61
UAE_262,2025-05,2249,2308,-7262,-6757,2.62
UAE_262,2025-06,2651,2868,-7784,-8383,8.19
UAE_262,2025-07,3356,3508,-3003,-3455,4.53
UAE_262,2025-08,1313,1270,-2672,-3026,-3.27
UAE_262,2025-09,3021,2776,-1403,-1514,-8.11
UAE_262,2025-10,1296,1345,-3906,-3681,3.78
UAE_262,2025-11,5534,5234,-4438,-5192,-5.42
UAE_262,2025-12,1044,1006,-4223,-4432,-3.64
UAE_263,2023-01,5022,4929,-9219,-9510,-1.85
UAE_263,2023-02,10532,10444,-11500,-11274,-0.84
UAE_263,2023-03,10353,11029,-11695,-10769,6.53
UAE_263,2023-04,7140,6528,-10105,-10015,-8.57
UAE_263,2023-05,34062,35879,-19399,-18594,5.33
UAE_263,2023-06,61162,56595,-27632,-29209,-7.47
UAE_263,2023-07,49610,50884,-3279,-3686,2.57
UAE_263,2023-08,20015,18639,-21587,-19476,-6.87
UAE_263,2023-09,179601,169480,10747,9614,-5.64
UAE_263,2023-10,19578,18065,-12773,-12360,-7.73
UAE_263,2023-11,53110,55657,1939,2230,4.8
UAE_263,2023-12,10069,10298,-7710,-9071,2.27
UAE_263,2024-01,36587,35805,-17596,-16169,-2.14
UAE_263,2024-02,67870,73736,-10837,-11640,8.64
UAE_263,2024-03,99986,110957,3670,3938,10.97
UAE_263,2024-04,26196,24758,-13658,-15696,-5.49
UAE_263,2024-05,18073,18130,-11833,-10787,0.32
UAE_263,2024-06,142312,154453,-8017,-6999,8.53
UAE_263,2024-07,156256,153337,4965,5235,-1.87
UAE_263,2024-08,75788,82120,-5349,-4934,8.35
UAE_263,2024-09,87779,89861,-4179,-4561,2.37
UAE_263,2024-10,14919,16438,-4651,-4912,10.18
UAE_263,2024-11,74972,72884,-12568,-14606,-2.79
UAE_263,2024-12,3623,3621,-11576,-11499,-0.06
UAE_263,2025-01,5358,5428,-9341,-9593,1.31
UAE_263,2025-02,8278,8333,-16877,-19524,0.66
UAE_263,2025-03,79812,75920,-6961,-6582,-4.88
UAE_263,2025-04,143647,138901,11875,11871,-3.3
UAE_263,2025-05,114668,126856,21540,21195,10.63
UAE_263,2025-06,106426,101775,7318,7692,-4.37
UAE_263,2025-07,12911,12966,-6870,-6033,0.43
UAE_263,2025-08,90112,85075,3164,3494,-5.59
UAE_263,2025-09,18359,19187,-4325,-4430,4.51
UAE_263,2025-10,103746,101345,3618,4150,-2.31
UAE_263,2025-11,106216,114174,-2565,-2250,7.49
UAE_263,2025-12,57598,61041,-6227,-5591,5.98
UAE_264,2023-01,3653,3581,-2701,-2680,-1.97
UAE_264,2023-02,4897,5066,-11449,-11436,3.45
UAE_264,2023-03,11538,12098,-8976,-10513,4.85
UAE_264,2023-04,23394,21816,-3057,-3091,-6.75
UAE_264,2023-05,4974,5241,-7005,-6839,5.37
UAE_264,2023-06,7430,7144,-15431,-17947,-3.85
UAE_264,2023-07,5517,6119,-12860,-13541,10.91
UAE_264,2023-08,3135,2883,-4082,-4656,-8.04
UAE_264,2023-09,18424,19014,-9540,-9353,3.2
UAE_264,2023-10,17423,16981,-10465,-10397,-2.54
UAE_264,2023-11,20500,18946,-5858,-6147,-7.58
UAE_264,2023-12,4147,3789,-8407,-7766,-8.63
UAE_264,2024-01,5309,5772,-13474,-13190,8.72
UAE_264,2024-02,7517,7976,-10713,-11791,6.11
UAE_264,2024-03,23563,24656,-4074,-4130,4.64
UAE_264,2024-04,7690,7709,-5981,-5461,0.25
UAE_264,2024-05,24600,22508,-6853,-7725,-8.5
UAE_264,2024-06,4411,4449,-6656,-7469,0.86
UAE_264,2024-07,29056,29817,-8896,-9737,2.62
UAE_264,2024-08,15526,16455,-3716,-3615,5.98
UAE_264,2024-09,22530,22649,-12312,-12871,0.53
UAE_264,2024-10,6930,6584,-17104,-15800,-4.99
UAE_264,2024-11,19124,18108,-7002,-6908,-5.31
UAE_264,2024-12,2588,2393,-9466,-8340,-7.53
UAE_264,2025-01,4633,4677,-10650,-9492,0.95
UAE_264,2025-02,2960,3128,-4109,-4748,5.68
UAE_264,2025-03,5320,5401,-5724,-5436,1.52
UAE_264,2025-04,6386,6940,-4565,-4034,8.68
UAE_264,2025-05,5003,5517,-3942,-3888,10.27
UAE_264,2025-06,92621,88393,2135,2175,-4.56
UAE_264,2025-07,9031,8607,-12939,-12472,-4.69
UAE_264,2025-08,9021,8701,-14008,-12989,-3.55
UAE_264,2025-09,9951,9498,-13006,-13905,-4.55
UAE_264,2025-10,5603,5595,-8633,-9248,-0.14
UAE_264,2025-11,7806,7728,-4204,-3807,-1.0
UAE_264,2025-12,4130,4007,-6899,-7023,-2.98
UAE_265,2023-01,3796,3936,-3490,-3610,3.69
UAE_265,2023-02,13989,13548,-7683,-7666,-3.15
UAE_265,2023-03,4203,4465,-3961,-3685,6.23
UAE_265,2023-04,8904,8791,-7817,-7678,-1.27
UAE_265,2023-05,1717,1800,-4315,-4843,4.83
UAE_265,2023-06,8975,9081,-7927,-8055,1.18
UAE_265,2023-07,8222,7818,-13034,-11370,-4.91
UAE_265,2023-08,4209,4380,-4555,-4180,4.06
UAE_265,2023-09,3774,3575,-6675,-6369,-5.27
UAE_265,2023-10,5159,5125,-7695,-7426,-0.66
UAE_265,2023-11,2683,2697,-11518,-10404,0.52
UAE_265,2023-12,2253,2289,-7800,-6813,1.6
UAE_265,2024-01,2517,2771,-8631,-8460,10.09
UAE_265,2024-02,7929,8535,-8702,-9232,7.64
UAE_265,2024-03,8585,8791,-9851,-11057,2.4
UAE_265,2024-04,3756,3809,-9731,-10018,1.41
UAE_265,2024-05,6358,5829,-7238,-6513,-8.32
UAE_265,2024-06,10552,9702,-12936,-13146,-8.06
UAE_265,2024-07,3940,3794,-13766,-15212,-3.71
UAE_265,2024-08,8485,9051,-11306,-11092,6.67
UAE_265,2024-09,5617,6146,-3191,-3601,9.42
UAE_265,2024-10,9178,9108,-10484,-9759,-0.76
UAE_265,2024-11,5611,5543,-11809,-11916,-1.21
UAE_265,2024-12,3056,3162,-10439,-9123,3.47
UAE_265,2025-01,2401,2470,-5285,-5095,2.87
UAE_265,2025-02,4914,5272,-12410,-12220,7.29
UAE_265,2025-03,1677,1838,-9364,-10145,9.6
UAE_265,2025-04,6047,5651,-6140,-5668,-6.55
UAE_265,2025-05,4942,4844,-9550,-8713,-1.98
UAE_265,2025-06,7944,8474,-12952,-11307,6.67
UAE_265,2025-07,5990,6271,-4633,-4865,4.69
UAE_265,2025-08,3643,3955,-5406,-5617,8.56
UAE_265,2025-09,17574,19195,-6081,-6440,9.22
UAE_265,2025-10,7452,6799,-10288,-11052,-8.76
UAE_265,2025-11,1735,1740,-10276,-10064,0.29
UAE_265,2025-12,6378,6133,-4702,-4215,-3.84
UAE_266,2023-01,1893,1945,-3837,-3601,2.75
UAE_266,2023-02,6276,6920,-6939,-6405,10.26
UAE_266,2023-03,5610,5974,-6518,-6564,6.49
UAE_266,2023-04,2718,2721,-7998,-8892,0.11
UAE_266,2023-05,2347,2256,-1806,-2014,-3.88
UAE_266,2023-06,18640,18179,-2899,-2716,-2.47
UAE_266,2023-07,21481,21107,-4385,-5129,-1.74
UAE_266,2023-08,3272,3177,-5032,-5161,-2.9
UAE_266,2023-09,10543,9700,-6676,-7119,-8.0
UAE_266,2023-10,1164,1231,-10670,-10473,5.76
UAE_266,2023-11,3208,3045,-3630,-3857,-5.08
UAE_266,2023-12,2363,2521,-5299,-4981,6.69
UAE_266,2024-01,3438,3543,-4794,-5518,3.05
UAE_266,2024-02,2662,2718,-7848,-7422,2.1
UAE_266,2024-03,4355,4221,-630,-724,-3.08
UAE_266,2024-04,6724,6119,-6079,-5308,-9.0
UAE_266,2024-05,4474,4228,-7752,-6941,-5.5
UAE_266,2024-06,2814,2559,-2539,-2631,-9.06
UAE_266,2024-07,2074,1899,-8098,-9269,-8.44
UAE_266,2024-08,10355,10074,-7912,-7018,-2.71
UAE_266,2024-09,3121,3041,-3724,-4242,-2.56
UAE_266,2024-10,4667,4705,-3304,-3468,0.81
UAE_266,2024-11,14224,13789,-6544,-5769,-3.06
UAE_266,2024-12,6934,7502,-5803,-6276,8.19
UAE_266,2025-01,1132,1249,-8213,-8284,10.34
UAE_266,2025-02,2567,2699,-1307,-1254,5.14
UAE_266,2025-03,12230,12892,-8533,-7640,5.41
UAE_266,2025-04,3491,3246,-2075,-2345,-7.02
UAE_266,2025-05,21201,19993,-4397,-4456,-5.7
UAE_266,2025-06,6087,6403,-9251,-10413,5.19
UAE_266,2025-07,12493,12027,-8878,-7837,-3.73
UAE_266,2025-08,10965,11367,-4395,-4581,3.67
UAE_266,2025-09,15583,15910,-8081,-7565,2.1
UAE_266,2025-10,4454,4243,-2514,-2445,-4.74
UAE_266,2025-11,3267,3617,-5927,-6725,10.71
UAE_266,2025-12,1479,1409,-3773,-3698,-4.73
UAE_267,2023-01,893,893,-2881,-3037,0.0
UAE_267,2023-02,1354,1485,-2486,-2856,9.68
UAE_267,2023-03,1435,1521,-5110,-4928,5.99
UAE_267,2023-04,5471,5712,-6655,-6234,4.41
UAE_267,2023-05,1250,1353,-5552,-5948,8.24
UAE_267,2023-06,2310,2204,-1434,-1576,-4.59
UAE_267,2023-07,3375,3628,-2597,-2440,7.5
UAE_267,2023-08,2240,2229,-3488,-3160,-0.49
UAE_267,2023-09,2085,2304,-5772,-5150,10.5
UAE_267,2023-10,2094,2322,-4882,-5374,10.89
UAE_267,2023-11,1734,1754,-4807,-4709,1.15
UAE_267,2023-12,5247,5493,-4993,-5717,4.69
UAE_267,2024-01,1970,1911,-1240,-1348,-2.99
UAE_267,2024-02,1836,1728,-5039,-5694,-5.88
UAE_267,2024-03,2656,2709,-2835,-2705,2.0
UAE_267,2024-04,2971,3102,-3117,-3639,4.41
UAE_267,2024-05,2964,2971,-4969,-5581,0.24
UAE_267,2024-06,3074,3215,-1530,-1677,4.59
UAE_267,2024-07,3729,3799,-1741,-1815,1.88
UAE_267,2024-08,3051,2915,-8444,-7727,-4.46
UAE_267,2024-09,2502,2761,-5330,-5442,10.35
UAE_267,2024-10,3180,3162,-6557,-5943,-0.57
UAE_267,2024-11,2640,2525,-5020,-5488,-4.36
UAE_267,2024-12,2965,2711,-2394,-2289,-8.57
UAE_267,2025-01,1967,2098,-4321,-4263,6.66
UAE_267,2025-02,1262,1156,-5742,-5301,-8.4
UAE_267,2025-03,1461,1383,-1956,-1784,-5.34
UAE_267,2025-04,3094,2974,-1120,-1250,-3.88
UAE_267,2025-05,3927,3744,-1183,-1059,-4.66
UAE_267,2025-06,2847,2766,-1668,-1500,-2.85
UAE_267,2025-07,4077,4145,-816,-922,1.67
UAE_267,2025-08,1859,1701,-1369,-1524,-8.5
UAE_267,2025-09,2278,2386,-7372,-6543,4.74
UAE_267,2025-10,2797,3030,-5452,-4818,8.33
UAE_267,2025-11,2093,2191,-3874,-3681,4.68
UAE_267,2025-12,1993,2113,-4617,-4758,6.02
UAE_268,2023-01,2249,2341,-1694,-1857,4.09
UAE_268,2023-02,1271,1344,-3979,-3504,5.74
UAE_268,2023-03,1994,2150,-1225,-1246,7.82
UAE_268,2023-04,3051,2919,-2840,-2514,-4.33
UAE_268,2023-05,1888,1795,-4441,-3953,-4.93
UAE_268,2023-06,1790,1662,-4372,-4156,-7.15
UAE_268,2023-07,2335,2441,-2220,-2454,4.54
UAE_268,2023-08,3975,4298,-8160,-7411,8.13
UAE_268,2023-09,2783,2790,-8923,-8653,0.25
UAE_268,2023-10,2787,2594,-5573,-4905,-6.93
UAE_268,2023-11,2001,2109,-3026,-3307,5.4
UAE_268,2023-12,956,996,-2948,-3096,4.18
UAE_268,2024-01,730,751,-2273,-2235,2.88
UAE_268,2024-02,808,882,-4510,-3954,9.16
UAE_268,2024-03,5743,5290,-4180,-4340,-7.89
UAE_268,2024-04,2151,1978,-5139,-5192,-8.04
UAE_268,2024-05,2061,1897,-2682,-2513,-7.96
UAE_268,2024-06,2520,2646,-8481,-9049,5.0
UAE_268,2024-07,1432,1505,-2480,-2720,5.1
UAE_268,2024-08,2332,2256,-4078,-4221,-3.26
UAE_268,2024-09,3807,3504,-2252,-2383,-7.96
UAE_268,2024-10,3255,3180,-1806,-1959,-2.3
UAE_268,2024-11,2841,3044,-5854,-5691,7.15
UAE_268,2024-12,2663,2520,-1523,-1632,-5.37
UAE_268,2025-01,1201,1184,-2435,-2857,-1.42
UAE_268,2025-02,1308,1213,-3519,-3903,-7.26
UAE_268,2025-03,2254,2202,-6194,-6366,-2.31
UAE_268,2025-04,2878,2792,-7159,-6776,-2.99
UAE_268,2025-05,1262,1219,-7675,-6808,-3.41
UAE_268,2025-06,2559,2468,-2210,-2115,-3.56
UAE_268,2025-07,2545,2694,-4884,-4965,5.85
UAE_268,2025-08,4555,4263,-5441,-5591,-6.41
UAE_268,2025-09,2545,2448,-6814,-7199,-3.81
UAE_268,2025-10,7391,7466,-5602,-6046,1.01
UAE_268,2025-11,1819,1955,-5185,-6087,7.48
UAE_268,2025-12,1581,1751,-3586,-3408,10.75
UAE_269,2023-01,3007,2886,-1109,-995,-4.02
UAE_269,2023-02,3146,2951,-5065,-5851,-6.2
UAE_269,2023-03,1048,1002,-3966,-4512,-4.39
UAE_269,2023-04,4239,4078,-8212,-8585,-3.8
UAE_269,2023-05,1358,1427,-8311,-8501,5.08
UAE_269,2023-06,2116,1991,-3923,-3450,-5.91
UAE_269,2023-07,7324,7516,-6013,-5845,2.62
UAE_269,2023-08,3386,3157,-1577,-1705,-6.76
UAE_269,2023-09,3639,3998,-927,-936,9.87
UAE_269,2023-10,2271,2411,-5490,-5639,6.16
UAE_269,2023-11,6596,6998,-5300,-6069,6.09
UAE_269,2023-12,1397,1412,-2425,-2643,1.07
UAE_269,2024-01,2704,2684,-6472,-7224,-0.74
UAE_269,2024-02,2880,2812,-5662,-5747,-2.36
UAE_269,2024-03,12086,11282,-4466,-4955,-6.65
UAE_269,2024-04,1919,1944,-8557,-8349,1.3
UAE_269,2024-05,3186,2969,-8998,-8075,-6.81
UAE_269,2024-06,2806,2684,-4885,-5331,-4.35
UAE_269,2024-07,3618,3611,-1787,-1993,-0.19
UAE_269,2024-08,4126,4246,-9493,-8993,2.91
UAE_269,2024-09,2649,2845,-1353,-1305,7.4
UAE_269,2024-10,4150,4146,-6381,-6152,-0.1
UAE_269,2024-11,3506,3194,-1912,-1796,-8.9
UAE_269,2024-12,2702,2674,-2439,-2569,-1.04
UAE_269,2025-01,2691,2893,-7462,-6565,7.51
UAE_269,2025-02,2866,3110,-3484,-3781,8.51
UAE_269,2025-03,3613,3333,-5028,-5033,-7.75
UAE_269,2025-04,3502,3549,-6493,-6460,1.34
UAE_269,2025-05,2602,2495,-3666,-3597,-4.11
UAE_269,2025-06,3701,3887,-5885,-5893,5.03
UAE_269,2025-07,7271,7105,-9130,-8784,-2.28
UAE_269,2025-08,2817,2756,-3594,-3851,-2.17
UAE_269,2025-09,2668,2656,-5684,-6025,-0.45
UAE_269,2025-10,1825,1810,-2806,-2523,-0.82
UAE_269,2025-11,5166,5599,-6842,-6285,8.38
UAE_269,2025-12,2727,2712,-2033,-1780,-0.55
UAE_270,2023-01,23547,22402,-9334,-8942,-4.86
UAE_270,2023-02,6505,6664,-14409,-13065,2.44
UAE_270,2023-03,12124,12982,-18240,-19509,7.08
UAE_270,2023-04,104034,107920,1827,1897,3.74
UAE_270,2023-05,32485,34753,-24400,-27843,6.98
UAE_270,2023-06,105573,97789,1027,1180,-7.37
UAE_270,2023-07,423762,395030,73562,73351,-6.78
UAE_270,2023-08,58703,57284,-7820,-6885,-2.42
UAE_270,2023-09,55619,51771,-15911,-15886,-6.92
UAE_270,2023-10,68554,73301,2849,3269,6.92
UAE_270,2023-11,36098,34914,-19734,-18825,-3.28
UAE_270,2023-12,25137,25527,-9546,-8554,1.55
UAE_270,2024-01,28436,29335,-7765,-8535,3.16
UAE_270,2024-02,35198,32046,-17768,-16335,-8.96
UAE_270,2024-03,42044,46159,-7929,-9245,9.79
UAE_270,2024-04,42090,45708,2482,2246,8.6
UAE_270,2024-05,96836,91349,5927,6859,-5.67
UAE_270,2024-06,36267,33006,-2566,-2929,-8.99
UAE_270,2024-07,62029,61106,-22668,-21102,-1.49
UAE_270,2024-08,129289,131274,15568,15028,1.54
UAE_270,2024-09,178319,164523,10226,10926,-7.74
UAE_270,2024-10,69041,68715,-8040,-9412,-0.47
UAE_270,2024-11,27695,25593,-12753,-12491,-7.59
UAE_270,2024-12,96579,91918,-3799,-3456,-4.83
UAE_270,2025-01,13186,13637,-4525,-4467,3.42
UAE_270,2025-02,9378,8530,-14361,-13611,-9.04
UAE_270,2025-03,66005,69621,-4527,-4610,5.48
UAE_270,2025-04,85357,86501,-7622,-8735,1.34
UAE_270,2025-05,63964,60528,-11167,-9884,-5.37
UAE_270,2025-06,120219,118906,-4812,-4476,-1.09
UAE_270,2025-07,142435,155150,16584,18511,8.93
UAE_270,2025-08,107974,107779,8138,8654,-0.18
UAE_270,2025-09,188926,182312,33024,31524,-3.5
UAE_270,2025-10,81481,83900,-14334,-12998,2.97
UAE_270,2025-11,124291,120815,14696,16865,-2.8
UAE_270,2025-12,62281,60769,928,961,-2.43
UAE_271,2023-01,1649,1733,-6076,-5931,5.09
UAE_271,2023-02,2219,2315,-812,-728,4.33
UAE_271,2023-03,894,939,-2364,-2775,5.03
UAE_271,2023-04,2578,2374,-1774,-1833,-7.91
UAE_271,2023-05,999,992,-4434,-4283,-0.7
UAE_271,2023-06,7043,6763,-7207,-6728,-3.98
UAE_271,2023-07,1896,2093,-5434,-6101,10.39
UAE_271,2023-08,6373,5980,-7891,-7402,-6.17
UAE_271,2023-09,1319,1415,-2758,-2962,7.28
UAE_271,2023-10,2326,2495,-1834,-1799,7.27
UAE_271,2023-11,2954,2906,-6179,-6258,-1.62
UAE_271,2023-12,2032,1908,-1281,-1135,-6.1
UAE_271,2024-01,1911,1800,-4858,-4451,-5.81
UAE_271,2024-02,883,819,-5829,-5503,-7.25
UAE_271,2024-03,965,905,-1572,-1792,-6.22
UAE_271,2024-04,5755,5481,-7767,-7594,-4.76
UAE_271,2024-05,2152,1987,-4418,-4272,-7.67
UAE_271,2024-06,2560,2528,-8039,-8383,-1.25
UAE_271,2024-07,1776,1831,-8488,-7394,3.1
UAE_271,2024-08,4202,3880,-3657,-3720,-7.66
UAE_271,2024-09,2050,2159,-3568,-4069,5.32
UAE_271,2024-10,2107,1943,-5954,-6579,-7.78
UAE_271,2024-11,1343,1428,-7458,-6841,6.33
UAE_271,2024-12,1377,1359,-2255,-2448,-1.31
UAE_271,2025-01,2276,2385,-2671,-3006,4.79
UAE_271,2025-02,1677,1528,-3169,-3379,-8.88
UAE_271,2025-03,6721,6255,-4985,-5325,-6.93
UAE_271,2025-04,3344,3043,-1524,-1774,-9.0
UAE_271,2025-05,2088,2018,-5555,-5057,-3.35
UAE_271,2025-06,3166,3108,-3257,-3556,-1.83
UAE_271,2025-07,4276,4248,-917,-858,-0.65
UAE_271,2025-08,1799,1806,-3677,-4247,0.39
UAE_271,2025-09,1600,1497,-2076,-1874,-6.44
UAE_271,2025-10,3659,3339,-3083,-3425,-8.75
UAE_271,2025-11,1220,1340,-5128,-4542,9.84
UAE_271,2025-12,2098,2095,-3768,-3386,-0.14
UAE_272,2023-01,2079,2153,-6141,-5521,3.56
UAE_272,2023-02,718,691,-3959,-4007,-3.76
UAE_272,2023-03,1071,1108,-1730,-1508,3.45
UAE_272,2023-04,2914,2748,-3924,-4495,-5.7
UAE_272,2023-05,3008,3209,-1665,-1506,6.68
UAE_272,2023-06,3045,3350,-4920,-4472,10.02
UAE_272,2023-07,2645,2570,-1692,-1476,-2.84
UAE_272,2023-08,2187,2038,-7529,-7769,-6.81
UAE_272,2023-09,3129,2975,-3345,-3429,-4.92
UAE_272,2023-10,1747,1698,-6769,-6279,-2.8
UAE_272,2023-11,1788,1725,-1800,-2108,-3.52
UAE_272,2023-12,1762,1855,-956,-1048,5.28
UAE_272,2024-01,1880,1906,-4956,-5081,1.38
UAE_272,2024-02,714,712,-5591,-5362,-0.28
UAE_272,2024-03,1824,1934,-3282,-3442,6.03
UAE_272,2024-04,1814,1717,-1978,-2045,-5.35
UAE_272,2024-05,5906,6182,-6998,-6831,4.67
UAE_272,2024-06,6198,6799,-5269,-5070,9.7
UAE_272,2024-07,1580,1466,-3662,-3641,-7.22
UAE_272,2024-08,3989,3671,-2143,-1970,-7.97
UAE_272,2024-09,2498,2686,-1342,-1254,7.53
UAE_272,2024-10,2042,2176,-4404,-4726,6.56
UAE_272,2024-11,1708,1841,-4772,-5254,7.79
UAE_272,2024-12,811,885,-5801,-6750,9.12
UAE_272,2025-01,2298,2543,-6452,-5825,10.66
UAE_272,2025-02,1476,1482,-4284,-4897,0.41
UAE_272,2025-03,1815,1943,-1218,-1080,7.05
UAE_272,2025-04,1475,1579,-3151,-2956,7.05
UAE_272,2025-05,3321,3666,-853,-805,10.39
UAE_272,2025-06,2304,2215,-4758,-4356,-3.86
UAE_272,2025-07,3069,2879,-5587,-5442,-6.19
UAE_272,2025-08,3941,4175,-3089,-3317,5.94
UAE_272,2025-09,1814,1768,-6288,-6493,-2.54
UAE_272,2025-10,3391,3509,-1037,-1076,3.48
UAE_272,2025-11,1690,1560,-6698,-5909,-7.69
UAE_272,2025-12,1456,1330,-4975,-5368,-8.65
UAE_273,2023-01,2652,2619,-4699,-4295,-1.24
UAE_273,2023-02,4929,5013,-9610,-8670,1.7
UAE_273,2023-03,3815,4166,-2030,-2161,9.2
UAE_273,2023-04,8939,9654,-10261,-9825,8.0
UAE_273,2023-05,3102,3261,-5440,-4933,5.13
UAE_273,2023-06,3161,3186,-2523,-2322,0.79
UAE_273,2023-07,3465,3738,-13960,-12700,7.88
UAE_273,2023-08,7787,8084,-7546,-6775,3.81
UAE_273,2023-09,1987,2006,-5111,-5843,0.96
UAE_273,2023-10,3556,3497,-3036,-3122,-1.66
UAE_273,2023-11,12718,12370,-6600,-6418,-2.74
UAE_273,2023-12,3632,3343,-2103,-2053,-7.96
UAE_273,2024-01,3547,3925,-3367,-3305,10.66
UAE_273,2024-02,1846,1854,-11714,-10774,0.43
UAE_273,2024-03,4863,5389,-2054,-1910,10.82
UAE_273,2024-04,3924,4202,-9431,-10109,7.08
UAE_273,2024-05,1973,1847,-2662,-2529,-6.39
UAE_273,2024-06,43757,41050,30,29,-6.19
UAE_273,2024-07,7571,7145,-6715,-6648,-5.63
UAE_273,2024-08,12895,12298,-1474,-1366,-4.63
UAE_273,2024-09,7112,7760,-9281,-8600,9.11
UAE_273,2024-10,5222,4816,-9139,-10691,-7.77
UAE_273,2024-11,5346,5260,-7533,-7756,-1.61
UAE_273,2024-12,12200,11360,-9857,-9607,-6.89
UAE_273,2025-01,11028,12225,-6189,-7004,10.85
UAE_273,2025-02,10832,10582,-7660,-6901,-2.31
UAE_273,2025-03,8720,9046,-7541,-8092,3.74
UAE_273,2025-04,18054,18928,-8095,-7069,4.84
UAE_273,2025-05,3016,3277,-13606,-14932,8.65
UAE_273,2025-06,3715,3997,-10332,-9541,7.59
UAE_273,2025-07,8494,8541,-11751,-13393,0.55
UAE_273,2025-08,3691,3780,-7495,-7701,2.41
UAE_273,2025-09,6248,6516,-2737,-2808,4.29
UAE_273,2025-10,5895,6504,-7446,-8496,10.33
UAE_273,2025-11,2844,3114,-6866,-6760,9.49
UAE_273,2025-12,10323,11381,-11581,-10487,10.25
UAE_274,2023-01,1994,2157,-2466,-2600,8.17
UAE_274,2023-02,669,639,-5519,-5274,-4.48
UAE_274,2023-03,1639,1771,-7287,-7026,8.05
UAE_274,2023-04,2823,2636,-1671,-1945,-6.62
UAE_274,2023-05,6084,6453,-6662,-6771,6.07
UAE_274,2023-06,2043,2037,-5658,-6200,-0.29
UAE_274,2023-07,2326,2283,-4899,-4926,-1.85
UAE_274,2023-08,2524,2587,-6727,-6394,2.5
UAE_274,2023-09,2632,2488,-6840,-6921,-5.47
UAE_274,2023-10,2631,2702,-6614,-6369,2.7
UAE_274,2023-11,4770,4963,-5239,-5957,4.05
UAE_274,2023-12,1253,1194,-5264,-4986,-4.71
UAE_274,2024-01,2475,2608,-1275,-1394,5.37
UAE_274,2024-02,1192,1213,-4360,-4330,1.76
UAE_274,2024-03,1686,1577,-4804,-4842,-6.47
UAE_274,2024-04,5522,5970,-4627,-5104,8.11
UAE_274,2024-05,2490,2516,-3605,-3842,1.04
UAE_274,2024-06,2040,1924,-1941,-2184,-5.69
UAE_274,2024-07,6070,5946,-3189,-3097,-2.04
UAE_274,2024-08,1193,1206,-4358,-3799,1.09
UAE_274,2024-09,3436,3289,-1396,-1412,-4.28
UAE_274,2024-10,2791,2879,-4214,-4937,3.15
UAE_274,2024-11,1129,1133,-2078,-1984,0.35
UAE_274,2024-12,1590,1674,-5062,-4424,5.28
UAE_274,2025-01,1198,1122,-2152,-2083,-6.34
UAE_274,2025-02,847,880,-5476,-5725,3.9
UAE_274,2025-03,1811,1868,-1105,-1092,3.15
UAE_274,2025-04,1779,1867,-6135,-5411,4.95
UAE_274,2025-05,3879,3819,-6088,-6183,-1.55
UAE_274,2025-06,1279,1226,-4325,-4200,-4.14
UAE_274,2025-07,2676,2531,-9147,-8324,-5.42
UAE_274,2025-08,4416,4223,-6624,-6184,-4.37
UAE_274,2025-09,1182,1134,-5192,-4657,-4.06
UAE_274,2025-10,2146,2105,-1027,-1095,-1.91
UAE_274,2025-11,1482,1382,-6401,-6936,-6.75
UAE_274,2025-12,2604,2699,-2387,-2583,3.65
UAE_275,2023-01,3643,3330,-5114,-4624,-8.59
UAE_275,2023-02,2790,2650,-9048,-8638,-5.02
UAE_275,2023-03,8396,8317,-7047,-6508,-0.94
UAE_275,2023-04,4320,4015,-2791,-3130,-7.06
UAE_275,2023-05,4228,4395,-8371,-8174,3.95
UAE_275,2023-06,10825,9994,-8288,-8994,-7.68
UAE_275,2023-07,3693,3649,-9876,-10486,-1.19
UAE_275,2023-08,5712,5661,-2025,-2017,-0.89
UAE_275,2023-09,6359,6203,-7868,-7990,-2.45
UAE_275,2023-10,7046,6814,-8472,-8803,-3.29
UAE_275,2023-11,2360,2558,-10081,-9980,8.39
UAE_275,2023-12,2405,2381,-5623,-5132,-1.0
UAE_275,2024-01,3925,3866,-6345,-6865,-1.5
UAE_275,2024-02,2118,1934,-7450,-7819,-8.69
UAE_275,2024-03,9120,9373,-7691,-8638,2.77
UAE_275,2024-04,2474,2733,-5483,-6205,10.47
UAE_275,2024-05,13407,12594,-4893,-5550,-6.06
UAE_275,2024-06,6983,6892,-4224,-4591,-1.3
UAE_275,2024-07,5253,5045,-8555,-7978,-3.96
UAE_275,2024-08,23708,24018,-7472,-7036,1.31
UAE_275,2024-09,4492,4123,-7966,-8079,-8.21
UAE_275,2024-10,2484,2321,-6780,-6833,-6.56
UAE_275,2024-11,4847,4621,-3785,-3628,-4.66
UAE_275,2024-12,2072,2203,-6474,-6060,6.32
UAE_275,2025-01,7475,7580,-9707,-9143,1.4
UAE_275,2025-02,2971,2773,-4112,-4677,-6.66
UAE_275,2025-03,4635,4789,-2647,-2554,3.32
UAE_275,2025-04,17128,15919,-10057,-9348,-7.06
UAE_275,2025-05,2675,2925,-6741,-5993,9.35
UAE_275,2025-06,12339,12281,-9042,-10499,-0.47
UAE_275,2025-07,1907,2025,-10848,-12484,6.19
UAE_275,2025-08,25826,24132,-6649,-7062,-6.56
UAE_275,2025-09,6564,6861,-6903,-6767,4.52
UAE_275,2025-10,2868,3128,-2510,-2306,9.07
UAE_275,2025-11,5607,6008,-4208,-4264,7.15
UAE_275,2025-12,4640,4881,-5804,-6088,5.19
UAE_276,2023-01,904,987,-4100,-4625,9.18
UAE_276,2023-02,3239,3249,-5154,-5228,0.31
UAE_276,2023-03,2186,2243,-3196,-3511,2.61
UAE_276,2023-04,2590,2771,-7242,-7615,6.99
UAE_276,2023-05,2017,1915,-6279,-7302,-5.06
UAE_276,2023-06,3006,3233,-6970,-6548,7.55
UAE_276,2023-07,1704,1624,-2030,-2133,-4.69
UAE_276,2023-08,2510,2578,-3635,-3328,2.71
UAE_276,2023-09,3200,3050,-2788,-2883,-4.69
UAE_276,2023-10,2070,2094,-5595,-5052,1.16
UAE_276,2023-11,2703,2777,-2959,-3241,2.74
UAE_276,2023-12,1998,1954,-997,-977,-2.2
UAE_276,2024-01,1000,990,-6238,-5529,-1.0
UAE_276,2024-02,885,945,-3498,-3402,6.78
UAE_276,2024-03,2409,2305,-4034,-4194,-4.32
UAE_276,2024-04,2258,2218,-7505,-7146,-1.77
UAE_276,2024-05,2057,2185,-8154,-7909,6.22
UAE_276,2024-06,1224,1164,-5874,-6440,-4.9
UAE_276,2024-07,1710,1717,-6753,-6952,0.41
UAE_276,2024-08,1778,1826,-9152,-8324,2.7
UAE_276,2024-09,2318,2404,-4235,-4276,3.71
UAE_276,2024-10,3481,3262,-7449,-6555,-6.29
UAE_276,2024-11,3112,3259,-6417,-6438,4.72
UAE_276,2024-12,1792,1714,-6519,-5698,-4.35
UAE_276,2025-01,1172,1246,-1952,-1994,6.31
UAE_276,2025-02,2752,2541,-4889,-5181,-7.67
UAE_276,2025-03,1264,1187,-3518,-3123,-6.09
UAE_276,2025-04,1698,1649,-2242,-2438,-2.89
UAE_276,2025-05,1744,1705,-1534,-1577,-2.24
UAE_276,2025-06,2665,2848,-1724,-1549,6.87
UAE_276,2025-07,3648,3955,-1951,-2088,8.42
UAE_276,2025-08,2432,2392,-7965,-6973,-1.64
UAE_276,2025-09,1782,1827,-7739,-6938,2.53
UAE_276,2025-10,2706,2809,-4008,-4518,3.81
UAE_276,2025-11,2578,2507,-1920,-1807,-2.75
UAE_276,2025-12,1354,1278,-3310,-3674,-5.61
UAE_277,2023-01,1692,1809,-3605,-3391,6.91
UAE_277,2023-02,1069,1149,-6433,-6004,7.48
UAE_277,2023-03,2055,2045,-4324,-4534,-0.49
UAE_277,2023-04,1115,1230,-4999,-5044,10.31
UAE_277,2023-05,2402,2347,-1348,-1308,-2.29
UAE_277,2023-06,2945,2739,-7271,-7020,-6.99
UAE_277,2023-07,3228,3043,-3557,-3185,-5.73
UAE_277,2023-08,2472,2272,-3000,-2965,-8.09
UAE_277,2023-09,3075,2851,-2340,-2529,-7.28
UAE_277,2023-10,1492,1482,-2924,-3043,-0.67
UAE_277,2023-11,5627,5244,-3059,-3537,-6.81
UAE_277,2023-12,1732,1776,-4590,-4582,2.54
UAE_277,2024-01,1234,1317,-3310,-2908,6.73
UAE_277,2024-02,2025,2196,-6907,-6181,8.44
UAE_277,2024-03,2628,2889,-5075,-4655,9.93
UAE_277,2024-04,1796,1921,-2486,-2533,6.96
UAE_277,2024-05,3026,2942,-4272,-4321,-2.78
UAE_277,2024-06,2016,2030,-9299,-8170,0.69
UAE_277,2024-07,1444,1401,-4796,-4181,-2.98
UAE_277,2024-08,2361,2156,-2383,-2502,-8.68
UAE_277,2024-09,3480,3570,-4859,-5550,2.59
UAE_277,2024-10,1057,1137,-3771,-3702,7.57
UAE_277,2024-11,1798,1778,-4667,-5331,-1.11
UAE_277,2024-12,2935,2776,-2131,-1956,-5.42
UAE_277,2025-01,1367,1346,-5096,-5373,-1.54
UAE_277,2025-02,1727,1606,-4039,-4402,-7.01
UAE_277,2025-03,2152,2303,-4616,-4298,7.02
UAE_277,2025-04,2419,2313,-1843,-1754,-4.38
UAE_277,2025-05,2259,2416,-2850,-2862,6.95
UAE_277,2025-06,2133,2044,-6276,-6183,-4.17
UAE_277,2025-07,3907,4130,-1078,-1066,5.71
UAE_277,2025-08,7540,7959,-5814,-5574,5.56
UAE_277,2025-09,1556,1523,-5040,-5553,-2.12
UAE_277,2025-10,2549,2416,-5259,-5524,-5.22
UAE_277,2025-11,2112,2310,-2921,-2585,9.38
UAE_277,2025-12,3275,3566,-4230,-4639,8.89
UAE_278,2023-01,1042,1108,-3813,-3614,6.33
UAE_278,2023-02,3937,4052,-8772,-9414,2.92
UAE_278,2023-03,3536,3887,-9084,-9040,9.93
UAE_278,2023-04,3264,3173,-1989,-2157,-2.79
UAE_278,2023-05,6593,6979,-7660,-7387,5.85
UAE_278,2023-06,9125,10016,-9830,-9614,9.76
UAE_278,2023-07,8459,8199,-7434,-8103,-3.07
UAE_278,2023-08,2572,2348,-11650,-13182,-8.71
UAE_278,2023-09,2871,2911,-2889,-3188,1.39
UAE_278,2023-10,2802,3101,-5708,-5174,10.67
UAE_278,2023-11,22123,21675,-3986,-3682,-2.03
UAE_278,2023-12,3151,3247,-3076,-3503,3.05
UAE_278,2024-01,4184,4215,-4723,-4407,0.74
UAE_278,2024-02,1934,2126,-6211,-5812,9.93
UAE_278,2024-03,1671,1618,-6669,-7029,-3.17
UAE_278,2024-04,8811,9708,-4932,-5498,10.18
UAE_278,2024-05,1786,1870,-9322,-8969,4.7
UAE_278,2024-06,5426,5598,-12159,-12839,3.17
UAE_278,2024-07,6385,6444,-9343,-8743,0.92
UAE_278,2024-08,4008,4005,-5653,-4924,-0.07
UAE_278,2024-09,3899,4061,-4478,-4973,4.15
UAE_278,2024-10,3530,3236,-8601,-8991,-8.33
UAE_278,2024-11,2818,3107,-8655,-8616,10.26
UAE_278,2024-12,7350,7161,-8506,-7851,-2.57
UAE_278,2025-01,3314,3544,-1522,-1754,6.94
UAE_278,2025-02,3293,3315,-4469,-4749,0.67
UAE_278,2025-03,7519,6981,-10630,-9426,-7.16
UAE_278,2025-04,4919,4992,-1586,-1829,1.48
UAE_278,2025-05,5198,4791,-5366,-4789,-7.83
UAE_278,2025-06,2097,2314,-14336,-15498,10.35
UAE_278,2025-07,23300,21752,-6155,-5837,-6.64
UAE_278,2025-08,14009,14415,-13980,-12441,2.9
UAE_278,2025-09,5433,5162,-11161,-10920,-4.99
UAE_278,2025-10,5671,5364,-6615,-6899,-5.41
UAE_278,2025-11,9458,10359,-10962,-10222,9.53
UAE_278,2025-12,2874,3083,-10675,-9917,7.27
UAE_279,2023-01,1275,1219,-3444,-3763,-4.39
UAE_279,2023-02,2036,2040,-3113,-2852,0.2
UAE_279,2023-03,2902,2649,-2216,-2135,-8.72
UAE_279,2023-04,2047,1990,-7642,-6651,-2.78
UAE_279,2023-05,14644,15715,-4742,-4446,7.31
UAE_279,2023-06,2212,2149,-3320,-3212,-2.85
UAE_279,2023-07,2352,2484,-7146,-7464,5.61
UAE_279,2023-08,3606,3413,-4849,-4672,-5.35
UAE_279,2023-09,5647,5606,-8688,-7590,-0.73
UAE_279,2023-10,1935,1810,-1931,-2205,-6.46
UAE_279,2023-11,979,946,-6188,-5574,-3.37
UAE_279,2023-12,1668,1765,-6390,-5846,5.82
UAE_279,2024-01,1560,1597,-1443,-1369,2.37
UAE_279,2024-02,2613,2476,-4520,-4341,-5.24
UAE_279,2024-03,3171,2983,-2542,-2563,-5.93
UAE_279,2024-04,2480,2586,-4909,-5759,4.27
UAE_279,2024-05,1235,1144,-8211,-7972,-7.37
UAE_279,2024-06,1650,1719,-7976,-7057,4.18
UAE_279,2024-07,1402,1393,-5077,-5342,-0.64
UAE_279,2024-08,4067,3813,-2053,-1855,-6.25
UAE_279,2024-09,3530,3532,-1105,-1120,0.06
UAE_279,2024-10,1853,1868,-1694,-1698,0.81
UAE_279,2024-11,1019,942,-3803,-4181,-7.56
UAE_279,2024-12,1967,1841,-2150,-2480,-6.41
UAE_279,2025-01,767,753,-2645,-2482,-1.83
UAE_279,2025-02,2523,2454,-2926,-3081,-2.73
UAE_279,2025-03,1265,1233,-1348,-1384,-2.53
UAE_279,2025-04,1941,2050,-6385,-6215,5.62
UAE_279,2025-05,4049,3891,-4875,-4473,-3.9
UAE_279,2025-06,2298,2538,-3652,-3886,10.44
UAE_279,2025-07,5733,5327,-5008,-5770,-7.08
UAE_279,2025-08,3782,3453,-2814,-3162,-8.7
UAE_279,2025-09,1420,1446,-3017,-3085,1.83
UAE_279,2025-10,1779,1970,-2196,-2115,10.74
UAE_279,2025-11,3192,2935,-3091,-2756,-8.05
UAE_279,2025-12,1209,1282,-4291,-4982,6.04
UAE_280,2023-01,3362,3575,-7465,-8324,6.34
UAE_280,2023-02,5847,6068,-9491,-10156,3.78
UAE_280,2023-03,2922,2871,-5026,-5678,-1.75
UAE_280,2023-04,14913,14864,-9860,-9025,-0.33
UAE_280,2023-05,2329,2270,-9805,-9505,-2.53
UAE_280,2023-06,11580,11090,-7339,-7867,-4.23
UAE_280,2023-07,10133,9595,-10916,-9734,-5.31
UAE_280,2023-08,4752,4558,-4088,-4289,-4.08
UAE_280,2023-09,19574,19999,-7579,-7345,2.17
UAE_280,2023-10,10196,9352,-11259,-9875,-8.28
UAE_280,2023-11,4499,4983,-10769,-9483,10.76
UAE_280,2023-12,4028,4408,-2259,-2132,9.43
UAE_280,2024-01,2257,2246,-10110,-11199,-0.49
UAE_280,2024-02,3884,3624,-4917,-5099,-6.69
UAE_280,2024-03,13739,14480,-9022,-8633,5.39
UAE_280,2024-04,1638,1536,-7335,-8546,-6.23
UAE_280,2024-05,2327,2314,-3878,-4093,-0.56
UAE_280,2024-06,4578,4445,-7120,-6314,-2.91
UAE_280,2024-07,32892,34389,-7507,-7093,4.55
UAE_280,2024-08,32817,31631,-3204,-3003,-3.61
UAE_280,2024-09,6898,6802,-3804,-3639,-1.39
UAE_280,2024-10,10868,9984,-8146,-7315,-8.13
UAE_280,2024-11,1836,1897,-11049,-10195,3.32
UAE_280,2024-12,4715,4969,-4454,-5089,5.39
UAE_280,2025-01,4449,4475,-10238,-9915,0.58
UAE_280,2025-02,2606,2764,-6586,-6170,6.06
UAE_280,2025-03,2954,2771,-4764,-4589,-6.19
UAE_280,2025-04,23977,26228,-8197,-7892,9.39
UAE_280,2025-05,3044,3141,-5931,-6438,3.19
UAE_280,2025-06,13633,14792,-6616,-6024,8.5
UAE_280,2025-07,49379,46180,-4999,-4608,-6.48
UAE_280,2025-08,4360,4157,-10175,-9459,-4.66
UAE_280,2025-09,4247,3992,-8480,-9683,-6.0
UAE_280,2025-10,8242,8986,-5551,-5648,9.03
UAE_280,2025-11,10764,11295,-7300,-7745,4.93
UAE_280,2025-12,7903,8592,-9653,-8500,8.72
UAE_281,2023-01,3202,3154,-4247,-3807,-1.5
UAE_281,2023-02,2621,2755,-5421,-5307,5.11
UAE_281,2023-03,1562,1662,-3637,-3304,6.4
UAE_281,2023-04,8562,7958,-6428,-7386,-7.05
UAE_281,2023-05,5817,6407,-14542,-12969,10.14
UAE_281,2023-06,23819,22440,-3776,-3863,-5.79
UAE_281,2023-07,1792,1842,-8204,-8218,2.79
UAE_281,2023-08,23000,23074,-8287,-7962,0.32
UAE_281,2023-09,4138,4029,-4902,-4867,-2.63
UAE_281,2023-10,4434,4765,-7202,-6877,7.47
UAE_281,2023-11,4223,4324,-8375,-7680,2.39
UAE_281,2023-12,3276,3349,-2604,-2715,2.23
UAE_281,2024-01,1252,1189,-3826,-3815,-5.03
UAE_281,2024-02,4745,4514,-7222,-7308,-4.87
UAE_281,2024-03,8540,8517,-4486,-3910,-0.27
UAE_281,2024-04,5838,5367,-7024,-7499,-8.07
UAE_281,2024-05,6913,7185,-6576,-6612,3.93
UAE_281,2024-06,5935,6284,-4008,-4172,5.88
UAE_281,2024-07,9232,10190,-7971,-7846,10.38
UAE_281,2024-08,9651,10450,-7498,-7295,8.28
UAE_281,2024-09,2245,2320,-5770,-5443,3.34
UAE_281,2024-10,26760,26984,-2845,-3264,0.84
UAE_281,2024-11,19807,21728,-7138,-6878,9.7
UAE_281,2024-12,3503,3391,-6570,-6122,-3.2
UAE_281,2025-01,4169,4186,-2400,-2299,0.41
UAE_281,2025-02,6968,6636,-8033,-7910,-4.76
UAE_281,2025-03,4587,4255,-4934,-4899,-7.24
UAE_281,2025-04,1623,1764,-4191,-3739,8.69
UAE_281,2025-05,10740,11175,-5204,-4886,4.05
UAE_281,2025-06,9557,9923,-6838,-6010,3.83
UAE_281,2025-07,21292,21105,-10164,-9649,-0.88
UAE_281,2025-08,11514,12636,-6753,-7550,9.74
UAE_281,2025-09,4929,4990,-7595,-8152,1.24
UAE_281,2025-10,3021,2962,-9821,-9867,-1.95
UAE_281,2025-11,2806,3110,-6871,-7209,10.83
UAE_281,2025-12,2105,2317,-2629,-2431,10.07
UAE_282,2023-01,657,634,-2208,-2387,-3.5
UAE_282,2023-02,2136,2116,-5556,-6127,-0.94
UAE_282,2023-03,1979,2051,-2781,-3086,3.64
UAE_282,2023-04,1615,1531,-6307,-6696,-5.2
UAE_282,2023-05,6671,7146,-7410,-7308,7.12
UAE_282,2023-06,1511,1450,-2559,-2377,-4.04
UAE_282,2023-07,1030,1063,-10737,-9657,3.2
UAE_282,2023-08,6858,6886,-4853,-4642,0.41
UAE_282,2023-09,3016,3220,-6148,-5403,6.76
UAE_282,2023-10,2631,2572,-6520,-5816,-2.24
UAE_282,2023-11,888,921,-8124,-7689,3.72
UAE_282,2023-12,1365,1249,-2008,-1809,-8.5
UAE_282,2024-01,2042,2080,-6296,-6282,1.86
UAE_282,2024-02,931,1004,-3175,-2856,7.84
UAE_282,2024-03,2601,2689,-3807,-3703,3.38
UAE_282,2024-04,1623,1549,-3716,-3784,-4.56
UAE_282,2024-05,3459,3377,-3501,-3934,-2.37
UAE_282,2024-06,3106,3210,-2164,-2491,3.35
UAE_282,2024-07,1995,2122,-7026,-6869,6.37
UAE_282,2024-08,3454,3796,-4730,-4285,9.9
UAE_282,2024-09,2391,2553,-2669,-2557,6.78
UAE_282,2024-10,1463,1391,-6268,-5582,-4.92
UAE_282,2024-11,2135,2203,-2480,-2449,3.19
UAE_282,2024-12,1815,1975,-2994,-2803,8.82
UAE_282,2025-01,939,911,-5176,-5396,-2.98
UAE_282,2025-02,1389,1315,-2245,-2541,-5.33
UAE_282,2025-03,3030,3107,-1665,-1497,2.54
UAE_282,2025-04,2735,2800,-6415,-6985,2.38
UAE_282,2025-05,6461,6518,-7050,-6941,0.88
UAE_282,2025-06,3095,3073,-5560,-5180,-0.71
UAE_282,2025-07,3829,4199,-1870,-2145,9.66
UAE_282,2025-08,1333,1279,-4449,-4428,-4.05
UAE_282,2025-09,1378,1492,-2665,-2720,8.27
UAE_282,2025-10,1682,1582,-7681,-6857,-5.95
UAE_282,2025-11,12480,12359,-2630,-2985,-0.97
UAE_282,2025-12,2661,2793,-4057,-4281,4.96
UAE_283,2023-01,1971,2010,-1802,-1740,1.98
UAE_283,2023-02,661,651,-3077,-3483,-1.51
UAE_283,2023-03,2636,2764,-6032,-6228,4.86
UAE_283,2023-04,1338,1268,-2106,-2072,-5.23
UAE_283,2023-05,1797,1949,-5515,-6216,8.46
UAE_283,2023-06,13473,13481,-4532,-4666,0.06
UAE_283,2023-07,2641,2615,-3864,-3849,-0.98
UAE_283,2023-08,2963,3246,-4554,-5185,9.55
UAE_283,2023-09,1904,2042,-5445,-5117,7.25
UAE_283,2023-10,1261,1383,-3937,-3779,9.67
UAE_283,2023-11,2271,2150,-3089,-2735,-5.33
UAE_283,2023-12,1932,1962,-4156,-3933,1.55
UAE_283,2024-01,1177,1126,-2438,-2295,-4.33
UAE_283,2024-02,1274,1178,-2671,-2711,-7.54
UAE_283,2024-03,2429,2300,-5667,-6373,-5.31
UAE_283,2024-04,2396,2183,-1629,-1753,-8.89
UAE_283,2024-05,2592,2431,-1787,-1696,-6.21
UAE_283,2024-06,3028,2944,-1253,-1384,-2.77
UAE_283,2024-07,3410,3567,-1057,-1107,4.6
UAE_283,2024-08,3484,3663,-3169,-3508,5.14
UAE_283,2024-09,2575,2812,-7459,-7364,9.2
UAE_283,2024-10,1694,1637,-7881,-7494,-3.36
UAE_283,2024-11,1416,1382,-3609,-3688,-2.4
UAE_283,2024-12,4832,5044,-3367,-3778,4.39
UAE_283,2025-01,2598,2413,-4329,-4013,-7.12
UAE_283,2025-02,2605,2589,-4501,-5053,-0.61
UAE_283,2025-03,1805,1707,-6431,-7237,-5.43
UAE_283,2025-04,1599,1654,-4854,-5156,3.44
UAE_283,2025-05,1235,1164,-7320,-6659,-5.75
UAE_283,2025-06,2072,2199,-4301,-4612,6.13
UAE_283,2025-07,4024,4019,-3838,-3946,-0.12
UAE_283,2025-08,3162,3106,-1928,-1942,-1.77
UAE_283,2025-09,1972,1873,-2689,-2478,-5.02
UAE_283,2025-10,2414,2310,-3206,-3488,-4.31
UAE_283,2025-11,2161,1992,-6059,-5483,-7.82
UAE_283,2025-12,3305,3110,-1164,-1261,-5.9
UAE_284,2023-01,2043,2168,-2874,-3331,6.12
UAE_284,2023-02,1877,1954,-3138,-3518,4.1
UAE_284,2023-03,2132,2242,-2560,-2486,5.16
UAE_284,2023-04,2503,2535,-4317,-4921,1.28
UAE_284,2023-05,2457,2315,-4235,-3816,-5.78
UAE_284,2023-06,8008,8595,-8474,-7858,7.33
UAE_284,2023-07,2537,2404,-6422,-5658,-5.24
UAE_284,2023-08,2513,2581,-8329,-7813,2.71
UAE_284,2023-09,4772,4987,-4986,-4382,4.51
UAE_284,2023-10,3070,3128,-4631,-5052,1.89
UAE_284,2023-11,3322,3453,-948,-987,3.94
UAE_284,2023-12,1081,1139,-2615,-2744,5.37
UAE_284,2024-01,2352,2363,-6396,-6751,0.47
UAE_284,2024-02,1434,1343,-4773,-4696,-6.35
UAE_284,2024-03,3924,3814,-6100,-6459,-2.8
UAE_284,2024-04,5778,5977,-4234,-3798,3.44
UAE_284,2024-05,5286,5553,-8132,-8458,5.05
UAE_284,2024-06,2803,3091,-5574,-5798,10.27
UAE_284,2024-07,8729,8325,-4306,-4239,-4.63
UAE_284,2024-08,5863,5904,-8396,-8413,0.7
UAE_284,2024-09,1979,2055,-2581,-2842,3.84
UAE_284,2024-10,3620,3759,-7930,-7866,3.84
UAE_284,2024-11,1519,1612,-2384,-2690,6.12
UAE_284,2024-12,2016,1959,-5180,-4650,-2.83
UAE_284,2025-01,938,923,-3017,-2950,-1.6
UAE_284,2025-02,2654,2896,-6709,-6167,9.12
UAE_284,2025-03,3205,3559,-7878,-7868,11.05
UAE_284,2025-04,4415,4082,-3585,-3341,-7.54
UAE_284,2025-05,6362,6117,-5851,-6872,-3.85
UAE_284,2025-06,5080,4887,-3391,-3000,-3.8
UAE_284,2025-07,4543,4634,-1519,-1476,2.0
UAE_284,2025-08,6488,6832,-8209,-8224,5.3
UAE_284,2025-09,1155,1239,-2360,-2160,7.27
UAE_284,2025-10,2155,2184,-1356,-1314,1.35
UAE_284,2025-11,3628,3585,-6998,-6531,-1.19
UAE_284,2025-12,1590,1630,-5539,-5466,2.52
UAE_285,2023-01,3305,3266,-5689,-5955,-1.18
UAE_285,2023-02,2720,2793,-3222,-3027,2.68
UAE_285,2023-03,2072,2025,-3468,-3536,-2.27
UAE_285,2023-04,3179,3472,-3384,-3014,9.22
UAE_285,2023-05,4759,5164,-6875,-7089,8.51
UAE_285,2023-06,9040,9325,-7610,-6820,3.15
UAE_285,2023-07,19056,19696,-3739,-3792,3.36
UAE_285,2023-08,6076,6352,-3415,-3674,4.54
UAE_285,2023-09,16675,15755,-10220,-9151,-5.52
UAE_285,2023-10,8993,8496,-7939,-9334,-5.53
UAE_285,2023-11,10149,10362,-4183,-4513,2.1
UAE_285,2023-12,12986,12168,-8819,-7833,-6.3
UAE_285,2024-01,1687,1806,-2574,-2872,7.05
UAE_285,2024-02,1918,1910,-4771,-4385,-0.42
UAE_285,2024-03,4195,4349,-12506,-12666,3.67
UAE_285,2024-04,1921,1820,-6536,-5981,-5.26
UAE_285,2024-05,4421,4660,-5738,-6001,5.41
UAE_285,2024-06,3175,3120,-5808,-5785,-1.73
UAE_285,2024-07,5520,6093,-7037,-8139,10.38
UAE_285,2024-08,5965,5730,-4664,-5485,-3.94
UAE_285,2024-09,3359,3069,-9602,-8986,-8.63
UAE_285,2024-10,1682,1805,-3230,-3659,7.31
UAE_285,2024-11,5267,4967,-4722,-4169,-5.7
UAE_285,2024-12,9486,9361,-5161,-4895,-1.32
UAE_285,2025-01,6392,6687,-7039,-7989,4.62
UAE_285,2025-02,1396,1417,-4081,-3958,1.5
UAE_285,2025-03,10225,9802,-6454,-7057,-4.14
UAE_285,2025-04,7237,6664,-9095,-8473,-7.92
UAE_285,2025-05,23834,22177,-5087,-5846,-6.95
UAE_285,2025-06,7061,7361,-14061,-13583,4.25
UAE_285,2025-07,10081,11071,-9170,-8087,9.82
UAE_285,2025-08,3636,3317,-4995,-5512,-8.77
UAE_285,2025-09,7932,8729,-12106,-12746,10.05
UAE_285,2025-10,3855,4050,-2248,-2550,5.06
UAE_285,2025-11,18114,17428,-6645,-6222,-3.79
UAE_285,2025-12,1501,1517,-3534,-4124,1.07
UAE_286,2023-01,9645,10342,-7058,-7153,7.23
UAE_286,2023-02,1266,1286,-2019,-1914,1.58
UAE_286,2023-03,1256,1291,-7068,-6921,2.79
UAE_286,2023-04,3899,3632,-3183,-3556,-6.85
UAE_286,2023-05,7826,8679,-9861,-9832,10.9
UAE_286,2023-06,12824,11699,-9059,-10187,-8.77
UAE_286,2023-07,3022,2794,-4087,-3953,-7.54
UAE_286,2023-08,5162,5606,-7715,-8007,8.6
UAE_286,2023-09,4052,4439,-7348,-7320,9.55
UAE_286,2023-10,1984,1860,-9717,-10595,-6.25
UAE_286,2023-11,1369,1480,-2596,-2268,8.11
UAE_286,2023-12,1622,1529,-2741,-2719,-5.73
UAE_286,2024-01,1517,1653,-7129,-6318,8.97
UAE_286,2024-02,5462,5073,-7992,-8447,-7.12
UAE_286,2024-03,4646,4427,-7217,-7121,-4.71
UAE_286,2024-04,2095,1943,-4476,-4263,-7.26
UAE_286,2024-05,4147,3975,-7839,-8409,-4.15
UAE_286,2024-06,3087,2927,-6329,-6203,-5.18
UAE_286,2024-07,8141,7537,-13808,-12803,-7.42
UAE_286,2024-08,42389,39914,150,153,-5.84
UAE_286,2024-09,3091,3292,-1960,-2265,6.5
UAE_286,2024-10,2421,2428,-5682,-6534,0.29
UAE_286,2024-11,3754,3986,-5783,-5031,6.18
UAE_286,2024-12,3478,3257,-9300,-8321,-6.35
UAE_286,2025-01,3305,3461,-6893,-7186,4.72
UAE_286,2025-02,3701,3412,-8782,-9770,-7.81
UAE_286,2025-03,1464,1408,-5231,-5695,-3.83
UAE_286,2025-04,6624,6406,-9495,-9637,-3.29
UAE_286,2025-05,8713,8380,-9154,-8015,-3.82
UAE_286,2025-06,9512,9870,-9986,-10711,3.76
UAE_286,2025-07,13461,13211,-8170,-9405,-1.86
UAE_286,2025-08,3502,3632,-7049,-8160,3.71
UAE_286,2025-09,3958,3817,-4154,-4887,-3.56
UAE_286,2025-10,5840,5679,-3547,-3114,-2.76
UAE_286,2025-11,2351,2249,-3164,-3280,-4.34
UAE_286,2025-12,2330,2385,-2624,-2325,2.36
UAE_287,2023-01,2276,2519,-4297,-3953,10.68
UAE_287,2023-02,4314,4510,-9684,-10069,4.54
UAE_287,2023-03,1586,1547,-8673,-9203,-2.46
UAE_287,2023-04,5083,5449,-3300,-3571,7.2
UAE_287,2023-05,9281,8742,-9097,-9672,-5.81
UAE_287,2023-06,6364,6170,-9307,-10057,-3.05
UAE_287,2023-07,5952,6484,-1464,-1430,8.94
UAE_287,2023-08,17861,17836,-7603,-8029,-0.14
UAE_287,2023-09,5950,5668,-10166,-11571,-4.74
UAE_287,2023-10,10383,9480,-3795,-4267,-8.7
UAE_287,2023-11,4451,4892,-10777,-10339,9.91
UAE_287,2023-12,7186,7690,-8060,-8459,7.01
UAE_287,2024-01,3711,3901,-10317,-9017,5.12
UAE_287,2024-02,4024,3921,-3706,-4231,-2.56
UAE_287,2024-03,1912,1965,-2141,-2212,2.77
UAE_287,2024-04,4911,5207,-5823,-6106,6.03
UAE_287,2024-05,4220,4522,-4911,-4563,7.16
UAE_287,2024-06,5412,5785,-6078,-6704,6.89
UAE_287,2024-07,3242,3002,-4849,-4645,-7.4
UAE_287,2024-08,14129,13009,-4035,-4521,-7.93
UAE_287,2024-09,2825,2590,-5457,-5414,-8.32
UAE_287,2024-10,6148,6322,-6268,-6340,2.83
UAE_287,2024-11,5949,5767,-10439,-11007,-3.06
UAE_287,2024-12,2860,3011,-2835,-3284,5.28
UAE_287,2025-01,2103,2100,-1772,-2001,-0.14
UAE_287,2025-02,5104,5394,-3435,-3702,5.68
UAE_287,2025-03,5757,5794,-2676,-2631,0.64
UAE_287,2025-04,7810,8569,-9063,-10314,9.72
UAE_287,2025-05,7785,7169,-6974,-7305,-7.91
UAE_287,2025-06,14386,14263,-9767,-9773,-0.85
UAE_287,2025-07,3260,3067,-11803,-11036,-5.92
UAE_287,2025-08,5230,5041,-4056,-3700,-3.61
UAE_287,2025-09,5728,6118,-3163,-3711,6.81
UAE_287,2025-10,29703,29430,-5771,-6538,-0.92
UAE_287,2025-11,3885,4214,-9028,-10610,8.47
UAE_287,2025-12,5703,5486,-9266,-10469,-3.81
UAE_288,2023-01,4821,5218,-8253,-8622,8.23
UAE_288,2023-02,1385,1308,-5904,-6609,-5.56
UAE_288,2023-03,1835,1972,-5541,-5489,7.47
UAE_288,2023-04,3662,3507,-6661,-5874,-4.23
UAE_288,2023-05,3525,3560,-5499,-5983,0.99
UAE_288,2023-06,5131,4942,-4304,-4125,-3.68
UAE_288,2023-07,11956,12165,-14590,-12794,1.75
UAE_288,2023-08,7695,8242,-6086,-7048,7.11
UAE_288,2023-09,2643,2426,-6184,-5459,-8.21
UAE_288,2023-10,1568,1458,-6012,-6815,-7.02
UAE_288,2023-11,4061,4329,-3774,-3890,6.6
UAE_288,2023-12,4645,4300,-2786,-3136,-7.43
UAE_288,2024-01,1417,1535,-5242,-5257,8.33
UAE_288,2024-02,8828,8207,-6556,-7388,-7.03
UAE_288,2024-03,4779,4752,-7783,-8385,-0.56
UAE_288,2024-04,9614,8845,-7478,-7327,-8.0
UAE_288,2024-05,26567,26179,-5969,-5396,-1.46
UAE_288,2024-06,6195,6077,-2618,-2391,-1.9
UAE_288,2024-07,5327,5803,-3364,-3124,8.94
UAE_288,2024-08,2019,2036,-2360,-2673,0.84
UAE_288,2024-09,2167,2017,-5742,-5856,-6.92
UAE_288,2024-10,20831,19017,-5937,-6590,-8.71
UAE_288,2024-11,3047,3291,-8842,-8828,8.01
UAE_288,2024-12,1555,1592,-2524,-2324,2.38
UAE_288,2025-01,1878,1797,-5668,-5880,-4.31
UAE_288,2025-02,3767,3865,-2616,-2582,2.6
UAE_288,2025-03,2510,2623,-4806,-4927,4.5
UAE_288,2025-04,12699,13601,-5943,-5397,7.1
UAE_288,2025-05,11217,10304,-10125,-11699,-8.14
UAE_288,2025-06,6597,6115,-6724,-5857,-7.31
UAE_288,2025-07,6958,7521,-9398,-9682,8.09
UAE_288,2025-08,6777,6335,-12064,-10632,-6.52
UAE_288,2025-09,19768,20801,-5912,-5201,5.23
UAE_288,2025-10,3828,3831,-1632,-1537,0.08
UAE_288,2025-11,4546,4325,-4541,-4144,-4.86
UAE_288,2025-12,1850,1984,-5005,-5855,7.24
UAE_289,2023-01,4553627,4199187,1356210,1191147,-7.78
UAE_289,2023-02,2692176,2885518,623367,625132,7.18
UAE_289,2023-03,1384443,1501338,226860,206384,8.44
UAE_289,2023-04,2419446,2237611,297929,340221,-7.52
UAE_289,2023-05,4042629,3797888,726651,677660,-6.05
UAE_289,2023-06,2675069,2797992,758685,781469,4.6
UAE_289,2023-07,3103122,3416691,1042121,1197517,10.1
UAE_289,2023-08,4484750,4583977,1275079,1430564,2.21
UAE_289,2023-09,3137196,3274311,504498,510270,4.37
UAE_289,2023-10,12754993,12007620,3608839,3668896,-5.86
UAE_289,2023-11,14204843,13225897,3816129,4016974,-6.89
UAE_289,2023-12,6023139,5933583,1128265,1249423,-1.49
UAE_289,2024-01,7042644,6453749,1466478,1277458,-8.36
UAE_289,2024-02,2527382,2476907,321284,352020,-2.0
UAE_289,2024-03,1371828,1459099,216293,205522,6.36
UAE_289,2024-04,1163498,1173070,272323,286396,0.82
UAE_289,2024-05,2920315,2826705,680818,776373,-3.21
UAE_289,2024-06,3313756,3095295,585202,567439,-6.59
UAE_289,2024-07,17671165,18326981,4257273,3877377,3.71
UAE_289,2024-08,20284300,18649354,3291348,3469090,-8.06
UAE_289,2024-09,7400998,7920649,2384461,2259263,7.02
UAE_289,2024-10,1255467,1371419,280504,314663,9.24
UAE_289,2024-11,786979,793622,225767,208187,0.84
UAE_289,2024-12,885282,937766,139378,152331,5.93
UAE_289,2025-01,6204332,6637888,2351995,2231396,6.99
UAE_289,2025-02,2082387,2114737,201654,177695,1.55
UAE_289,2025-03,10407249,10724106,2404886,2217792,3.04
UAE_289,2025-04,6235262,6761085,2269190,2152088,8.43
UAE_289,2025-05,9521548,10251639,3030200,3117045,7.67
UAE_289,2025-06,1635147,1703095,285645,316510,4.16
UAE_289,2025-07,7553985,7339306,1879775,2177382,-2.84
UAE_289,2025-08,5401375,5269856,1712036,1542725,-2.43
UAE_289,2025-09,3785048,3976158,1093657,1028045,5.05
UAE_289,2025-10,10620875,10514212,1958583,2083324,-1.0
UAE_289,2025-11,3969166,3948431,489164,479976,-0.52
UAE_289,2025-12,2468687,2650575,754778,779893,7.37
UAE_290,2023-01,2522,2529,-6052,-6819,0.28
UAE_290,2023-02,4554,4908,-7750,-7900,7.77
UAE_290,2023-03,4159,3895,-7739,-8379,-6.35
UAE_290,2023-04,11740,10993,-7484,-7330,-6.36
UAE_290,2023-05,5282,5103,-5205,-6110,-3.39
UAE_290,2023-06,5665,5959,-11177,-9844,5.19
UAE_290,2023-07,13684,14824,-7271,-6607,8.33
UAE_290,2023-08,19332,21349,-3658,-3218,10.43
UAE_290,2023-09,1309,1400,-9132,-8848,6.95
UAE_290,2023-10,5199,4977,-5867,-5549,-4.27
UAE_290,2023-11,4045,3723,-2677,-2903,-7.96
UAE_290,2023-12,2941,2721,-9628,-8593,-7.48
UAE_290,2024-01,2444,2568,-8667,-8520,5.07
UAE_290,2024-02,10910,10955,-5665,-5223,0.41
UAE_290,2024-03,2517,2777,-6382,-5836,10.33
UAE_290,2024-04,4868,5038,-3775,-4246,3.49
UAE_290,2024-05,3264,3121,-3335,-3171,-4.38
UAE_290,2024-06,9914,9456,-5997,-5877,-4.62
UAE_290,2024-07,5796,6060,-8019,-7217,4.55
UAE_290,2024-08,1993,2020,-3042,-2791,1.35
UAE_290,2024-09,6923,6641,-9889,-9499,-4.07
UAE_290,2024-10,9774,9137,-7931,-7184,-6.52
UAE_290,2024-11,4648,4430,-3057,-3039,-4.69
UAE_290,2024-12,2404,2433,-9826,-8629,1.21
UAE_290,2025-01,4759,4402,-5864,-5500,-7.5
UAE_290,2025-02,2965,3038,-2989,-2735,2.46
UAE_290,2025-03,4565,5065,-7194,-6388,10.95
UAE_290,2025-04,5679,5604,-3115,-3634,-1.32
UAE_290,2025-05,12324,12750,-7644,-7997,3.46
UAE_290,2025-06,3410,3531,-7494,-7458,3.55
UAE_290,2025-07,5462,5119,-2194,-1956,-6.28
UAE_290,2025-08,3358,3689,-4612,-4092,9.86
UAE_290,2025-09,3423,3575,-6587,-7143,4.44
UAE_290,2025-10,5456,5201,-4231,-3831,-4.67
UAE_290,2025-11,1932,2089,-6449,-6105,8.13
UAE_290,2025-12,6124,5689,-8874,-8503,-7.1
UAE_291,2023-01,952,920,-4198,-4098,-3.36
UAE_291,2023-02,1484,1444,-5956,-5751,-2.7
UAE_291,2023-03,880,959,-5140,-5092,8.98
UAE_291,2023-04,1789,1629,-5342,-5353,-8.94
UAE_291,2023-05,1005,943,-1957,-1925,-6.17
UAE_291,2023-06,3463,3234,-5935,-5431,-6.61
UAE_291,2023-07,1681,1684,-6517,-6884,0.18
UAE_291,2023-08,1873,1877,-6075,-6101,0.21
UAE_291,2023-09,4556,4476,-5791,-5627,-1.76
UAE_291,2023-10,2682,2471,-6288,-6022,-7.87
UAE_291,2023-11,863,944,-1442,-1642,9.39
UAE_291,2023-12,2208,2055,-4650,-4536,-6.93
UAE_291,2024-01,807,876,-1698,-1701,8.55
UAE_291,2024-02,2810,2666,-6225,-5535,-5.12
UAE_291,2024-03,770,831,-6771,-7389,7.92
UAE_291,2024-04,1048,1100,-1299,-1510,4.96
UAE_291,2024-05,11555,10638,-4772,-4624,-7.94
UAE_291,2024-06,3836,3691,-4632,-4845,-3.78
UAE_291,2024-07,4025,3804,-3559,-3408,-5.49
UAE_291,2024-08,3946,3703,-4786,-5169,-6.16
UAE_291,2024-09,3196,3300,-2846,-3010,3.25
UAE_291,2024-10,1141,1257,-2633,-2373,10.17
UAE_291,2024-11,1187,1142,-2472,-2395,-3.79
UAE_291,2024-12,1419,1318,-4152,-3776,-7.12
UAE_291,2025-01,737,738,-3604,-3251,0.14
UAE_291,2025-02,1478,1409,-5014,-4766,-4.67
UAE_291,2025-03,1398,1281,-2282,-2654,-8.37
UAE_291,2025-04,2864,2719,-1389,-1230,-5.06
UAE_291,2025-05,3397,3095,-5162,-4642,-8.89
UAE_291,2025-06,3317,3157,-6164,-6985,-4.82
UAE_291,2025-07,3927,3678,-3645,-3273,-6.34
UAE_291,2025-08,2665,2592,-2676,-2431,-2.74
UAE_291,2025-09,7177,7530,-3722,-4119,4.92
UAE_291,2025-10,6300,6923,-6751,-5970,9.89
UAE_291,2025-11,2482,2359,-1872,-1718,-4.96
UAE_291,2025-12,3276,3124,-2565,-2507,-4.64
UAE_292,2023-01,10702,11283,-6024,-7033,5.43
UAE_292,2023-02,3787,3587,-8242,-7621,-5.28
UAE_292,2023-03,9693,9225,-10819,-11069,-4.83
UAE_292,2023-04,5661,5175,-5753,-5419,-8.59
UAE_292,2023-05,9024,9154,-4240,-4610,1.44
UAE_292,2023-06,6557,6315,-12755,-12398,-3.69
UAE_292,2023-07,7238,7749,-8413,-9237,7.06
UAE_292,2023-08,8095,7537,-12484,-12194,-6.89
UAE_292,2023-09,4584,4384,-3121,-3232,-4.36
UAE_292,2023-10,4146,3989,-6148,-6308,-3.79
UAE_292,2023-11,1606,1769,-9581,-10234,10.15
UAE_292,2023-12,3927,3857,-3855,-4020,-1.78
UAE_292,2024-01,3867,3613,-5776,-6054,-6.57
UAE_292,2024-02,1202,1295,-5570,-5507,7.74
UAE_292,2024-03,10551,9617,-9114,-8355,-8.85
UAE_292,2024-04,2784,2626,-3908,-4277,-5.68
UAE_292,2024-05,6657,6419,-8248,-8294,-3.58
UAE_292,2024-06,10210,9793,-9260,-9862,-4.08
UAE_292,2024-07,5412,5199,-11785,-11051,-3.94
UAE_292,2024-08,40893,44861,-968,-978,9.7
UAE_292,2024-09,10439,10000,-8678,-8640,-4.21
UAE_292,2024-10,4948,4848,-4384,-3978,-2.02
UAE_292,2024-11,5075,5192,-4550,-5052,2.31
UAE_292,2024-12,17228,16084,-5704,-6052,-6.64
UAE_292,2025-01,4747,5090,-8090,-7152,7.23
UAE_292,2025-02,1633,1510,-5831,-6385,-7.53
UAE_292,2025-03,5117,4821,-4181,-4774,-5.78
UAE_292,2025-04,3968,3866,-1896,-1900,-2.57
UAE_292,2025-05,12016,13072,-9739,-10330,8.79
UAE_292,2025-06,45841,47542,-3862,-3540,3.71
UAE_292,2025-07,7744,7530,-7162,-7448,-2.76
UAE_292,2025-08,3387,3599,-10844,-10920,6.26
UAE_292,2025-09,13971,13028,-9168,-9016,-6.75
UAE_292,2025-10,5498,5634,-8068,-7962,2.47
UAE_292,2025-11,22038,24212,-5534,-6170,9.86
UAE_292,2025-12,10243,10575,-8716,-8887,3.24
UAE_293,2023-01,1841,1797,-1476,-1531,-2.39
UAE_293,2023-02,666,707,-2578,-2723,6.16
UAE_293,2023-03,1475,1535,-6452,-5650,4.07
UAE_293,2023-04,1328,1450,-5363,-4978,9.19
UAE_293,2023-05,1836,1969,-5128,-4717,7.24
UAE_293,2023-06,3505,3569,-7191,-7652,1.83
UAE_293,2023-07,2186,2066,-6608,-7031,-5.49
UAE_293,2023-08,3474,3312,-3570,-3162,-4.66
UAE_293,2023-09,2295,2491,-6232,-5454,8.54
UAE_293,2023-10,2389,2209,-7251,-7192,-7.53
UAE_293,2023-11,831,882,-2366,-2278,6.14
UAE_293,2023-12,1303,1227,-2745,-2466,-5.83
UAE_293,2024-01,985,925,-1866,-2131,-6.09
UAE_293,2024-02,1661,1631,-6156,-5469,-1.81
UAE_293,2024-03,2615,2392,-5168,-4780,-8.53
UAE_293,2024-04,1223,1325,-5465,-5836,8.34
UAE_293,2024-05,2460,2328,-6276,-7365,-5.37
UAE_293,2024-06,2118,2265,-6125,-5387,6.94
UAE_293,2024-07,3462,3190,-3771,-4105,-7.86
UAE_293,2024-08,3372,3243,-5500,-4874,-3.83
UAE_293,2024-09,2158,2222,-2539,-2218,2.97
UAE_293,2024-10,934,955,-1729,-1640,2.25
UAE_293,2024-11,1985,2096,-4074,-4221,5.59
UAE_293,2024-12,2699,2585,-3415,-3597,-4.22
UAE_293,2025-01,2311,2412,-4796,-5331,4.37
UAE_293,2025-02,2671,2869,-1725,-1515,7.41
UAE_293,2025-03,1191,1272,-3874,-3447,6.8
UAE_293,2025-04,2262,2498,-1998,-2212,10.43
UAE_293,2025-05,9533,9729,-5782,-5914,2.06
UAE_293,2025-06,3782,4048,-7866,-6994,7.03
UAE_293,2025-07,3965,4237,-4784,-5456,6.86
UAE_293,2025-08,1627,1762,-3248,-3710,8.3
UAE_293,2025-09,2925,3213,-1848,-1694,9.85
UAE_293,2025-10,992,1080,-7783,-7047,8.87
UAE_293,2025-11,1027,976,-1368,-1601,-4.97
UAE_293,2025-12,2079,2035,-2990,-3486,-2.12
UAE_294,2023-01,5785,5528,-6220,-7192,-4.44
UAE_294,2023-02,6797,7099,-7232,-6611,4.44
UAE_294,2023-03,3679,3531,-3267,-3533,-4.02
UAE_294,2023-04,8366,7801,-8908,-8693,-6.75
UAE_294,2023-05,19791,18262,-21604,-19037,-7.73
UAE_294,2023-06,2651,2726,-3770,-4282,2.83
UAE_294,2023-07,65282,61360,-339,-309,-6.01
UAE_294,2023-08,15409,14364,-5464,-6113,-6.78
UAE_294,2023-09,13018,12712,-16934,-14804,-2.35
UAE_294,2023-10,13416,14563,-12165,-12008,8.55
UAE_294,2023-11,6378,6110,-13931,-14515,-4.2
UAE_294,2023-12,28823,26390,-10791,-10118,-8.44
UAE_294,2024-01,7044,6968,-4091,-4596,-1.08
UAE_294,2024-02,2155,2211,-3152,-2744,2.6
UAE_294,2024-03,15252,14238,-6663,-6199,-6.65
UAE_294,2024-04,4329,4124,-9327,-9098,-4.74
UAE_294,2024-05,8365,8719,-15148,-16520,4.23
UAE_294,2024-06,2633,2615,-6452,-5980,-0.68
UAE_294,2024-07,32253,33663,-6188,-5407,4.37
UAE_294,2024-08,5281,5716,-18037,-17498,8.24
UAE_294,2024-09,8540,7892,-9027,-9763,-7.59
UAE_294,2024-10,8109,8052,-7286,-7163,-0.7
UAE_294,2024-11,2724,2755,-8404,-9342,1.14
UAE_294,2024-12,29748,27944,-5907,-5344,-6.06
UAE_294,2025-01,4993,4863,-2793,-2602,-2.6
UAE_294,2025-02,2360,2216,-3872,-4521,-6.1
UAE_294,2025-03,1842,2014,-5976,-5579,9.34
UAE_294,2025-04,3213,3290,-6169,-5683,2.4
UAE_294,2025-05,66386,60851,-8272,-7999,-8.34
UAE_294,2025-06,8960,9601,-9514,-10962,7.15
UAE_294,2025-07,9723,10793,-11247,-10720,11.0
UAE_294,2025-08,27680,28367,-11651,-13597,2.48
UAE_294,2025-09,17186,15718,-12599,-12345,-8.54
UAE_294,2025-10,18487,20041,-8179,-7251,8.41
UAE_294,2025-11,2682,2514,-4707,-4148,-6.26
UAE_294,2025-12,15028,14231,-5295,-5629,-5.3
UAE_295,2023-01,2856931,2607640,565396,624895,-8.73
UAE_295,2023-02,4604868,4687225,866245,790016,1.79
UAE_295,2023-03,6491346,7070281,1651136,1469798,8.92
UAE_295,2023-04,2998978,3011841,878067,816114,0.43
UAE_295,2023-05,6668154,7403456,1368752,1464111,11.03
UAE_295,2023-06,14980282,13618991,2575796,2785116,-9.09
UAE_295,2023-07,9395755,9082835,1337610,1339953,-3.33
UAE_295,2023-08,10297864,10958631,2947890,2678945,6.42
UAE_295,2023-09,9975401,10570600,3689067,3217842,5.97
UAE_295,2023-10,887463,947354,148039,134002,6.75
UAE_295,2023-11,2253901,2340066,788826,752873,3.82
UAE_295,2023-12,2482039,2357724,531659,469925,-5.01
UAE_295,2024-01,3219870,3415955,316473,367773,6.09
UAE_295,2024-02,1638887,1502310,467456,414145,-8.33
UAE_295,2024-03,9140500,8949589,2598802,2586828,-2.09
UAE_295,2024-04,529937,483133,47638,53878,-8.83
UAE_295,2024-05,4003523,4060603,663068,577194,1.43
UAE_295,2024-06,2799127,2613491,855486,778667,-6.63
UAE_295,2024-07,4078029,3974780,786773,819359,-2.53
UAE_295,2024-08,6361059,7018700,1356084,1377634,10.34
UAE_295,2024-09,3604319,3306647,822073,726161,-8.26
UAE_295,2024-10,7534061,8016361,2050416,2300299,6.4
UAE_295,2024-11,8915191,9494285,1692762,1614906,6.5
UAE_295,2024-12,4369191,4583111,1212724,1331641,4.9
UAE_295,2025-01,1063212,1114671,210047,235531,4.84
UAE_295,2025-02,4473384,4866362,1311219,1454506,8.78
UAE_295,2025-03,6983028,6593425,2018272,1842184,-5.58
UAE_295,2025-04,11283175,12096869,2523873,2337326,7.21
UAE_295,2025-05,4125223,4226103,791164,916116,2.45
UAE_295,2025-06,5613500,5896026,1893045,2040601,5.03
UAE_295,2025-07,7137806,7757628,1305863,1269079,8.68
UAE_295,2025-08,6328707,6741513,1992765,1866015,6.52
UAE_295,2025-09,7549784,6902392,1609449,1578535,-8.57
UAE_295,2025-10,5754495,5952865,1465701,1654310,3.45
UAE_295,2025-11,2424031,2213541,516546,517011,-8.68
UAE_295,2025-12,6203202,5705515,1220909,1076222,-8.02
UAE_296,2023-01,5143,5622,-4762,-4445,9.31
UAE_296,2023-02,3975,4060,-4203,-4898,2.14
UAE_296,2023-03,1830,1685,-1836,-2051,-7.92
UAE_296,2023-04,2704,2666,-8473,-8978,-1.41
UAE_296,2023-05,1708,1607,-8841,-8419,-5.91
UAE_296,2023-06,2386,2399,-2463,-2682,0.54
UAE_296,2023-07,7316,8102,-9748,-10001,10.74
UAE_296,2023-08,20718,22661,-5533,-4868,9.38
UAE_296,2023-09,3990,4182,-8962,-9063,4.81
UAE_296,2023-10,2940,2873,-8530,-7570,-2.28
UAE_296,2023-11,1635,1714,-3168,-2959,4.83
UAE_296,2023-12,1586,1515,-8888,-9386,-4.48
UAE_296,2024-01,3945,3639,-7563,-8882,-7.76
UAE_296,2024-02,1700,1746,-6048,-6868,2.71
UAE_296,2024-03,2793,2573,-7584,-6686,-7.88
UAE_296,2024-04,2624,2517,-7375,-6507,-4.08
UAE_296,2024-05,11598,11999,-7039,-7918,3.46
UAE_296,2024-06,6402,6437,-9550,-11084,0.55
UAE_296,2024-07,5987,6540,-9093,-8918,9.24
UAE_296,2024-08,4304,4602,-2286,-2434,6.92
UAE_296,2024-09,5796,5709,-7940,-7727,-1.5
UAE_296,2024-10,5389,5044,-6021,-5926,-6.4
UAE_296,2024-11,9866,9155,-9137,-8404,-7.21
UAE_296,2024-12,3370,3560,-2266,-2476,5.64
UAE_296,2025-01,5501,5812,-8275,-9049,5.65
UAE_296,2025-02,2705,2519,-3171,-3567,-6.88
UAE_296,2025-03,3401,3415,-8966,-7900,0.41
UAE_296,2025-04,5479,5623,-8839,-8381,2.63
UAE_296,2025-05,12829,12741,-3897,-4196,-0.69
UAE_296,2025-06,5519,5713,-1818,-2068,3.52
UAE_296,2025-07,2672,2450,-6161,-7010,-8.31
UAE_296,2025-08,17104,18398,-6558,-6536,7.57
UAE_296,2025-09,9251,9573,-8828,-10085,3.48
UAE_296,2025-10,4110,4437,-3816,-3448,7.96
UAE_296,2025-11,9967,10214,-2142,-2323,2.48
UAE_296,2025-12,4050,3907,-6900,-7980,-3.53
UAE_297,2023-01,28340,26539,-15326,-14402,-6.35
UAE_297,2023-02,7301,7622,-4561,-4572,4.4
UAE_297,2023-03,42467,39803,-6107,-6251,-6.27
UAE_297,2023-04,7764,7440,-12303,-11079,-4.17
UAE_297,2023-05,16571,15599,-6647,-7523,-5.87
UAE_297,2023-06,32870,34336,-7031,-7484,4.46
UAE_297,2023-07,111891,114475,6457,6672,2.31
UAE_297,2023-08,10801,10812,-10439,-9843,0.1
UAE_297,2023-09,12928,13225,-19700,-22275,2.3
UAE_297,2023-10,23960,25525,-5238,-5906,6.53
UAE_297,2023-11,10760,9972,-10504,-9244,-7.32
UAE_297,2023-12,47675,44006,-7510,-7858,-7.7
UAE_297,2024-01,10505,9725,-12279,-11077,-7.43
UAE_297,2024-02,5455,5608,-5591,-6275,2.8
UAE_297,2024-03,71494,76833,-2543,-2551,7.47
UAE_297,2024-04,28537,29813,-10448,-9304,4.47
UAE_297,2024-05,9700,8830,-10142,-10075,-8.97
UAE_297,2024-06,28980,29891,-14123,-14973,3.14
UAE_297,2024-07,22259,23549,-15223,-14742,5.8
UAE_297,2024-08,37847,38188,-17303,-18528,0.9
UAE_297,2024-09,16851,16261,-18681,-17535,-3.5
UAE_297,2024-10,22470,22474,-11721,-11383,0.02
UAE_297,2024-11,37343,40313,-6116,-6721,7.95
UAE_297,2024-12,14555,14154,-20392,-18261,-2.76
UAE_297,2025-01,22917,23111,-12140,-11178,0.85
UAE_297,2025-02,32875,33688,-4731,-4661,2.47
UAE_297,2025-03,43328,41208,-2557,-2912,-4.89
UAE_297,2025-04,4478,4133,-7821,-7244,-7.7
UAE_297,2025-05,9979,10749,-17203,-19467,7.72
UAE_297,2025-06,13148,14408,-7802,-8378,9.58
UAE_297,2025-07,12977,13880,-8089,-7895,6.96
UAE_297,2025-08,36683,38052,-16497,-17521,3.73
UAE_297,2025-09,62577,60250,-11615,-10119,-3.72
UAE_297,2025-10,59856,65622,-3647,-3788,9.63
UAE_297,2025-11,8458,8327,-22145,-19805,-1.55
UAE_297,2025-12,24553,26285,-16320,-14654,7.05
UAE_298,2023-01,1372,1410,-7241,-6447,2.77
UAE_298,2023-02,2472,2399,-1264,-1435,-2.95
UAE_298,2023-03,2819,2683,-6910,-6647,-4.82
UAE_298,2023-04,3057,3256,-3953,-4218,6.51
UAE_298,2023-05,1612,1676,-8673,-9823,3.97
UAE_298,2023-06,3033,2886,-7154,-7342,-4.85
UAE_298,2023-07,3318,3242,-3091,-3005,-2.29
UAE_298,2023-08,1263,1331,-3273,-3838,5.38
UAE_298,2023-09,7465,7121,-7397,-7317,-4.61
UAE_298,2023-10,1962,2025,-2297,-2646,3.21
UAE_298,2023-11,1334,1254,-4748,-4402,-6.0
UAE_298,2023-12,6082,6447,-4125,-4491,6.0
UAE_298,2024-01,2836,2843,-4910,-5192,0.25
UAE_298,2024-02,2295,2479,-2031,-2342,8.02
UAE_298,2024-03,2582,2738,-1762,-2041,6.04
UAE_298,2024-04,1711,1831,-4552,-4103,7.01
UAE_298,2024-05,3790,3912,-4956,-5012,3.22
UAE_298,2024-06,5963,6277,-9542,-8595,5.27
UAE_298,2024-07,2052,2012,-3029,-2742,-1.95
UAE_298,2024-08,9245,9337,-2872,-2983,1.0
UAE_298,2024-09,1738,1796,-3691,-3722,3.34
UAE_298,2024-10,8899,9484,-7182,-6699,6.57
UAE_298,2024-11,3903,3618,-5935,-5476,-7.3
UAE_298,2024-12,3108,2980,-2119,-2109,-4.12
UAE_298,2025-01,2437,2690,-5992,-6352,10.38
UAE_298,2025-02,3004,3218,-661,-645,7.12
UAE_298,2025-03,2136,2317,-3304,-3147,8.47
UAE_298,2025-04,2880,2874,-4897,-5627,-0.21
UAE_298,2025-05,16398,15216,-5741,-4997,-7.21
UAE_298,2025-06,4907,4550,-3890,-3952,-7.28
UAE_298,2025-07,5614,5138,-11424,-11121,-8.48
UAE_298,2025-08,2701,2640,-10448,-9838,-2.26
UAE_298,2025-09,6186,6572,-9202,-8973,6.24
UAE_298,2025-10,11842,12430,-4974,-5207,4.97
UAE_298,2025-11,4061,3904,-4300,-4594,-3.87
UAE_298,2025-12,3257,2962,-1361,-1270,-9.06
UAE_299,2023-01,1209,1189,-3675,-3842,-1.65
UAE_299,2023-02,872,945,-2802,-2790,8.37
UAE_299,2023-03,2141,2313,-4692,-4163,8.03
UAE_299,2023-04,1957,1964,-4157,-3900,0.36
UAE_299,2023-05,1667,1788,-2602,-2588,7.26
UAE_299,2023-06,3116,3040,-3788,-4081,-2.44
UAE_299,2023-07,1253,1221,-7605,-6735,-2.55
UAE_299,2023-08,2628,2538,-7528,-6762,-3.42
UAE_299,2023-09,3223,3144,-904,-895,-2.45
UAE_299,2023-10,2041,2094,-8397,-7602,2.6
UAE_299,2023-11,875,879,-1637,-1537,0.46
UAE_299,2023-12,1553,1709,-6642,-6559,10.05
UAE_299,2024-01,1867,1840,-3409,-3589,-1.45
UAE_299,2024-02,2050,2227,-3783,-3594,8.63
UAE_299,2024-03,3245,3500,-6084,-5356,7.86
UAE_299,2024-04,4109,3905,-6008,-6783,-4.96
UAE_299,2024-05,1981,2012,-6163,-5624,1.56
UAE_299,2024-06,1945,1809,-5511,-6206,-6.99
UAE_299,2024-07,1779,1622,-8236,-8659,-8.83
UAE_299,2024-08,1935,1938,-3309,-3523,0.16
UAE_299,2024-09,1863,1976,-3275,-3714,6.07
UAE_299,2024-10,1175,1188,-3079,-2918,1.11
UAE_299,2024-11,3176,3210,-3115,-3265,1.07
UAE_299,2024-12,1447,1360,-5293,-5258,-6.01
UAE_299,2025-01,1241,1361,-1838,-1848,9.67
UAE_299,2025-02,1234,1276,-2193,-2161,3.4
UAE_299,2025-03,2850,2895,-5142,-5661,1.58
UAE_299,2025-04,829,916,-7800,-6932,10.49
UAE_299,2025-05,3590,3599,-2641,-2380,0.25
UAE_299,2025-06,2124,2102,-2864,-2845,-1.04
UAE_299,2025-07,3064,2994,-2210,-2280,-2.28
UAE_299,2025-08,3592,3313,-7749,-7122,-7.77
UAE_299,2025-09,2861,2858,-3887,-3917,-0.1
UAE_299,2025-10,2495,2474,-5025,-5322,-0.84
UAE_299,2025-11,1436,1575,-1066,-1145,9.68
UAE_299,2025-12,1283,1179,-2885,-2879,-8.11
UAE_300,2023-01,8434,8310,-5188,-4849,-1.47
UAE_300,2023-02,2994,3204,-4005,-3984,7.01
UAE_300,2023-03,2947,3209,-6061,-6441,8.89
UAE_300,2023-04,6076,6374,-12014,-10878,4.9
UAE_300,2023-05,9657,10138,-4608,-4206,4.98
UAE_300,2023-06,2961,3079,-4288,-4239,3.99
UAE_300,2023-07,21045,23240,-4747,-4611,10.43
UAE_300,2023-08,4582,4560,-1855,-1894,-0.48
UAE_300,2023-09,2179,2216,-10171,-11602,1.7
UAE_300,2023-10,2457,2395,-4049,-3936,-2.52
UAE_300,2023-11,4643,4930,-9240,-8316,6.18
UAE_300,2023-12,6050,5632,-9333,-8292,-6.91
UAE_300,2024-01,7199,6690,-5899,-6755,-7.07
UAE_300,2024-02,3146,3437,-1680,-1922,9.25
UAE_300,2024-03,12390,11368,-3772,-4355,-8.25
UAE_300,2024-04,5186,4733,-10351,-10365,-8.74
UAE_300,2024-05,3988,3920,-5198,-4925,-1.71
UAE_300,2024-06,4476,4243,-5222,-5578,-5.21
UAE_300,2024-07,4731,4354,-3205,-3335,-7.97
UAE_300,2024-08,5018,5422,-7751,-8626,8.05
UAE_300,2024-09,2723,2590,-5801,-5113,-4.88
UAE_300,2024-10,3041,3026,-7510,-6771,-0.49
UAE_300,2024-11,3602,3426,-9025,-8702,-4.89
UAE_300,2024-12,2794,2614,-2677,-2707,-6.44
UAE_300,2025-01,1651,1632,-5699,-6144,-1.15
UAE_300,2025-02,3939,4026,-9142,-8412,2.21
UAE_300,2025-03,4524,4859,-5715,-5161,7.4
UAE_300,2025-04,5045,5421,-5786,-5715,7.45
UAE_300,2025-05,4250,4328,-6533,-6357,1.84
UAE_300,2025-06,19634,20947,-6167,-6423,6.69
UAE_300,2025-07,2294,2222,-5798,-5890,-3.14
UAE_300,2025-08,7610,7451,-10491,-10365,-2.09
UAE_300,2025-09,8195,7649,-10225,-9566,-6.66
UAE_300,2025-10,10409,10944,-8192,-8323,5.14
UAE_300,2025-11,4764,4448,-3848,-4419,-6.63
UAE_300,2025-12,4977,4854,-3437,-3585,-2.47
UAE_301,2023-01,1555,1591,-5738,-6371,2.32
UAE_301,2023-02,1817,1870,-6058,-5573,2.92
UAE_301,2023-03,2035,1851,-4572,-4206,-9.04
UAE_301,2023-04,2824,2663,-4084,-4370,-5.7
UAE_301,2023-05,2757,2622,-5880,-5120,-4.9
UAE_301,2023-06,2452,2473,-6417,-6868,0.86
UAE_301,2023-07,1332,1472,-2300,-2449,10.51
UAE_301,2023-08,2893,2814,-5847,-5893,-2.73
UAE_301,2023-09,1560,1674,-5810,-6317,7.31
UAE_301,2023-10,1212,1287,-4637,-5291,6.19
UAE_301,2023-11,2062,2003,-7450,-6609,-2.86
UAE_301,2023-12,2378,2267,-2894,-2536,-4.67
UAE_301,2024-01,1739,1714,-3927,-3574,-1.44
UAE_301,2024-02,798,807,-1995,-1740,1.13
UAE_301,2024-03,2559,2809,-4627,-5253,9.77
UAE_301,2024-04,1451,1389,-2044,-2030,-4.27
UAE_301,2024-05,2690,2940,-5867,-6770,9.29
UAE_301,2024-06,1631,1489,-3152,-3514,-8.71
UAE_301,2024-07,3083,3086,-5551,-6061,0.1
UAE_301,2024-08,3408,3108,-1912,-1719,-8.8
UAE_301,2024-09,8036,7452,-6761,-6142,-7.27
UAE_301,2024-10,1937,1939,-5335,-4821,0.1
UAE_301,2024-11,3088,3098,-2874,-2635,0.32
UAE_301,2024-12,1979,2051,-5815,-5444,3.64
UAE_301,2025-01,948,892,-2863,-2730,-5.91
UAE_301,2025-02,1599,1613,-1889,-1689,0.88
UAE_301,2025-03,3119,3062,-3142,-3257,-1.83
UAE_301,2025-04,2419,2444,-2580,-2914,1.03
UAE_301,2025-05,3388,3446,-4672,-4280,1.71
UAE_301,2025-06,6483,6943,-5467,-4852,7.1
UAE_301,2025-07,3419,3315,-8225,-8548,-3.04
UAE_301,2025-08,2649,2929,-3547,-4083,10.57
UAE_301,2025-09,1524,1641,-6342,-6568,7.68
UAE_301,2025-10,2102,2283,-5989,-5817,8.61
UAE_301,2025-11,2790,2979,-1272,-1376,6.77
UAE_301,2025-12,834,863,-2780,-3240,3.48
UAE_302,2023-01,1096,1125,-1939,-2035,2.65
UAE_302,2023-02,2084,2016,-1456,-1438,-3.26
UAE_302,2023-03,817,857,-2688,-2723,4.9
UAE_302,2023-04,1102,1140,-3043,-3402,3.45
UAE_302,2023-05,1242,1257,-9879,-9162,1.21
UAE_302,2023-06,5465,5539,-7116,-6264,1.35
UAE_302,2023-07,2601,2840,-7753,-7038,9.19
UAE_302,2023-08,2691,2767,-2457,-2732,2.82
UAE_302,2023-09,846,901,-3438,-3376,6.5
UAE_302,2023-10,908,872,-7216,-8223,-3.96
UAE_302,2023-11,1395,1477,-5958,-5877,5.88
UAE_302,2023-12,865,799,-3094,-3151,-7.63
UAE_302,2024-01,967,904,-5899,-5674,-6.51
UAE_302,2024-02,2188,2243,-2621,-2713,2.51
UAE_302,2024-03,2032,1928,-3990,-4476,-5.12
UAE_302,2024-04,1121,1161,-6308,-5649,3.57
UAE_302,2024-05,1766,1679,-2067,-2245,-4.93
UAE_302,2024-06,3674,3354,-3557,-4140,-8.71
UAE_302,2024-07,1979,1861,-2781,-2541,-5.96
UAE_302,2024-08,1907,1973,-7875,-7089,3.46
UAE_302,2024-09,3981,3741,-5478,-5725,-6.03
UAE_302,2024-10,1130,1206,-6243,-6503,6.73
UAE_302,2024-11,5395,5155,-3961,-3907,-4.45
UAE_302,2024-12,2181,2046,-3444,-3331,-6.19
UAE_302,2025-01,2588,2650,-2999,-3403,2.4
UAE_302,2025-02,2466,2550,-6378,-6076,3.41
UAE_302,2025-03,2901,2948,-997,-1000,1.62
UAE_302,2025-04,1322,1289,-6860,-6407,-2.5
UAE_302,2025-05,7826,7496,-5723,-5180,-4.22
UAE_302,2025-06,1435,1386,-6009,-5717,-3.41
UAE_302,2025-07,2733,2716,-1657,-1671,-0.62
UAE_302,2025-08,4772,4354,-7981,-7616,-8.76
UAE_302,2025-09,2667,2559,-2348,-2286,-4.05
UAE_302,2025-10,5710,5378,-5494,-5328,-5.81
UAE_302,2025-11,1022,943,-6000,-6510,-7.73
UAE_302,2025-12,2981,2738,-4192,-3785,-8.15
UAE_303,2023-01,6636,6338,-8725,-8168,-4.49
UAE_303,2023-02,1080,1179,-4154,-4220,9.17
UAE_303,2023-03,4616,4338,-6448,-6352,-6.02
UAE_303,2023-04,13991,13252,-8625,-9954,-5.28
UAE_303,2023-05,4674,4986,-4001,-3953,6.68
UAE_303,2023-06,15262,15546,-13112,-12092,1.86
UAE_303,2023-07,19721,18661,-8401,-8173,-5.37
UAE_303,2023-08,3922,3685,-2721,-2611,-6.04
UAE_303,2023-09,3809,3548,-4778,-5335,-6.85
UAE_303,2023-10,1657,1775,-3746,-3336,7.12
UAE_303,2023-11,4207,4039,-12861,-11959,-3.99
UAE_303,2023-12,2115,1940,-11535,-11289,-8.27
UAE_303,2024-01,9849,10243,-7326,-8283,4.0
UAE_303,2024-02,7831,8447,-9283,-8558,7.87
UAE_303,2024-03,8211,8692,-5719,-6412,5.86
UAE_303,2024-04,29770,29644,-5537,-5165,-0.42
UAE_303,2024-05,3626,3983,-13651,-12176,9.85
UAE_303,2024-06,12482,13336,-13861,-15201,6.84
UAE_303,2024-07,10940,11015,-7596,-8010,0.69
UAE_303,2024-08,6300,6072,-5941,-5310,-3.62
UAE_303,2024-09,1795,1933,-11921,-11635,7.69
UAE_303,2024-10,23904,21890,-5629,-6509,-8.43
UAE_303,2024-11,4200,3987,-11948,-10688,-5.07
UAE_303,2024-12,3373,3166,-2861,-2559,-6.14
UAE_303,2025-01,2221,2096,-4272,-4407,-5.63
UAE_303,2025-02,1450,1493,-8920,-9237,2.97
UAE_303,2025-03,3970,3733,-9926,-11027,-5.97
UAE_303,2025-04,8907,9367,-6733,-6599,5.16
UAE_303,2025-05,19643,17935,-8495,-9637,-8.7
UAE_303,2025-06,4510,4745,-6441,-6366,5.21
UAE_303,2025-07,12159,11753,-5489,-5153,-3.34
UAE_303,2025-08,16174,16415,-8109,-8371,1.49
UAE_303,2025-09,6720,6514,-6926,-7234,-3.07
UAE_303,2025-10,5877,5474,-4817,-4206,-6.86
UAE_303,2025-11,2891,2807,-7535,-8059,-2.91
UAE_303,2025-12,2403,2532,-4255,-4003,5.37
UAE_304,2023-01,1207,1193,-1345,-1387,-1.16
UAE_304,2023-02,1157,1178,-1900,-2224,1.82
UAE_304,2023-03,2190,2018,-4722,-4599,-7.85
UAE_304,2023-04,3265,3099,-6461,-5799,-5.08
UAE_304,2023-05,1620,1783,-1403,-1571,10.06
UAE_304,2023-06,2074,2299,-7513,-6860,10.85
UAE_304,2023-07,4485,4608,-8669,-7619,2.74
UAE_304,2023-08,2026,2250,-1483,-1412,11.06
UAE_304,2023-09,1376,1287,-6522,-6955,-6.47
UAE_304,2023-10,1397,1301,-5390,-5386,-6.87
UAE_304,2023-11,2848,2783,-2522,-2536,-2.28
UAE_304,2023-12,1132,1150,-1537,-1415,1.59
UAE_304,2024-01,1497,1603,-2869,-2850,7.08
UAE_304,2024-02,2092,1948,-5181,-5062,-6.88
UAE_304,2024-03,790,853,-5312,-4671,7.97
UAE_304,2024-04,2119,2278,-6877,-6292,7.5
UAE_304,2024-05,3313,3492,-1814,-1714,5.4
UAE_304,2024-06,1305,1411,-5858,-6074,8.12
UAE_304,2024-07,6911,7043,-8282,-8274,1.91
UAE_304,2024-08,5916,6248,-3818,-4428,5.61
UAE_304,2024-09,3163,2983,-6359,-7046,-5.69
UAE_304,2024-10,3112,3074,-5341,-5022,-1.22
UAE_304,2024-11,6023,5676,-4318,-4598,-5.76
UAE_304,2024-12,3043,2875,-1089,-1028,-5.52
UAE_304,2025-01,843,824,-4577,-4206,-2.25
UAE_304,2025-02,1606,1522,-2471,-2209,-5.23
UAE_304,2025-03,943,939,-6178,-7009,-0.42
UAE_304,2025-04,926,947,-1556,-1505,2.27
UAE_304,2025-05,6263,6947,-6200,-6090,10.92
UAE_304,2025-06,3704,4068,-6745,-6108,9.83
UAE_304,2025-07,4098,3968,-9001,-8210,-3.17
UAE_304,2025-08,1383,1467,-4360,-4166,6.07
UAE_304,2025-09,3495,3341,-3308,-2934,-4.41
UAE_304,2025-10,1078,994,-6373,-6113,-7.79
UAE_304,2025-11,3521,3277,-4041,-4324,-6.93
UAE_304,2025-12,892,912,-3720,-3759,2.24
UAE_305,2023-01,4383,4847,-5279,-4881,10.59
UAE_305,2023-02,2282,2212,-7112,-7529,-3.07
UAE_305,2023-03,10866,11045,-8019,-7139,1.65
UAE_305,2023-04,3260,3417,-6722,-6824,4.82
UAE_305,2023-05,3410,3515,-10415,-10498,3.08
UAE_305,2023-06,2042,2035,-5703,-5435,-0.34
UAE_305,2023-07,19230,19163,-8245,-9511,-0.35
UAE_305,2023-08,5671,5506,-10798,-10365,-2.91
UAE_305,2023-09,3165,3072,-2461,-2567,-2.94
UAE_305,2023-10,2584,2641,-8435,-8292,2.21
UAE_305,2023-11,2865,3026,-4039,-3561,5.62
UAE_305,2023-12,3613,3350,-2706,-2520,-7.28
UAE_305,2024-01,1877,1962,-6400,-6421,4.53
UAE_305,2024-02,8904,8388,-6446,-6158,-5.8
UAE_305,2024-03,1957,2034,-11608,-11055,3.93
UAE_305,2024-04,4888,4839,-5644,-6100,-1.0
UAE_305,2024-05,5086,4815,-1930,-2221,-5.33
UAE_305,2024-06,5440,4976,-8278,-9172,-8.53
UAE_305,2024-07,12605,12344,-1328,-1295,-2.07
UAE_305,2024-08,3513,3289,-14083,-13205,-6.38
UAE_305,2024-09,28222,27699,-6119,-6676,-1.85
UAE_305,2024-10,5047,5247,-1136,-1210,3.96
UAE_305,2024-11,3533,3744,-2029,-1803,5.97
UAE_305,2024-12,6825,6473,-3524,-4087,-5.16
UAE_305,2025-01,3721,3880,-2863,-2860,4.27
UAE_305,2025-02,2160,2250,-5264,-5316,4.17
UAE_305,2025-03,1959,1829,-4485,-4132,-6.64
UAE_305,2025-04,6699,6248,-11151,-12146,-6.73
UAE_305,2025-05,5889,5829,-2540,-2399,-1.02
UAE_305,2025-06,15278,14993,-8399,-9716,-1.87
UAE_305,2025-07,21276,19357,-9843,-10288,-9.02
UAE_305,2025-08,12510,11903,-10584,-9824,-4.85
UAE_305,2025-09,7517,7708,-12007,-11131,2.54
UAE_305,2025-10,4139,4487,-2183,-2324,8.41
UAE_305,2025-11,3195,3357,-6039,-6400,5.07
UAE_305,2025-12,1378,1468,-1840,-1790,6.53
UAE_306,2023-01,3297,3616,-3764,-4417,9.68
UAE_306,2023-02,2727,2582,-5290,-4824,-5.32
UAE_306,2023-03,4002,4234,-4583,-5387,5.8
UAE_306,2023-04,11469,10988,-7287,-6674,-4.19
UAE_306,2023-05,19482,20796,-5529,-5426,6.74
UAE_306,2023-06,4256,3993,-5927,-5734,-6.18
UAE_306,2023-07,11095,10627,-9331,-8875,-4.22
UAE_306,2023-08,5259,4841,-9781,-9428,-7.95
UAE_306,2023-09,2065,2275,-8167,-8285,10.17
UAE_306,2023-10,5633,5165,-12443,-12051,-8.31
UAE_306,2023-11,2273,2200,-4842,-4971,-3.21
UAE_306,2023-12,1973,2006,-9522,-10898,1.67
UAE_306,2024-01,8388,8092,-3889,-4189,-3.53
UAE_306,2024-02,1756,1891,-10041,-10901,7.69
UAE_306,2024-03,1629,1680,-2242,-2446,3.13
UAE_306,2024-04,3969,4079,-4019,-4447,2.77
UAE_306,2024-05,4041,3839,-1899,-2068,-5.0
UAE_306,2024-06,5874,5399,-6117,-5907,-8.09
UAE_306,2024-07,4291,4330,-4889,-4478,0.91
UAE_306,2024-08,7538,8267,-11262,-11102,9.67
UAE_306,2024-09,4833,4426,-3242,-3511,-8.42
UAE_306,2024-10,8820,9547,-7187,-6328,8.24
UAE_306,2024-11,6931,6923,-6041,-6760,-0.12
UAE_306,2024-12,1339,1332,-3354,-3360,-0.52
UAE_306,2025-01,8176,8456,-7596,-7057,3.42
UAE_306,2025-02,4339,4279,-9122,-9492,-1.38
UAE_306,2025-03,3954,4295,-2410,-2801,8.62
UAE_306,2025-04,4139,4448,-4670,-5389,7.47
UAE_306,2025-05,6464,7071,-10209,-10397,9.39
UAE_306,2025-06,19072,19796,-10196,-11447,3.8
UAE_306,2025-07,16791,16173,-6963,-7098,-3.68
UAE_306,2025-08,4360,4780,-5458,-4749,9.63
UAE_306,2025-09,4231,4276,-5243,-4941,1.06
UAE_306,2025-10,5089,5070,-3797,-3480,-0.37
UAE_306,2025-11,7896,7457,-5593,-5107,-5.56
UAE_306,2025-12,2100,2114,-6230,-5593,0.67
UAE_307,2023-01,1931,1888,-6259,-5632,-2.23
UAE_307,2023-02,2048,2093,-8301,-8008,2.2
UAE_307,2023-03,1308,1321,-2919,-3145,0.99
UAE_307,2023-04,4215,4047,-5556,-5942,-3.99
UAE_307,2023-05,4125,4215,-9042,-7998,2.18
UAE_307,2023-06,4812,4670,-6734,-6260,-2.95
UAE_307,2023-07,3978,3765,-3605,-4017,-5.35
UAE_307,2023-08,4898,4668,-3405,-3883,-4.7
UAE_307,2023-09,1369,1452,-3025,-2698,6.06
UAE_307,2023-10,3418,3159,-2256,-2328,-7.58
UAE_307,2023-11,4848,4519,-7049,-7559,-6.79
UAE_307,2023-12,2537,2602,-2305,-2273,2.56
UAE_307,2024-01,3263,3313,-3585,-3953,1.53
UAE_307,2024-02,3355,3358,-2132,-1919,0.09
UAE_307,2024-03,4773,4601,-7590,-7769,-3.6
UAE_307,2024-04,4018,3901,-11610,-10362,-2.91
UAE_307,2024-05,3710,3742,-7349,-7901,0.86
UAE_307,2024-06,7135,7263,-10045,-10734,1.79
UAE_307,2024-07,5474,5384,-3018,-3059,-1.64
UAE_307,2024-08,4141,4272,-8758,-8011,3.16
UAE_307,2024-09,6209,6085,-10590,-9437,-2.0
UAE_307,2024-10,1967,2168,-4810,-4789,10.22
UAE_307,2024-11,6269,6785,-7650,-7415,8.23
UAE_307,2024-12,3689,3915,-6289,-6363,6.13
UAE_307,2025-01,1201,1251,-7558,-7451,4.16
UAE_307,2025-02,3922,3732,-4073,-4390,-4.84
UAE_307,2025-03,2380,2594,-4575,-4668,8.99
UAE_307,2025-04,5248,5081,-1470,-1353,-3.18
UAE_307,2025-05,1874,1820,-11755,-10523,-2.88
UAE_307,2025-06,5248,4829,-1076,-1221,-7.98
UAE_307,2025-07,2901,3053,-6761,-6884,5.24
UAE_307,2025-08,8068,7947,-4600,-4387,-1.5
UAE_307,2025-09,6035,5748,-5218,-5571,-4.76
UAE_307,2025-10,4281,4233,-5771,-5038,-1.12
UAE_307,2025-11,2453,2599,-4921,-4615,5.95
UAE_307,2025-12,3843,3961,-5720,-5482,3.07
UAE_308,2023-01,2672,2769,-4590,-5335,3.63
UAE_308,2023-02,3600,3860,-4728,-5241,7.22
UAE_308,2023-03,3791,3892,-10076,-10146,2.66
UAE_308,2023-04,11335,10875,-3948,-4499,-4.06
UAE_308,2023-05,5778,5429,-4281,-4063,-6.04
UAE_308,2023-06,4806,4843,-7175,-8180,0.77
UAE_308,2023-07,11010,12139,-9908,-10630,10.25
UAE_308,2023-08,19004,19008,-5029,-5253,0.02
UAE_308,2023-09,18880,20105,-9186,-8425,6.49
UAE_308,2023-10,3015,3045,-5731,-5833,1.0
UAE_308,2023-11,6568,6082,-11115,-12236,-7.4
UAE_308,2023-12,16595,16765,-1397,-1520,1.02
UAE_308,2024-01,2236,2098,-3398,-3746,-6.17
UAE_308,2024-02,3208,3024,-6808,-6743,-5.74
UAE_308,2024-03,3772,3493,-5806,-5163,-7.4
UAE_308,2024-04,3403,3281,-6863,-6899,-3.59
UAE_308,2024-05,6214,6437,-11339,-10447,3.59
UAE_308,2024-06,2775,2631,-5017,-5510,-5.19
UAE_308,2024-07,3660,3677,-16780,-15372,0.46
UAE_308,2024-08,6865,6508,-8425,-9107,-5.2
UAE_308,2024-09,6846,6277,-10913,-10899,-8.31
UAE_308,2024-10,2851,2883,-8165,-8361,1.12
UAE_308,2024-11,10292,11103,-4916,-5222,7.88
UAE_308,2024-12,7789,8596,-7490,-7459,10.36
UAE_308,2025-01,2872,2844,-7147,-6685,-0.97
UAE_308,2025-02,1927,2098,-3285,-3443,8.87
UAE_308,2025-03,5711,5306,-3590,-3890,-7.09
UAE_308,2025-04,3688,3721,-4801,-4679,0.89
UAE_308,2025-05,9137,9219,-7237,-7726,0.9
UAE_308,2025-06,10795,10500,-9122,-9620,-2.73
UAE_308,2025-07,44120,42802,-4204,-3871,-2.99
UAE_308,2025-08,27277,29240,-4589,-4541,7.2
UAE_308,2025-09,2134,2033,-3980,-3967,-4.73
UAE_308,2025-10,1830,1768,-6262,-6940,-3.39
UAE_308,2025-11,3253,3047,-11313,-10806,-6.33
UAE_308,2025-12,19137,17714,-5215,-5260,-7.44
UAE_309,2023-01,169071,178564,-5882,-6160,5.61
UAE_309,2023-02,58250,59603,-1960,-1772,2.32
UAE_309,2023-03,131222,133907,17573,17557,2.05
UAE_309,2023-04,509189,559479,45430,52969,9.88
UAE_309,2023-05,344744,332398,25560,26729,-3.58
UAE_309,2023-06,65751,63546,-8053,-7303,-3.35
UAE_309,2023-07,1487023,1511612,438387,397311,1.65
UAE_309,2023-08,197364,210316,43243,39908,6.56
UAE_309,2023-09,541493,567557,145564,148321,4.81
UAE_309,2023-10,260121,282188,53237,54162,8.48
UAE_309,2023-11,153869,148530,-37231,-39223,-3.47
UAE_309,2023-12,577153,589508,45128,51670,2.14
UAE_309,2024-01,437734,434088,30460,32828,-0.83
UAE_309,2024-02,195580,179744,-231,-268,-8.1
UAE_309,2024-03,202360,220036,25813,26183,8.73
UAE_309,2024-04,186500,176266,-753,-736,-5.49
UAE_309,2024-05,202158,221317,22857,24100,9.48
UAE_309,2024-06,190159,199456,46634,45536,4.89
UAE_309,2024-07,321113,326203,77600,76421,1.59
UAE_309,2024-08,230126,241050,47251,46998,4.75
UAE_309,2024-09,261459,256534,23851,25960,-1.88
UAE_309,2024-10,256866,284089,-11203,-9876,10.6
UAE_309,2024-11,213839,217463,-8065,-8637,1.69
UAE_309,2024-12,96438,95335,-30848,-30025,-1.14
UAE_309,2025-01,398640,410978,91274,90186,3.1
UAE_309,2025-02,254915,265542,15135,13586,4.17
UAE_309,2025-03,344867,372858,87831,77036,8.12
UAE_309,2025-04,205625,209933,36982,32245,2.1
UAE_309,2025-05,117107,117075,10106,9381,-0.03
UAE_309,2025-06,204501,214083,34201,35593,4.69
UAE_309,2025-07,290758,283718,32872,29737,-2.42
UAE_309,2025-08,570897,522152,57859,65408,-8.54
UAE_309,2025-09,209635,221421,-9264,-9084,5.62
UAE_309,2025-10,254521,263651,48408,43295,3.59
UAE_309,2025-11,457688,440533,95230,101266,-3.75
UAE_309,2025-12,126055,126222,22796,21886,0.13
UAE_310,2023-01,1131,1110,-3328,-3386,-1.86
UAE_310,2023-02,796,853,-3969,-3929,7.16
UAE_310,2023-03,1377,1430,-3512,-3130,3.85
UAE_310,2023-04,2658,2573,-1605,-1626,-3.2
UAE_310,2023-05,1372,1524,-3967,-4106,11.08
UAE_310,2023-06,3409,3177,-5720,-6649,-6.81
UAE_310,2023-07,10030,9496,-5681,-6313,-5.32
UAE_310,2023-08,957,952,-8885,-7756,-0.52
UAE_310,2023-09,3001,3096,-3355,-3417,3.17
UAE_310,2023-10,2486,2391,-5828,-6440,-3.82
UAE_310,2023-11,2548,2414,-2794,-2645,-5.26
UAE_310,2023-12,2361,2438,-5783,-5523,3.26
UAE_310,2024-01,2632,2451,-4575,-5196,-6.88
UAE_310,2024-02,2730,2772,-5547,-5935,1.54
UAE_310,2024-03,1295,1201,-2305,-2180,-7.26
UAE_310,2024-04,2282,2220,-1281,-1426,-2.72
UAE_310,2024-05,3904,3620,-2368,-2167,-7.27
UAE_310,2024-06,3051,3197,-3045,-2734,4.79
UAE_310,2024-07,1299,1220,-2363,-2286,-6.08
UAE_310,2024-08,2433,2496,-5352,-6186,2.59
UAE_310,2024-09,4095,3751,-954,-954,-8.4
UAE_310,2024-10,2854,3115,-6480,-6988,9.15
UAE_310,2024-11,1093,1022,-4051,-4392,-6.5
UAE_310,2024-12,5674,5258,-4390,-4249,-7.33
UAE_310,2025-01,1594,1454,-1139,-1004,-8.78
UAE_310,2025-02,1730,1628,-1835,-2122,-5.9
UAE_310,2025-03,993,962,-3165,-3194,-3.12
UAE_310,2025-04,2719,2817,-7544,-6811,3.6
UAE_310,2025-05,1460,1470,-6218,-6373,0.68
UAE_310,2025-06,4284,4059,-2446,-2454,-5.25
UAE_310,2025-07,2285,2139,-7886,-8457,-6.39
UAE_310,2025-08,3393,3115,-5029,-5744,-8.19
UAE_310,2025-09,1719,1659,-3280,-3045,-3.49
UAE_310,2025-10,1561,1663,-3062,-3278,6.53
UAE_310,2025-11,1157,1196,-1354,-1179,3.37
UAE_310,2025-12,2527,2754,-1021,-1033,8.98
UAE_311,2023-01,1248,1239,-3373,-2943,-0.72
UAE_311,2023-02,2424,2527,-1665,-1585,4.25
UAE_311,2023-03,2303,2210,-2957,-2728,-4.04
UAE_311,2023-04,3505,3223,-5418,-5205,-8.05
UAE_311,2023-05,2551,2544,-6172,-6431,-0.27
UAE_311,2023-06,2818,2564,-4033,-4243,-9.01
UAE_311,2023-07,2847,3047,-7828,-8434,7.02
UAE_311,2023-08,6115,6573,-4185,-4207,7.49
UAE_311,2023-09,2659,2907,-3349,-3747,9.33
UAE_311,2023-10,1609,1501,-2595,-2275,-6.71
UAE_311,2023-11,2689,2715,-8060,-7660,0.97
UAE_311,2023-12,3009,2929,-7576,-6791,-2.66
UAE_311,2024-01,2726,2932,-5912,-6490,7.56
UAE_311,2024-02,1287,1282,-2470,-2770,-0.39
UAE_311,2024-03,980,1075,-6642,-6213,9.69
UAE_311,2024-04,3017,2957,-6336,-6742,-1.99
UAE_311,2024-05,1166,1180,-4010,-4393,1.2
UAE_311,2024-06,1588,1706,-6214,-6730,7.43
UAE_311,2024-07,7488,7813,-7169,-7032,4.34
UAE_311,2024-08,17395,17969,-3539,-3446,3.3
UAE_311,2024-09,2406,2402,-8252,-8643,-0.17
UAE_311,2024-10,3108,3399,-803,-939,9.36
UAE_311,2024-11,1371,1404,-1522,-1771,2.41
UAE_311,2024-12,3022,3327,-5566,-5977,10.09
UAE_311,2025-01,967,1007,-5364,-5911,4.14
UAE_311,2025-02,1907,1895,-5917,-5617,-0.63
UAE_311,2025-03,2145,2220,-4603,-4371,3.5
UAE_311,2025-04,4019,4277,-5797,-6130,6.42
UAE_311,2025-05,2617,2753,-3743,-4341,5.2
UAE_311,2025-06,2878,2760,-2997,-3281,-4.1
UAE_311,2025-07,5269,5003,-2194,-1939,-5.05
UAE_311,2025-08,5103,4785,-2113,-2006,-6.23
UAE_311,2025-09,2428,2429,-4142,-4686,0.04
UAE_311,2025-10,1535,1445,-6128,-5627,-5.86
UAE_311,2025-11,2423,2560,-6100,-6854,5.65
UAE_311,2025-12,2287,2153,-2931,-3045,-5.86
UAE_312,2023-01,1951,1976,-3728,-3283,1.28
UAE_312,2023-02,716,728,-5815,-5071,1.68
UAE_312,2023-03,2639,2421,-3018,-2999,-8.26
UAE_312,2023-04,2118,2216,-2177,-2083,4.63
UAE_312,2023-05,2960,2978,-4927,-5064,0.61
UAE_312,2023-06,3378,3495,-4718,-4551,3.46
UAE_312,2023-07,3439,3143,-1512,-1637,-8.61
UAE_312,2023-08,2431,2246,-6308,-5841,-7.61
UAE_312,2023-09,3059,2907,-3499,-3278,-4.97
UAE_312,2023-10,2931,3050,-2941,-3417,4.06
UAE_312,2023-11,1631,1669,-2124,-2163,2.33
UAE_312,2023-12,1477,1614,-3818,-3663,9.28
UAE_312,2024-01,1819,2014,-3228,-3708,10.72
UAE_312,2024-02,819,757,-3529,-3223,-7.57
UAE_312,2024-03,953,944,-2596,-2502,-0.94
UAE_312,2024-04,2068,2136,-1988,-1834,3.29
UAE_312,2024-05,2597,2369,-8299,-7683,-8.78
UAE_312,2024-06,3725,3697,-4159,-4703,-0.75
UAE_312,2024-07,2337,2516,-7637,-8579,7.66
UAE_312,2024-08,5148,4970,-5074,-5024,-3.46
UAE_312,2024-09,2998,2750,-3283,-3438,-8.27
UAE_312,2024-10,1667,1728,-1621,-1894,3.66
UAE_312,2024-11,1852,1822,-6559,-7383,-1.62
UAE_312,2024-12,3169,2934,-904,-917,-7.42
UAE_312,2025-01,735,774,-2525,-2312,5.31
UAE_312,2025-02,2372,2529,-948,-873,6.62
UAE_312,2025-03,2235,2193,-891,-1024,-1.88
UAE_312,2025-04,1674,1562,-3260,-2995,-6.69
UAE_312,2025-05,1958,1894,-7662,-7962,-3.27
UAE_312,2025-06,1716,1849,-6824,-6220,7.75
UAE_312,2025-07,3717,3809,-7117,-6950,2.48
UAE_312,2025-08,5025,5370,-5535,-6028,6.87
UAE_312,2025-09,1163,1256,-1581,-1793,8.0
UAE_312,2025-10,3260,3602,-7060,-6652,10.49
UAE_312,2025-11,1906,1951,-5452,-4807,2.36
UAE_312,2025-12,2414,2543,-4942,-5782,5.34
UAE_313,2023-01,710,706,-4428,-3925,-0.56
UAE_313,2023-02,1676,1758,-3887,-3485,4.89
UAE_313,2023-03,1804,1798,-1171,-1232,-0.33
UAE_313,2023-04,1279,1292,-5668,-4997,1.02
UAE_313,2023-05,1745,1730,-6036,-6222,-0.86
UAE_313,2023-06,2155,2055,-6876,-6021,-4.64
UAE_313,2023-07,2157,1979,-2474,-2816,-8.25
UAE_313,2023-08,3192,3224,-4753,-4209,1.0
UAE_313,2023-09,2237,2230,-3660,-3660,-0.31
UAE_313,2023-10,1024,981,-2484,-2467,-4.2
UAE_313,2023-11,2023,2239,-4633,-4343,10.68
UAE_313,2023-12,2318,2283,-1096,-1161,-1.51
UAE_313,2024-01,2644,2441,-2923,-2882,-7.68
UAE_313,2024-02,698,749,-3615,-3757,7.31
UAE_313,2024-03,1541,1667,-7201,-6577,8.18
UAE_313,2024-04,1468,1505,-2484,-2857,2.52
UAE_313,2024-05,1428,1555,-4533,-3969,8.89
UAE_313,2024-06,2112,2259,-6891,-8040,6.96
UAE_313,2024-07,1139,1118,-4638,-4831,-1.84
UAE_313,2024-08,2182,2132,-1638,-1508,-2.29
UAE_313,2024-09,1379,1286,-1270,-1414,-6.74
UAE_313,2024-10,3034,2955,-2200,-2279,-2.6
UAE_313,2024-11,2830,3071,-5383,-4854,8.52
UAE_313,2024-12,2427,2342,-5933,-5225,-3.5
UAE_313,2025-01,2252,2442,-2301,-2494,8.44
UAE_313,2025-02,2551,2729,-5915,-5478,6.98
UAE_313,2025-03,1318,1418,-1480,-1383,7.59
UAE_313,2025-04,2240,2116,-1597,-1731,-5.54
UAE_313,2025-05,3459,3212,-4933,-4857,-7.14
UAE_313,2025-06,1123,1186,-4231,-4495,5.61
UAE_313,2025-07,19305,20000,-2932,-2631,3.6
UAE_313,2025-08,4700,4532,-8855,-8014,-3.57
UAE_313,2025-09,6844,6365,-6838,-6043,-7.0
UAE_313,2025-10,2300,2154,-1360,-1453,-6.35
UAE_313,2025-11,3323,3413,-4636,-5385,2.71
UAE_313,2025-12,1807,1767,-1369,-1484,-2.21
UAE_314,2023-01,6396,6601,-9527,-10738,3.21
UAE_314,2023-02,26108,25535,-9865,-9278,-2.19
UAE_314,2023-03,9777,9555,-4183,-3875,-2.27
UAE_314,2023-04,31799,30913,-3641,-3372,-2.79
UAE_314,2023-05,58372,62379,-24267,-22812,6.86
UAE_314,2023-06,44721,42392,-19908,-17760,-5.21
UAE_314,2023-07,130233,123364,5897,6815,-5.27
UAE_314,2023-08,143823,136323,25269,27673,-5.21
UAE_314,2023-09,59557,57392,-8787,-7980,-3.64
UAE_314,2023-10,6376,5864,-11862,-13729,-8.03
UAE_314,2023-11,21847,22494,-2567,-2479,2.96
UAE_314,2023-12,31875,30588,-8123,-8916,-4.04
UAE_314,2024-01,25002,22872,-16535,-15586,-8.52
UAE_314,2024-02,24607,23021,-5742,-5432,-6.45
UAE_314,2024-03,11606,11763,-3227,-3625,1.35
UAE_314,2024-04,66404,69817,-11581,-12291,5.14
UAE_314,2024-05,24377,27085,-15888,-15045,11.11
UAE_314,2024-06,105354,98698,13282,14125,-6.32
UAE_314,2024-07,70531,76448,-10786,-10001,8.39
UAE_314,2024-08,65827,72394,-4600,-5363,9.98
UAE_314,2024-09,65454,61444,10690,10835,-6.13
UAE_314,2024-10,10906,11787,-6419,-5797,8.08
UAE_314,2024-11,71650,71184,1562,1688,-0.65
UAE_314,2024-12,20374,19768,-5855,-6848,-2.97
UAE_314,2025-01,48844,47073,529,475,-3.63
UAE_314,2025-02,29256,31304,-19216,-18502,7.0
UAE_314,2025-03,21988,23980,-13631,-12108,9.06
UAE_314,2025-04,73959,68756,-3400,-3192,-7.03
UAE_314,2025-05,87400,95816,-1868,-1753,9.63
UAE_314,2025-06,44593,45149,-16160,-15032,1.25
UAE_314,2025-07,33482,36579,-2517,-2240,9.25
UAE_314,2025-08,118756,108968,-3820,-3771,-8.24
UAE_314,2025-09,24765,26336,-8402,-9309,6.34
UAE_314,2025-10,49141,45368,-3875,-4020,-7.68
UAE_314,2025-11,74475,69692,-9668,-9424,-6.42
UAE_314,2025-12,22613,24916,-7354,-7133,10.18
UAE_315,2023-01,1573,1669,-4005,-3936,6.1
UAE_315,2023-02,947,899,-3751,-3461,-5.07
UAE_315,2023-03,872,879,-6976,-6168,0.8
UAE_315,2023-04,769,824,-5706,-5989,7.15
UAE_315,2023-05,4879,4914,-6038,-5402,0.72
UAE_315,2023-06,1667,1558,-2288,-2666,-6.54
UAE_315,2023-07,1159,1190,-2911,-3051,2.67
UAE_315,2023-08,1958,2138,-7088,-6280,9.19
UAE_315,2023-09,2886,3192,-5331,-6124,10.6
UAE_315,2023-10,2344,2590,-2432,-2488,10.49
UAE_315,2023-11,1369,1399,-6194,-5715,2.19
UAE_315,2023-12,1499,1534,-7389,-6694,2.33
UAE_315,2024-01,2480,2642,-2258,-2491,6.53
UAE_315,2024-02,934,856,-5217,-5067,-8.35
UAE_315,2024-03,2695,2927,-5170,-5091,8.61
UAE_315,2024-04,1872,1872,-3848,-3957,0.0
UAE_315,2024-05,1818,1901,-6287,-6581,4.57
UAE_315,2024-06,1368,1368,-3582,-3195,0.0
UAE_315,2024-07,1032,1066,-5936,-6735,3.29
UAE_315,2024-08,1563,1693,-6020,-5723,8.32
UAE_315,2024-09,3536,3430,-3278,-3257,-3.0
UAE_315,2024-10,2273,2515,-739,-823,10.65
UAE_315,2024-11,2741,2757,-604,-571,0.58
UAE_315,2024-12,1345,1425,-1526,-1613,5.95
UAE_315,2025-01,2198,2369,-4429,-4149,7.78
UAE_315,2025-02,1426,1512,-5625,-5192,6.03
UAE_315,2025-03,2689,2460,-953,-891,-8.52
UAE_315,2025-04,3520,3427,-1232,-1321,-2.64
UAE_315,2025-05,6651,6433,-5532,-5817,-3.28
UAE_315,2025-06,7589,7903,-8320,-7366,4.14
UAE_315,2025-07,2116,2084,-5402,-5439,-1.51
UAE_315,2025-08,2939,3029,-2252,-2268,3.06
UAE_315,2025-09,2513,2546,-2737,-2763,1.31
UAE_315,2025-10,2892,2752,-3671,-4042,-4.84
UAE_315,2025-11,3111,3205,-4398,-4264,3.02
UAE_315,2025-12,1992,2086,-5890,-5213,4.72
UAE_316,2023-01,85994,94411,-21932,-21672,9.79
UAE_316,2023-02,13090,12506,-20121,-20009,-4.46
UAE_316,2023-03,53351,55893,8908,8876,4.76
UAE_316,2023-04,223327,207369,5507,5501,-7.15
UAE_316,2023-05,200565,221432,-1103,-1291,10.4
UAE_316,2023-06,788198,867467,99831,100959,10.06
UAE_316,2023-07,349276,374289,22213,19800,7.16
UAE_316,2023-08,436319,483036,59570,55946,10.71
UAE_316,2023-09,134220,141912,373,390,5.73
UAE_316,2023-10,145203,141011,6745,6034,-2.89
UAE_316,2023-11,43455,40406,-25908,-27149,-7.02
UAE_316,2023-12,89151,85609,-22782,-20327,-3.97
UAE_316,2024-01,173756,165466,-6945,-6338,-4.77
UAE_316,2024-02,83818,90805,-5056,-4865,8.34
UAE_316,2024-03,38710,36214,-3775,-3868,-6.45
UAE_316,2024-04,291744,282954,-761,-778,-3.01
UAE_316,2024-05,89394,96667,10124,11422,8.14
UAE_316,2024-06,276703,273221,27621,25929,-1.26
UAE_316,2024-07,416168,451999,104313,99744,8.61
UAE_316,2024-08,294049,273910,-9954,-9191,-6.85
UAE_316,2024-09,89783,86598,-1739,-1598,-3.55
UAE_316,2024-10,107427,111918,13372,14425,4.18
UAE_316,2024-11,31443,32175,-20383,-20804,2.33
UAE_316,2024-12,245823,260252,47550,45433,5.87
UAE_316,2025-01,181485,168883,1229,1165,-6.94
UAE_316,2025-02,132598,129331,19486,19656,-2.46
UAE_316,2025-03,114147,126089,-19586,-17287,10.46
UAE_316,2025-04,379294,367031,100474,102554,-3.23
UAE_316,2025-05,132264,146235,11582,10562,10.56
UAE_316,2025-06,432603,425364,46530,46897,-1.67
UAE_316,2025-07,201467,193724,-14692,-15521,-3.84
UAE_316,2025-08,48703,46017,-7560,-7000,-5.52
UAE_316,2025-09,100309,97069,-10936,-9834,-3.23
UAE_316,2025-10,93791,96193,-24194,-22604,2.56
UAE_316,2025-11,428812,422548,52014,51013,-1.46
UAE_316,2025-12,152566,140416,-4202,-4210,-7.96
UAE_317,2023-01,49174,52682,-3241,-2851,7.13
UAE_317,2023-02,19955,19462,-10148,-10977,-2.47
UAE_317,2023-03,7296,6860,-7832,-6865,-5.98
UAE_317,2023-04,55736,53604,-12536,-14688,-3.83
UAE_317,2023-05,62660,58400,-17427,-17889,-6.8
UAE_317,2023-06,67188,62458,-11490,-11585,-7.04
UAE_317,2023-07,28896,28499,-11160,-10635,-1.37
UAE_317,2023-08,61460,65913,-6450,-6897,7.25
UAE_317,2023-09,8510,9275,-15868,-16431,8.99
UAE_317,2023-10,10543,10892,-17499,-15953,3.31
UAE_317,2023-11,31185,32008,-15737,-17224,2.64
UAE_317,2023-12,48480,48308,-9456,-8299,-0.35
UAE_317,2024-01,25336,23703,-8246,-7955,-6.45
UAE_317,2024-02,6663,6646,-5464,-5025,-0.26
UAE_317,2024-03,15514,15910,-18088,-21045,2.55
UAE_317,2024-04,15874,16458,-11543,-11053,3.68
UAE_317,2024-05,12707,11826,-15175,-17586,-6.93
UAE_317,2024-06,121097,129412,18386,19796,6.87
UAE_317,2024-07,85875,94832,-15218,-15604,10.43
UAE_317,2024-08,83312,78192,-2209,-2385,-6.15
UAE_317,2024-09,98343,108056,2469,2470,9.88
UAE_317,2024-10,20737,21457,-7209,-6662,3.47
UAE_317,2024-11,50560,48504,-13324,-13213,-4.07
UAE_317,2024-12,26179,28956,-13655,-15470,10.61
UAE_317,2025-01,104022,103121,3566,3434,-0.87
UAE_317,2025-02,20589,21647,-15355,-14935,5.14
UAE_317,2025-03,21456,22000,-7677,-8869,2.54
UAE_317,2025-04,17650,17338,-2244,-2293,-1.77
UAE_317,2025-05,38473,42640,-10015,-9853,10.83
UAE_317,2025-06,58422,57328,-13588,-15581,-1.87
UAE_317,2025-07,48097,50332,-22760,-25711,4.65
UAE_317,2025-08,39712,43433,-8845,-8709,9.37
UAE_317,2025-09,42947,44651,-19030,-21742,3.97
UAE_317,2025-10,85106,84514,-1422,-1471,-0.7
UAE_317,2025-11,7225,7501,-9105,-8228,3.82
UAE_317,2025-12,17869,16301,-17500,-18827,-8.77
UAE_318,2023-01,2346,2260,-1684,-1923,-3.67
UAE_318,2023-02,806,882,-2214,-2152,9.43
UAE_318,2023-03,895,911,-2289,-2255,1.79
UAE_318,2023-04,2626,2435,-6188,-6002,-7.27
UAE_318,2023-05,1409,1311,-1726,-1880,-6.96
UAE_318,2023-06,2717,2827,-4048,-4330,4.05
UAE_318,2023-07,3455,3355,-8444,-8068,-2.89
UAE_318,2023-08,1791,1913,-3801,-4207,6.81
UAE_318,2023-09,1845,1962,-2348,-2702,6.34
UAE_318,2023-10,2452,2330,-6730,-7070,-4.98
UAE_318,2023-11,783,834,-4856,-4827,6.51
UAE_318,2023-12,1591,1655,-4052,-4530,4.02
UAE_318,2024-01,2629,2506,-880,-1012,-4.68
UAE_318,2024-02,1272,1190,-1308,-1345,-6.45
UAE_318,2024-03,1859,2050,-2990,-2989,10.27
UAE_318,2024-04,2363,2457,-3740,-3867,3.98
UAE_318,2024-05,1035,1081,-3123,-3329,4.44
UAE_318,2024-06,2274,2192,-4312,-4366,-3.61
UAE_318,2024-07,1387,1415,-3717,-3398,2.02
UAE_318,2024-08,1782,1672,-3190,-2800,-6.17
UAE_318,2024-09,3321,3482,-6289,-5807,4.85
UAE_318,2024-10,3266,3284,-3978,-3838,0.55
UAE_318,2024-11,2635,2525,-6304,-5898,-4.17
UAE_318,2024-12,1402,1547,-2335,-2583,10.34
UAE_318,2025-01,5382,5411,-2529,-2664,0.54
UAE_318,2025-02,1157,1144,-3559,-3323,-1.12
UAE_318,2025-03,1528,1696,-1580,-1827,10.99
UAE_318,2025-04,2130,2051,-6044,-5619,-3.71
UAE_318,2025-05,1774,1651,-2227,-2329,-6.93
UAE_318,2025-06,2544,2626,-3391,-3490,3.22
UAE_318,2025-07,4573,4266,-7034,-7057,-6.71
UAE_318,2025-08,2452,2639,-4798,-4798,7.63
UAE_318,2025-09,2178,2351,-7851,-7429,7.94
UAE_318,2025-10,1227,1118,-7861,-6995,-8.88
UAE_318,2025-11,1394,1482,-6618,-5758,6.31
UAE_318,2025-12,2863,2715,-1607,-1456,-5.17
UAE_319,2023-01,2379,2221,-5041,-4749,-6.64
UAE_319,2023-02,2444,2371,-2846,-2885,-2.99
UAE_319,2023-03,9972,9493,-6854,-6066,-4.8
UAE_319,2023-04,4032,4450,-7440,-6833,10.37
UAE_319,2023-05,5002,5506,-2642,-2476,10.08
UAE_319,2023-06,2911,2937,-5232,-5771,0.89
UAE_319,2023-07,23285,21326,-4759,-4969,-8.41
UAE_319,2023-08,4536,4736,-2717,-2760,4.41
UAE_319,2023-09,23666,24761,-5924,-6771,4.63
UAE_319,2023-10,8077,8443,-11465,-12678,4.53
UAE_319,2023-11,1299,1413,-3078,-3539,8.78
UAE_319,2023-12,3939,3748,-10001,-10896,-4.85
UAE_319,2024-01,6943,6991,-4951,-4406,0.69
UAE_319,2024-02,4856,4912,-3860,-3562,1.15
UAE_319,2024-03,3051,3214,-9394,-8526,5.34
UAE_319,2024-04,3752,3999,-5831,-5724,6.58
UAE_319,2024-05,2887,3185,-3561,-3146,10.32
UAE_319,2024-06,3831,3674,-6050,-6456,-4.1
UAE_319,2024-07,4409,4020,-6717,-6363,-8.82
UAE_319,2024-08,15132,14321,-8562,-7577,-5.36
UAE_319,2024-09,4183,4149,-3328,-3057,-0.81
UAE_319,2024-10,8730,9469,-10707,-9681,8.47
UAE_319,2024-11,2482,2655,-7378,-6588,6.97
UAE_319,2024-12,4753,5164,-3529,-3268,8.65
UAE_319,2025-01,8491,8240,-5468,-5308,-2.96
UAE_319,2025-02,5416,5249,-8202,-8511,-3.08
UAE_319,2025-03,4666,4681,-8002,-8528,0.32
UAE_319,2025-04,5907,5524,-7545,-6970,-6.48
UAE_319,2025-05,5190,5158,-4321,-4099,-0.62
UAE_319,2025-06,10695,11787,-3098,-2725,10.21
UAE_319,2025-07,15097,14301,-15108,-15256,-5.27
UAE_319,2025-08,13756,12547,-10087,-10670,-8.79
UAE_319,2025-09,8196,8809,-14074,-13085,7.48
UAE_319,2025-10,5478,5190,-2794,-2650,-5.26
UAE_319,2025-11,9224,9700,-8750,-7959,5.16
UAE_319,2025-12,4898,5017,-11213,-11950,2.43
UAE_320,2023-01,2184,2291,-3667,-3725,4.9
UAE_320,2023-02,2059,2079,-6628,-6431,0.97
UAE_320,2023-03,2534,2580,-10767,-10187,1.82
UAE_320,2023-04,1540,1460,-9332,-8354,-5.19
UAE_320,2023-05,24310,25456,-4573,-4360,4.71
UAE_320,2023-06,11490,10892,-6894,-7249,-5.2
UAE_320,2023-07,4263,4727,-4228,-4015,10.88
UAE_320,2023-08,11592,12702,-14737,-12957,9.58
UAE_320,2023-09,2161,1989,-3485,-3066,-7.96
UAE_320,2023-10,11585,11245,-9825,-8732,-2.93
UAE_320,2023-11,3803,3869,-3578,-3162,1.74
UAE_320,2023-12,5996,6486,-8931,-8812,8.17
UAE_320,2024-01,3682,3884,-4588,-4368,5.49
UAE_320,2024-02,2150,2274,-2964,-2833,5.77
UAE_320,2024-03,12944,12928,-10982,-10376,-0.12
UAE_320,2024-04,6538,5995,-6040,-6509,-8.31
UAE_320,2024-05,4300,3971,-3569,-4110,-7.65
UAE_320,2024-06,6818,6933,-1502,-1728,1.69
UAE_320,2024-07,20423,20467,-6054,-7045,0.22
UAE_320,2024-08,3629,3913,-7768,-8661,7.83
UAE_320,2024-09,2631,2853,-8852,-8486,8.44
UAE_320,2024-10,1941,1903,-6741,-6389,-1.96
UAE_320,2024-11,3688,3541,-11139,-10412,-3.99
UAE_320,2024-12,6003,5614,-10571,-9318,-6.48
UAE_320,2025-01,1959,2019,-3092,-3264,3.06
UAE_320,2025-02,7031,7476,-7915,-7146,6.33
UAE_320,2025-03,3016,3255,-6183,-5493,7.92
UAE_320,2025-04,3458,3775,-2090,-2176,9.17
UAE_320,2025-05,11954,11909,-12332,-11849,-0.38
UAE_320,2025-06,5778,6207,-9352,-10771,7.42
UAE_320,2025-07,4547,4723,-4215,-3986,3.87
UAE_320,2025-08,3431,3331,-7740,-7558,-2.91
UAE_320,2025-09,3111,3133,-3668,-4018,0.71
UAE_320,2025-10,21767,21673,-8697,-8079,-0.43
UAE_320,2025-11,13521,12410,-9291,-8558,-8.22
UAE_320,2025-12,25858,28194,-3953,-3506,9.03
UAE_321,2023-01,2770,2686,-4355,-4010,-3.03
UAE_321,2023-02,4709,4568,-9804,-10613,-2.99
UAE_321,2023-03,3984,4080,-6126,-6364,2.41
UAE_321,2023-04,3345,3201,-4328,-3940,-4.3
UAE_321,2023-05,4270,4741,-6284,-6955,11.03
UAE_321,2023-06,39410,38179,-3125,-3410,-3.12
UAE_321,2023-07,30113,29103,-1432,-1342,-3.35
UAE_321,2023-08,9354,9042,-10247,-10180,-3.34
UAE_321,2023-09,16000,15710,-17459,-16862,-1.81
UAE_321,2023-10,2443,2552,-6965,-8046,4.46
UAE_321,2023-11,11557,11022,-11791,-11100,-4.63
UAE_321,2023-12,1921,1881,-4612,-4474,-2.08
UAE_321,2024-01,6873,6707,-12225,-10753,-2.42
UAE_321,2024-02,3139,3319,-5903,-5753,5.73
UAE_321,2024-03,1846,1909,-7544,-7963,3.41
UAE_321,2024-04,3160,3279,-10221,-11101,3.77
UAE_321,2024-05,19169,20026,-9279,-9723,4.47
UAE_321,2024-06,8130,7543,-8903,-8443,-7.22
UAE_321,2024-07,35370,34669,77,73,-1.98
UAE_321,2024-08,6751,6640,-12413,-13841,-1.64
UAE_321,2024-09,19392,20140,-8259,-8291,3.86
UAE_321,2024-10,3910,4106,-3284,-3466,5.01
UAE_321,2024-11,19043,17941,-7674,-8484,-5.79
UAE_321,2024-12,6764,6395,-9551,-10481,-5.46
UAE_321,2025-01,12503,12020,-9433,-10175,-3.86
UAE_321,2025-02,22536,21232,-3684,-3491,-5.79
UAE_321,2025-03,10077,10546,-13292,-12334,4.65
UAE_321,2025-04,6160,5851,-4955,-4742,-5.02
UAE_321,2025-05,6670,7178,-7478,-7155,7.62
UAE_321,2025-06,2938,3254,-5371,-5313,10.76
UAE_321,2025-07,25578,27279,-14179,-15131,6.65
UAE_321,2025-08,22514,24859,-10069,-9316,10.42
UAE_321,2025-09,30046,31730,-6524,-6712,5.6
UAE_321,2025-10,5080,4937,-2951,-3423,-2.81
UAE_321,2025-11,26951,25221,-4009,-4613,-6.42
UAE_321,2025-12,9498,9991,-6689,-7521,5.19
UAE_322,2023-01,778,722,-3690,-3634,-7.2
UAE_322,2023-02,1458,1402,-5609,-4886,-3.84
UAE_322,2023-03,1988,2056,-3825,-4489,3.42
UAE_322,2023-04,837,855,-4782,-5019,2.15
UAE_322,2023-05,1581,1490,-4509,-5229,-5.76
UAE_322,2023-06,1856,1894,-4362,-4718,2.05
UAE_322,2023-07,934,1012,-3153,-3296,8.35
UAE_322,2023-08,1636,1688,-4247,-4926,3.18
UAE_322,2023-09,3027,2881,-4979,-5504,-4.82
UAE_322,2023-10,2944,2862,-7659,-6675,-2.79
UAE_322,2023-11,1176,1197,-3928,-3954,1.79
UAE_322,2023-12,1977,1967,-5256,-5612,-0.51
UAE_322,2024-01,1839,2013,-2509,-2730,9.46
UAE_322,2024-02,991,1069,-4351,-4749,7.87
UAE_322,2024-03,1857,1844,-7460,-7205,-0.7
UAE_322,2024-04,1914,2088,-6583,-6654,9.09
UAE_322,2024-05,1447,1452,-6820,-6659,0.35
UAE_322,2024-06,3273,3521,-6622,-6348,7.58
UAE_322,2024-07,6567,6757,-3723,-4240,2.89
UAE_322,2024-08,3618,3911,-6056,-5792,8.1
UAE_322,2024-09,1087,994,-6739,-7045,-8.56
UAE_322,2024-10,6847,6554,-6919,-6669,-4.28
UAE_322,2024-11,5225,5372,-4561,-4634,2.81
UAE_322,2024-12,2052,2225,-2699,-2364,8.43
UAE_322,2025-01,1664,1797,-1840,-1883,7.99
UAE_322,2025-02,2705,2845,-2635,-2818,5.18
UAE_322,2025-03,2258,2076,-3521,-3441,-8.06
UAE_322,2025-04,2078,2141,-3271,-3679,3.03
UAE_322,2025-05,1292,1301,-1890,-1912,0.7
UAE_322,2025-06,2754,2941,-8639,-8007,6.79
UAE_322,2025-07,1239,1227,-6856,-7914,-0.97
UAE_322,2025-08,4264,4028,-3729,-4352,-5.53
UAE_322,2025-09,1524,1553,-1835,-1601,1.9
UAE_322,2025-10,3978,3788,-5102,-4941,-4.78
UAE_322,2025-11,1234,1156,-3516,-3073,-6.32
UAE_322,2025-12,1117,1060,-7168,-6281,-5.1
UAE_323,2023-01,2038,1883,-5042,-5561,-7.61
UAE_323,2023-02,2315,2240,-4611,-5267,-3.24
UAE_323,2023-03,2481,2735,-1652,-1658,10.24
UAE_323,2023-04,1397,1311,-7202,-6859,-6.16
UAE_323,2023-05,5267,5276,-6389,-5914,0.17
UAE_323,2023-06,1884,1846,-8870,-8887,-2.02
UAE_323,2023-07,1600,1531,-7616,-7186,-4.31
UAE_323,2023-08,2094,2143,-4090,-4057,2.34
UAE_323,2023-09,1317,1212,-2429,-2425,-7.97
UAE_323,2023-10,1651,1820,-3789,-3365,10.24
UAE_323,2023-11,2409,2590,-4163,-3852,7.51
UAE_323,2023-12,2349,2537,-2274,-2536,8.0
UAE_323,2024-01,952,903,-2649,-3104,-5.15
UAE_323,2024-02,872,897,-3729,-3400,2.87
UAE_323,2024-03,2024,1931,-5409,-5236,-4.59
UAE_323,2024-04,1076,1133,-3875,-3526,5.3
UAE_323,2024-05,1028,1077,-7443,-8002,4.77
UAE_323,2024-06,997,1026,-7860,-7210,2.91
UAE_323,2024-07,6456,6934,-5449,-5778,7.4
UAE_323,2024-08,1216,1289,-3817,-4437,6.0
UAE_323,2024-09,1678,1615,-2837,-2624,-3.75
UAE_323,2024-10,3137,3201,-3937,-3435,2.04
UAE_323,2024-11,5667,5821,-5644,-5266,2.72
UAE_323,2024-12,1302,1338,-2508,-2886,2.76
UAE_323,2025-01,1751,1836,-1102,-1017,4.85
UAE_323,2025-02,1082,1119,-3346,-3528,3.42
UAE_323,2025-03,5961,5806,-6818,-5985,-2.6
UAE_323,2025-04,3441,3545,-1381,-1605,3.02
UAE_323,2025-05,3748,3738,-7671,-7234,-0.27
UAE_323,2025-06,995,1078,-1899,-2126,8.34
UAE_323,2025-07,1908,1903,-1705,-1691,-0.26
UAE_323,2025-08,3559,3555,-2841,-2734,-0.11
UAE_323,2025-09,4036,3686,-7767,-8072,-8.67
UAE_323,2025-10,3513,3237,-5614,-6189,-7.86
UAE_323,2025-11,2000,2150,-6496,-6256,7.5
UAE_323,2025-12,1336,1408,-2703,-2601,5.39
UAE_324,2023-01,2188,2095,-3626,-3684,-4.25
UAE_324,2023-02,3378,3244,-3042,-3405,-3.97
UAE_324,2023-03,4083,3762,-4578,-5024,-7.86
UAE_324,2023-04,2099,2244,-8770,-8494,6.91
UAE_324,2023-05,3403,3276,-5864,-6421,-3.73
UAE_324,2023-06,1699,1882,-5277,-6050,10.77
UAE_324,2023-07,4709,4697,-4823,-5270,-0.25
UAE_324,2023-08,1537,1415,-5149,-5882,-7.94
UAE_324,2023-09,2298,2496,-3673,-3471,8.62
UAE_324,2023-10,3919,3858,-1886,-2210,-1.56
UAE_324,2023-11,3578,3485,-6454,-7246,-2.6
UAE_324,2023-12,2554,2820,-5502,-4866,10.42
UAE_324,2024-01,1134,1078,-3355,-2956,-4.94
UAE_324,2024-02,2820,3131,-5944,-5982,11.03
UAE_324,2024-03,4774,4416,-5387,-5621,-7.5
UAE_324,2024-04,7730,7086,-6497,-7621,-8.33
UAE_324,2024-05,2609,2856,-8040,-9144,9.47
UAE_324,2024-06,2248,2448,-5520,-5877,8.9
UAE_324,2024-07,8850,8580,-10629,-10140,-3.05
UAE_324,2024-08,14640,15379,-7309,-6946,5.05
UAE_324,2024-09,5048,4930,-11176,-11191,-2.34
UAE_324,2024-10,3909,3715,-4057,-3780,-4.96
UAE_324,2024-11,1030,1133,-5399,-5111,10.0
UAE_324,2024-12,2885,3016,-2249,-2403,4.54
UAE_324,2025-01,2505,2653,-9351,-8992,5.91
UAE_324,2025-02,2782,2877,-3128,-3504,3.41
UAE_324,2025-03,2506,2400,-7574,-6998,-4.23
UAE_324,2025-04,4590,4351,-2530,-2405,-5.21
UAE_324,2025-05,3428,3664,-1979,-2029,6.88
UAE_324,2025-06,9110,8409,-8411,-8633,-7.69
UAE_324,2025-07,3194,2904,-6943,-8110,-9.08
UAE_324,2025-08,3525,3251,-2970,-3044,-7.77
UAE_324,2025-09,5678,5275,-4671,-5308,-7.1
UAE_324,2025-10,6849,6282,-7701,-7827,-8.28
UAE_324,2025-11,2138,2326,-2170,-2099,8.79
UAE_324,2025-12,1379,1419,-3675,-3381,2.9
UAE_325,2023-01,68432,62848,-10979,-12562,-8.16
UAE_325,2023-02,36181,40147,-14914,-14981,10.96
UAE_325,2023-03,130575,121851,-180,-176,-6.68
UAE_325,2023-04,36821,35470,-4006,-3845,-3.67
UAE_325,2023-05,34025,35116,-12235,-13526,3.21
UAE_325,2023-06,95613,100739,-4018,-3670,5.36
UAE_325,2023-07,21861,23449,-6284,-6359,7.26
UAE_325,2023-08,44932,45860,-540,-596,2.07
UAE_325,2023-09,59567,55860,-21230,-23928,-6.22
UAE_325,2023-10,37625,41411,-20845,-21082,10.06
UAE_325,2023-11,93990,86807,-6085,-5461,-7.64
UAE_325,2023-12,42058,42590,-26462,-23056,1.26
UAE_325,2024-01,19526,21553,-4954,-5451,10.38
UAE_325,2024-02,37494,39412,-5338,-6056,5.12
UAE_325,2024-03,63191,63642,5074,5959,0.71
UAE_325,2024-04,83213,81146,13591,12920,-2.48
UAE_325,2024-05,47810,48121,-10717,-10965,0.65
UAE_325,2024-06,204909,190891,16454,17018,-6.84
UAE_325,2024-07,20299,21904,-10989,-12539,7.91
UAE_325,2024-08,25607,27593,-22484,-22251,7.76
UAE_325,2024-09,52218,53433,8282,7940,2.33
UAE_325,2024-10,23356,25300,-9969,-10981,8.32
UAE_325,2024-11,77742,76164,-16291,-16398,-2.03
UAE_325,2024-12,7322,7442,-6046,-5550,1.64
UAE_325,2025-01,73755,77423,2501,2209,4.97
UAE_325,2025-02,25988,24287,-9227,-10227,-6.55
UAE_325,2025-03,71257,69751,-11376,-11664,-2.11
UAE_325,2025-04,38347,37550,-6077,-5620,-2.08
UAE_325,2025-05,16117,14979,-6015,-6020,-7.06
UAE_325,2025-06,55460,53751,-6914,-6168,-3.08
UAE_325,2025-07,43540,42066,-7385,-7645,-3.39
UAE_325,2025-08,64029,64719,947,913,1.08
UAE_325,2025-09,82375,86092,-4141,-4641,4.51
UAE_325,2025-10,100254,102083,13501,12829,1.82
UAE_325,2025-11,176283,195683,29889,31862,11.01
UAE_325,2025-12,69310,70610,-15941,-15303,1.88
UAE_326,2023-01,883,897,-5675,-5939,1.59
UAE_326,2023-02,1381,1366,-5258,-5194,-1.09
UAE_326,2023-03,2891,2635,-3213,-3185,-8.86
UAE_326,2023-04,2180,2303,-1312,-1150,5.64
UAE_326,2023-05,1143,1238,-3431,-3380,8.31
UAE_326,2023-06,4490,4971,-6857,-7102,10.71
UAE_326,2023-07,1589,1621,-2594,-3010,2.01
UAE_326,2023-08,1250,1322,-2566,-2758,5.76
UAE_326,2023-09,3228,3256,-5577,-6512,0.87
UAE_326,2023-10,6162,6263,-5067,-5389,1.64
UAE_326,2023-11,1657,1534,-3689,-3945,-7.42
UAE_326,2023-12,2159,2297,-5138,-5537,6.39
UAE_326,2024-01,1123,1097,-5673,-5126,-2.32
UAE_326,2024-02,1814,1883,-4953,-4450,3.8
UAE_326,2024-03,1793,1717,-5073,-5439,-4.24
UAE_326,2024-04,1752,1923,-7126,-7403,9.76
UAE_326,2024-05,1760,1869,-3331,-3192,6.19
UAE_326,2024-06,2369,2191,-2110,-2185,-7.51
UAE_326,2024-07,2453,2287,-2951,-3211,-6.77
UAE_326,2024-08,1845,1823,-2553,-2868,-1.19
UAE_326,2024-09,1556,1578,-3718,-3241,1.41
UAE_326,2024-10,1934,1807,-4561,-4947,-6.57
UAE_326,2024-11,1115,1227,-3387,-3727,10.04
UAE_326,2024-12,2363,2291,-1971,-2197,-3.05
UAE_326,2025-01,2769,2708,-4555,-5094,-2.2
UAE_326,2025-02,802,873,-2752,-2615,8.85
UAE_326,2025-03,3183,3256,-4488,-4161,2.29
UAE_326,2025-04,2345,2180,-6679,-5971,-7.04
UAE_326,2025-05,1343,1414,-3860,-3969,5.29
UAE_326,2025-06,1725,1669,-3080,-3556,-3.25
UAE_326,2025-07,2184,2376,-2790,-2971,8.79
UAE_326,2025-08,1417,1328,-6974,-7243,-6.28
UAE_326,2025-09,2964,3214,-5392,-6024,8.43
UAE_326,2025-10,2467,2628,-4876,-4249,6.53
UAE_326,2025-11,2995,3239,-957,-1100,8.15
UAE_326,2025-12,1132,1252,-4292,-3793,10.6
UAE_327,2023-01,1467,1402,-1335,-1174,-4.43
UAE_327,2023-02,971,1004,-4626,-5233,3.4
UAE_327,2023-03,1904,1955,-1365,-1466,2.68
UAE_327,2023-04,1484,1450,-1990,-1849,-2.29
UAE_327,2023-05,3571,3248,-7086,-6203,-9.05
UAE_327,2023-06,1086,1092,-7459,-7727,0.55
UAE_327,2023-07,6615,6847,-4184,-4283,3.51
UAE_327,2023-08,5604,6210,-4327,-4116,10.81
UAE_327,2023-09,3170,3134,-6222,-6816,-1.14
UAE_327,2023-10,1717,1700,-2627,-2813,-0.99
UAE_327,2023-11,857,886,-5662,-6497,3.38
UAE_327,2023-12,674,691,-5522,-5269,2.52
UAE_327,2024-01,1491,1594,-2050,-1827,6.91
UAE_327,2024-02,755,784,-5532,-6184,3.84
UAE_327,2024-03,1823,1917,-6378,-5602,5.16
UAE_327,2024-04,1839,1971,-6707,-7323,7.18
UAE_327,2024-05,4708,4310,-7087,-7765,-8.45
UAE_327,2024-06,2557,2393,-3122,-3513,-6.41
UAE_327,2024-07,3833,3614,-5816,-6402,-5.71
UAE_327,2024-08,1744,1895,-1578,-1828,8.66
UAE_327,2024-09,1649,1677,-3486,-3851,1.7
UAE_327,2024-10,2694,2664,-1879,-2190,-1.11
UAE_327,2024-11,1618,1617,-923,-976,-0.06
UAE_327,2024-12,1260,1326,-979,-852,5.24
UAE_327,2025-01,1939,1853,-5305,-4621,-4.44
UAE_327,2025-02,1994,1844,-3577,-3271,-7.52
UAE_327,2025-03,2389,2561,-3343,-3298,7.2
UAE_327,2025-04,949,965,-6505,-6229,1.69
UAE_327,2025-05,1735,1620,-5032,-4603,-6.63
UAE_327,2025-06,4374,4172,-3767,-3727,-4.62
UAE_327,2025-07,1873,2032,-5297,-4707,8.49
UAE_327,2025-08,2463,2529,-2372,-2244,2.68
UAE_327,2025-09,3426,3608,-7913,-7051,5.31
UAE_327,2025-10,1875,1938,-5190,-5481,3.36
UAE_327,2025-11,3154,2894,-2589,-2941,-8.24
UAE_327,2025-12,1223,1129,-5099,-5860,-7.69
UAE_328,2023-01,3648,4022,-5185,-5697,10.25
UAE_328,2023-02,2398,2213,-4806,-4604,-7.71
UAE_328,2023-03,2474,2598,-3533,-3528,5.01
UAE_328,2023-04,2510,2437,-6670,-6214,-2.91
UAE_328,2023-05,1699,1555,-1748,-1813,-8.48
UAE_328,2023-06,1350,1393,-2808,-3015,3.19
UAE_328,2023-07,1519,1448,-3225,-3088,-4.67
UAE_328,2023-08,2724,2697,-9695,-8923,-0.99
UAE_328,2023-09,1143,1237,-7946,-7111,8.22
UAE_328,2023-10,2208,2345,-9367,-8383,6.2
UAE_328,2023-11,3749,3600,-6045,-6631,-3.97
UAE_328,2023-12,2184,1988,-1275,-1463,-8.97
UAE_328,2024-01,2847,2936,-2162,-2223,3.13
UAE_328,2024-02,2828,2631,-6060,-5723,-6.97
UAE_328,2024-03,887,912,-6579,-6367,2.82
UAE_328,2024-04,1792,1860,-6185,-5764,3.79
UAE_328,2024-05,3835,3955,-6745,-6470,3.13
UAE_328,2024-06,1863,1978,-4437,-4927,6.17
UAE_328,2024-07,2419,2318,-2466,-2804,-4.18
UAE_328,2024-08,3094,3164,-9853,-9901,2.26
UAE_328,2024-09,2863,3041,-8194,-7616,6.22
UAE_328,2024-10,8158,8003,-5605,-5344,-1.9
UAE_328,2024-11,13885,14129,-2795,-2433,1.76
UAE_328,2024-12,1852,1746,-7167,-7400,-5.72
UAE_328,2025-01,2793,2906,-7377,-6868,4.05
UAE_328,2025-02,1585,1472,-5938,-5579,-7.13
UAE_328,2025-03,1554,1488,-4159,-4464,-4.25
UAE_328,2025-04,2266,2336,-3762,-3592,3.09
UAE_328,2025-05,4764,4633,-4568,-5040,-2.75
UAE_328,2025-06,4281,4066,-5183,-6002,-5.02
UAE_328,2025-07,7951,8471,-9078,-8010,6.54
UAE_328,2025-08,2613,2529,-4357,-4020,-3.21
UAE_328,2025-09,1595,1647,-1852,-1740,3.26
UAE_328,2025-10,12846,13197,-1683,-1815,2.73
UAE_328,2025-11,3398,3456,-3906,-4406,1.71
UAE_328,2025-12,1075,1143,-4201,-4579,6.33
UAE_329,2023-01,43319,45305,-15264,-17336,4.58
UAE_329,2023-02,30903,28410,-11272,-11283,-8.07
UAE_329,2023-03,45215,41365,-11262,-12488,-8.51
UAE_329,2023-04,25691,26349,-2960,-2771,2.56
UAE_329,2023-05,100856,100655,7333,6926,-0.2
UAE_329,2023-06,165821,181388,36328,33457,9.39
UAE_329,2023-07,76065,71740,246,261,-5.69
UAE_329,2023-08,73301,76072,-16493,-18242,3.78
UAE_329,2023-09,79546,88306,-26013,-24226,11.01
UAE_329,2023-10,57239,62409,-6856,-6008,9.03
UAE_329,2023-11,40476,37770,-8552,-8000,-6.69
UAE_329,2023-12,24787,25221,-1507,-1489,1.75
UAE_329,2024-01,109691,103312,-3189,-3541,-5.82
UAE_329,2024-02,61251,60699,-11979,-11387,-0.9
UAE_329,2024-03,109180,104400,327,287,-4.38
UAE_329,2024-04,77836,77987,10303,8970,0.19
UAE_329,2024-05,85368,87012,-3297,-2881,1.93
UAE_329,2024-06,100673,109196,3188,3430,8.47
UAE_329,2024-07,50719,55412,-19563,-22123,9.25
UAE_329,2024-08,213711,232612,31383,33741,8.84
UAE_329,2024-09,42888,39306,-5515,-6302,-8.35
UAE_329,2024-10,51235,46717,-1850,-1865,-8.82
UAE_329,2024-11,43313,46094,-1998,-1965,6.42
UAE_329,2024-12,39920,39728,-20783,-19184,-0.48
UAE_329,2025-01,22665,21948,-14260,-13331,-3.16
UAE_329,2025-02,57944,53701,-1858,-1630,-7.32
UAE_329,2025-03,51055,50221,-9402,-8736,-1.63
UAE_329,2025-04,41749,38183,-25683,-27479,-8.54
UAE_329,2025-05,228447,252391,29001,25259,10.48
UAE_329,2025-06,150351,137422,34792,30467,-8.6
UAE_329,2025-07,91060,94019,-15001,-13977,3.25
UAE_329,2025-08,138953,128670,-10160,-10193,-7.4
UAE_329,2025-09,67007,69488,-20205,-22117,3.7
UAE_329,2025-10,218994,206140,52009,51300,-5.87
UAE_329,2025-11,60023,66250,5356,5566,10.37
UAE_329,2025-12,112795,112145,21479,22312,-0.58
UAE_330,2023-01,1815,1890,-4888,-4973,4.13
UAE_330,2023-02,1077,1190,-5784,-6084,10.49
UAE_330,2023-03,1394,1288,-5254,-4730,-7.6
UAE_330,2023-04,945,945,-3583,-3474,0.0
UAE_330,2023-05,2259,2240,-4595,-4868,-0.84
UAE_330,2023-06,3688,3442,-2760,-2979,-6.67
UAE_330,2023-07,2965,3016,-2953,-3186,1.72
UAE_330,2023-08,2285,2429,-1955,-1736,6.3
UAE_330,2023-09,878,939,-5233,-5868,6.95
UAE_330,2023-10,1263,1224,-3553,-3462,-3.09
UAE_330,2023-11,1415,1429,-5727,-6122,0.99
UAE_330,2023-12,1657,1814,-2777,-3207,9.47
UAE_330,2024-01,2251,2189,-3965,-3781,-2.75
UAE_330,2024-02,801,738,-6287,-6057,-7.87
UAE_330,2024-03,2001,2030,-2359,-2556,1.45
UAE_330,2024-04,2477,2423,-2240,-2084,-2.18
UAE_330,2024-05,1692,1732,-5902,-6385,2.36
UAE_330,2024-06,1349,1275,-1858,-2033,-5.49
UAE_330,2024-07,1104,1102,-8062,-8352,-0.18
UAE_330,2024-08,3134,3136,-3852,-3494,0.06
UAE_330,2024-09,2894,3046,-1292,-1266,5.25
UAE_330,2024-10,2059,2064,-3407,-3078,0.24
UAE_330,2024-11,1373,1447,-6475,-6497,5.39
UAE_330,2024-12,2951,2717,-2169,-2363,-7.93
UAE_330,2025-01,1837,1987,-4252,-4938,8.17
UAE_330,2025-02,1210,1335,-2344,-2450,10.33
UAE_330,2025-03,2204,2088,-5470,-4795,-5.26
UAE_330,2025-04,3520,3527,-7499,-7229,0.2
UAE_330,2025-05,2654,2945,-754,-842,10.96
UAE_330,2025-06,2659,2739,-5726,-5794,3.01
UAE_330,2025-07,2262,2062,-4854,-5232,-8.84
UAE_330,2025-08,2104,2291,-5458,-5552,8.89
UAE_330,2025-09,2639,2791,-3369,-3121,5.76
UAE_330,2025-10,4259,4597,-6548,-6093,7.94
UAE_330,2025-11,1600,1766,-3913,-4101,10.38
UAE_330,2025-12,1776,1882,-6412,-6041,5.97
UAE_331,2023-01,1273,1199,-3645,-3682,-5.81
UAE_331,2023-02,1515,1529,-2709,-2777,0.92
UAE_331,2023-03,1182,1216,-4104,-3604,2.88
UAE_331,2023-04,2433,2321,-5065,-4430,-4.6
UAE_331,2023-05,2621,2622,-7446,-7036,0.04
UAE_331,2023-06,4679,4511,-7017,-8017,-3.59
UAE_331,2023-07,2342,2420,-7613,-7126,3.33
UAE_331,2023-08,2738,2848,-5935,-5430,4.02
UAE_331,2023-09,3238,3037,-5918,-6919,-6.21
UAE_331,2023-10,1094,1133,-2479,-2209,3.56
UAE_331,2023-11,2597,2568,-5222,-6030,-1.12
UAE_331,2023-12,779,709,-4830,-5447,-8.99
UAE_331,2024-01,1496,1516,-1316,-1165,1.34
UAE_331,2024-02,2350,2388,-5835,-5530,1.62
UAE_331,2024-03,1054,1038,-4611,-4934,-1.52
UAE_331,2024-04,2216,2236,-2647,-3056,0.9
UAE_331,2024-05,1090,1146,-2970,-3242,5.14
UAE_331,2024-06,2159,2094,-5383,-6298,-3.01
UAE_331,2024-07,7006,7216,-6656,-6123,3.0
UAE_331,2024-08,2101,2080,-2316,-2157,-1.0
UAE_331,2024-09,6496,6434,-7436,-7218,-0.95
UAE_331,2024-10,2531,2532,-3800,-4423,0.04
UAE_331,2024-11,2255,2269,-1751,-2028,0.62
UAE_331,2024-12,2701,2614,-4947,-5589,-3.22
UAE_331,2025-01,1370,1445,-2221,-2377,5.47
UAE_331,2025-02,919,985,-5544,-6096,7.18
UAE_331,2025-03,1879,1791,-6583,-5988,-4.68
UAE_331,2025-04,2795,2751,-7793,-6815,-1.57
UAE_331,2025-05,2914,3224,-1192,-1389,10.64
UAE_331,2025-06,3560,3717,-1258,-1430,4.41
UAE_331,2025-07,2289,2279,-4494,-4970,-0.44
UAE_331,2025-08,1687,1596,-7774,-7558,-5.39
UAE_331,2025-09,3025,3054,-3613,-3432,0.96
UAE_331,2025-10,2269,2507,-3429,-3349,10.49
UAE_331,2025-11,2312,2231,-2458,-2186,-3.5
UAE_331,2025-12,2634,2570,-6082,-5778,-2.43
UAE_332,2023-01,99712,102360,-261,-288,2.66
UAE_332,2023-02,173723,169572,-1924,-1763,-2.39
UAE_332,2023-03,245541,256826,28197,27846,4.6
UAE_332,2023-04,313189,292687,46704,51246,-6.55
UAE_332,2023-05,172436,167162,-19683,-19051,-3.06
UAE_332,2023-06,702520,669169,69114,71786,-4.75
UAE_332,2023-07,278616,260816,-4050,-3878,-6.39
UAE_332,2023-08,425469,437554,55992,57672,2.84
UAE_332,2023-09,557894,599305,136429,135892,7.42
UAE_332,2023-10,76883,84938,-8903,-8051,10.48
UAE_332,2023-11,63094,67901,-14629,-13235,7.62
UAE_332,2023-12,45114,44935,-1272,-1356,-0.4
UAE_332,2024-01,137631,133971,-22528,-20621,-2.66
UAE_332,2024-02,243789,246608,46818,45230,1.16
UAE_332,2024-03,37743,41827,-3428,-3108,10.82
UAE_332,2024-04,174084,175585,2709,2831,0.86
UAE_332,2024-05,188465,178567,-1390,-1217,-5.25
UAE_332,2024-06,194352,188570,-22424,-19707,-2.98
UAE_332,2024-07,144576,145651,9459,9366,0.74
UAE_332,2024-08,295045,272202,2287,2156,-7.74
UAE_332,2024-09,93391,102353,3786,4091,9.6
UAE_332,2024-10,889693,841468,196330,219578,-5.42
UAE_332,2024-11,96807,95597,6896,6621,-1.25
UAE_332,2024-12,478075,471499,84542,74390,-1.38
UAE_332,2025-01,201326,195611,19718,19402,-2.84
UAE_332,2025-02,191183,206739,5539,6047,8.14
UAE_332,2025-03,316276,351367,60810,60738,11.1
UAE_332,2025-04,98996,94905,179,180,-4.13
UAE_332,2025-05,526962,553698,103580,120547,5.07
UAE_332,2025-06,87596,82027,-9734,-8615,-6.36
UAE_332,2025-07,349980,341669,19627,23066,-2.37
UAE_332,2025-08,662925,663093,105593,120362,0.03
UAE_332,2025-09,117977,111682,11300,11002,-5.34
UAE_332,2025-10,32492,33592,-13969,-13208,3.39
UAE_332,2025-11,202771,199281,6742,6006,-1.72
UAE_332,2025-12,639748,627717,105329,101877,-1.88
UAE_333,2023-01,1079016,1144181,332635,301892,6.04
UAE_333,2023-02,3555138,3904199,1129035,1197716,9.82
UAE_333,2023-03,3899216,3943281,1397483,1228726,1.13
UAE_333,2023-04,2152219,2126097,330842,304660,-1.21
UAE_333,2023-05,3573804,3498164,1000883,1058809,-2.12
UAE_333,2023-06,3542643,3522429,851715,873271,-0.57
UAE_333,2023-07,13139400,12103158,2523929,2926270,-7.89
UAE_333,2023-08,11737458,11751159,3626709,3177448,0.12
UAE_333,2023-09,7755068,8027447,1054221,1151907,3.51
UAE_333,2023-10,4284236,3895882,1177514,1313932,-9.06
UAE_333,2023-11,5240628,5275747,1838830,1733853,0.67
UAE_333,2023-12,1839663,1892391,319042,310469,2.87
UAE_333,2024-01,8206207,8159927,1759461,1680822,-0.56
UAE_333,2024-02,496474,452822,37067,32252,-8.79
UAE_333,2024-03,2439680,2249121,653028,580583,-7.81
UAE_333,2024-04,3389381,3456865,1110761,989503,1.99
UAE_333,2024-05,7144974,6732982,1614814,1841362,-5.77
UAE_333,2024-06,6246562,6055408,1785982,1695037,-3.06
UAE_333,2024-07,8705394,8245374,1289874,1385119,-5.28
UAE_333,2024-08,5736454,5383222,1040179,924744,-6.16
UAE_333,2024-09,6461453,6156447,1300955,1295838,-4.72
UAE_333,2024-10,11385703,12565163,4280970,4300714,10.36
UAE_333,2024-11,6306290,5917738,1358755,1480714,-6.16
UAE_333,2024-12,1746799,1910959,294261,321316,9.4
UAE_333,2025-01,4057198,4348767,685707,653891,7.19
UAE_333,2025-02,8775868,8345151,2262324,2386299,-4.91
UAE_333,2025-03,5209122,5236580,1511326,1584276,0.53
UAE_333,2025-04,2385153,2527483,447497,471159,5.97
UAE_333,2025-05,5667820,5302175,1671823,1745151,-6.45
UAE_333,2025-06,9815406,10636152,4286176,3733315,8.36
UAE_333,2025-07,1849044,1918888,582065,525317,3.78
UAE_333,2025-08,15800939,15527044,2799958,3140109,-1.73
UAE_333,2025-09,2861186,2926895,770249,678079,2.3
UAE_333,2025-10,1717446,1633694,387265,372796,-4.88
UAE_333,2025-11,6694787,6555756,1164700,1250486,-2.08
UAE_333,2025-12,2356051,2504419,665628,585020,6.3
UAE_334,2023-01,77624,81374,-17051,-18496,4.83
UAE_334,2023-02,41293,42645,-23691,-21113,3.27
UAE_334,2023-03,169501,167306,2605,2640,-1.29
UAE_334,2023-04,178468,180085,11736,13298,0.91
UAE_334,2023-05,252330,254760,-3803,-4126,0.96
UAE_334,2023-06,137973,140426,7546,8790,1.78
UAE_334,2023-07,139921,132648,-12445,-13616,-5.2
UAE_334,2023-08,70912,68052,-8452,-7436,-4.03
UAE_334,2023-09,709813,685619,139647,137385,-3.41
UAE_334,2023-10,68219,75370,-2082,-2176,10.48
UAE_334,2023-11,61657,63776,-13521,-12967,3.44
UAE_334,2023-12,80795,83084,10694,10528,2.83
UAE_334,2024-01,279441,291290,23731,27331,4.24
UAE_334,2024-02,213646,227184,19169,18843,6.34
UAE_334,2024-03,159964,169205,42224,41063,5.78
UAE_334,2024-04,59881,61004,-20795,-19429,1.88
UAE_334,2024-05,152315,166044,-2397,-2714,9.01
UAE_334,2024-06,141449,134594,31778,30968,-4.85
UAE_334,2024-07,448013,424208,88468,96195,-5.31
UAE_334,2024-08,346695,338059,24719,26677,-2.49
UAE_334,2024-09,53707,57899,354,376,7.81
UAE_334,2024-10,294428,319974,40682,46260,8.68
UAE_334,2024-11,257300,243530,19817,20098,-5.35
UAE_334,2024-12,27994,28857,-12089,-10575,3.08
UAE_334,2025-01,119294,112712,-10321,-10414,-5.52
UAE_334,2025-02,353414,381392,90979,95156,7.92
UAE_334,2025-03,270433,252304,1972,1902,-6.7
UAE_334,2025-04,584999,548654,93863,94911,-6.21
UAE_334,2025-05,678136,711646,111988,108223,4.94
UAE_334,2025-06,88894,81900,-884,-893,-7.87
UAE_334,2025-07,318097,334044,72974,73403,5.01
UAE_334,2025-08,151081,149726,-481,-511,-0.9
UAE_334,2025-09,183164,197489,14327,16626,7.82
UAE_334,2025-10,92773,88535,12627,11107,-4.57
UAE_334,2025-11,602581,611263,81494,74116,1.44
UAE_334,2025-12,146333,154396,4730,4199,5.51
UAE_335,2023-01,4337,3950,-7684,-7226,-8.92
UAE_335,2023-02,3138,2951,-3672,-4288,-5.96
UAE_335,2023-03,3168,3050,-7985,-7314,-3.72
UAE_335,2023-04,1459,1329,-8438,-7403,-8.91
UAE_335,2023-05,2122,2320,-4700,-5117,9.33
UAE_335,2023-06,3714,3618,-4732,-5324,-2.58
UAE_335,2023-07,4431,4029,-4105,-4022,-9.07
UAE_335,2023-08,1516,1544,-4541,-5319,1.85
UAE_335,2023-09,2593,2584,-4889,-4884,-0.35
UAE_335,2023-10,1559,1688,-5019,-4534,8.27
UAE_335,2023-11,938,1014,-2203,-2051,8.1
UAE_335,2023-12,1993,2064,-6483,-5658,3.56
UAE_335,2024-01,2636,2593,-3531,-4142,-1.63
UAE_335,2024-02,2476,2378,-5284,-4674,-3.96
UAE_335,2024-03,3499,3347,-6368,-6951,-4.34
UAE_335,2024-04,1143,1227,-2672,-2730,7.35
UAE_335,2024-05,6454,6520,-9013,-8332,1.02
UAE_335,2024-06,2006,2099,-3708,-3936,4.64
UAE_335,2024-07,4736,4794,-1224,-1250,1.22
UAE_335,2024-08,4322,4421,-3462,-3427,2.29
UAE_335,2024-09,4026,3785,-4188,-3795,-5.99
UAE_335,2024-10,2487,2301,-8277,-8992,-7.48
UAE_335,2024-11,1457,1488,-2622,-2916,2.13
UAE_335,2024-12,2359,2452,-7792,-7680,3.94
UAE_335,2025-01,1905,1871,-7003,-7739,-1.78
UAE_335,2025-02,2099,1913,-3224,-3550,-8.86
UAE_335,2025-03,5452,5319,-6797,-6481,-2.44
UAE_335,2025-04,2432,2520,-4297,-5049,3.62
UAE_335,2025-05,2820,2895,-4488,-4174,2.66
UAE_335,2025-06,4878,4815,-8475,-8223,-1.29
UAE_335,2025-07,1930,2009,-5359,-5029,4.09
UAE_335,2025-08,2629,2628,-2410,-2491,-0.04
UAE_335,2025-09,9347,9611,-5898,-5133,2.82
UAE_335,2025-10,3572,3631,-4859,-4293,1.65
UAE_335,2025-11,2478,2448,-4802,-4982,-1.21
UAE_335,2025-12,3271,3543,-1070,-1035,8.32
UAE_336,2023-01,5652,5725,-7026,-8079,1.29
UAE_336,2023-02,1364,1488,-4269,-3797,9.09
UAE_336,2023-03,3928,3625,-8932,-9501,-7.71
UAE_336,2023-04,4413,4638,-12826,-12108,5.1
UAE_336,2023-05,4277,4605,-4308,-4142,7.67
UAE_336,2023-06,11317,12158,-9329,-10818,7.43
UAE_336,2023-07,5176,5446,-5897,-5896,5.22
UAE_336,2023-08,2260,2136,-5162,-4790,-5.49
UAE_336,2023-09,2296,2132,-2850,-2600,-7.14
UAE_336,2023-10,6644,6686,-10091,-10259,0.63
UAE_336,2023-11,1411,1485,-5830,-6202,5.24
UAE_336,2023-12,6473,6642,-8010,-8177,2.61
UAE_336,2024-01,3536,3647,-2772,-3176,3.14
UAE_336,2024-02,6388,6087,-8102,-8119,-4.71
UAE_336,2024-03,4356,4238,-8242,-7610,-2.71
UAE_336,2024-04,4206,4158,-4302,-4208,-1.14
UAE_336,2024-05,12286,11601,-9821,-9883,-5.58
UAE_336,2024-06,5477,5629,-2319,-2373,2.78
UAE_336,2024-07,4934,5308,-2158,-2196,7.58
UAE_336,2024-08,11282,12359,-11729,-11300,9.55
UAE_336,2024-09,4498,4580,-3675,-3578,1.82
UAE_336,2024-10,3459,3527,-3711,-4264,1.97
UAE_336,2024-11,4589,4629,-2576,-2529,0.87
UAE_336,2024-12,4556,4376,-1332,-1322,-3.95
UAE_336,2025-01,2917,2960,-5347,-5340,1.47
UAE_336,2025-02,3423,3498,-3803,-3340,2.19
UAE_336,2025-03,4804,4806,-8350,-9360,0.04
UAE_336,2025-04,5635,5417,-5625,-5632,-3.87
UAE_336,2025-05,3855,3640,-9660,-10469,-5.58
UAE_336,2025-06,3737,4071,-6346,-5848,8.94
UAE_336,2025-07,46059,42515,1595,1583,-7.69
UAE_336,2025-08,11527,12371,-7430,-7866,7.32
UAE_336,2025-09,4709,5165,-6586,-6955,9.68
UAE_336,2025-10,2579,2557,-3021,-3393,-0.85
UAE_336,2025-11,2596,2361,-5635,-5563,-9.05
UAE_336,2025-12,3207,3417,-1618,-1472,6.55
UAE_337,2023-01,966,956,-3491,-3481,-1.04
UAE_337,2023-02,2082,2183,-4773,-5497,4.85
UAE_337,2023-03,2537,2407,-6199,-6070,-5.12
UAE_337,2023-04,1065,974,-4710,-5155,-8.54
UAE_337,2023-05,1696,1706,-6802,-6062,0.59
UAE_337,2023-06,1165,1228,-5504,-5544,5.41
UAE_337,2023-07,1075,997,-5855,-6364,-7.26
UAE_337,2023-08,2234,2166,-5484,-6346,-3.04
UAE_337,2023-09,2550,2742,-2926,-2956,7.53
UAE_337,2023-10,1415,1364,-3166,-3384,-3.6
UAE_337,2023-11,1520,1596,-2298,-2402,5.0
UAE_337,2023-12,2123,2030,-4956,-4577,-4.38
UAE_337,2024-01,1736,1863,-977,-1041,7.32
UAE_337,2024-02,2022,2137,-2359,-2222,5.69
UAE_337,2024-03,2421,2389,-4841,-4432,-1.32
UAE_337,2024-04,2338,2149,-6581,-5764,-8.08
UAE_337,2024-05,2378,2388,-1623,-1710,0.42
UAE_337,2024-06,2155,2343,-3845,-4490,8.72
UAE_337,2024-07,2362,2238,-7065,-6756,-5.25
UAE_337,2024-08,5780,5506,-8145,-7714,-4.74
UAE_337,2024-09,2767,2843,-4258,-3785,2.75
UAE_337,2024-10,1205,1219,-7859,-7584,1.16
UAE_337,2024-11,1411,1505,-4914,-5591,6.66
UAE_337,2024-12,2666,2548,-1456,-1414,-4.43
UAE_337,2025-01,1386,1361,-3956,-4578,-1.8
UAE_337,2025-02,1333,1248,-1424,-1300,-6.38
UAE_337,2025-03,2697,2479,-4613,-5187,-8.08
UAE_337,2025-04,2110,2090,-4870,-5357,-0.95
UAE_337,2025-05,4060,3843,-5795,-6758,-5.34
UAE_337,2025-06,1230,1340,-1976,-2139,8.94
UAE_337,2025-07,3012,3086,-3301,-3594,2.46
UAE_337,2025-08,3628,3349,-1645,-1919,-7.69
UAE_337,2025-09,2796,2690,-4659,-4361,-3.79
UAE_337,2025-10,1377,1365,-6453,-6548,-0.87
UAE_337,2025-11,1874,2065,-6402,-6243,10.19
UAE_337,2025-12,1115,1119,-2971,-3124,0.36
UAE_338,2023-01,2638,2464,-3128,-3187,-6.6
UAE_338,2023-02,3335,3561,-1296,-1419,6.78
UAE_338,2023-03,3962,3606,-4105,-4644,-8.99
UAE_338,2023-04,3880,3698,-7231,-8203,-4.69
UAE_338,2023-05,12671,13756,-6436,-5928,8.56
UAE_338,2023-06,6450,6060,-14899,-13748,-6.05
UAE_338,2023-07,2867,2816,-4049,-4179,-1.78
UAE_338,2023-08,4517,4108,-3583,-3792,-9.05
UAE_338,2023-09,12457,11456,-6182,-5725,-8.04
UAE_338,2023-10,1953,2059,-10522,-10852,5.43
UAE_338,2023-11,7355,6904,-10050,-9165,-6.13
UAE_338,2023-12,4062,4352,-3573,-3165,7.14
UAE_338,2024-01,1216,1141,-3224,-3659,-6.17
UAE_338,2024-02,3318,3404,-6817,-6843,2.59
UAE_338,2024-03,4748,4759,-5180,-5543,0.23
UAE_338,2024-04,12936,13938,-8175,-8353,7.75
UAE_338,2024-05,12731,12638,-12798,-11227,-0.73
UAE_338,2024-06,13587,12980,-6954,-6769,-4.47
UAE_338,2024-07,4733,4887,-3450,-3670,3.25
UAE_338,2024-08,4331,3968,-8282,-9186,-8.38
UAE_338,2024-09,2115,1982,-15034,-13239,-6.29
UAE_338,2024-10,10156,10146,-6860,-6953,-0.1
UAE_338,2024-11,3278,3049,-2708,-2458,-6.99
UAE_338,2024-12,2833,3137,-8898,-7850,10.73
UAE_338,2025-01,3378,3617,-4806,-4647,7.08
UAE_338,2025-02,1834,1945,-3892,-4379,6.05
UAE_338,2025-03,4986,4535,-2036,-1936,-9.05
UAE_338,2025-04,2136,1983,-10333,-9835,-7.16
UAE_338,2025-05,1713,1618,-3679,-3749,-5.55
UAE_338,2025-06,14532,13592,-8650,-8441,-6.47
UAE_338,2025-07,6940,6600,-10028,-11117,-4.9
UAE_338,2025-08,3607,3747,-5985,-5247,3.88
UAE_338,2025-09,6878,6566,-8001,-7009,-4.54
UAE_338,2025-10,5711,6006,-5091,-5581,5.17
UAE_338,2025-11,10992,10481,-3589,-3687,-4.65
UAE_338,2025-12,3169,3300,-3169,-2767,4.13
UAE_339,2023-01,2682,2653,-2552,-2261,-1.08
UAE_339,2023-02,7509,7592,-5866,-6499,1.11
UAE_339,2023-03,5024,4801,-3726,-4103,-4.44
UAE_339,2023-04,5359,5451,-9277,-9342,1.72
UAE_339,2023-05,6540,6335,-9416,-9632,-3.13
UAE_339,2023-06,28644,28532,-4519,-4115,-0.39
UAE_339,2023-07,14919,14645,-12868,-11677,-1.84
UAE_339,2023-08,5393,5934,-5310,-6139,10.03
UAE_339,2023-09,1703,1887,-2883,-3202,10.8
UAE_339,2023-10,9240,8614,-12156,-10599,-6.77
UAE_339,2023-11,14754,13832,-9079,-8449,-6.25
UAE_339,2023-12,1169,1242,-9100,-9751,6.24
UAE_339,2024-01,9059,8881,-8065,-8676,-1.96
UAE_339,2024-02,6549,6062,-9838,-10180,-7.44
UAE_339,2024-03,2862,2848,-9466,-9058,-0.49
UAE_339,2024-04,8880,9044,-6774,-6532,1.85
UAE_339,2024-05,2946,3153,-6376,-5827,7.03
UAE_339,2024-06,2682,2963,-5151,-5829,10.48
UAE_339,2024-07,2465,2497,-4372,-4717,1.3
UAE_339,2024-08,7780,8298,-5132,-5008,6.66
UAE_339,2024-09,5418,5597,-2153,-1953,3.3
UAE_339,2024-10,10847,10326,-9256,-9933,-4.8
UAE_339,2024-11,3319,3060,-8766,-7991,-7.8
UAE_339,2024-12,6083,6311,-8660,-9159,3.75
UAE_339,2025-01,8652,9316,-4128,-4764,7.67
UAE_339,2025-02,3912,3643,-5023,-4799,-6.88
UAE_339,2025-03,11291,10893,-8053,-9083,-3.52
UAE_339,2025-04,9724,10456,-11219,-10972,7.53
UAE_339,2025-05,13598,14856,-9340,-9506,9.25
UAE_339,2025-06,5372,5175,-3346,-3601,-3.67
UAE_339,2025-07,20478,19862,-8384,-9376,-3.01
UAE_339,2025-08,5302,5561,-11203,-12937,4.88
UAE_339,2025-09,6553,6495,-4126,-4297,-0.89
UAE_339,2025-10,3225,3354,-5331,-6162,4.0
UAE_339,2025-11,3772,4085,-6154,-6942,8.3
UAE_339,2025-12,3320,3636,-2255,-2031,9.52
UAE_340,2023-01,4144,3858,-4544,-4082,-6.9
UAE_340,2023-02,3256,3036,-4937,-4463,-6.76
UAE_340,2023-03,3377,3406,-4127,-3943,0.86
UAE_340,2023-04,2499,2592,-8104,-7121,3.72
UAE_340,2023-05,5055,5121,-14555,-12888,1.31
UAE_340,2023-06,18467,18836,-5962,-6963,2.0
UAE_340,2023-07,5450,5686,-5488,-6136,4.33
UAE_340,2023-08,6475,6839,-8477,-8335,5.62
UAE_340,2023-09,9956,9191,-5956,-5811,-7.68
UAE_340,2023-10,3684,3830,-6935,-7907,3.96
UAE_340,2023-11,3884,3808,-6070,-6667,-1.96
UAE_340,2023-12,1923,1954,-3987,-3560,1.61
UAE_340,2024-01,6610,6441,-6837,-6410,-2.56
UAE_340,2024-02,3104,2988,-3278,-2887,-3.74
UAE_340,2024-03,7421,8008,-5441,-5554,7.91
UAE_340,2024-04,7247,7577,-4192,-4763,4.55
UAE_340,2024-05,6166,5763,-3066,-3126,-6.54
UAE_340,2024-06,39397,37751,-9047,-7888,-4.18
UAE_340,2024-07,4872,4996,-5679,-5369,2.55
UAE_340,2024-08,14716,14064,-4412,-4567,-4.43
UAE_340,2024-09,2040,2258,-5318,-5965,10.69
UAE_340,2024-10,3848,3750,-8463,-9207,-2.55
UAE_340,2024-11,2714,2651,-6135,-6783,-2.32
UAE_340,2024-12,3584,3574,-7939,-8327,-0.28
UAE_340,2025-01,23221,22301,-3113,-3373,-3.96
UAE_340,2025-02,3465,3598,-8969,-10518,3.84
UAE_340,2025-03,3234,3308,-4113,-3642,2.29
UAE_340,2025-04,5925,6497,-1385,-1457,9.65
UAE_340,2025-05,12978,12679,-5012,-5281,-2.3
UAE_340,2025-06,5718,5345,-2164,-2307,-6.52
UAE_340,2025-07,6902,6952,-12979,-11523,0.72
UAE_340,2025-08,3438,3761,-8808,-7890,9.39
UAE_340,2025-09,6300,5997,-4657,-5450,-4.81
UAE_340,2025-10,6158,6255,-7589,-8660,1.58
UAE_340,2025-11,12049,11380,-8133,-9055,-5.55
UAE_340,2025-12,6032,5633,-2790,-2473,-6.61
UAE_341,2023-01,1657,1532,-1082,-1081,-7.54
UAE_341,2023-02,1145,1243,-2617,-2925,8.56
UAE_341,2023-03,1493,1554,-6374,-6154,4.09
UAE_341,2023-04,1468,1420,-4833,-4803,-3.27
UAE_341,2023-05,2680,2708,-4495,-4837,1.04
UAE_341,2023-06,1912,1920,-9487,-8600,0.42
UAE_341,2023-07,2442,2499,-4056,-3629,2.33
UAE_341,2023-08,1518,1453,-3821,-3326,-4.28
UAE_341,2023-09,2766,2557,-8132,-7423,-7.56
UAE_341,2023-10,2330,2182,-3676,-4034,-6.35
UAE_341,2023-11,2111,2060,-3852,-3845,-2.42
UAE_341,2023-12,1226,1196,-3825,-3995,-2.45
UAE_341,2024-01,1611,1477,-5076,-5621,-8.32
UAE_341,2024-02,1681,1659,-4325,-4551,-1.31
UAE_341,2024-03,2853,2748,-5942,-5404,-3.68
UAE_341,2024-04,3483,3258,-2556,-2454,-6.46
UAE_341,2024-05,3083,3344,-4841,-5680,8.47
UAE_341,2024-06,1006,1090,-4922,-5004,8.35
UAE_341,2024-07,9382,8803,-6927,-6973,-6.17
UAE_341,2024-08,3711,3718,-4672,-4068,0.19
UAE_341,2024-09,2467,2707,-3530,-3572,9.73
UAE_341,2024-10,1793,1729,-1921,-2136,-3.57
UAE_341,2024-11,6573,6289,-4472,-5177,-4.32
UAE_341,2024-12,4200,4269,-5169,-5830,1.64
UAE_341,2025-01,2351,2275,-5246,-5076,-3.23
UAE_341,2025-02,1758,1893,-2778,-2669,7.68
UAE_341,2025-03,3598,3275,-996,-1004,-8.98
UAE_341,2025-04,2353,2507,-4374,-4354,6.54
UAE_341,2025-05,2626,2751,-7134,-6962,4.76
UAE_341,2025-06,8154,8230,-4561,-4890,0.93
UAE_341,2025-07,2943,3216,-4762,-4373,9.28
UAE_341,2025-08,3025,2797,-4533,-4008,-7.54
UAE_341,2025-09,3011,2843,-1768,-1838,-5.58
UAE_341,2025-10,1715,1895,-2779,-2629,10.5
UAE_341,2025-11,1182,1170,-2325,-2657,-1.02
UAE_341,2025-12,1483,1455,-5650,-5781,-1.89
UAE_342,2023-01,1337,1327,-5137,-4505,-0.75
UAE_342,2023-02,3004,2889,-8498,-9017,-3.83
UAE_342,2023-03,1006,1020,-6281,-6990,1.39
UAE_342,2023-04,1784,1902,-5474,-4888,6.61
UAE_342,2023-05,12998,11822,-6245,-5981,-9.05
UAE_342,2023-06,3150,3292,-11027,-10218,4.51
UAE_342,2023-07,3503,3631,-6830,-7274,3.65
UAE_342,2023-08,5300,4953,-6353,-6343,-6.55
UAE_342,2023-09,14283,13096,-4261,-4292,-8.31
UAE_342,2023-10,3667,3811,-3608,-3779,3.93
UAE_342,2023-11,2548,2459,-5930,-5719,-3.49
UAE_342,2023-12,1392,1304,-3837,-3918,-6.32
UAE_342,2024-01,3430,3700,-1479,-1428,7.87
UAE_342,2024-02,2827,2717,-3792,-4251,-3.89
UAE_342,2024-03,1959,1920,-8216,-7894,-1.99
UAE_342,2024-04,5117,4687,-8563,-7543,-8.4
UAE_342,2024-05,3601,3474,-8599,-7618,-3.53
UAE_342,2024-06,4019,3960,-2554,-2374,-1.47
UAE_342,2024-07,9217,9540,-8554,-9524,3.5
UAE_342,2024-08,3451,3772,-8488,-7664,9.3
UAE_342,2024-09,8005,7609,-7311,-6990,-4.95
UAE_342,2024-10,5117,5413,-3316,-3525,5.78
UAE_342,2024-11,3954,3828,-6567,-6361,-3.19
UAE_342,2024-12,5840,5740,-5767,-5523,-1.71
UAE_342,2025-01,3191,3143,-7508,-6759,-1.5
UAE_342,2025-02,3314,3266,-1719,-1603,-1.45
UAE_342,2025-03,2073,1972,-6531,-6712,-4.87
UAE_342,2025-04,5106,4682,-4498,-4076,-8.3
UAE_342,2025-05,6358,6722,-9325,-8876,5.73
UAE_342,2025-06,2236,2265,-2854,-2889,1.3
UAE_342,2025-07,4108,3811,-5607,-5672,-7.23
UAE_342,2025-08,9416,9542,-7050,-7881,1.34
UAE_342,2025-09,4675,4316,-2090,-2127,-7.68
UAE_342,2025-10,7874,8686,-6497,-5908,10.31
UAE_342,2025-11,16917,17720,-4598,-5295,4.75
UAE_342,2025-12,6642,6711,-4451,-4365,1.04
UAE_343,2023-01,79602,86015,-23712,-21755,8.06
UAE_343,2023-02,243221,262377,33109,29940,7.88
UAE_343,2023-03,330450,301577,53843,49937,-8.74
UAE_343,2023-04,94153,89316,-7603,-7494,-5.14
UAE_343,2023-05,167062,175222,-2087,-2256,4.88
UAE_343,2023-06,144202,133049,4958,5357,-7.73
UAE_343,2023-07,174581,164143,-12663,-11627,-5.98
UAE_343,2023-08,395306,413280,101052,88361,4.55
UAE_343,2023-09,52226,54823,-31243,-32581,4.97
UAE_343,2023-10,85656,89746,3444,3579,4.77
UAE_343,2023-11,195977,181332,-14394,-14351,-7.47
UAE_343,2023-12,122137,129642,-14455,-15836,6.14
UAE_343,2024-01,213538,237047,31608,31953,11.01
UAE_343,2024-02,150907,140348,-15512,-18203,-7.0
UAE_343,2024-03,337546,315130,24695,26394,-6.64
UAE_343,2024-04,261532,281244,22351,21979,7.54
UAE_343,2024-05,505021,490713,112322,100574,-2.83
UAE_343,2024-06,277858,253317,26651,27872,-8.83
UAE_343,2024-07,362447,338135,16676,14680,-6.71
UAE_343,2024-08,703684,664257,154613,172490,-5.6
UAE_343,2024-09,125860,121950,29877,27988,-3.11
UAE_343,2024-10,155829,163063,-21392,-21668,4.64
UAE_343,2024-11,177303,164690,20363,22098,-7.11
UAE_343,2024-12,186794,201157,13631,13064,7.69
UAE_343,2025-01,42587,41945,-9108,-9706,-1.51
UAE_343,2025-02,241658,232342,36623,35294,-3.86
UAE_343,2025-03,120993,112705,15592,14050,-6.85
UAE_343,2025-04,644394,632094,65300,66861,-1.91
UAE_343,2025-05,84676,77908,1414,1375,-7.99
UAE_343,2025-06,297560,306735,54625,56829,3.08
UAE_343,2025-07,589138,578241,94959,99937,-1.85
UAE_343,2025-08,67757,64328,-5742,-6149,-5.06
UAE_343,2025-09,76087,78581,-2225,-2208,3.28
UAE_343,2025-10,78757,81156,920,1014,3.05
UAE_343,2025-11,173525,165005,-4336,-4268,-4.91
UAE_343,2025-12,173244,175696,23487,22085,1.42
UAE_344,2023-01,3321,3210,-5849,-5966,-3.34
UAE_344,2023-02,5231,5278,-6813,-7764,0.9
UAE_344,2023-03,10844,10905,-10150,-9000,0.56
UAE_344,2023-04,7777,8422,-2973,-2623,8.29
UAE_344,2023-05,19864,20709,-12456,-13361,4.25
UAE_344,2023-06,54675,55237,-3150,-3172,1.03
UAE_344,2023-07,4763,5202,-3367,-3473,9.22
UAE_344,2023-08,67555,65679,-4451,-3991,-2.78
UAE_344,2023-09,60429,66891,-2897,-2804,10.69
UAE_344,2023-10,15033,13969,-6859,-7561,-7.08
UAE_344,2023-11,10090,10208,-13132,-13086,1.17
UAE_344,2023-12,4561,4554,-5219,-4993,-0.15
UAE_344,2024-01,9649,9676,-14550,-16059,0.28
UAE_344,2024-02,11621,12735,-12615,-14191,9.59
UAE_344,2024-03,15453,15074,-3482,-3441,-2.45
UAE_344,2024-04,28105,27274,-8786,-8152,-2.96
UAE_344,2024-05,17281,18922,-7171,-8337,9.5
UAE_344,2024-06,41020,42637,-10371,-11900,3.94
UAE_344,2024-07,38338,39490,-5428,-4829,3.0
UAE_344,2024-08,89256,99052,4345,3866,10.98
UAE_344,2024-09,11931,12063,-7420,-6868,1.11
UAE_344,2024-10,3277,3307,-7428,-7418,0.92
UAE_344,2024-11,3422,3227,-8163,-7321,-5.7
UAE_344,2024-12,11107,11915,-7403,-7309,7.27
UAE_344,2025-01,17072,17911,-7373,-7497,4.91
UAE_344,2025-02,52031,48013,1967,2058,-7.72
UAE_344,2025-03,14095,14276,-14011,-13467,1.28
UAE_344,2025-04,6436,5921,-2493,-2632,-8.0
UAE_344,2025-05,5755,6077,-5564,-5454,5.6
UAE_344,2025-06,15526,16824,-12458,-11749,8.36
UAE_344,2025-07,54358,49779,-7455,-6537,-8.42
UAE_344,2025-08,19211,18346,-11145,-10704,-4.5
UAE_344,2025-09,30520,33509,-5494,-5917,9.79
UAE_344,2025-10,11897,12488,-15154,-13788,4.97
UAE_344,2025-11,2557,2494,-11330,-9864,-2.46
UAE_344,2025-12,15182,15056,-8980,-9200,-0.83
UAE_345,2023-01,976,987,-5450,-5113,1.13
UAE_345,2023-02,5332,5229,-5071,-5354,-1.93
UAE_345,2023-03,3441,3569,-2666,-3132,3.72
UAE_345,2023-04,7038,7600,-5749,-5229,7.99
UAE_345,2023-05,2277,2222,-9353,-9573,-2.42
UAE_345,2023-06,5170,4945,-5711,-5936,-4.35
UAE_345,2023-07,3603,3851,-3473,-4074,6.88
UAE_345,2023-08,4050,4074,-7782,-8201,0.59
UAE_345,2023-09,1733,1891,-4370,-4151,9.12
UAE_345,2023-10,4445,4335,-9113,-9399,-2.47
UAE_345,2023-11,2076,2206,-7717,-8147,6.26
UAE_345,2023-12,2769,3012,-2933,-3350,8.78
UAE_345,2024-01,2614,2399,-8474,-8596,-8.22
UAE_345,2024-02,3675,3682,-3216,-2944,0.19
UAE_345,2024-03,5681,5598,-5197,-5704,-1.46
UAE_345,2024-04,1782,1941,-7732,-7731,8.92
UAE_345,2024-05,2944,3003,-3636,-3228,2.0
UAE_345,2024-06,1725,1587,-3616,-3793,-8.0
UAE_345,2024-07,3640,3640,-11015,-12611,0.0
UAE_345,2024-08,3537,3326,-3204,-3556,-5.97
UAE_345,2024-09,2333,2230,-7955,-7725,-4.41
UAE_345,2024-10,1323,1238,-8976,-9055,-6.42
UAE_345,2024-11,3637,3552,-8031,-7611,-2.34
UAE_345,2024-12,3470,3795,-1508,-1759,9.37
UAE_345,2025-01,2936,2960,-5178,-5637,0.82
UAE_345,2025-02,1377,1319,-4760,-5356,-4.21
UAE_345,2025-03,1225,1298,-4614,-4813,5.96
UAE_345,2025-04,2897,2911,-3742,-3467,0.48
UAE_345,2025-05,18016,18673,-2941,-3155,3.65
UAE_345,2025-06,5031,4842,-8601,-9548,-3.76
UAE_345,2025-07,1761,1758,-10219,-9586,-0.17
UAE_345,2025-08,11582,11023,-7880,-8298,-4.83
UAE_345,2025-09,3941,3834,-5178,-5739,-2.72
UAE_345,2025-10,3095,3069,-5456,-4864,-0.84
UAE_345,2025-11,1512,1562,-6138,-6500,3.31
UAE_345,2025-12,2399,2368,-5306,-5296,-1.29
UAE_346,2023-01,1894,1891,-5690,-5290,-0.16
UAE_346,2023-02,2218,2245,-4892,-5459,1.22
UAE_346,2023-03,1898,1794,-1761,-1997,-5.48
UAE_346,2023-04,2752,2835,-6784,-5947,3.02
UAE_346,2023-05,3016,3227,-5598,-6322,7.0
UAE_346,2023-06,1678,1711,-9099,-8293,1.97
UAE_346,2023-07,2452,2708,-3721,-3815,10.44
UAE_346,2023-08,3219,3525,-2972,-2958,9.51
UAE_346,2023-09,2301,2153,-4479,-4809,-6.43
UAE_346,2023-10,1118,1096,-4462,-4393,-1.97
UAE_346,2023-11,2063,2005,-5045,-4471,-2.81
UAE_346,2023-12,2384,2455,-3291,-2921,2.98
UAE_346,2024-01,1382,1536,-4727,-4836,11.14
UAE_346,2024-02,2373,2273,-4264,-4714,-4.21
UAE_346,2024-03,1799,1972,-2058,-2110,9.62
UAE_346,2024-04,1598,1715,-2240,-2458,7.32
UAE_346,2024-05,2185,2425,-6472,-6856,10.98
UAE_346,2024-06,1971,2013,-6949,-7963,2.13
UAE_346,2024-07,2258,2463,-5410,-4812,9.08
UAE_346,2024-08,2636,2440,-2962,-3344,-7.44
UAE_346,2024-09,1724,1835,-4872,-5372,6.44
UAE_346,2024-10,2431,2263,-6467,-6572,-6.91
UAE_346,2024-11,2820,2904,-5889,-6625,2.98
UAE_346,2024-12,1731,1617,-5867,-5120,-6.59
UAE_346,2025-01,2834,2845,-2991,-2848,0.39
UAE_346,2025-02,1144,1142,-6035,-5491,-0.17
UAE_346,2025-03,1800,1745,-1464,-1450,-3.06
UAE_346,2025-04,2363,2498,-2037,-2200,5.71
UAE_346,2025-05,5223,4946,-8203,-7226,-5.3
UAE_346,2025-06,1700,1761,-7846,-7133,3.59
UAE_346,2025-07,2217,2070,-6627,-5989,-6.63
UAE_346,2025-08,3734,3980,-2468,-2623,6.59
UAE_346,2025-09,2080,1948,-1361,-1407,-6.35
UAE_346,2025-10,2225,2152,-2473,-2225,-3.28
UAE_346,2025-11,3054,2828,-4444,-4399,-7.4
UAE_346,2025-12,1729,1664,-3756,-4270,-3.76
UAE_347,2023-01,7875,8565,-6722,-7655,8.76
UAE_347,2023-02,2797,3025,-10420,-9943,8.15
UAE_347,2023-03,9991,9840,-8998,-7871,-1.51
UAE_347,2023-04,1879,1860,-4218,-4760,-1.01
UAE_347,2023-05,7930,7579,-8695,-7859,-4.43
UAE_347,2023-06,7864,8248,-15444,-13848,4.88
UAE_347,2023-07,4610,4364,-2698,-3115,-5.34
UAE_347,2023-08,6962,6358,-3296,-3797,-8.68
UAE_347,2023-09,16603,16473,-7071,-6273,-0.78
UAE_347,2023-10,4475,4381,-2062,-2387,-2.1
UAE_347,2023-11,4361,4752,-10261,-10030,8.97
UAE_347,2023-12,6959,7275,-5365,-5000,4.54
UAE_347,2024-01,7755,7172,-8331,-8061,-7.52
UAE_347,2024-02,4967,4948,-11336,-11146,-0.38
UAE_347,2024-03,5146,5107,-3952,-3649,-0.76
UAE_347,2024-04,3534,3232,-6629,-7444,-8.55
UAE_347,2024-05,2904,3139,-4149,-4197,8.09
UAE_347,2024-06,3950,3670,-8889,-8825,-7.09
UAE_347,2024-07,4978,4617,-3976,-4414,-7.25
UAE_347,2024-08,7561,6910,-7357,-7476,-8.61
UAE_347,2024-09,10017,9421,-10283,-10261,-5.95
UAE_347,2024-10,3660,3742,-8076,-7505,2.24
UAE_347,2024-11,4404,4646,-6281,-6535,5.5
UAE_347,2024-12,10148,10621,-4745,-4664,4.66
UAE_347,2025-01,9782,9737,-2977,-3328,-0.46
UAE_347,2025-02,2497,2395,-2778,-3231,-4.08
UAE_347,2025-03,3856,4268,-1704,-1677,10.68
UAE_347,2025-04,6155,6784,-10539,-10140,10.22
UAE_347,2025-05,6089,6071,-4289,-4304,-0.3
UAE_347,2025-06,3534,3674,-3208,-3729,3.96
UAE_347,2025-07,22735,21617,-4630,-4136,-4.92
UAE_347,2025-08,11647,11311,-6825,-7904,-2.88
UAE_347,2025-09,11914,11373,-15095,-13301,-4.54
UAE_347,2025-10,9674,10354,-9271,-10067,7.03
UAE_347,2025-11,3466,3364,-12165,-11278,-2.94
UAE_347,2025-12,5270,5654,-1582,-1830,7.29
UAE_348,2023-01,3351,3501,-6226,-6005,4.48
UAE_348,2023-02,3109,3363,-2867,-3128,8.17
UAE_348,2023-03,15501,14471,-9951,-8967,-6.64
UAE_348,2023-04,3479,3416,-10565,-9598,-1.81
UAE_348,2023-05,4239,3989,-13736,-14539,-5.9
UAE_348,2023-06,4943,5327,-5681,-6257,7.77
UAE_348,2023-07,7205,7543,-8853,-10229,4.69
UAE_348,2023-08,4372,3996,-3541,-3669,-8.6
UAE_348,2023-09,19393,19492,-8563,-9594,0.51
UAE_348,2023-10,3989,4297,-7219,-6295,7.72
UAE_348,2023-11,5864,6132,-10527,-11205,4.57
UAE_348,2023-12,1138,1261,-2263,-2454,10.81
UAE_348,2024-01,4710,4799,-7374,-7090,1.89
UAE_348,2024-02,4957,4816,-1462,-1478,-2.84
UAE_348,2024-03,3223,2965,-5953,-6881,-8.0
UAE_348,2024-04,5450,5658,-8289,-7791,3.82
UAE_348,2024-05,13366,12462,-7814,-7115,-6.76
UAE_348,2024-06,9914,9532,-13655,-12595,-3.85
UAE_348,2024-07,15964,15801,-12381,-14211,-1.02
UAE_348,2024-08,30924,30010,-9208,-10251,-2.96
UAE_348,2024-09,4361,4183,-2381,-2389,-4.08
UAE_348,2024-10,8697,9037,-8414,-9231,3.91
UAE_348,2024-11,2196,2237,-2412,-2732,1.87
UAE_348,2024-12,2599,2762,-4864,-4944,6.27
UAE_348,2025-01,3296,3011,-2258,-2029,-8.65
UAE_348,2025-02,5073,5518,-11276,-9836,8.77
UAE_348,2025-03,3662,3586,-5240,-4843,-2.08
UAE_348,2025-04,20554,18892,-7574,-6594,-8.09
UAE_348,2025-05,6060,6080,-3498,-3363,0.33
UAE_348,2025-06,6982,7665,-3363,-3101,9.78
UAE_348,2025-07,2662,2602,-3907,-3453,-2.25
UAE_348,2025-08,12252,12505,-8313,-7389,2.06
UAE_348,2025-09,39089,42136,-3386,-3783,7.8
UAE_348,2025-10,6432,6365,-6728,-7061,-1.04
UAE_348,2025-11,8111,8419,-8650,-8963,3.8
UAE_348,2025-12,18459,18793,-7385,-7335,1.81
UAE_349,2023-01,4545,4928,-9469,-8877,8.43
UAE_349,2023-02,2187,2394,-7750,-7939,9.47
UAE_349,2023-03,1918,1805,-3324,-3242,-5.89
UAE_349,2023-04,14591,14979,-1313,-1241,2.66
UAE_349,2023-05,4817,5209,-6684,-7103,8.14
UAE_349,2023-06,3293,3501,-3692,-3551,6.32
UAE_349,2023-07,17529,16698,-10131,-9585,-4.74
UAE_349,2023-08,13689,13759,-9488,-10577,0.51
UAE_349,2023-09,11598,11114,-6245,-7072,-4.17
UAE_349,2023-10,3463,3311,-3703,-3332,-4.39
UAE_349,2023-11,1176,1244,-3046,-2880,5.78
UAE_349,2023-12,4994,4847,-5835,-6814,-2.94
UAE_349,2024-01,2923,2851,-5630,-5098,-2.46
UAE_349,2024-02,4457,4221,-2611,-2825,-5.3
UAE_349,2024-03,4213,3922,-4126,-3714,-6.91
UAE_349,2024-04,4590,4820,-10551,-10443,5.01
UAE_349,2024-05,10326,10609,-6477,-6199,2.74
UAE_349,2024-06,8032,7657,-6250,-6817,-4.67
UAE_349,2024-07,5140,4975,-15196,-14281,-3.21
UAE_349,2024-08,4378,4601,-6807,-7937,5.09
UAE_349,2024-09,6409,6527,-10150,-9066,1.84
UAE_349,2024-10,4724,4598,-4356,-3866,-2.67
UAE_349,2024-11,2533,2439,-10595,-9481,-3.71
UAE_349,2024-12,7482,7555,-8199,-8448,0.98
UAE_349,2025-01,16482,18304,-1338,-1261,11.05
UAE_349,2025-02,2611,2468,-2990,-3379,-5.48
UAE_349,2025-03,5221,4927,-3391,-3774,-5.63
UAE_349,2025-04,2989,2763,-5932,-5180,-7.56
UAE_349,2025-05,12367,12443,-6194,-5824,0.61
UAE_349,2025-06,11938,12557,-6777,-5963,5.19
UAE_349,2025-07,6919,6302,-7503,-6896,-8.92
UAE_349,2025-08,4146,4555,-5379,-5032,9.86
UAE_349,2025-09,12343,11307,-7339,-6463,-8.39
UAE_349,2025-10,9531,10110,-7901,-8409,6.07
UAE_349,2025-11,2021,2235,-2128,-2310,10.59
UAE_349,2025-12,4969,4544,-2884,-2828,-8.55
UAE_350,2023-01,1414,1353,-1035,-989,-4.31
UAE_350,2023-02,743,801,-1731,-1771,7.81
UAE_350,2023-03,1664,1833,-3930,-4528,10.16
UAE_350,2023-04,894,982,-4517,-4477,9.84
UAE_350,2023-05,3328,3120,-3835,-4437,-6.25
UAE_350,2023-06,1066,1068,-8082,-7445,0.19
UAE_350,2023-07,1630,1662,-3314,-3375,1.96
UAE_350,2023-08,1973,2029,-6137,-5544,2.84
UAE_350,2023-09,1405,1522,-5023,-5484,8.33
UAE_350,2023-10,1360,1495,-3842,-4053,9.93
UAE_350,2023-11,2323,2447,-758,-797,5.34
UAE_350,2023-12,1187,1084,-3990,-3757,-8.68
UAE_350,2024-01,1418,1424,-3270,-3598,0.42
UAE_350,2024-02,2428,2503,-6270,-6025,3.09
UAE_350,2024-03,2453,2310,-5759,-5783,-5.83
UAE_350,2024-04,2700,2881,-1704,-1517,6.7
UAE_350,2024-05,2927,2918,-4014,-4118,-0.31
UAE_350,2024-06,1491,1590,-5093,-4700,6.64
UAE_350,2024-07,1604,1638,-1680,-1928,2.12
UAE_350,2024-08,1700,1613,-2259,-2051,-5.12
UAE_350,2024-09,1773,1826,-5848,-5455,2.99
UAE_350,2024-10,1932,1821,-5288,-4621,-5.75
UAE_350,2024-11,2190,2397,-2348,-2189,9.45
UAE_350,2024-12,1933,1899,-1141,-1041,-1.76
UAE_350,2025-01,1641,1757,-3339,-3168,7.07
UAE_350,2025-02,2450,2443,-5199,-4754,-0.29
UAE_350,2025-03,2066,1973,-4491,-4765,-4.5
UAE_350,2025-04,3362,3124,-3582,-4031,-7.08
UAE_350,2025-05,1225,1272,-3267,-3273,3.84
UAE_350,2025-06,3462,3264,-4125,-3600,-5.72
UAE_350,2025-07,2753,2713,-3199,-3705,-1.45
UAE_350,2025-08,1475,1523,-2493,-2668,3.25
UAE_350,2025-09,1748,1922,-6121,-7194,9.95
UAE_350,2025-10,1293,1361,-3947,-3946,5.26
UAE_350,2025-11,1405,1555,-3115,-3343,10.68
UAE_350,2025-12,2731,2593,-4913,-5741,-5.05
UAE_351,2023-01,499168,545124,19772,18537,9.21
UAE_351,2023-02,986082,918520,61018,67152,-6.85
UAE_351,2023-03,282608,260887,15006,15584,-7.69
UAE_351,2023-04,591062,605873,102448,99517,2.51
UAE_351,2023-05,1470086,1379182,192567,201731,-6.18
UAE_351,2023-06,1695096,1605230,241214,252221,-5.3
UAE_351,2023-07,1226264,1120023,247242,237711,-8.66
UAE_351,2023-08,235838,228720,-9221,-8713,-3.02
UAE_351,2023-09,1814750,1813801,321342,354088,-0.05
UAE_351,2023-10,1438028,1432840,186892,218591,-0.36
UAE_351,2023-11,3294417,3019231,923236,872368,-8.35
UAE_351,2023-12,1121494,1118632,147528,156674,-0.26
UAE_351,2024-01,1557367,1462781,243858,259899,-6.07
UAE_351,2024-02,893166,819873,122549,142880,-8.21
UAE_351,2024-03,759588,734682,107299,108901,-3.28
UAE_351,2024-04,942312,859825,125642,118156,-8.75
UAE_351,2024-05,886484,833208,125554,137327,-6.01
UAE_351,2024-06,1903864,1914130,580389,597213,0.54
UAE_351,2024-07,2939547,2869938,711065,633958,-2.37
UAE_351,2024-08,3245792,3351107,630871,549112,3.24
UAE_351,2024-09,401021,426453,18966,22142,6.34
UAE_351,2024-10,2588600,2614161,594575,688375,0.99
UAE_351,2024-11,834432,815402,130036,141768,-2.28
UAE_351,2024-12,406563,435494,67411,59022,7.12
UAE_351,2025-01,325738,347573,-2656,-2754,6.7
UAE_351,2025-02,622196,686370,161654,160245,10.31
UAE_351,2025-03,1271016,1220082,269897,287809,-4.01
UAE_351,2025-04,1998155,1926460,487498,563183,-3.59
UAE_351,2025-05,3266364,3038251,1143022,1087772,-6.98
UAE_351,2025-06,2037091,1876570,436002,413495,-7.88
UAE_351,2025-07,1149550,1117303,297771,269133,-2.81
UAE_351,2025-08,1554753,1511095,198915,201236,-2.81
UAE_351,2025-09,1832525,2003253,247482,219233,9.32
UAE_351,2025-10,1675016,1747447,264584,265198,4.32
UAE_351,2025-11,446051,467482,68927,66730,4.8
UAE_351,2025-12,1292261,1202810,95421,94557,-6.92
UAE_352,2023-01,1404,1320,-1169,-1265,-5.98
UAE_352,2023-02,750,743,-2928,-2810,-0.93
UAE_352,2023-03,1210,1276,-7564,-6582,5.45
UAE_352,2023-04,2257,2136,-1388,-1411,-5.36
UAE_352,2023-05,1039,973,-3490,-3897,-6.35
UAE_352,2023-06,2163,2139,-5998,-5639,-1.11
UAE_352,2023-07,3751,3668,-4884,-5706,-2.21
UAE_352,2023-08,3381,3444,-1184,-1229,1.86
UAE_352,2023-09,961,1035,-2308,-2286,7.7
UAE_352,2023-10,916,987,-1388,-1368,7.75
UAE_352,2023-11,1445,1368,-3582,-3177,-5.33
UAE_352,2023-12,1241,1267,-4814,-4360,2.1
UAE_352,2024-01,2048,2038,-4483,-5196,-0.49
UAE_352,2024-02,1581,1527,-1720,-1588,-3.42
UAE_352,2024-03,878,825,-2567,-2646,-6.04
UAE_352,2024-04,2793,3012,-1968,-1975,7.84
UAE_352,2024-05,1489,1477,-4461,-4084,-0.81
UAE_352,2024-06,1725,1587,-5171,-5332,-8.0
UAE_352,2024-07,3840,3506,-3361,-3505,-8.7
UAE_352,2024-08,3285,3373,-7167,-7846,2.68
UAE_352,2024-09,3783,3640,-4337,-4869,-3.78
UAE_352,2024-10,3327,3131,-5281,-4658,-5.89
UAE_352,2024-11,2129,1960,-2148,-2490,-7.94
UAE_352,2024-12,2763,2778,-2469,-2695,0.54
UAE_352,2025-01,2192,2413,-1808,-2107,10.08
UAE_352,2025-02,1081,1165,-4134,-3964,7.77
UAE_352,2025-03,2425,2645,-5071,-5534,9.07
UAE_352,2025-04,2441,2300,-6143,-6615,-5.78
UAE_352,2025-05,1249,1180,-7916,-7144,-5.52
UAE_352,2025-06,3864,4108,-6429,-7531,6.31
UAE_352,2025-07,4023,4375,-7159,-6638,8.75
UAE_352,2025-08,2598,2614,-3031,-3450,0.62
UAE_352,2025-09,2911,2843,-2376,-2622,-2.34
UAE_352,2025-10,2386,2347,-1796,-1860,-1.63
UAE_352,2025-11,2236,2306,-5761,-5427,3.13
UAE_352,2025-12,1131,1203,-3340,-3552,6.37
UAE_353,2023-01,3574,3690,-7379,-8514,3.25
UAE_353,2023-02,1576,1692,-2570,-2529,7.36
UAE_353,2023-03,3890,3804,-9706,-9802,-2.21
UAE_353,2023-04,2246,2082,-4330,-5080,-7.3
UAE_353,2023-05,5092,5322,-2447,-2229,4.52
UAE_353,2023-06,4232,4440,-6106,-5810,4.91
UAE_353,2023-07,2366,2238,-7601,-8622,-5.41
UAE_353,2023-08,23080,23157,-5420,-4809,0.33
UAE_353,2023-09,14248,14785,-4943,-5365,3.77
UAE_353,2023-10,7211,7184,-5658,-5653,-0.37
UAE_353,2023-11,4755,4714,-1309,-1182,-0.86
UAE_353,2023-12,2683,2927,-7126,-7702,9.09
UAE_353,2024-01,6319,5916,-7671,-7760,-6.38
UAE_353,2024-02,5035,5260,-5524,-5793,4.47
UAE_353,2024-03,1606,1635,-6655,-7670,1.81
UAE_353,2024-04,4506,4749,-3569,-3737,5.39
UAE_353,2024-05,13970,15104,-10749,-10420,8.12
UAE_353,2024-06,9572,8902,-11508,-11073,-7.0
UAE_353,2024-07,4193,4262,-3514,-3284,1.65
UAE_353,2024-08,25038,27667,-6583,-6409,10.5
UAE_353,2024-09,3843,3880,-4456,-4267,0.96
UAE_353,2024-10,4470,4754,-8649,-7765,6.35
UAE_353,2024-11,4453,4421,-2167,-1954,-0.72
UAE_353,2024-12,4080,4186,-3940,-3662,2.6
UAE_353,2025-01,4123,4001,-3509,-3401,-2.96
UAE_353,2025-02,7151,6981,-7686,-8986,-2.38
UAE_353,2025-03,15872,15319,-5046,-5585,-3.48
UAE_353,2025-04,2029,1846,-8729,-7615,-9.02
UAE_353,2025-05,2459,2386,-2899,-2781,-2.97
UAE_353,2025-06,27187,28784,-2539,-2471,5.87
UAE_353,2025-07,5554,6121,-2261,-2131,10.21
UAE_353,2025-08,10382,9868,-10879,-10986,-4.95
UAE_353,2025-09,2954,3210,-7587,-8386,8.67
UAE_353,2025-10,2164,2098,-2313,-2407,-3.05
UAE_353,2025-11,1339,1426,-2792,-2819,6.5
UAE_353,2025-12,9398,9390,-7080,-7964,-0.09
UAE_354,2023-01,2014,1925,-4957,-4623,-4.42
UAE_354,2023-02,921,1022,-3501,-3240,10.97
UAE_354,2023-03,10510,10326,-3478,-3738,-1.75
UAE_354,2023-04,1115,1135,-6240,-7196,1.79
UAE_354,2023-05,3505,3563,-6608,-7754,1.65
UAE_354,2023-06,1687,1627,-6836,-6498,-3.56
UAE_354,2023-07,3220,3274,-6842,-7222,1.68
UAE_354,2023-08,2408,2213,-6239,-6192,-8.1
UAE_354,2023-09,6680,6216,-5841,-6488,-6.95
UAE_354,2023-10,2059,2123,-3688,-3449,3.11
UAE_354,2023-11,2614,2867,-5047,-4809,9.68
UAE_354,2023-12,2735,2559,-5511,-5513,-6.44
UAE_354,2024-01,4985,5373,-6078,-5807,7.78
UAE_354,2024-02,2664,2762,-2607,-2548,3.68
UAE_354,2024-03,1601,1602,-6859,-6433,0.06
UAE_354,2024-04,2457,2344,-3489,-3542,-4.6
UAE_354,2024-05,7147,7277,-6859,-6676,1.82
UAE_354,2024-06,2174,2056,-5474,-6056,-5.43
UAE_354,2024-07,2956,3100,-6519,-6538,4.87
UAE_354,2024-08,8358,7835,-6158,-7050,-6.26
UAE_354,2024-09,3983,3709,-3834,-4248,-6.88
UAE_354,2024-10,1924,1980,-3005,-3443,2.91
UAE_354,2024-11,1885,1887,-5147,-4512,0.11
UAE_354,2024-12,1356,1244,-4364,-4822,-8.26
UAE_354,2025-01,764,756,-4385,-4979,-1.05
UAE_354,2025-02,1213,1232,-3622,-3581,1.57
UAE_354,2025-03,3011,2740,-6502,-7137,-9.0
UAE_354,2025-04,1151,1273,-1804,-2028,10.6
UAE_354,2025-05,2800,2864,-5650,-6616,2.29
UAE_354,2025-06,2555,2648,-4491,-4616,3.64
UAE_354,2025-07,10401,10570,-6436,-6445,1.62
UAE_354,2025-08,2843,2824,-2152,-2514,-0.67
UAE_354,2025-09,3285,3214,-2212,-2381,-2.16
UAE_354,2025-10,1230,1193,-6916,-6697,-3.01
UAE_354,2025-11,3505,3836,-5226,-4552,9.44
UAE_354,2025-12,872,911,-5395,-5483,4.47
UAE_355,2023-01,18422,19213,-10410,-10364,4.29
UAE_355,2023-02,4572,5033,-2803,-3123,10.08
UAE_355,2023-03,6587,6252,-4628,-4736,-5.09
UAE_355,2023-04,17713,19068,-13157,-15305,7.65
UAE_355,2023-05,10433,9899,-9094,-8793,-5.12
UAE_355,2023-06,15795,14367,-12345,-10963,-9.04
UAE_355,2023-07,38851,38530,-13439,-14244,-0.83
UAE_355,2023-08,26527,24399,-11412,-10339,-8.02
UAE_355,2023-09,17201,16993,-11556,-10094,-1.21
UAE_355,2023-10,18132,18398,-8193,-8714,1.47
UAE_355,2023-11,21749,21393,-6183,-7255,-1.64
UAE_355,2023-12,5035,5268,-11555,-12543,4.63
UAE_355,2024-01,14105,14927,-17163,-17025,5.83
UAE_355,2024-02,7057,7323,-2125,-2036,3.77
UAE_355,2024-03,4543,4799,-6617,-7366,5.64
UAE_355,2024-04,24321,22633,-5189,-4701,-6.94
UAE_355,2024-05,3391,3186,-5309,-5384,-6.05
UAE_355,2024-06,15914,17136,-11166,-13048,7.68
UAE_355,2024-07,23248,21857,-16808,-18674,-5.98
UAE_355,2024-08,105973,114447,9457,9112,8.0
UAE_355,2024-09,11464,11920,-3472,-3270,3.98
UAE_355,2024-10,17029,18584,-12637,-11784,9.13
UAE_355,2024-11,31924,30372,-3007,-2625,-4.86
UAE_355,2024-12,25923,23784,-8390,-7473,-8.25
UAE_355,2025-01,77937,73682,-3421,-3190,-5.46
UAE_355,2025-02,3811,3928,-5482,-5905,3.07
UAE_355,2025-03,24299,23817,-6157,-6472,-1.98
UAE_355,2025-04,42521,43220,-12610,-12293,1.64
UAE_355,2025-05,80261,86789,-5279,-5133,8.13
UAE_355,2025-06,82024,77772,-2417,-2491,-5.18
UAE_355,2025-07,39438,41105,-9024,-8345,4.23
UAE_355,2025-08,8439,8616,-4161,-4713,2.1
UAE_355,2025-09,60254,60104,3628,4183,-0.25
UAE_355,2025-10,32011,35262,-13354,-14055,10.16
UAE_355,2025-11,16287,15966,-18943,-17095,-1.97
UAE_355,2025-12,12473,11805,-11248,-11707,-5.36
UAE_356,2023-01,18699,20720,-3667,-4269,10.81
UAE_356,2023-02,79286,76985,-17198,-18642,-2.9
UAE_356,2023-03,110099,104946,1823,1888,-4.68
UAE_356,2023-04,164710,154649,-11796,-11208,-6.11
UAE_356,2023-05,121880,118746,-11933,-10783,-2.57
UAE_356,2023-06,276313,253042,2148,2367,-8.42
UAE_356,2023-07,292389,317543,44405,48356,8.6
UAE_356,2023-08,281835,270968,-4136,-3706,-3.86
UAE_356,2023-09,401200,408442,78352,89776,1.81
UAE_356,2023-10,390358,366674,24337,28286,-6.07
UAE_356,2023-11,124265,115232,2457,2515,-7.27
UAE_356,2023-12,31692,29184,-2299,-2695,-7.91
UAE_356,2024-01,91260,100793,8774,10154,10.45
UAE_356,2024-02,90225,98369,-4414,-4568,9.03
UAE_356,2024-03,79925,77187,-549,-632,-3.43
UAE_356,2024-04,206398,217103,25126,23154,5.19
UAE_356,2024-05,430220,402237,52126,48419,-6.5
UAE_356,2024-06,292357,311796,41333,46098,6.65
UAE_356,2024-07,283574,273611,60218,53573,-3.51
UAE_356,2024-08,127174,118782,-29931,-28293,-6.6
UAE_356,2024-09,122440,121343,188,205,-0.9
UAE_356,2024-10,168580,180203,35627,40677,6.89
UAE_356,2024-11,291608,293781,38942,43857,0.75
UAE_356,2024-12,60791,62132,-14155,-15729,2.21
UAE_356,2025-01,15481,16004,-5369,-6264,3.38
UAE_356,2025-02,40466,40964,-17787,-17588,1.23
UAE_356,2025-03,56326,51960,-3888,-3940,-7.75
UAE_356,2025-04,52377,48539,-722,-678,-7.33
UAE_356,2025-05,127264,126375,4021,4587,-0.7
UAE_356,2025-06,215029,210644,3217,2981,-2.04
UAE_356,2025-07,125381,122416,5712,5433,-2.36
UAE_356,2025-08,97143,95726,17210,16516,-1.46
UAE_356,2025-09,317347,288716,41716,48989,-9.02
UAE_356,2025-10,114002,116715,18906,19941,2.38
UAE_356,2025-11,137587,137929,18258,16526,0.25
UAE_356,2025-12,96491,101722,-12391,-11291,5.42
UAE_357,2023-01,1307,1315,-3230,-2830,0.61
UAE_357,2023-02,2313,2155,-1250,-1368,-6.83
UAE_357,2023-03,705,784,-5829,-6050,11.21
UAE_357,2023-04,2672,2522,-2822,-2491,-5.61
UAE_357,2023-05,2527,2640,-3934,-4597,4.47
UAE_357,2023-06,1541,1513,-5650,-5251,-1.82
UAE_357,2023-07,2587,2693,-2782,-2446,4.1
UAE_357,2023-08,5012,5436,-4836,-4582,8.46
UAE_357,2023-09,1465,1616,-4068,-3688,10.31
UAE_357,2023-10,1715,1853,-4701,-5528,8.05
UAE_357,2023-11,2550,2794,-3991,-4561,9.57
UAE_357,2023-12,2883,2693,-1831,-1640,-6.59
UAE_357,2024-01,1136,1261,-1688,-1708,11.0
UAE_357,2024-02,965,1016,-3392,-3327,5.28
UAE_357,2024-03,1973,2062,-5074,-5027,4.51
UAE_357,2024-04,3170,3039,-1719,-1715,-4.13
UAE_357,2024-05,1848,2017,-1203,-1092,9.15
UAE_357,2024-06,2415,2421,-4474,-5072,0.25
UAE_357,2024-07,3994,3810,-5887,-6834,-4.61
UAE_357,2024-08,3193,3143,-5713,-5981,-1.57
UAE_357,2024-09,1192,1256,-2558,-2602,5.37
UAE_357,2024-10,1735,1685,-1136,-1283,-2.88
UAE_357,2024-11,2058,2119,-2666,-2577,2.96
UAE_357,2024-12,1081,1143,-1662,-1815,5.74
UAE_357,2025-01,1275,1259,-6175,-6033,-1.25
UAE_357,2025-02,1588,1762,-1215,-1346,10.96
UAE_357,2025-03,1013,1100,-6298,-5972,8.59
UAE_357,2025-04,3368,3130,-2900,-3316,-7.07
UAE_357,2025-05,1680,1617,-7205,-8420,-3.75
UAE_357,2025-06,3357,3261,-3532,-3426,-2.86
UAE_357,2025-07,15475,14266,-6604,-5930,-7.81
UAE_357,2025-08,3964,3973,-7445,-7072,0.23
UAE_357,2025-09,4028,3837,-7441,-7075,-4.74
UAE_357,2025-10,3621,3548,-2379,-2111,-2.02
UAE_357,2025-11,2308,2360,-4988,-4428,2.25
UAE_357,2025-12,2594,2434,-3163,-3202,-6.17
UAE_358,2023-01,182079,200407,31228,27494,10.07
UAE_358,2023-02,110795,104630,8528,8747,-5.56
UAE_358,2023-03,157156,161838,33298,31069,2.98
UAE_358,2023-04,160473,172775,-9169,-8868,7.67
UAE_358,2023-05,264605,251384,16236,14287,-5.0
UAE_358,2023-06,118939,113482,38,34,-4.59
UAE_358,2023-07,491699,476682,45261,42103,-3.05
UAE_358,2023-08,292826,308691,36361,33320,5.42
UAE_358,2023-09,222634,223500,-10597,-9437,0.39
UAE_358,2023-10,157295,169583,18147,16203,7.81
UAE_358,2023-11,374374,370889,8901,9838,-0.93
UAE_358,2023-12,168978,181888,296,319,7.64
UAE_358,2024-01,122028,130360,8722,9310,6.83
UAE_358,2024-02,186362,196548,34897,34890,5.47
UAE_358,2024-03,405840,415446,74328,67509,2.37
UAE_358,2024-04,388118,370452,65530,64081,-4.55
UAE_358,2024-05,142914,135280,2841,2785,-5.34
UAE_358,2024-06,85610,78690,-5609,-5980,-8.08
UAE_358,2024-07,42451,38723,-10224,-10021,-8.78
UAE_358,2024-08,516580,503995,22965,22359,-2.44
UAE_358,2024-09,170239,156805,-4411,-4142,-7.89
UAE_358,2024-10,204147,206924,5485,5311,1.36
UAE_358,2024-11,90963,96909,5238,4703,6.54
UAE_358,2024-12,139091,137073,-19010,-21750,-1.45
UAE_358,2025-01,218716,215684,8922,9282,-1.39
UAE_358,2025-02,41540,44463,-22794,-26720,7.04
UAE_358,2025-03,123206,122865,-2641,-3072,-0.28
UAE_358,2025-04,333371,327571,55263,50664,-1.74
UAE_358,2025-05,80208,74646,6282,6467,-6.93
UAE_358,2025-06,115976,107917,2640,2517,-6.95
UAE_358,2025-07,442887,457439,80769,80185,3.29
UAE_358,2025-08,172596,158262,-6418,-5868,-8.3
UAE_358,2025-09,783126,818026,103969,94940,4.46
UAE_358,2025-10,131510,120900,24962,24574,-8.07
UAE_358,2025-11,178005,195728,28538,33061,9.96
UAE_358,2025-12,200677,189078,20513,20026,-5.78
UAE_359,2023-01,2863,3014,-3848,-4356,5.27
UAE_359,2023-02,5316,4877,-6050,-5697,-8.26
UAE_359,2023-03,6495,7061,-10566,-9522,8.71
UAE_359,2023-04,1161,1143,-7774,-8509,-1.55
UAE_359,2023-05,2774,2801,-9807,-11181,0.97
UAE_359,2023-06,6436,6157,-5542,-5197,-4.33
UAE_359,2023-07,10803,10032,-8479,-8745,-7.14
UAE_359,2023-08,1492,1412,-5759,-5987,-5.36
UAE_359,2023-09,2908,2852,-2805,-2970,-1.93
UAE_359,2023-10,2999,2965,-3250,-3775,-1.13
UAE_359,2023-11,6604,6250,-8124,-7500,-5.36
UAE_359,2023-12,1949,2104,-6098,-6567,7.95
UAE_359,2024-01,2252,2106,-5263,-5947,-6.48
UAE_359,2024-02,2109,2334,-9684,-8572,10.67
UAE_359,2024-03,2500,2653,-1673,-1901,6.12
UAE_359,2024-04,1360,1329,-10324,-10211,-2.28
UAE_359,2024-05,4276,4719,-6732,-7112,10.36
UAE_359,2024-06,3465,3477,-10131,-11518,0.35
UAE_359,2024-07,5361,5133,-3310,-3704,-4.25
UAE_359,2024-08,2196,2253,-9671,-8517,2.6
UAE_359,2024-09,3253,3212,-4080,-3758,-1.26
UAE_359,2024-10,2842,2818,-6062,-7073,-0.84
UAE_359,2024-11,2364,2499,-6594,-6226,5.71
UAE_359,2024-12,1206,1263,-1729,-1825,4.73
UAE_359,2025-01,3224,3347,-1803,-1756,3.82
UAE_359,2025-02,3740,3740,-6020,-5433,0.0
UAE_359,2025-03,3073,3216,-2565,-2844,4.65
UAE_359,2025-04,8722,8797,-5650,-5453,0.86
UAE_359,2025-05,3911,3834,-4670,-5177,-1.97
UAE_359,2025-06,2562,2641,-5658,-5199,3.08
UAE_359,2025-07,23113,22035,-7851,-7715,-4.66
UAE_359,2025-08,5553,5548,-6184,-6411,-0.09
UAE_359,2025-09,4818,4821,-2206,-2238,0.06
UAE_359,2025-10,4761,4590,-8636,-8843,-3.59
UAE_359,2025-11,3459,3815,-8234,-8044,10.29
UAE_359,2025-12,2360,2393,-5573,-6412,1.4
UAE_360,2023-01,1609,1753,-2752,-2647,8.95
UAE_360,2023-02,2160,2025,-5913,-5320,-6.25
UAE_360,2023-03,1872,1970,-2945,-2652,5.24
UAE_360,2023-04,1595,1588,-6545,-6629,-0.44
UAE_360,2023-05,1077,1059,-2008,-1754,-1.67
UAE_360,2023-06,3433,3320,-4895,-5420,-3.29
UAE_360,2023-07,1631,1562,-3353,-3490,-4.23
UAE_360,2023-08,3488,3701,-5001,-5325,6.11
UAE_360,2023-09,2571,2452,-4162,-4360,-4.63
UAE_360,2023-10,2190,2433,-3588,-3165,11.1
UAE_360,2023-11,2311,2507,-3355,-3250,8.48
UAE_360,2023-12,804,804,-1564,-1469,0.0
UAE_360,2024-01,2631,2558,-1216,-1417,-2.77
UAE_360,2024-02,1670,1538,-4478,-4389,-7.9
UAE_360,2024-03,1792,1855,-3964,-4424,3.52
UAE_360,2024-04,2238,2315,-5227,-5127,3.44
UAE_360,2024-05,2621,2509,-4552,-4858,-4.27
UAE_360,2024-06,1953,1849,-2792,-2542,-5.33
UAE_360,2024-07,3161,2919,-2001,-2107,-7.66
UAE_360,2024-08,3560,3690,-8937,-8703,3.65
UAE_360,2024-09,1931,2069,-1475,-1530,7.15
UAE_360,2024-10,1635,1616,-4421,-4345,-1.16
UAE_360,2024-11,1413,1389,-4943,-4325,-1.7
UAE_360,2024-12,1758,1817,-1946,-1694,3.36
UAE_360,2025-01,1357,1342,-4943,-4652,-1.11
UAE_360,2025-02,2890,3003,-3353,-3334,3.91
UAE_360,2025-03,3117,2924,-1822,-1804,-6.19
UAE_360,2025-04,887,947,-5791,-5825,6.76
UAE_360,2025-05,3719,3949,-7040,-8216,6.18
UAE_360,2025-06,1824,1901,-4529,-4288,4.22
UAE_360,2025-07,1486,1556,-6463,-5946,4.71
UAE_360,2025-08,4275,3996,-1810,-1925,-6.53
UAE_360,2025-09,1490,1553,-2402,-2178,4.23
UAE_360,2025-10,2443,2434,-1138,-1099,-0.37
UAE_360,2025-11,1132,1189,-3606,-3859,5.04
UAE_360,2025-12,1890,1902,-3144,-3480,0.63
UAE_361,2023-01,4207,4380,-7932,-7321,4.11
UAE_361,2023-02,3264,3193,-10950,-9621,-2.18
UAE_361,2023-03,3901,3895,-6856,-6318,-0.15
UAE_361,2023-04,7753,7168,-5839,-5820,-7.55
UAE_361,2023-05,4172,4112,-10832,-10963,-1.44
UAE_361,2023-06,17720,17025,-12085,-11368,-3.92
UAE_361,2023-07,7703,7326,-13444,-15055,-4.89
UAE_361,2023-08,3553,3282,-3468,-3951,-7.63
UAE_361,2023-09,4792,5149,-5209,-5737,7.45
UAE_361,2023-10,2289,2367,-4516,-4495,3.41
UAE_361,2023-11,3356,3240,-3666,-3880,-3.46
UAE_361,2023-12,1196,1312,-5118,-4685,9.7
UAE_361,2024-01,7972,8623,-4556,-4726,8.17
UAE_361,2024-02,8834,8054,-8613,-7666,-8.83
UAE_361,2024-03,2173,2014,-6130,-6480,-7.32
UAE_361,2024-04,1678,1786,-8445,-9210,6.44
UAE_361,2024-05,16382,16923,-4712,-5268,3.3
UAE_361,2024-06,1926,1830,-3748,-4100,-4.98
UAE_361,2024-07,5092,5413,-1380,-1537,6.3
UAE_361,2024-08,5052,4715,-2734,-2577,-6.67
UAE_361,2024-09,16165,16414,-10491,-9482,1.54
UAE_361,2024-10,3020,3245,-12269,-14190,7.45
UAE_361,2024-11,2296,2274,-2749,-2693,-0.96
UAE_361,2024-12,10000,10661,-5013,-4938,6.61
UAE_361,2025-01,4369,4099,-5156,-5769,-6.18
UAE_361,2025-02,6204,6504,-7910,-8283,4.84
UAE_361,2025-03,3072,3308,-6188,-6959,7.68
UAE_361,2025-04,4962,5424,-2096,-2187,9.31
UAE_361,2025-05,12193,12081,-6561,-7100,-0.92
UAE_361,2025-06,1963,2040,-4749,-5033,3.92
UAE_361,2025-07,3827,4208,-3753,-3952,9.96
UAE_361,2025-08,5995,5652,-4503,-4663,-5.72
UAE_361,2025-09,29760,28796,-5933,-5884,-3.24
UAE_361,2025-10,23431,24219,-6953,-7236,3.36
UAE_361,2025-11,3255,3097,-8294,-9036,-4.85
UAE_361,2025-12,1847,1874,-4733,-4348,1.46
UAE_362,2023-01,15261,15120,-5544,-5147,-0.92
UAE_362,2023-02,52445,53298,-828,-962,1.63
UAE_362,2023-03,60445,63127,2883,2596,4.44
UAE_362,2023-04,3592,3369,-7928,-8796,-6.21
UAE_362,2023-05,37162,34684,-10359,-9819,-6.67
UAE_362,2023-06,43927,45272,-9075,-9766,3.06
UAE_362,2023-07,41800,41564,-4021,-3641,-0.56
UAE_362,2023-08,39516,41177,-9382,-9577,4.2
UAE_362,2023-09,114548,107874,10100,11265,-5.83
UAE_362,2023-10,23942,26438,-16178,-16250,10.43
UAE_362,2023-11,12292,11986,-8757,-8553,-2.49
UAE_362,2023-12,10588,11544,-18166,-17464,9.03
UAE_362,2024-01,6569,7237,-6454,-7426,10.17
UAE_362,2024-02,39119,41911,-1291,-1386,7.14
UAE_362,2024-03,86082,82979,2235,2354,-3.6
UAE_362,2024-04,39880,43028,-10700,-10927,7.89
UAE_362,2024-05,71372,66481,-6713,-5966,-6.85
UAE_362,2024-06,59408,54065,-8218,-7949,-8.99
UAE_362,2024-07,79411,83510,-7452,-7860,5.16
UAE_362,2024-08,91847,94085,2887,2781,2.44
UAE_362,2024-09,10850,11486,-8796,-9139,5.86
UAE_362,2024-10,32686,32035,-4049,-4367,-1.99
UAE_362,2024-11,27164,26231,-18593,-18136,-3.43
UAE_362,2024-12,28076,26480,-11082,-11094,-5.68
UAE_362,2025-01,35140,33122,-14870,-14779,-5.74
UAE_362,2025-02,17543,17863,-7405,-8087,1.82
UAE_362,2025-03,95239,96877,10289,10517,1.72
UAE_362,2025-04,18296,19393,-16302,-18815,6.0
UAE_362,2025-05,16763,17513,-7187,-7742,4.47
UAE_362,2025-06,106014,116988,-3378,-3550,10.35
UAE_362,2025-07,56257,57965,-14691,-15398,3.04
UAE_362,2025-08,11462,11889,-9273,-8634,3.73
UAE_362,2025-09,72977,70165,7374,6740,-3.85
UAE_362,2025-10,71594,68432,-9567,-10618,-4.42
UAE_362,2025-11,15568,15977,-2573,-2801,2.63
UAE_362,2025-12,25589,25687,-15927,-14533,0.38
UAE_363,2023-01,1539,1483,-1699,-1489,-3.64
UAE_363,2023-02,2170,2327,-2232,-2016,7.24
UAE_363,2023-03,2514,2329,-3701,-3509,-7.36
UAE_363,2023-04,1958,1829,-3812,-3865,-6.59
UAE_363,2023-05,1040,1084,-5777,-6027,4.23
UAE_363,2023-06,3119,2863,-2140,-2194,-8.21
UAE_363,2023-07,2657,2752,-4345,-5056,3.58
UAE_363,2023-08,2201,2188,-3690,-4223,-0.59
UAE_363,2023-09,2955,2832,-1746,-1727,-4.16
UAE_363,2023-10,4184,3813,-5899,-6864,-8.87
UAE_363,2023-11,2621,2658,-6703,-6582,1.41
UAE_363,2023-12,1594,1518,-2434,-2521,-4.77
UAE_363,2024-01,2295,2364,-1703,-1657,3.01
UAE_363,2024-02,1530,1649,-1980,-1771,7.78
UAE_363,2024-03,1069,1040,-4855,-4736,-2.71
UAE_363,2024-04,1321,1275,-8357,-7890,-3.48
UAE_363,2024-05,1443,1534,-6643,-7705,6.31
UAE_363,2024-06,2330,2231,-3694,-3810,-4.25
UAE_363,2024-07,1687,1733,-5845,-5955,2.73
UAE_363,2024-08,1575,1447,-3460,-3676,-8.13
UAE_363,2024-09,3052,3034,-3379,-3161,-0.59
UAE_363,2024-10,3034,3010,-5086,-5983,-0.79
UAE_363,2024-11,2527,2436,-4290,-4383,-3.6
UAE_363,2024-12,2476,2340,-1334,-1484,-5.49
UAE_363,2025-01,2140,2179,-3206,-3458,1.82
UAE_363,2025-02,932,916,-2228,-2333,-1.72
UAE_363,2025-03,2455,2316,-1485,-1408,-5.66
UAE_363,2025-04,1225,1343,-2523,-2258,9.63
UAE_363,2025-05,3497,3260,-4600,-4466,-6.78
UAE_363,2025-06,4284,4210,-2568,-2606,-1.73
UAE_363,2025-07,1397,1547,-6266,-6797,10.74
UAE_363,2025-08,4362,4221,-1028,-1113,-3.23
UAE_363,2025-09,1375,1347,-1443,-1695,-2.04
UAE_363,2025-10,3444,3366,-5859,-6059,-2.26
UAE_363,2025-11,3080,3254,-970,-972,5.65
UAE_363,2025-12,2957,3236,-2390,-2729,9.44
UAE_364,2023-01,69118,64476,-17011,-15571,-6.72
UAE_364,2023-02,11239,10323,-10337,-10374,-8.15
UAE_364,2023-03,130442,119186,-10148,-9022,-8.63
UAE_364,2023-04,53435,52515,-13589,-15521,-1.72
UAE_364,2023-05,145242,136961,-15373,-15946,-5.7
UAE_364,2023-06,86447,94704,-6119,-6602,9.55
UAE_364,2023-07,94809,95006,-20940,-21028,0.21
UAE_364,2023-08,197254,219051,33301,35040,11.05
UAE_364,2023-09,215306,222736,6058,6503,3.45
UAE_364,2023-10,16433,17471,-15339,-14371,6.32
UAE_364,2023-11,47445,47494,-11591,-10354,0.1
UAE_364,2023-12,30360,32931,-3719,-3331,8.47
UAE_364,2024-01,73034,73050,-3042,-3230,0.02
UAE_364,2024-02,86728,79230,-8937,-8288,-8.65
UAE_364,2024-03,37134,34970,-8831,-9742,-5.83
UAE_364,2024-04,112490,111236,22167,20345,-1.11
UAE_364,2024-05,111562,104078,-17622,-17634,-6.71
UAE_364,2024-06,411970,423113,64946,61916,2.7
UAE_364,2024-07,103788,106611,-27664,-29196,2.72
UAE_364,2024-08,109023,100020,-923,-1074,-8.26
UAE_364,2024-09,248721,266957,18399,19995,7.33
UAE_364,2024-10,63029,60389,2252,2401,-4.19
UAE_364,2024-11,84396,78861,-11823,-10430,-6.56
UAE_364,2024-12,26457,29171,-11917,-11301,10.26
UAE_364,2025-01,36227,33392,1573,1809,-7.83
UAE_364,2025-02,28975,30810,-3315,-3837,6.33
UAE_364,2025-03,96986,103589,-6486,-6934,6.81
UAE_364,2025-04,71097,76526,-18096,-19531,7.64
UAE_364,2025-05,100769,105466,-7275,-7090,4.66
UAE_364,2025-06,23901,25757,-11282,-12470,7.77
UAE_364,2025-07,90201,84327,2980,3323,-6.51
UAE_364,2025-08,155913,144528,-8720,-9406,-7.3
UAE_364,2025-09,60044,63688,-35970,-35599,6.07
UAE_364,2025-10,95491,88436,-25794,-23780,-7.39
UAE_364,2025-11,273090,279921,43823,39439,2.5
UAE_364,2025-12,74480,68608,-1859,-1711,-7.88
UAE_365,2023-01,3671,3831,-5202,-5527,4.36
UAE_365,2023-02,1399,1325,-8782,-9285,-5.29
UAE_365,2023-03,4360,4680,-11882,-10465,7.34
UAE_365,2023-04,1758,1874,-6800,-6352,6.6
UAE_365,2023-05,4519,4207,-3242,-3669,-6.9
UAE_365,2023-06,4774,5270,-6490,-7351,10.39
UAE_365,2023-07,22685,22524,-6285,-6033,-0.71
UAE_365,2023-08,5335,5058,-8531,-9037,-5.19
UAE_365,2023-09,4655,4747,-3121,-2741,1.98
UAE_365,2023-10,12621,11547,-6362,-5723,-8.51
UAE_365,2023-11,5824,5992,-7563,-8032,2.88
UAE_365,2023-12,2481,2707,-8280,-7362,9.11
UAE_365,2024-01,3628,3334,-8742,-8502,-8.1
UAE_365,2024-02,3418,3396,-7457,-8223,-0.64
UAE_365,2024-03,2512,2560,-7915,-8036,1.91
UAE_365,2024-04,10549,10314,-2520,-2868,-2.23
UAE_365,2024-05,6236,5803,-5002,-5134,-6.94
UAE_365,2024-06,2235,2425,-3486,-3366,8.5
UAE_365,2024-07,5405,5970,-8237,-8059,10.45
UAE_365,2024-08,6712,7161,-9903,-10958,6.69
UAE_365,2024-09,13483,14922,-7730,-7906,10.67
UAE_365,2024-10,2660,2531,-6542,-5882,-4.85
UAE_365,2024-11,18929,17508,-7438,-8170,-7.51
UAE_365,2024-12,6487,6260,-8047,-9246,-3.5
UAE_365,2025-01,3890,3696,-3483,-3186,-4.99
UAE_365,2025-02,16404,17247,-7451,-6669,5.14
UAE_365,2025-03,6188,5804,-6328,-6461,-6.21
UAE_365,2025-04,5329,5587,-4613,-4684,4.84
UAE_365,2025-05,2642,2611,-6971,-6167,-1.17
UAE_365,2025-06,30606,31223,-9968,-9179,2.02
UAE_365,2025-07,15665,14585,-9436,-9951,-6.89
UAE_365,2025-08,37783,37264,-5286,-6136,-1.37
UAE_365,2025-09,3584,3342,-4524,-4864,-6.75
UAE_365,2025-10,6861,6507,-8211,-7717,-5.16
UAE_365,2025-11,6444,6047,-5849,-6167,-6.16
UAE_365,2025-12,6723,7352,-6851,-6963,9.36
UAE_366,2023-01,2502,2460,-2957,-3242,-1.68
UAE_366,2023-02,10104,10745,-8388,-7418,6.34
UAE_366,2023-03,8394,7699,-6007,-6870,-8.28
UAE_366,2023-04,9140,9863,-7325,-7390,7.91
UAE_366,2023-05,1763,1684,-3584,-3646,-4.48
UAE_366,2023-06,16458,16460,-2259,-2554,0.01
UAE_366,2023-07,5940,5411,-3573,-3216,-8.91
UAE_366,2023-08,4188,4010,-10771,-9493,-4.25
UAE_366,2023-09,4913,4698,-4939,-5589,-4.38
UAE_366,2023-10,3516,3335,-6436,-6971,-5.15
UAE_366,2023-11,1828,1729,-7489,-6660,-5.42
UAE_366,2023-12,1269,1371,-5910,-6156,8.04
UAE_366,2024-01,1345,1454,-5747,-5383,8.1
UAE_366,2024-02,4131,4435,-3805,-4024,7.36
UAE_366,2024-03,7420,7042,-6012,-5352,-5.09
UAE_366,2024-04,4889,4525,-9972,-11264,-7.45
UAE_366,2024-05,3010,3213,-3769,-3312,6.74
UAE_366,2024-06,14790,14297,-9883,-8725,-3.33
UAE_366,2024-07,4945,4593,-7213,-7546,-7.12
UAE_366,2024-08,10028,11029,-5713,-6597,9.98
UAE_366,2024-09,4327,4375,-8997,-8787,1.11
UAE_366,2024-10,12158,11187,-9597,-10271,-7.99
UAE_366,2024-11,3051,3356,-6923,-6030,10.0
UAE_366,2024-12,3645,3487,-3507,-3706,-4.33
UAE_366,2025-01,6861,6590,-7653,-6719,-3.95
UAE_366,2025-02,2463,2614,-7588,-6773,6.13
UAE_366,2025-03,3888,3564,-8237,-7603,-8.33
UAE_366,2025-04,6522,6045,-6627,-6929,-7.31
UAE_366,2025-05,7667,7218,-3469,-3428,-5.86
UAE_366,2025-06,3999,4244,-8815,-8958,6.13
UAE_366,2025-07,10080,9781,-9940,-9248,-2.97
UAE_366,2025-08,22025,24232,-1338,-1232,10.02
UAE_366,2025-09,11307,10581,-7625,-8042,-6.42
UAE_366,2025-10,3583,3481,-4583,-4507,-2.85
UAE_366,2025-11,4130,4207,-4587,-4053,1.86
UAE_366,2025-12,12328,12247,-7239,-7642,-0.66
UAE_367,2023-01,695,696,-5643,-6288,0.14
UAE_367,2023-02,1224,1149,-4892,-5472,-6.13
UAE_367,2023-03,1484,1424,-2991,-3188,-4.04
UAE_367,2023-04,1879,1797,-5533,-6118,-4.36
UAE_367,2023-05,1708,1897,-5490,-5274,11.07
UAE_367,2023-06,991,916,-3500,-3114,-7.57
UAE_367,2023-07,2984,2906,-2271,-2588,-2.61
UAE_367,2023-08,6988,6919,-3983,-4051,-0.99
UAE_367,2023-09,2069,2049,-2525,-2486,-0.97
UAE_367,2023-10,4302,4587,-5452,-5615,6.62
UAE_367,2023-11,2707,2621,-3570,-3291,-3.18
UAE_367,2023-12,2545,2340,-5455,-4962,-8.06
UAE_367,2024-01,1546,1668,-1686,-1535,7.89
UAE_367,2024-02,1762,1719,-3426,-3331,-2.44
UAE_367,2024-03,2591,2496,-5360,-5906,-3.67
UAE_367,2024-04,3123,2847,-7372,-7016,-8.84
UAE_367,2024-05,1508,1404,-3021,-2701,-6.9
UAE_367,2024-06,3139,3383,-2177,-1915,7.77
UAE_367,2024-07,3331,3359,-1858,-2023,0.84
UAE_367,2024-08,1051,1150,-3848,-3852,9.42
UAE_367,2024-09,6810,6779,-4270,-4690,-0.46
UAE_367,2024-10,1766,1691,-6639,-7465,-4.25
UAE_367,2024-11,2724,2884,-5692,-6569,5.87
UAE_367,2024-12,2424,2390,-4250,-4126,-1.4
UAE_367,2025-01,2026,2242,-2774,-2946,10.66
UAE_367,2025-02,2607,2491,-5571,-5549,-4.45
UAE_367,2025-03,1474,1636,-2659,-2860,10.99
UAE_367,2025-04,1087,1159,-7489,-7738,6.62
UAE_367,2025-05,1764,1772,-1555,-1676,0.45
UAE_367,2025-06,3933,4238,-2991,-3472,7.75
UAE_367,2025-07,1327,1294,-2168,-2072,-2.49
UAE_367,2025-08,3985,3754,-6150,-6079,-5.8
UAE_367,2025-09,4760,4564,-7203,-6578,-4.12
UAE_367,2025-10,3770,3751,-4502,-5297,-0.5
UAE_367,2025-11,3270,3097,-6184,-5764,-5.29
UAE_367,2025-12,2355,2374,-3873,-3384,0.81
UAE_368,2023-01,595713,614545,-44569,-51391,3.16
UAE_368,2023-02,599492,554635,175881,161112,-7.48
UAE_368,2023-03,1494886,1415082,368199,344847,-5.34
UAE_368,2023-04,1007719,993965,140357,136818,-1.36
UAE_368,2023-05,524432,561277,90815,86087,7.03
UAE_368,2023-06,4204643,3933867,1080736,1015900,-6.44
UAE_368,2023-07,9746227,9938601,2886317,2947697,1.97
UAE_368,2023-08,3441713,3249722,695238,773288,-5.58
UAE_368,2023-09,2091488,2052705,470934,486161,-1.85
UAE_368,2023-10,1994057,1911602,602835,606514,-4.14
UAE_368,2023-11,6081777,6504976,1303583,1519356,6.96
UAE_368,2023-12,298440,304502,-3166,-2835,2.03
UAE_368,2024-01,1505003,1591401,243885,271148,5.74
UAE_368,2024-02,2109484,2279123,395103,400614,8.04
UAE_368,2024-03,1002648,978298,47714,49593,-2.43
UAE_368,2024-04,3153393,3493952,1050782,922959,10.8
UAE_368,2024-05,1154583,1069445,250162,235828,-7.37
UAE_368,2024-06,1153537,1117109,98404,108560,-3.16
UAE_368,2024-07,5541578,5806442,1888086,1918102,4.78
UAE_368,2024-08,2077069,2030040,339151,295787,-2.26
UAE_368,2024-09,2364299,2238604,459171,446536,-5.32
UAE_368,2024-10,6139798,5966908,1433679,1528786,-2.82
UAE_368,2024-11,715266,656459,87733,87626,-8.22
UAE_368,2024-12,1447319,1559369,287527,330172,7.74
UAE_368,2025-01,2667826,2647433,900964,884915,-0.76
UAE_368,2025-02,1969000,1985208,477772,440480,0.82
UAE_368,2025-03,4956781,4601223,1780885,1585500,-7.17
UAE_368,2025-04,855894,890302,209241,196563,4.02
UAE_368,2025-05,4089505,3973819,867250,1002689,-2.83
UAE_368,2025-06,2291171,2261079,712110,699689,-1.31
UAE_368,2025-07,3031960,3020941,903715,959735,-0.36
UAE_368,2025-08,2709199,2586855,542772,602068,-4.52
UAE_368,2025-09,1721635,1634941,550215,505856,-5.04
UAE_368,2025-10,1017707,1056149,190887,177698,3.78
UAE_368,2025-11,387531,416244,8840,10204,7.41
UAE_368,2025-12,430659,399562,67097,70017,-7.22
UAE_369,2023-01,871,934,-4286,-4321,7.23
UAE_369,2023-02,1914,1884,-3533,-3892,-1.57
UAE_369,2023-03,1599,1681,-3737,-3504,5.13
UAE_369,2023-04,2177,2296,-5754,-5819,5.47
UAE_369,2023-05,2763,2783,-2473,-2410,0.72
UAE_369,2023-06,2752,2951,-5315,-5747,7.23
UAE_369,2023-07,2707,2755,-6976,-7000,1.77
UAE_369,2023-08,1873,1809,-1745,-1789,-3.42
UAE_369,2023-09,848,894,-4054,-4294,5.42
UAE_369,2023-10,2191,2175,-2341,-2603,-0.73
UAE_369,2023-11,755,787,-2354,-2270,4.24
UAE_369,2023-12,2756,2692,-2358,-2277,-2.32
UAE_369,2024-01,2184,2309,-5028,-5309,5.72
UAE_369,2024-02,2030,1893,-5898,-6871,-6.75
UAE_369,2024-03,3108,2909,-1795,-1827,-6.4
UAE_369,2024-04,1451,1463,-4017,-4409,0.83
UAE_369,2024-05,1678,1582,-6711,-5995,-5.72
UAE_369,2024-06,1979,2016,-2669,-2523,1.87
UAE_369,2024-07,7839,7997,-4337,-4806,2.02
UAE_369,2024-08,1542,1568,-6203,-6777,1.69
UAE_369,2024-09,2544,2407,-4794,-4592,-5.39
UAE_369,2024-10,2830,2961,-6080,-5746,4.63
UAE_369,2024-11,2597,2453,-5190,-4628,-5.54
UAE_369,2024-12,2732,2844,-819,-927,4.1
UAE_369,2025-01,1949,2103,-7322,-6412,7.9
UAE_369,2025-02,855,886,-4483,-4591,3.63
UAE_369,2025-03,1580,1469,-2915,-3143,-7.03
UAE_369,2025-04,947,1017,-4044,-3565,7.39
UAE_369,2025-05,1964,1870,-3983,-3698,-4.79
UAE_369,2025-06,2675,2857,-4505,-4359,6.8
UAE_369,2025-07,3202,3047,-2861,-2629,-4.84
UAE_369,2025-08,2471,2398,-6403,-6555,-2.95
UAE_369,2025-09,2048,2145,-3469,-3743,4.74
UAE_369,2025-10,1861,1769,-4879,-4911,-4.94
UAE_369,2025-11,1440,1469,-5065,-4867,2.01
UAE_369,2025-12,1149,1214,-3234,-2955,5.66
UAE_370,2023-01,1120,1233,-2376,-2291,10.09
UAE_370,2023-02,858,819,-1420,-1490,-4.55
UAE_370,2023-03,1593,1763,-6269,-6820,10.67
UAE_370,2023-04,1974,2149,-1739,-1956,8.87
UAE_370,2023-05,2806,2653,-2180,-2148,-5.45
UAE_370,2023-06,2668,2847,-4267,-4090,6.71
UAE_370,2023-07,2876,3149,-1366,-1456,9.49
UAE_370,2023-08,2570,2524,-5258,-5450,-1.79
UAE_370,2023-09,2058,2201,-1107,-1271,6.95
UAE_370,2023-10,2627,2895,-3495,-3979,10.2
UAE_370,2023-11,1293,1241,-2052,-1853,-4.02
UAE_370,2023-12,1000,1081,-1513,-1524,8.1
UAE_370,2024-01,2066,1934,-1429,-1396,-6.39
UAE_370,2024-02,1492,1485,-951,-1058,-0.47
UAE_370,2024-03,1288,1424,-4175,-4604,10.56
UAE_370,2024-04,3039,3317,-4242,-4773,9.15
UAE_370,2024-05,1428,1532,-2006,-2041,7.28
UAE_370,2024-06,1691,1672,-4717,-5019,-1.12
UAE_370,2024-07,3039,3055,-8753,-8855,0.53
UAE_370,2024-08,2242,2425,-8749,-9071,8.16
UAE_370,2024-09,5526,6110,-5241,-5408,10.57
UAE_370,2024-10,2530,2672,-2637,-2908,5.61
UAE_370,2024-11,1146,1138,-4533,-4805,-0.7
UAE_370,2024-12,2737,2523,-5233,-5594,-7.82
UAE_370,2025-01,1779,1773,-4730,-4630,-0.34
UAE_370,2025-02,784,809,-2790,-3168,3.19
UAE_370,2025-03,4016,4316,-6122,-5776,7.47
UAE_370,2025-04,2783,2955,-2524,-2446,6.18
UAE_370,2025-05,3537,3872,-2268,-2238,9.47
UAE_370,2025-06,4329,4186,-2572,-2374,-3.3
UAE_370,2025-07,2183,2181,-2409,-2288,-0.09
UAE_370,2025-08,4219,4248,-4095,-4633,0.69
UAE_370,2025-09,3512,3644,-5504,-6391,3.76
UAE_370,2025-10,2876,2707,-4117,-3832,-5.88
UAE_370,2025-11,1278,1226,-4462,-4937,-4.07
UAE_370,2025-12,5506,5661,-3271,-3545,2.82
UAE_371,2023-01,23429,25544,-8746,-8269,9.03
UAE_371,2023-02,107708,118177,3479,3827,9.72
UAE_371,2023-03,66323,70230,-5564,-6524,5.89
UAE_371,2023-04,20161,20572,-18158,-19019,2.04
UAE_371,2023-05,51827,50002,3052,2703,-3.52
UAE_371,2023-06,46439,51012,-14390,-16031,9.85
UAE_371,2023-07,80281,89102,-5327,-5593,10.99
UAE_371,2023-08,25427,24784,-32073,-30070,-2.53
UAE_371,2023-09,48534,47827,-12856,-12471,-1.46
UAE_371,2023-10,32237,35463,-18291,-18237,10.01
UAE_371,2023-11,18159,18316,-12953,-12846,0.86
UAE_371,2023-12,9194,10089,-4196,-4569,9.73
UAE_371,2024-01,73710,71052,660,773,-3.61
UAE_371,2024-02,4023,4148,-6516,-7497,3.11
UAE_371,2024-03,35763,34877,-2176,-2118,-2.48
UAE_371,2024-04,7432,7370,-4131,-4548,-0.83
UAE_371,2024-05,75794,78469,9937,8797,3.53
UAE_371,2024-06,27332,29801,-16182,-14758,9.03
UAE_371,2024-07,167266,182165,17139,15538,8.91
UAE_371,2024-08,56298,62177,6324,5515,10.44
UAE_371,2024-09,51289,50406,-4517,-5220,-1.72
UAE_371,2024-10,28915,30620,-15648,-14228,5.9
UAE_371,2024-11,7283,6890,-3574,-3908,-5.4
UAE_371,2024-12,127510,115966,14641,14299,-9.05
UAE_371,2025-01,28545,26265,-7337,-7723,-7.99
UAE_371,2025-02,7670,8284,-5270,-5206,8.01
UAE_371,2025-03,98385,101479,2228,2116,3.14
UAE_371,2025-04,58216,56938,-9152,-8581,-2.2
UAE_371,2025-05,39586,38475,-14713,-14664,-2.81
UAE_371,2025-06,48853,46655,-19270,-22353,-4.5
UAE_371,2025-07,186804,207339,37548,34190,10.99
UAE_371,2025-08,8327,9192,-17788,-16033,10.39
UAE_371,2025-09,12952,14123,-13728,-15013,9.04
UAE_371,2025-10,135075,137536,329,343,1.82
UAE_371,2025-11,111216,103456,-9613,-8515,-6.98
UAE_371,2025-12,20613,20898,-278,-275,1.38
UAE_372,2023-01,42905,46286,-5796,-6413,7.88
UAE_372,2023-02,21358,22914,-9732,-9038,7.29
UAE_372,2023-03,68887,75704,-1606,-1730,9.9
UAE_372,2023-04,105487,101730,-16256,-15682,-3.56
UAE_372,2023-05,111565,107686,-21177,-23965,-3.48
UAE_372,2023-06,132690,132425,-5011,-4613,-0.2
UAE_372,2023-07,421002,423475,76156,67338,0.59
UAE_372,2023-08,245844,236829,41495,39260,-3.67
UAE_372,2023-09,356857,353923,39822,43150,-0.82
UAE_372,2023-10,81893,83966,-27186,-25279,2.53
UAE_372,2023-11,187476,182536,7958,8990,-2.64
UAE_372,2023-12,28097,27242,-6376,-5668,-3.04
UAE_372,2024-01,23416,25064,-15207,-14010,7.04
UAE_372,2024-02,151409,140819,18977,18008,-6.99
UAE_372,2024-03,156091,165554,1129,1044,6.06
UAE_372,2024-04,80457,81168,14610,13383,0.88
UAE_372,2024-05,15122,16436,-14031,-14111,8.69
UAE_372,2024-06,39925,41979,-114,-126,5.14
UAE_372,2024-07,196142,192024,-28165,-27598,-2.1
UAE_372,2024-08,162168,149626,-17239,-16633,-7.73
UAE_372,2024-09,181900,175288,-10508,-9317,-3.63
UAE_372,2024-10,190089,202005,12870,11442,6.27
UAE_372,2024-11,451291,495659,55068,55804,9.83
UAE_372,2024-12,74560,68991,1551,1516,-7.47
UAE_372,2025-01,44567,40944,-4220,-3808,-8.13
UAE_372,2025-02,36083,39849,-16336,-19002,10.44
UAE_372,2025-03,137897,150796,-9727,-10842,9.35
UAE_372,2025-04,235409,230445,20543,21652,-2.11
UAE_372,2025-05,337471,348635,69774,74814,3.31
UAE_372,2025-06,85899,85127,12306,13452,-0.9
UAE_372,2025-07,174302,173752,32477,35614,-0.32
UAE_372,2025-08,143122,139590,-15934,-15278,-2.47
UAE_372,2025-09,302831,286102,23984,21055,-5.52
UAE_372,2025-10,158863,153967,15166,13810,-3.08
UAE_372,2025-11,69623,64374,-17271,-19929,-7.54
UAE_372,2025-12,74565,79919,-340,-296,7.18
UAE_373,2023-01,84679,88078,-11904,-11124,4.01
UAE_373,2023-02,46398,45924,-2541,-2721,-1.02
UAE_373,2023-03,86811,93049,726,766,7.19
UAE_373,2023-04,80040,88238,-23227,-26965,10.24
UAE_373,2023-05,141190,135441,-1253,-1450,-4.07
UAE_373,2023-06,235881,227043,9501,10358,-3.75
UAE_373,2023-07,318895,331380,32283,33662,3.92
UAE_373,2023-08,365174,363446,10606,11036,-0.47
UAE_373,2023-09,190401,190024,42540,38449,-0.2
UAE_373,2023-10,76232,70853,9906,8861,-7.06
UAE_373,2023-11,137920,125941,20953,21235,-8.69
UAE_373,2023-12,190531,194893,15561,17065,2.29
UAE_373,2024-01,84646,86515,6339,6830,2.21
UAE_373,2024-02,25717,27630,-5848,-6722,7.44
UAE_373,2024-03,155852,144691,734,809,-7.16
UAE_373,2024-04,173065,162820,-1993,-2262,-5.92
UAE_373,2024-05,363299,335079,2583,2953,-7.77
UAE_373,2024-06,225086,239197,-13524,-14855,6.27
UAE_373,2024-07,292695,320692,72612,75766,9.57
UAE_373,2024-08,730014,693691,78726,77722,-4.98
UAE_373,2024-09,193080,179705,11434,12629,-6.93
UAE_373,2024-10,245696,224011,18386,18552,-8.83
UAE_373,2024-11,247631,265720,33315,34083,7.3
UAE_373,2024-12,284407,284014,39645,46313,-0.14
UAE_373,2025-01,83359,78001,-3304,-3432,-6.43
UAE_373,2025-02,381165,415073,50560,58240,8.9
UAE_373,2025-03,16676,15806,-15093,-14432,-5.22
UAE_373,2025-04,52237,49605,-41414,-36254,-5.04
UAE_373,2025-05,288036,319845,79575,77603,11.04
UAE_373,2025-06,80922,79120,-29952,-31200,-2.23
UAE_373,2025-07,422923,433233,31790,37242,2.44
UAE_373,2025-08,97031,103760,-8998,-9732,6.93
UAE_373,2025-09,877293,829543,117030,131609,-5.44
UAE_373,2025-10,38989,40173,-7643,-8477,3.04
UAE_373,2025-11,41728,41369,-18845,-17928,-0.86
UAE_373,2025-12,62437,63568,-24096,-21107,1.81
UAE_374,2023-01,2166,2220,-2114,-2194,2.49
UAE_374,2023-02,2112,2268,-4193,-4264,7.39
UAE_374,2023-03,2398,2194,-3419,-3890,-8.51
UAE_374,2023-04,2834,2800,-938,-963,-1.2
UAE_374,2023-05,1465,1459,-4311,-4768,-0.41
UAE_374,2023-06,4829,4781,-6889,-6171,-0.99
UAE_374,2023-07,1563,1424,-8174,-7583,-8.89
UAE_374,2023-08,1929,1840,-5953,-5337,-4.61
UAE_374,2023-09,2424,2342,-2974,-3247,-3.38
UAE_374,2023-10,2075,2205,-3103,-3326,6.27
UAE_374,2023-11,2461,2503,-2063,-2398,1.71
UAE_374,2023-12,997,1102,-2326,-2291,10.53
UAE_374,2024-01,4565,4739,-3953,-4035,3.81
UAE_374,2024-02,2401,2472,-987,-917,2.96
UAE_374,2024-03,2790,2646,-4257,-3746,-5.16
UAE_374,2024-04,1351,1359,-4983,-4824,0.59
UAE_374,2024-05,2320,2539,-6291,-5583,9.44
UAE_374,2024-06,2371,2361,-5428,-5663,-0.42
UAE_374,2024-07,3715,3450,-6884,-7990,-7.13
UAE_374,2024-08,3371,3459,-8929,-9074,2.61
UAE_374,2024-09,3614,3708,-2349,-2517,2.6
UAE_374,2024-10,1154,1278,-5491,-6298,10.75
UAE_374,2024-11,2696,2852,-6728,-7215,5.79
UAE_374,2024-12,5596,5982,-5452,-5931,6.9
UAE_374,2025-01,828,833,-3664,-3800,0.6
UAE_374,2025-02,2331,2323,-2507,-2732,-0.34
UAE_374,2025-03,1093,1010,-4777,-4869,-7.59
UAE_374,2025-04,9670,10141,-5486,-5451,4.87
UAE_374,2025-05,1739,1916,-1898,-2197,10.18
UAE_374,2025-06,2420,2361,-7181,-8240,-2.44
UAE_374,2025-07,1965,1892,-4536,-4869,-3.72
UAE_374,2025-08,1694,1773,-6204,-6756,4.66
UAE_374,2025-09,2663,2691,-1206,-1129,1.05
UAE_374,2025-10,1664,1743,-4846,-4696,4.75
UAE_374,2025-11,2976,2969,-4161,-4407,-0.24
UAE_374,2025-12,2209,2154,-6696,-6557,-2.49
UAE_375,2023-01,2311,2423,-562,-548,4.85
UAE_375,2023-02,2406,2513,-827,-914,4.45
UAE_375,2023-03,1150,1195,-3682,-4016,3.91
UAE_375,2023-04,4792,4728,-7734,-7058,-1.34
UAE_375,2023-05,2259,2149,-6711,-6895,-4.87
UAE_375,2023-06,2437,2536,-8110,-7354,4.06
UAE_375,2023-07,5779,5511,-4654,-5287,-4.64
UAE_375,2023-08,2721,2506,-5452,-5578,-7.9
UAE_375,2023-09,2176,2303,-2350,-2431,5.84
UAE_375,2023-10,1229,1302,-7266,-6690,5.94
UAE_375,2023-11,1821,1815,-2259,-2515,-0.33
UAE_375,2023-12,2505,2518,-1868,-1895,0.52
UAE_375,2024-01,960,1049,-4685,-4948,9.27
UAE_375,2024-02,937,982,-4348,-4197,4.8
UAE_375,2024-03,2333,2574,-2300,-2045,10.33
UAE_375,2024-04,6169,6571,-6729,-6008,6.52
UAE_375,2024-05,2715,2884,-2807,-2522,6.22
UAE_375,2024-06,2105,2005,-9178,-8697,-4.75
UAE_375,2024-07,3633,3911,-3413,-3959,7.65
UAE_375,2024-08,2576,2774,-3720,-3742,7.69
UAE_375,2024-09,2617,2539,-974,-875,-2.98
UAE_375,2024-10,2843,2708,-4588,-4120,-4.75
UAE_375,2024-11,2455,2488,-5327,-4839,1.34
UAE_375,2024-12,2176,2375,-613,-631,9.15
UAE_375,2025-01,1790,1683,-1576,-1549,-5.98
UAE_375,2025-02,2779,3025,-915,-851,8.85
UAE_375,2025-03,6288,6087,-4785,-4421,-3.2
UAE_375,2025-04,3324,3415,-3727,-3473,2.74
UAE_375,2025-05,4068,3931,-3018,-2968,-3.37
UAE_375,2025-06,1642,1607,-2581,-2410,-2.13
UAE_375,2025-07,3492,3832,-2692,-2479,9.74
UAE_375,2025-08,3003,2856,-4549,-4991,-4.9
UAE_375,2025-09,3568,3949,-2296,-2130,10.68
UAE_375,2025-10,1285,1291,-3439,-3214,0.47
UAE_375,2025-11,2814,2690,-4927,-4759,-4.41
UAE_375,2025-12,2517,2403,-5380,-4756,-4.53
UAE_376,2023-01,24024,26260,-7574,-7231,9.31
UAE_376,2023-02,5193,5538,-9878,-10307,6.64
UAE_376,2023-03,4410,4136,-7070,-6363,-6.21
UAE_376,2023-04,3939,4210,-8522,-8350,6.88
UAE_376,2023-05,62848,63201,-2432,-2573,0.56
UAE_376,2023-06,7198,7411,-4319,-4980,2.96
UAE_376,2023-07,5942,6295,-16064,-14373,5.94
UAE_376,2023-08,15023,15904,-7246,-6904,5.86
UAE_376,2023-09,25887,26681,-5727,-6629,3.07
UAE_376,2023-10,3053,3274,-6284,-6438,7.24
UAE_376,2023-11,3197,3036,-13562,-12653,-5.04
UAE_376,2023-12,5787,6259,-7461,-6994,8.16
UAE_376,2024-01,7127,6527,-14143,-13500,-8.42
UAE_376,2024-02,9496,8854,-7084,-6553,-6.76
UAE_376,2024-03,13256,13494,-5120,-4974,1.8
UAE_376,2024-04,5085,4899,-12157,-14084,-3.66
UAE_376,2024-05,66686,62329,-4039,-4109,-6.53
UAE_376,2024-06,7518,8063,-14424,-16750,7.25
UAE_376,2024-07,9351,8974,-9901,-10028,-4.03
UAE_376,2024-08,13835,14504,-10159,-9985,4.84
UAE_376,2024-09,8552,8764,-8875,-8420,2.48
UAE_376,2024-10,57945,54341,-6926,-7614,-6.22
UAE_376,2024-11,5564,5625,-15062,-14348,1.1
UAE_376,2024-12,6145,6450,-6175,-6208,4.96
UAE_376,2025-01,19349,20341,-10825,-10747,5.13
UAE_376,2025-02,2708,2905,-8833,-9085,7.27
UAE_376,2025-03,5334,5202,-1802,-1912,-2.47
UAE_376,2025-04,3975,3649,-7164,-7736,-8.2
UAE_376,2025-05,12073,12021,-10109,-9029,-0.43
UAE_376,2025-06,13353,12318,-4575,-5120,-7.75
UAE_376,2025-07,6769,6178,-4075,-4341,-8.73
UAE_376,2025-08,5536,5821,-4273,-4254,5.15
UAE_376,2025-09,5249,5213,-8642,-9102,-0.69
UAE_376,2025-10,7923,7479,-6028,-5360,-5.6
UAE_376,2025-11,22600,24376,-4636,-5162,7.86
UAE_376,2025-12,23703,23511,-4893,-5755,-0.81
UAE_377,2023-01,24653,23084,-5190,-5880,-6.36
UAE_377,2023-02,275977,281697,69738,63215,2.07
UAE_377,2023-03,420201,464499,135352,134275,10.54
UAE_377,2023-04,51088,48513,-26717,-28808,-5.04
UAE_377,2023-05,127501,117004,-13353,-12097,-8.23
UAE_377,2023-06,448260,474230,104327,90962,5.79
UAE_377,2023-07,610485,617272,69492,60861,1.11
UAE_377,2023-08,20892,20764,-14901,-13588,-0.61
UAE_377,2023-09,304872,330065,64011,65686,8.26
UAE_377,2023-10,214064,221971,22496,23762,3.69
UAE_377,2023-11,141183,139801,-5391,-5232,-0.98
UAE_377,2023-12,107597,98660,-31303,-30407,-8.31
UAE_377,2024-01,20226,18550,-15159,-14402,-8.29
UAE_377,2024-02,182786,167075,-3679,-3511,-8.6
UAE_377,2024-03,207584,205741,31747,31575,-0.89
UAE_377,2024-04,505109,505143,145208,126682,0.01
UAE_377,2024-05,539199,499626,136755,122491,-7.34
UAE_377,2024-06,286341,281305,42232,47533,-1.76
UAE_377,2024-07,492827,474346,69084,60702,-3.75
UAE_377,2024-08,144068,152603,5647,5416,5.92
UAE_377,2024-09,184715,180957,-28956,-29844,-2.03
UAE_377,2024-10,278919,285088,-2848,-3243,2.21
UAE_377,2024-11,603216,565629,69214,65263,-6.23
UAE_377,2024-12,616858,572310,113797,125341,-7.22
UAE_377,2025-01,154179,142192,-20346,-23849,-7.77
UAE_377,2025-02,106440,97818,217,235,-8.1
UAE_377,2025-03,246589,260356,42020,41207,5.58
UAE_377,2025-04,376874,381643,25798,28318,1.27
UAE_377,2025-05,226690,231676,15941,18395,2.2
UAE_377,2025-06,175432,178381,35180,31193,1.68
UAE_377,2025-07,998147,1108233,107636,124027,11.03
UAE_377,2025-08,388544,391795,41030,38458,0.84
UAE_377,2025-09,469566,462725,37674,35224,-1.46
UAE_377,2025-10,70839,77988,-13735,-12484,10.09
UAE_377,2025-11,212929,208819,49829,49597,-1.93
UAE_377,2025-12,78524,83228,-3660,-3385,5.99
UAE_378,2023-01,1487,1483,-4270,-3902,-0.27
UAE_378,2023-02,776,814,-2279,-2442,4.9
UAE_378,2023-03,964,938,-1435,-1336,-2.7
UAE_378,2023-04,2578,2346,-1715,-1845,-9.0
UAE_378,2023-05,2209,2266,-4838,-5421,2.58
UAE_378,2023-06,1015,1068,-2310,-2196,5.22
UAE_378,2023-07,1931,1937,-8893,-8037,0.31
UAE_378,2023-08,3591,3411,-5716,-5525,-5.01
UAE_378,2023-09,1755,1733,-7036,-6303,-1.25
UAE_378,2023-10,1831,1981,-4462,-4632,8.19
UAE_378,2023-11,4804,5135,-5063,-4780,6.89
UAE_378,2023-12,2422,2328,-1593,-1481,-3.88
UAE_378,2024-01,910,991,-2480,-2655,8.9
UAE_378,2024-02,1734,1634,-2962,-3360,-5.77
UAE_378,2024-03,2802,2951,-3531,-3191,5.32
UAE_378,2024-04,3227,3311,-5523,-6113,2.6
UAE_378,2024-05,1521,1644,-2207,-2531,8.09
UAE_378,2024-06,2184,2271,-4389,-3852,3.98
UAE_378,2024-07,7285,7890,-5391,-5840,8.3
UAE_378,2024-08,1496,1453,-8177,-8990,-2.87
UAE_378,2024-09,3156,3326,-996,-1030,5.39
UAE_378,2024-10,3581,3446,-4485,-4074,-3.77
UAE_378,2024-11,1698,1580,-4864,-4542,-6.95
UAE_378,2024-12,2131,2347,-4728,-4113,10.14
UAE_378,2025-01,2452,2673,-6415,-5816,9.01
UAE_378,2025-02,2273,2068,-3973,-3741,-9.02
UAE_378,2025-03,1607,1603,-2456,-2734,-0.25
UAE_378,2025-04,975,1007,-6337,-6512,3.28
UAE_378,2025-05,1553,1676,-6277,-5598,7.92
UAE_378,2025-06,3312,3196,-4173,-4048,-3.5
UAE_378,2025-07,3704,3641,-2780,-3220,-1.7
UAE_378,2025-08,4178,4108,-9755,-8530,-1.68
UAE_378,2025-09,1527,1545,-1480,-1720,1.18
UAE_378,2025-10,1726,1657,-3678,-3264,-4.0
UAE_378,2025-11,1854,1844,-1511,-1501,-0.54
UAE_378,2025-12,3287,3167,-2341,-2628,-3.65
UAE_379,2023-01,840,815,-6106,-6150,-2.98
UAE_379,2023-02,884,897,-5159,-4909,1.47
UAE_379,2023-03,1635,1698,-6621,-6722,3.85
UAE_379,2023-04,2785,2542,-2241,-2572,-8.73
UAE_379,2023-05,2414,2289,-6509,-6404,-5.18
UAE_379,2023-06,1204,1237,-4759,-4529,2.74
UAE_379,2023-07,2253,2315,-3950,-4531,2.75
UAE_379,2023-08,2198,2396,-8501,-7871,9.01
UAE_379,2023-09,2666,2462,-1761,-1855,-7.65
UAE_379,2023-10,2949,2918,-4992,-5656,-1.05
UAE_379,2023-11,2323,2160,-5214,-4547,-7.02
UAE_379,2023-12,2502,2298,-2463,-2597,-8.15
UAE_379,2024-01,2474,2339,-6795,-6138,-5.46
UAE_379,2024-02,1514,1476,-3254,-3083,-2.51
UAE_379,2024-03,1067,1100,-6437,-6494,3.09
UAE_379,2024-04,1635,1597,-3501,-3330,-2.32
UAE_379,2024-05,1109,1179,-1340,-1495,6.31
UAE_379,2024-06,4741,4621,-8188,-7662,-2.53
UAE_379,2024-07,4063,3742,-1681,-1811,-7.9
UAE_379,2024-08,6036,5909,-6382,-6480,-2.1
UAE_379,2024-09,2275,2321,-5412,-5477,2.02
UAE_379,2024-10,3848,3894,-4061,-4568,1.2
UAE_379,2024-11,2660,2842,-3253,-3132,6.84
UAE_379,2024-12,2880,2817,-2997,-3101,-2.19
UAE_379,2025-01,1658,1559,-4967,-4856,-5.97
UAE_379,2025-02,2272,2488,-2937,-2830,9.51
UAE_379,2025-03,2898,2866,-2235,-2622,-1.1
UAE_379,2025-04,2197,2249,-6154,-6672,2.37
UAE_379,2025-05,1118,1160,-1977,-2139,3.76
UAE_379,2025-06,1289,1295,-4769,-4592,0.47
UAE_379,2025-07,1206,1188,-2100,-2020,-1.49
UAE_379,2025-08,2254,2341,-4066,-3891,3.86
UAE_379,2025-09,4331,4064,-6095,-6168,-6.16
UAE_379,2025-10,1744,1846,-2896,-3115,5.85
UAE_379,2025-11,922,881,-4633,-4673,-4.45
UAE_379,2025-12,1254,1236,-1658,-1848,-1.44
UAE_380,2023-01,2774,2968,-6967,-8076,6.99
UAE_380,2023-02,3226,3331,-2087,-1936,3.25
UAE_380,2023-03,3648,3941,-6739,-6438,8.03
UAE_380,2023-04,3105,2845,-3520,-3858,-8.37
UAE_380,2023-05,1888,1994,-1999,-2240,5.61
UAE_380,2023-06,10741,11694,-10619,-9541,8.87
UAE_380,2023-07,7935,8734,-9556,-10971,10.07
UAE_380,2023-08,15316,14550,-8725,-8086,-5.0
UAE_380,2023-09,1507,1541,-7697,-7107,2.26
UAE_380,2023-10,4545,4479,-4366,-4418,-1.45
UAE_380,2023-11,3802,4032,-3525,-3542,6.05
UAE_380,2023-12,1940,2123,-6364,-5969,9.43
UAE_380,2024-01,2382,2469,-4397,-3911,3.65
UAE_380,2024-02,1695,1863,-2400,-2139,9.91
UAE_380,2024-03,2161,2351,-3142,-2767,8.79
UAE_380,2024-04,1113,1215,-5458,-4818,9.16
UAE_380,2024-05,1821,1864,-4442,-4098,2.36
UAE_380,2024-06,10071,10559,-7652,-8262,4.85
UAE_380,2024-07,2852,2889,-6207,-6483,1.3
UAE_380,2024-08,4955,5044,-2142,-2359,1.8
UAE_380,2024-09,4768,4637,-4575,-4891,-2.75
UAE_380,2024-10,4091,3982,-5070,-5309,-2.66
UAE_380,2024-11,2772,2840,-4749,-4235,2.45
UAE_380,2024-12,1788,1946,-4252,-4172,8.84
UAE_380,2025-01,3182,3505,-1945,-1722,10.15
UAE_380,2025-02,3417,3701,-2111,-2022,8.31
UAE_380,2025-03,4545,4533,-1407,-1607,-0.26
UAE_380,2025-04,14891,14629,-7924,-7679,-1.76
UAE_380,2025-05,4328,4735,-4336,-3843,9.4
UAE_380,2025-06,4498,4206,-2349,-2173,-6.49
UAE_380,2025-07,1735,1853,-8781,-8856,6.8
UAE_380,2025-08,2876,3091,-4214,-4917,7.48
UAE_380,2025-09,9033,8857,-9740,-9371,-1.95
UAE_380,2025-10,2251,2309,-6294,-5719,2.58
UAE_380,2025-11,3674,4006,-7346,-6711,9.04
UAE_380,2025-12,3916,3719,-1794,-1709,-5.03
UAE_381,2023-01,7086,7866,-14041,-13450,11.01
UAE_381,2023-02,18341,16953,-3518,-4045,-7.57
UAE_381,2023-03,4371,4283,-10152,-9776,-2.01
UAE_381,2023-04,13059,12875,-4900,-4924,-1.41
UAE_381,2023-05,8353,8129,-8429,-9097,-2.68
UAE_381,2023-06,12739,13428,-14997,-14541,5.41
UAE_381,2023-07,46174,46867,-363,-370,1.5
UAE_381,2023-08,37898,41340,-7630,-8754,9.08
UAE_381,2023-09,13309,12268,-5951,-5479,-7.82
UAE_381,2023-10,8545,8519,-8256,-8844,-0.3
UAE_381,2023-11,11847,11158,-2071,-2156,-5.82
UAE_381,2023-12,9765,10703,-14333,-14862,9.61
UAE_381,2024-01,23160,22994,-6799,-6448,-0.72
UAE_381,2024-02,6864,6786,-2693,-3021,-1.14
UAE_381,2024-03,7088,7154,-3245,-3677,0.93
UAE_381,2024-04,8796,9711,-7334,-7536,10.4
UAE_381,2024-05,11626,11834,-12172,-11159,1.79
UAE_381,2024-06,9065,8251,-9645,-8965,-8.98
UAE_381,2024-07,29934,30717,1529,1355,2.62
UAE_381,2024-08,20079,19393,-14865,-13991,-3.42
UAE_381,2024-09,5807,5507,-19682,-21045,-5.17
UAE_381,2024-10,2204,2364,-5231,-5095,7.26
UAE_381,2024-11,8656,8083,-11127,-10675,-6.62
UAE_381,2024-12,31443,28993,-2628,-3043,-7.79
UAE_381,2025-01,13427,12515,-8967,-9638,-6.79
UAE_381,2025-02,25801,26529,-10054,-9279,2.82
UAE_381,2025-03,32524,34400,-8555,-8580,5.77
UAE_381,2025-04,13377,14002,-8166,-9207,4.67
UAE_381,2025-05,7361,6734,-11818,-10816,-8.52
UAE_381,2025-06,16695,18454,-11792,-12648,10.54
UAE_381,2025-07,52154,47841,-5195,-4566,-8.27
UAE_381,2025-08,6229,6050,-3662,-3387,-2.87
UAE_381,2025-09,22965,25193,-8878,-7988,9.7
UAE_381,2025-10,26498,26653,-10629,-12278,0.58
UAE_381,2025-11,14241,14214,-7865,-7505,-0.19
UAE_381,2025-12,14863,14652,-5838,-6468,-1.42
UAE_382,2023-01,1051,1103,-6293,-6123,4.95
UAE_382,2023-02,692,723,-2785,-3049,4.48
UAE_382,2023-03,964,890,-6100,-5355,-7.68
UAE_382,2023-04,1928,2089,-6391,-7449,8.35
UAE_382,2023-05,2052,2131,-7184,-7616,3.85
UAE_382,2023-06,2198,2105,-8513,-8069,-4.23
UAE_382,2023-07,1272,1339,-8227,-8159,5.27
UAE_382,2023-08,2232,2184,-3041,-3334,-2.15
UAE_382,2023-09,3663,3427,-3600,-3944,-6.44
UAE_382,2023-10,2671,2467,-2293,-2257,-7.64
UAE_382,2023-11,2509,2767,-5292,-5300,10.28
UAE_382,2023-12,908,977,-5785,-6397,7.6
UAE_382,2024-01,1182,1199,-3068,-2813,1.44
UAE_382,2024-02,834,853,-2412,-2225,2.28
UAE_382,2024-03,2659,2618,-5193,-5310,-1.54
UAE_382,2024-04,3121,3117,-3251,-3297,-0.13
UAE_382,2024-05,2072,2119,-1782,-1737,2.27
UAE_382,2024-06,3015,3191,-3907,-3657,5.84
UAE_382,2024-07,3108,3352,-7564,-7890,7.85
UAE_382,2024-08,1856,1999,-3061,-3538,7.7
UAE_382,2024-09,3349,3615,-5390,-4720,7.94
UAE_382,2024-10,1384,1409,-5078,-5658,1.81
UAE_382,2024-11,1591,1634,-4439,-4611,2.7
UAE_382,2024-12,968,943,-5295,-6226,-2.58
UAE_382,2025-01,1654,1596,-3269,-3748,-3.51
UAE_382,2025-02,1890,2097,-2651,-2746,10.95
UAE_382,2025-03,2766,2991,-2550,-2308,8.13
UAE_382,2025-04,3263,3330,-1515,-1671,2.05
UAE_382,2025-05,3371,3357,-8767,-8138,-0.42
UAE_382,2025-06,4522,4895,-7587,-7344,8.25
UAE_382,2025-07,2121,1947,-7461,-8492,-8.2
UAE_382,2025-08,3826,4093,-1808,-1640,6.98
UAE_382,2025-09,3314,3636,-5282,-6068,9.72
UAE_382,2025-10,2978,3180,-2952,-3415,6.78
UAE_382,2025-11,3147,3350,-4942,-4814,6.45
UAE_382,2025-12,2375,2514,-3481,-3499,5.85
UAE_383,2023-01,134908,134597,-24772,-24056,-0.23
UAE_383,2023-02,33983,32251,-3719,-3925,-5.1
UAE_383,2023-03,420927,393090,34656,34840,-6.61
UAE_383,2023-04,161988,156602,35569,31159,-3.32
UAE_383,2023-05,108270,101132,4932,4964,-6.59
UAE_383,2023-06,125727,136944,-1547,-1623,8.92
UAE_383,2023-07,105642,104704,4626,4362,-0.89
UAE_383,2023-08,106936,104342,-4456,-4258,-2.43
UAE_383,2023-09,163510,175895,-11215,-10373,7.57
UAE_383,2023-10,131782,142099,6002,6946,7.83
UAE_383,2023-11,52709,55297,1527,1633,4.91
UAE_383,2023-12,281472,263916,15525,15272,-6.24
UAE_383,2024-01,87981,82902,-12960,-12748,-5.77
UAE_383,2024-02,39629,36912,-26624,-23387,-6.86
UAE_383,2024-03,325990,307229,57773,53808,-5.76
UAE_383,2024-04,450309,441119,99489,99981,-2.04
UAE_383,2024-05,178063,177422,8775,8210,-0.36
UAE_383,2024-06,870820,829816,85877,94838,-4.71
UAE_383,2024-07,115111,120647,-12149,-11480,4.81
UAE_383,2024-08,236137,214995,29760,28566,-8.95
UAE_383,2024-09,107581,99311,5154,5118,-7.69
UAE_383,2024-10,372712,349105,90905,83200,-6.33
UAE_383,2024-11,181173,174067,15608,16961,-3.92
UAE_383,2024-12,181201,195634,20459,18850,7.97
UAE_383,2025-01,56130,57111,-5980,-6262,1.75
UAE_383,2025-02,331814,367788,86340,85254,10.84
UAE_383,2025-03,65393,71515,-8364,-8645,9.36
UAE_383,2025-04,489797,472591,62832,70858,-3.51
UAE_383,2025-05,852195,860246,234041,218650,0.94
UAE_383,2025-06,149711,157497,16744,14864,5.2
UAE_383,2025-07,619192,678462,47557,43577,9.57
UAE_383,2025-08,150102,165210,-1770,-1566,10.07
UAE_383,2025-09,831296,763421,123409,107783,-8.16
UAE_383,2025-10,183087,187437,-1707,-1809,2.38
UAE_383,2025-11,212580,203849,20382,17793,-4.11
UAE_383,2025-12,437862,411461,17544,20317,-6.03
UAE_384,2023-01,760,775,-2447,-2382,1.97
UAE_384,2023-02,620,647,-3120,-2751,4.35
UAE_384,2023-03,2074,2076,-2342,-2627,0.1
UAE_384,2023-04,5033,4709,-4829,-4536,-6.44
UAE_384,2023-05,2867,2655,-4559,-4365,-7.39
UAE_384,2023-06,3073,3246,-1510,-1536,5.63
UAE_384,2023-07,1403,1489,-7647,-8295,6.13
UAE_384,2023-08,4383,4633,-7016,-6448,5.7
UAE_384,2023-09,1099,1212,-2166,-2244,10.28
UAE_384,2023-10,2369,2627,-4234,-4918,10.89
UAE_384,2023-11,721,741,-6043,-5526,2.77
UAE_384,2023-12,1118,1176,-4426,-5154,5.19
UAE_384,2024-01,2238,2044,-2977,-2750,-8.67
UAE_384,2024-02,802,827,-5783,-5228,3.12
UAE_384,2024-03,987,1018,-2348,-2195,3.14
UAE_384,2024-04,7943,7667,-5568,-5931,-3.47
UAE_384,2024-05,3577,3339,-3830,-4273,-6.65
UAE_384,2024-06,4194,3930,-1554,-1653,-6.29
UAE_384,2024-07,2990,3156,-4018,-4450,5.55
UAE_384,2024-08,1899,1829,-1593,-1712,-3.69
UAE_384,2024-09,1599,1714,-4161,-4603,7.19
UAE_384,2024-10,1328,1262,-6518,-6333,-4.97
UAE_384,2024-11,2011,2052,-1674,-1690,2.04
UAE_384,2024-12,1879,1739,-1842,-1890,-7.45
UAE_384,2025-01,1673,1701,-4706,-4280,1.67
UAE_384,2025-02,3246,2990,-3954,-4553,-7.89
UAE_384,2025-03,1832,1755,-943,-1102,-4.2
UAE_384,2025-04,1213,1325,-2941,-2558,9.23
UAE_384,2025-05,1092,1032,-2556,-2530,-5.49
UAE_384,2025-06,3990,4153,-2790,-3155,4.09
UAE_384,2025-07,5515,5316,-5239,-4734,-3.61
UAE_384,2025-08,1496,1481,-6504,-5919,-1.0
UAE_384,2025-09,1834,1738,-6033,-6447,-5.23
UAE_384,2025-10,1859,1797,-2144,-2454,-3.34
UAE_384,2025-11,2399,2485,-3239,-3168,3.58
UAE_384,2025-12,3041,3181,-1269,-1458,4.6
UAE_385,2023-01,11375,10714,-5149,-5118,-5.81
UAE_385,2023-02,1682,1547,-5696,-5874,-8.03
UAE_385,2023-03,4892,4842,-9168,-8916,-1.02
UAE_385,2023-04,1613,1529,-4715,-4623,-5.21
UAE_385,2023-05,4411,4603,-1869,-1953,4.35
UAE_385,2023-06,4235,4410,-9207,-9584,4.13
UAE_385,2023-07,4568,4811,-1537,-1363,5.32
UAE_385,2023-08,12168,12485,-9013,-9618,2.61
UAE_385,2023-09,8342,8839,-4930,-4289,5.96
UAE_385,2023-10,3807,3550,-4683,-4509,-6.75
UAE_385,2023-11,3453,3432,-5403,-5447,-0.61
UAE_385,2023-12,8195,7538,-4403,-4744,-8.02
UAE_385,2024-01,3385,3612,-4967,-4591,6.71
UAE_385,2024-02,8194,7833,-6985,-7013,-4.41
UAE_385,2024-03,1590,1593,-7656,-7802,0.19
UAE_385,2024-04,1329,1436,-2866,-3191,8.05
UAE_385,2024-05,4977,5333,-3178,-3132,7.15
UAE_385,2024-06,2531,2522,-6338,-6195,-0.36
UAE_385,2024-07,4971,5156,-5678,-6150,3.72
UAE_385,2024-08,7450,8199,-9191,-9662,10.05
UAE_385,2024-09,3775,3878,-5266,-5507,2.73
UAE_385,2024-10,2252,2392,-6833,-6113,6.22
UAE_385,2024-11,3890,3621,-9291,-8325,-6.92
UAE_385,2024-12,4366,3983,-2108,-1966,-8.77
UAE_385,2025-01,4452,4348,-601,-686,-2.34
UAE_385,2025-02,1183,1250,-8812,-8508,5.66
UAE_385,2025-03,1780,1809,-3700,-3763,1.63
UAE_385,2025-04,11211,11130,-7311,-6461,-0.72
UAE_385,2025-05,12236,11469,-7849,-8921,-6.27
UAE_385,2025-06,5145,5141,-8609,-9167,-0.08
UAE_385,2025-07,11395,12162,-11164,-10362,6.73
UAE_385,2025-08,3880,3777,-6208,-6103,-2.65
UAE_385,2025-09,4464,4480,-4212,-4452,0.36
UAE_385,2025-10,5540,5855,-5474,-5010,5.69
UAE_385,2025-11,3612,3774,-6506,-5966,4.49
UAE_385,2025-12,2664,2525,-9398,-8574,-5.22
UAE_386,2023-01,1345,1268,-3180,-3143,-5.72
UAE_386,2023-02,1862,2034,-2035,-1957,9.24
UAE_386,2023-03,1757,1771,-4835,-4337,0.8
UAE_386,2023-04,1908,2063,-2333,-2554,8.12
UAE_386,2023-05,2035,2147,-3640,-4272,5.5
UAE_386,2023-06,4656,4956,-5631,-6615,6.44
UAE_386,2023-07,1619,1741,-7246,-7578,7.54
UAE_386,2023-08,10604,9937,-5170,-5209,-6.29
UAE_386,2023-09,817,891,-5924,-5218,9.06
UAE_386,2023-10,1198,1195,-2842,-2911,-0.25
UAE_386,2023-11,3031,2771,-935,-851,-8.58
UAE_386,2023-12,1778,1648,-3499,-3947,-7.31
UAE_386,2024-01,1094,1020,-1486,-1630,-6.76
UAE_386,2024-02,2217,2231,-4697,-4443,0.63
UAE_386,2024-03,1633,1756,-2569,-2589,7.53
UAE_386,2024-04,3189,3332,-5416,-5192,4.48
UAE_386,2024-05,2854,3057,-894,-992,7.11
UAE_386,2024-06,4254,4099,-4416,-5011,-3.64
UAE_386,2024-07,3593,3584,-2275,-2026,-0.25
UAE_386,2024-08,2449,2308,-8835,-8603,-5.76
UAE_386,2024-09,1409,1448,-3457,-3558,2.77
UAE_386,2024-10,822,884,-7763,-7865,7.54
UAE_386,2024-11,2358,2292,-3254,-3703,-2.8
UAE_386,2024-12,1074,1027,-3782,-4293,-4.38
UAE_386,2025-01,1096,1131,-1702,-1702,3.19
UAE_386,2025-02,806,854,-2397,-2272,5.96
UAE_386,2025-03,2985,2944,-914,-904,-1.37
UAE_386,2025-04,2874,2769,-4034,-4078,-3.65
UAE_386,2025-05,1708,1666,-2041,-2283,-2.46
UAE_386,2025-06,1982,1952,-6684,-5946,-1.51
UAE_386,2025-07,2253,2278,-1692,-1864,1.11
UAE_386,2025-08,4044,4205,-1291,-1238,3.98
UAE_386,2025-09,5816,5966,-7524,-6594,2.58
UAE_386,2025-10,905,970,-4929,-5200,7.18
UAE_386,2025-11,1966,2020,-6287,-5702,2.75
UAE_386,2025-12,2825,2572,-2314,-2637,-8.96
UAE_387,2023-01,1889,1980,-5239,-5951,4.82
UAE_387,2023-02,1833,1772,-5051,-5906,-3.33
UAE_387,2023-03,2593,2389,-3539,-3306,-7.87
UAE_387,2023-04,1379,1298,-7274,-6545,-5.87
UAE_387,2023-05,1385,1372,-5182,-4920,-0.94
UAE_387,2023-06,6728,6663,-6208,-6208,-0.97
UAE_387,2023-07,1412,1363,-6391,-6625,-3.47
UAE_387,2023-08,2809,2767,-4276,-3923,-1.5
UAE_387,2023-09,1213,1198,-6503,-7539,-1.24
UAE_387,2023-10,1685,1788,-3872,-3867,6.11
UAE_387,2023-11,1443,1421,-4208,-4459,-1.52
UAE_387,2023-12,1011,936,-3763,-4293,-7.42
UAE_387,2024-01,1313,1272,-3840,-4501,-3.12
UAE_387,2024-02,1027,1051,-2964,-3342,2.34
UAE_387,2024-03,1298,1378,-7113,-6240,6.16
UAE_387,2024-04,3584,3312,-1262,-1156,-7.59
UAE_387,2024-05,3608,3344,-3998,-4679,-7.32
UAE_387,2024-06,1507,1436,-2240,-2440,-4.71
UAE_387,2024-07,2266,2444,-2411,-2532,7.86
UAE_387,2024-08,8031,7648,-5967,-5597,-4.77
UAE_387,2024-09,2780,3018,-2341,-2275,8.56
UAE_387,2024-10,2723,2602,-3507,-3918,-4.44
UAE_387,2024-11,1770,1888,-6894,-6751,6.67
UAE_387,2024-12,2147,2112,-982,-894,-1.63
UAE_387,2025-01,957,895,-4830,-4555,-6.48
UAE_387,2025-02,1957,1852,-6891,-6536,-5.37
UAE_387,2025-03,2405,2614,-4272,-4050,8.69
UAE_387,2025-04,2587,2818,-7420,-6675,8.93
UAE_387,2025-05,1993,1834,-3920,-3648,-7.98
UAE_387,2025-06,3870,4201,-3621,-3271,8.55
UAE_387,2025-07,3491,3667,-6840,-6616,5.04
UAE_387,2025-08,4685,4485,-5771,-6226,-4.27
UAE_387,2025-09,1273,1341,-6284,-6860,5.34
UAE_387,2025-10,2617,2687,-2200,-2314,2.67
UAE_387,2025-11,2073,1955,-2393,-2096,-5.69
UAE_387,2025-12,1106,1166,-3641,-4130,5.42
UAE_388,2023-01,955,949,-2583,-3013,-0.63
UAE_388,2023-02,2172,2094,-3922,-4593,-3.59
UAE_388,2023-03,2339,2184,-5407,-5007,-6.63
UAE_388,2023-04,2208,2446,-3745,-4223,10.78
UAE_388,2023-05,3719,3991,-5326,-5170,7.31
UAE_388,2023-06,7966,7884,-5678,-6013,-1.03
UAE_388,2023-07,3548,3349,-5436,-5715,-5.61
UAE_388,2023-08,2315,2195,-7273,-6444,-5.18
UAE_388,2023-09,2364,2537,-1128,-1212,7.32
UAE_388,2023-10,2372,2408,-3173,-2836,1.52
UAE_388,2023-11,1643,1533,-6454,-6229,-6.7
UAE_388,2023-12,1660,1827,-3704,-4331,10.06
UAE_388,2024-01,2328,2338,-5343,-4782,0.43
UAE_388,2024-02,1735,1850,-6024,-5928,6.63
UAE_388,2024-03,1367,1453,-4645,-5298,6.29
UAE_388,2024-04,3180,3157,-6373,-7056,-0.72
UAE_388,2024-05,2695,2750,-1344,-1266,2.04
UAE_388,2024-06,4703,4775,-7939,-6913,1.53
UAE_388,2024-07,4869,5342,-6436,-7029,9.71
UAE_388,2024-08,1695,1661,-2510,-2398,-2.01
UAE_388,2024-09,1283,1402,-2355,-2337,9.28
UAE_388,2024-10,1470,1457,-3984,-3543,-0.88
UAE_388,2024-11,1525,1681,-6263,-6205,10.23
UAE_388,2024-12,1135,1209,-1618,-1459,6.52
UAE_388,2025-01,1368,1263,-1995,-2121,-7.68
UAE_388,2025-02,2463,2452,-3195,-3333,-0.45
UAE_388,2025-03,1308,1372,-6086,-5569,4.89
UAE_388,2025-04,2356,2356,-1388,-1430,0.0
UAE_388,2025-05,3456,3192,-3529,-4135,-7.64
UAE_388,2025-06,2610,2841,-6630,-6926,8.85
UAE_388,2025-07,3404,3597,-5701,-5341,5.67
UAE_388,2025-08,3839,3744,-6733,-7535,-2.47
UAE_388,2025-09,5056,4964,-7734,-7582,-1.82
UAE_388,2025-10,1744,1602,-4864,-5001,-8.14
UAE_388,2025-11,3579,3521,-4934,-5496,-1.62
UAE_388,2025-12,2788,2867,-6474,-6234,2.83
UAE_389,2023-01,25144,26642,-10088,-10405,5.96
UAE_389,2023-02,37758,38894,-15789,-13783,3.01
UAE_389,2023-03,48000,47689,-4923,-4338,-0.65
UAE_389,2023-04,45602,48955,-17005,-15377,7.35
UAE_389,2023-05,140592,152553,23755,20712,8.51
UAE_389,2023-06,49015,49366,-16835,-15618,0.72
UAE_389,2023-07,34968,32732,-26748,-23582,-6.39
UAE_389,2023-08,102205,102139,-7187,-7507,-0.06
UAE_389,2023-09,20231,20433,-12095,-10988,1.0
UAE_389,2023-10,65869,71871,7113,6875,9.11
UAE_389,2023-11,34558,31854,-9896,-11009,-7.82
UAE_389,2023-12,46529,48908,-8622,-9052,5.11
UAE_389,2024-01,15116,16415,-11039,-10879,8.59
UAE_389,2024-02,35037,37573,-12616,-11028,7.24
UAE_389,2024-03,12135,11260,-5061,-5749,-7.21
UAE_389,2024-04,66317,66546,2217,2121,0.35
UAE_389,2024-05,76089,76118,-13801,-13758,0.04
UAE_389,2024-06,60069,61834,-8459,-7758,2.94
UAE_389,2024-07,42339,41337,-7690,-8783,-2.37
UAE_389,2024-08,44532,46488,-20145,-17650,4.39
UAE_389,2024-09,43576,47071,-7681,-7476,8.02
UAE_389,2024-10,21746,22359,-10949,-10392,2.82
UAE_389,2024-11,83335,76699,-8318,-8843,-7.96
UAE_389,2024-12,7760,7696,-3929,-4335,-0.82
UAE_389,2025-01,9902,10408,-8791,-7976,5.11
UAE_389,2025-02,21042,19286,-12029,-12342,-8.35
UAE_389,2025-03,18124,16613,-13658,-13678,-8.34
UAE_389,2025-04,13651,13753,-14870,-15592,0.75
UAE_389,2025-05,135748,143299,9475,9868,5.56
UAE_389,2025-06,50400,52795,-459,-414,4.75
UAE_389,2025-07,97640,98727,1838,2162,1.11
UAE_389,2025-08,104993,115270,-3404,-3640,9.79
UAE_389,2025-09,7154,7105,-7706,-8357,-0.68
UAE_389,2025-10,11585,11956,-4389,-4357,3.2
UAE_389,2025-11,46231,48917,-7729,-8159,5.81
UAE_389,2025-12,18480,17534,-15580,-15446,-5.12
UAE_390,2023-01,863,879,-1699,-1660,1.85
UAE_390,2023-02,934,909,-4617,-5064,-2.68
UAE_390,2023-03,1947,1815,-5508,-6251,-6.78
UAE_390,2023-04,5063,5028,-7131,-7165,-0.69
UAE_390,2023-05,949,904,-8281,-7284,-4.74
UAE_390,2023-06,1494,1412,-3629,-3197,-5.49
UAE_390,2023-07,1608,1471,-5209,-6002,-8.52
UAE_390,2023-08,1846,1972,-6503,-6458,6.83
UAE_390,2023-09,3216,3036,-4229,-4780,-5.6
UAE_390,2023-10,1865,2065,-8467,-7706,10.72
UAE_390,2023-11,789,790,-4373,-4262,0.13
UAE_390,2023-12,2839,2631,-5226,-5621,-7.33
UAE_390,2024-01,1152,1189,-5686,-5820,3.21
UAE_390,2024-02,2651,2548,-929,-925,-3.89
UAE_390,2024-03,945,995,-6128,-5440,5.29
UAE_390,2024-04,1508,1386,-5404,-4927,-8.09
UAE_390,2024-05,1915,2021,-4046,-4662,5.54
UAE_390,2024-06,3142,3313,-4418,-4421,5.44
UAE_390,2024-07,2012,2077,-6818,-6766,3.23
UAE_390,2024-08,3513,3900,-7274,-6463,11.02
UAE_390,2024-09,3644,3891,-6371,-7420,6.78
UAE_390,2024-10,1591,1515,-5197,-4938,-4.78
UAE_390,2024-11,3817,3725,-4777,-5574,-2.41
UAE_390,2024-12,2423,2620,-6201,-6196,8.13
UAE_390,2025-01,1616,1524,-3740,-4335,-5.69
UAE_390,2025-02,2776,2611,-1914,-1918,-5.94
UAE_390,2025-03,2335,2167,-1075,-1138,-7.19
UAE_390,2025-04,1958,1977,-3427,-3509,0.97
UAE_390,2025-05,3118,2996,-3303,-3623,-3.91
UAE_390,2025-06,2954,3259,-5404,-5872,10.32
UAE_390,2025-07,1690,1874,-2225,-2225,10.89
UAE_390,2025-08,6993,6953,-3230,-3788,-0.57
UAE_390,2025-09,6130,6314,-4958,-4782,3.0
UAE_390,2025-10,3385,3171,-4917,-4810,-6.32
UAE_390,2025-11,2214,2084,-5833,-5674,-5.87
UAE_390,2025-12,2773,2717,-1760,-1715,-2.02
UAE_391,2023-01,1091,1112,-4262,-4888,1.92
UAE_391,2023-02,1923,1910,-6876,-6319,-0.68
UAE_391,2023-03,1852,1822,-3323,-3274,-1.62
UAE_391,2023-04,5709,5883,-6322,-6001,3.05
UAE_391,2023-05,1780,1847,-9357,-8552,3.76
UAE_391,2023-06,1858,1956,-3410,-3194,5.27
UAE_391,2023-07,1501,1395,-5815,-5599,-7.06
UAE_391,2023-08,1987,1950,-5751,-6588,-1.86
UAE_391,2023-09,2701,2569,-6687,-6913,-4.89
UAE_391,2023-10,1949,1940,-1683,-1946,-0.46
UAE_391,2023-11,1951,1915,-5418,-6229,-1.85
UAE_391,2023-12,2659,2703,-6080,-5379,1.65
UAE_391,2024-01,2601,2659,-1479,-1327,2.23
UAE_391,2024-02,994,1029,-5854,-5567,3.52
UAE_391,2024-03,1746,1857,-3274,-3099,6.36
UAE_391,2024-04,1449,1432,-2533,-2610,-1.17
UAE_391,2024-05,3109,3363,-4225,-4897,8.17
UAE_391,2024-06,3956,3873,-857,-903,-2.1
UAE_391,2024-07,1270,1281,-2430,-2161,0.87
UAE_391,2024-08,2199,2383,-4918,-4633,8.37
UAE_391,2024-09,1486,1412,-5330,-4780,-4.98
UAE_391,2024-10,8043,7496,-3637,-3453,-6.8
UAE_391,2024-11,1690,1592,-3589,-3221,-5.8
UAE_391,2024-12,2914,2736,-5361,-5240,-6.11
UAE_391,2025-01,2345,2202,-4644,-4756,-6.1
UAE_391,2025-02,730,803,-3195,-3673,10.0
UAE_391,2025-03,3567,3268,-3757,-4238,-8.38
UAE_391,2025-04,2327,2163,-3885,-3824,-7.05
UAE_391,2025-05,3652,3901,-5067,-5873,6.82
UAE_391,2025-06,2237,2310,-3871,-4028,3.26
UAE_391,2025-07,2583,2518,-2499,-2241,-2.52
UAE_391,2025-08,8071,7974,-5104,-5914,-1.2
UAE_391,2025-09,3761,3750,-3798,-4197,-0.29
UAE_391,2025-10,3151,3346,-4422,-4061,6.19
UAE_391,2025-11,1240,1136,-1643,-1498,-8.39
UAE_391,2025-12,3203,2987,-5381,-5396,-6.74
UAE_392,2023-01,2339,2548,-3571,-3369,8.94
UAE_392,2023-02,1097,1054,-7359,-7333,-3.92
UAE_392,2023-03,1129,1200,-7365,-6525,6.29
UAE_392,2023-04,9774,9609,-9896,-9939,-1.69
UAE_392,2023-05,2980,3209,-4836,-4358,7.68
UAE_392,2023-06,10938,11447,-6589,-6070,4.65
UAE_392,2023-07,6285,5829,-4228,-3852,-7.26
UAE_392,2023-08,5086,5585,-7309,-7164,9.81
UAE_392,2023-09,2727,2813,-14055,-12908,3.15
UAE_392,2023-10,5041,4789,-7916,-6957,-5.0
UAE_392,2023-11,2415,2516,-2706,-2607,4.18
UAE_392,2023-12,6637,6323,-7194,-7844,-4.73
UAE_392,2024-01,4932,5151,-7874,-9129,4.44
UAE_392,2024-02,6189,5866,-6629,-6154,-5.22
UAE_392,2024-03,7610,7100,-6765,-7882,-6.7
UAE_392,2024-04,1872,1889,-8605,-8815,0.91
UAE_392,2024-05,2608,2563,-5644,-6135,-1.73
UAE_392,2024-06,14427,13497,-8153,-8025,-6.45
UAE_392,2024-07,3314,3099,-6193,-5685,-6.49
UAE_392,2024-08,5243,4820,-2454,-2256,-8.07
UAE_392,2024-09,29230,29584,-5371,-6283,1.21
UAE_392,2024-10,4286,4241,-1729,-1763,-1.05
UAE_392,2024-11,19937,19463,-950,-1060,-2.38
UAE_392,2024-12,3264,3281,-7257,-6797,0.52
UAE_392,2025-01,1474,1540,-3404,-3586,4.48
UAE_392,2025-02,2019,1964,-4530,-4191,-2.72
UAE_392,2025-03,1524,1613,-5517,-5982,5.84
UAE_392,2025-04,3689,4061,-4058,-3927,10.08
UAE_392,2025-05,1874,1761,-2228,-2550,-6.03
UAE_392,2025-06,6046,6551,-5516,-5047,8.35
UAE_392,2025-07,5890,5678,-12820,-13319,-3.6
UAE_392,2025-08,2935,3211,-2513,-2750,9.4
UAE_392,2025-09,5426,5782,-1406,-1349,6.56
UAE_392,2025-10,5216,5167,-3707,-4216,-0.94
UAE_392,2025-11,4059,3943,-2256,-2440,-2.86
UAE_392,2025-12,2923,3076,-10482,-9360,5.23
UAE_393,2023-01,8384,7858,-4763,-4757,-6.27
UAE_393,2023-02,5968,6325,-7369,-6623,5.98
UAE_393,2023-03,1620,1685,-4527,-5043,4.01
UAE_393,2023-04,3062,2906,-4697,-4402,-5.09
UAE_393,2023-05,6249,5982,-8888,-9937,-4.27
UAE_393,2023-06,18108,18167,-9620,-8810,0.33
UAE_393,2023-07,13432,13066,-11453,-11879,-2.72
UAE_393,2023-08,5879,6230,-13229,-11517,5.97
UAE_393,2023-09,13671,14119,-10750,-9768,3.28
UAE_393,2023-10,10591,10585,-9448,-9673,-0.06
UAE_393,2023-11,2715,2802,-3387,-3784,3.2
UAE_393,2023-12,3743,3675,-6802,-6955,-1.82
UAE_393,2024-01,4020,4071,-3248,-2930,1.27
UAE_393,2024-02,1737,1691,-4121,-4612,-2.65
UAE_393,2024-03,1897,1861,-12426,-11024,-1.9
UAE_393,2024-04,16628,17650,-9989,-10135,6.15
UAE_393,2024-05,11225,12220,-9447,-11077,8.86
UAE_393,2024-06,6824,6667,-7116,-7396,-2.3
UAE_393,2024-07,6255,6923,-11729,-13133,10.68
UAE_393,2024-08,3672,3542,-8058,-8926,-3.54
UAE_393,2024-09,4244,4466,-4951,-4912,5.23
UAE_393,2024-10,4171,3876,-13437,-13276,-7.07
UAE_393,2024-11,4801,5042,-7974,-7989,5.02
UAE_393,2024-12,7320,7253,-4457,-4896,-0.92
UAE_393,2025-01,3073,3213,-8165,-7748,4.56
UAE_393,2025-02,4647,4599,-5945,-6956,-1.03
UAE_393,2025-03,3908,4105,-7723,-8929,5.04
UAE_393,2025-04,2035,1918,-11055,-10758,-5.75
UAE_393,2025-05,4504,4511,-6471,-6614,0.16
UAE_393,2025-06,3643,3368,-2959,-3131,-7.55
UAE_393,2025-07,6124,5596,-2575,-2525,-8.62
UAE_393,2025-08,5407,5553,-6560,-7549,2.7
UAE_393,2025-09,4862,5097,-1957,-2293,4.83
UAE_393,2025-10,6012,5963,-7045,-6797,-0.82
UAE_393,2025-11,6151,6114,-2641,-2498,-0.6
UAE_393,2025-12,3617,3389,-2782,-2442,-6.3
UAE_394,2023-01,4671,4585,-10767,-10507,-1.84
UAE_394,2023-02,2305,2104,-2245,-2614,-8.72
UAE_394,2023-03,3599,3731,-2795,-2436,3.67
UAE_394,2023-04,10469,10649,-11867,-10622,1.72
UAE_394,2023-05,4042,4007,-10243,-11537,-0.87
UAE_394,2023-06,26871,26637,-10456,-10166,-0.87
UAE_394,2023-07,5758,5418,-2040,-2010,-5.9
UAE_394,2023-08,8223,8151,-12988,-12658,-0.88
UAE_394,2023-09,4395,4579,-9073,-8007,4.19
UAE_394,2023-10,7127,6731,-7302,-8116,-5.56
UAE_394,2023-11,4907,4884,-4206,-3938,-0.47
UAE_394,2023-12,3096,3440,-10243,-9286,11.11
UAE_394,2024-01,1905,1902,-5354,-5452,-0.16
UAE_394,2024-02,1310,1404,-6154,-6823,7.18
UAE_394,2024-03,9248,8934,-6550,-7212,-3.4
UAE_394,2024-04,3301,3620,-6980,-6502,9.66
UAE_394,2024-05,19728,20809,-2493,-2313,5.48
UAE_394,2024-06,5017,5065,-3993,-4320,0.96
UAE_394,2024-07,2898,2763,-10600,-10850,-4.66
UAE_394,2024-08,1861,1849,-15540,-13701,-0.64
UAE_394,2024-09,4862,5293,-3959,-3756,8.86
UAE_394,2024-10,24163,25153,-7445,-7831,4.1
UAE_394,2024-11,2493,2611,-4969,-5296,4.73
UAE_394,2024-12,7113,6972,-6593,-5774,-1.98
UAE_394,2025-01,7139,7120,-6521,-6488,-0.27
UAE_394,2025-02,5352,5215,-5760,-5638,-2.56
UAE_394,2025-03,8029,8354,-5371,-5165,4.05
UAE_394,2025-04,15634,14520,-7157,-7246,-7.13
UAE_394,2025-05,5457,5351,-9235,-8925,-1.94
UAE_394,2025-06,2802,2864,-3435,-3896,2.21
UAE_394,2025-07,2646,2590,-4866,-5365,-2.12
UAE_394,2025-08,6306,6307,-11549,-11094,0.02
UAE_394,2025-09,4269,4425,-5442,-4972,3.65
UAE_394,2025-10,4800,4465,-4862,-5017,-6.98
UAE_394,2025-11,10648,11035,-6087,-6613,3.63
UAE_394,2025-12,3677,3351,-7255,-8387,-8.87
UAE_395,2023-01,926,903,-5707,-6509,-2.48
UAE_395,2023-02,2529,2803,-9241,-8832,10.83
UAE_395,2023-03,5023,5482,-6403,-5580,9.14
UAE_395,2023-04,3809,3917,-5114,-4986,2.84
UAE_395,2023-05,4427,4509,-4674,-4958,1.85
UAE_395,2023-06,1513,1468,-4789,-5199,-2.97
UAE_395,2023-07,4887,4661,-2832,-3194,-4.62
UAE_395,2023-08,1515,1666,-4094,-4194,9.97
UAE_395,2023-09,2206,2258,-7441,-8019,2.36
UAE_395,2023-10,3273,3044,-6653,-7567,-7.0
UAE_395,2023-11,5756,5353,-6965,-6800,-7.0
UAE_395,2023-12,6506,6928,-4741,-5501,6.49
UAE_395,2024-01,3406,3394,-2883,-3238,-0.35
UAE_395,2024-02,3809,3807,-5943,-6183,-0.05
UAE_395,2024-03,11181,11761,-6687,-6804,5.19
UAE_395,2024-04,3941,4356,-5342,-6214,10.53
UAE_395,2024-05,2580,2571,-4380,-4960,-0.35
UAE_395,2024-06,7929,8052,-6040,-6940,1.55
UAE_395,2024-07,2411,2471,-7126,-7215,2.49
UAE_395,2024-08,6094,6578,-9162,-9418,7.94
UAE_395,2024-09,8123,8392,-6938,-6650,3.31
UAE_395,2024-10,3163,2898,-3704,-3500,-8.38
UAE_395,2024-11,8276,8605,-5649,-5382,3.98
UAE_395,2024-12,3662,3954,-5658,-6541,7.97
UAE_395,2025-01,12426,12506,-4139,-3920,0.64
UAE_395,2025-02,3629,3754,-1441,-1651,3.44
UAE_395,2025-03,2072,2040,-3297,-3709,-1.54
UAE_395,2025-04,5755,6069,-10330,-9122,5.46
UAE_395,2025-05,4220,3964,-3927,-3859,-6.07
UAE_395,2025-06,1959,2147,-5521,-5462,9.6
UAE_395,2025-07,3777,3541,-4666,-5015,-6.25
UAE_395,2025-08,4714,5157,-4235,-4470,9.4
UAE_395,2025-09,3418,3616,-11327,-9948,5.79
UAE_395,2025-10,2678,2454,-6041,-5580,-8.36
UAE_395,2025-11,2805,3034,-4303,-4243,8.16
UAE_395,2025-12,2729,2757,-5058,-5160,1.03
UAE_396,2023-01,75593,83105,817,740,9.94
UAE_396,2023-02,94290,87129,-7490,-6531,-7.59
UAE_396,2023-03,121577,125270,15361,17131,3.04
UAE_396,2023-04,184634,172416,-21495,-19519,-6.62
UAE_396,2023-05,548447,551149,94484,83605,0.49
UAE_396,2023-06,157509,168108,-20141,-22717,6.73
UAE_396,2023-07,146452,142029,-23106,-23298,-3.02
UAE_396,2023-08,284873,297740,17766,18034,4.52
UAE_396,2023-09,520492,476363,65101,76313,-8.48
UAE_396,2023-10,180505,181703,-6926,-7974,0.66
UAE_396,2023-11,53298,58662,-6100,-5972,10.06
UAE_396,2023-12,145280,147587,18464,19066,1.59
UAE_396,2024-01,63970,71075,-3442,-3493,11.11
UAE_396,2024-02,109634,117749,-19494,-17060,7.4
UAE_396,2024-03,116270,107826,-7222,-7147,-7.26
UAE_396,2024-04,71303,65133,-12988,-13488,-8.65
UAE_396,2024-05,210617,224258,20524,23452,6.48
UAE_396,2024-06,112405,103912,-17840,-18917,-7.56
UAE_396,2024-07,315742,313491,-8129,-8236,-0.71
UAE_396,2024-08,436664,479246,87416,96418,9.75
UAE_396,2024-09,348099,319648,43772,46792,-8.17
UAE_396,2024-10,170897,176040,20431,18022,3.01
UAE_396,2024-11,186604,171238,43405,42641,-8.23
UAE_396,2024-12,332214,335780,61937,59318,1.07
UAE_396,2025-01,166300,152577,-30850,-28422,-8.25
UAE_396,2025-02,144384,159203,34826,33688,10.26
UAE_396,2025-03,230644,239127,16105,17939,3.68
UAE_396,2025-04,148326,144875,11766,13824,-2.33
UAE_396,2025-05,303979,291893,38602,44055,-3.98
UAE_396,2025-06,155817,146014,22602,23311,-6.29
UAE_396,2025-07,319913,344354,5977,6720,7.64
UAE_396,2025-08,1185679,1079355,205845,239905,-8.97
UAE_396,2025-09,702220,648163,210974,201255,-7.7
UAE_396,2025-10,96308,100037,-10981,-12640,3.87
UAE_396,2025-11,133624,146133,-642,-715,9.36
UAE_396,2025-12,121086,124586,171,159,2.89
UAE_397,2023-01,1173,1197,-3251,-3450,2.05
UAE_397,2023-02,2089,2054,-1245,-1119,-1.68
UAE_397,2023-03,2629,2401,-6885,-6683,-8.67
UAE_397,2023-04,1531,1447,-4192,-3957,-5.49
UAE_397,2023-05,2880,3108,-3452,-3205,7.92
UAE_397,2023-06,1233,1362,-1981,-1993,10.46
UAE_397,2023-07,2257,2118,-2192,-2527,-6.16
UAE_397,2023-08,1177,1100,-5911,-6006,-6.54
UAE_397,2023-09,3652,3388,-6126,-6297,-7.23
UAE_397,2023-10,3182,2940,-4861,-4308,-7.61
UAE_397,2023-11,1697,1557,-7614,-7173,-8.25
UAE_397,2023-12,1663,1518,-2932,-3192,-8.72
UAE_397,2024-01,2836,2612,-843,-753,-7.9
UAE_397,2024-02,2439,2239,-4384,-5132,-8.2
UAE_397,2024-03,2584,2677,-1784,-1791,3.6
UAE_397,2024-04,1722,1815,-5826,-6402,5.4
UAE_397,2024-05,2064,2096,-7671,-7224,1.55
UAE_397,2024-06,1758,1854,-4418,-3910,5.46
UAE_397,2024-07,2367,2288,-3043,-3370,-3.34
UAE_397,2024-08,2538,2446,-8481,-8048,-3.62
UAE_397,2024-09,6228,6257,-7209,-7000,0.47
UAE_397,2024-10,2940,2676,-3860,-4180,-8.98
UAE_397,2024-11,2836,2660,-6236,-5472,-6.21
UAE_397,2024-12,2414,2272,-5190,-5000,-5.88
UAE_397,2025-01,2467,2403,-2588,-2742,-2.59
UAE_397,2025-02,1801,1755,-3307,-3577,-2.55
UAE_397,2025-03,1880,1897,-943,-870,0.9
UAE_397,2025-04,2698,2948,-922,-876,9.27
UAE_397,2025-05,2711,2521,-6727,-6485,-7.01
UAE_397,2025-06,2995,3314,-857,-933,10.65
UAE_397,2025-07,1652,1755,-5671,-6666,6.23
UAE_397,2025-08,3884,3889,-6230,-5704,0.13
UAE_397,2025-09,1523,1392,-4533,-4943,-8.6
UAE_397,2025-10,2594,2786,-5478,-5798,7.4
UAE_397,2025-11,1530,1663,-1518,-1730,8.69
UAE_397,2025-12,2325,2571,-2335,-2687,10.58
UAE_398,2023-01,129251,134353,-28174,-26049,3.95
UAE_398,2023-02,111670,101724,-4903,-4507,-8.91
UAE_398,2023-03,268626,247252,17456,15965,-7.96
UAE_398,2023-04,61647,66753,-1710,-1940,8.28
UAE_398,2023-05,378645,362430,-1288,-1148,-4.28
UAE_398,2023-06,1046307,991763,190438,216362,-5.21
UAE_398,2023-07,579848,553237,72468,76011,-4.59
UAE_398,2023-08,616056,619304,180988,161599,0.53
UAE_398,2023-09,265106,248948,10773,12521,-6.09
UAE_398,2023-10,317863,327715,22435,21039,3.1
UAE_398,2023-11,249998,231309,29019,33138,-7.48
UAE_398,2023-12,44251,40645,-24456,-23767,-8.15
UAE_398,2024-01,195594,193233,20342,18301,-1.21
UAE_398,2024-02,530873,552591,47771,41776,4.09
UAE_398,2024-03,55076,54140,4843,5395,-1.7
UAE_398,2024-04,71017,70880,-22179,-23978,-0.19
UAE_398,2024-05,375245,349824,5295,5231,-6.77
UAE_398,2024-06,290494,310413,29436,28318,6.86
UAE_398,2024-07,792777,868183,171441,176876,9.51
UAE_398,2024-08,169928,175623,-19751,-23123,3.35
UAE_398,2024-09,108696,119534,2425,2474,9.97
UAE_398,2024-10,433776,473899,70467,76440,9.25
UAE_398,2024-11,293063,295529,53641,55188,0.84
UAE_398,2024-12,109410,108410,11198,11120,-0.91
UAE_398,2025-01,492731,461092,49889,45737,-6.42
UAE_398,2025-02,178968,189686,27821,29402,5.99
UAE_398,2025-03,61020,58416,-503,-540,-4.27
UAE_398,2025-04,128086,128130,-14977,-13261,0.03
UAE_398,2025-05,355946,389985,85240,75186,9.56
UAE_398,2025-06,166457,156909,-30620,-31497,-5.74
UAE_398,2025-07,75275,80267,-12287,-11416,6.63
UAE_398,2025-08,202769,201166,-11037,-10637,-0.79
UAE_398,2025-09,813037,809185,153539,168967,-0.47
UAE_398,2025-10,322745,321800,25402,28106,-0.29
UAE_398,2025-11,244538,255556,26165,26882,4.51
UAE_398,2025-12,120554,127101,-12578,-13436,5.43
UAE_399,2023-01,1976,1818,-2231,-2212,-8.0
UAE_399,2023-02,3435,3149,-6303,-5580,-8.33
UAE_399,2023-03,2781,2610,-8606,-10067,-6.15
UAE_399,2023-04,3042,2798,-9601,-9758,-8.02
UAE_399,2023-05,2440,2556,-3268,-2977,4.75
UAE_399,2023-06,1283,1366,-9140,-8851,6.47
UAE_399,2023-07,18989,19248,-5637,-6081,1.36
UAE_399,2023-08,4475,4502,-7834,-6901,0.6
UAE_399,2023-09,1764,1644,-6855,-6464,-6.8
UAE_399,2023-10,9067,8899,-9769,-9196,-1.85
UAE_399,2023-11,2046,2051,-8065,-7714,0.24
UAE_399,2023-12,1328,1214,-6989,-6395,-8.58
UAE_399,2024-01,4010,3661,-5857,-5288,-8.7
UAE_399,2024-02,2836,2697,-8472,-7976,-4.9
UAE_399,2024-03,3646,3733,-3609,-3717,2.39
UAE_399,2024-04,8297,8625,-7514,-7271,3.95
UAE_399,2024-05,4781,4689,-3420,-4020,-1.92
UAE_399,2024-06,3396,3349,-5214,-5519,-1.38
UAE_399,2024-07,1545,1608,-11223,-11727,4.08
UAE_399,2024-08,3884,3805,-2699,-2366,-2.03
UAE_399,2024-09,3853,3615,-3875,-4342,-6.18
UAE_399,2024-10,3323,3292,-2844,-2871,-0.93
UAE_399,2024-11,3506,3245,-1700,-1573,-7.44
UAE_399,2024-12,5308,5454,-5802,-5251,2.75
UAE_399,2025-01,2081,2123,-8304,-8509,2.02
UAE_399,2025-02,4646,4253,-6941,-6254,-8.46
UAE_399,2025-03,1864,1724,-2576,-2400,-7.51
UAE_399,2025-04,14744,13527,-4136,-4654,-8.25
UAE_399,2025-05,3453,3793,-1991,-2332,9.85
UAE_399,2025-06,5114,5143,-1171,-1172,0.57
UAE_399,2025-07,5129,5328,-2516,-2240,3.88
UAE_399,2025-08,4709,4938,-10590,-9344,4.86
UAE_399,2025-09,2019,1977,-10361,-11291,-2.08
UAE_399,2025-10,1413,1542,-7722,-7630,9.13
UAE_399,2025-11,8795,8980,-5716,-6149,2.1
UAE_399,2025-12,3198,3167,-5159,-5297,-0.97
UAE_400,2023-01,274876,266138,35756,32470,-3.18
UAE_400,2023-02,154160,141619,4986,4930,-8.14
UAE_400,2023-03,739654,682851,167357,150528,-7.68
UAE_400,2023-04,2855962,2682048,494971,440922,-6.09
UAE_400,2023-05,3404224,3309461,973243,894461,-2.78
UAE_400,2023-06,1536065,1580829,276098,297689,2.91
UAE_400,2023-07,2323684,2489380,553402,568355,7.13
UAE_400,2023-08,3239815,3549707,746621,869012,9.57
UAE_400,2023-09,1605618,1751612,260072,284189,9.09
UAE_400,2023-10,651403,615876,157149,142493,-5.45
UAE_400,2023-11,641822,672739,169127,150589,4.82
UAE_400,2023-12,6586430,6061354,1228167,1137479,-7.97
UAE_400,2024-01,429402,434011,44056,46284,1.07
UAE_400,2024-02,3773208,3980082,1193759,1047072,5.48
UAE_400,2024-03,3126352,3044017,951981,999654,-2.63
UAE_400,2024-04,283343,281490,-772,-828,-0.65
UAE_400,2024-05,2567015,2446314,517391,479000,-4.7
UAE_400,2024-06,2269729,2434437,330155,370022,7.26
UAE_400,2024-07,2845453,3116830,678841,718183,9.54
UAE_400,2024-08,1453288,1601670,445634,458582,10.21
UAE_400,2024-09,5479278,5213459,1716597,1618840,-4.85
UAE_400,2024-10,2249598,2329226,416920,384285,3.54
UAE_400,2024-11,1633864,1778310,288534,301525,8.84
UAE_400,2024-12,2938237,2992989,514026,506803,1.86
UAE_400,2025-01,2021477,1931067,453153,471133,-4.47
UAE_400,2025-02,1296267,1224608,407386,383045,-5.53
UAE_400,2025-03,4872511,4642721,1469911,1578931,-4.72
UAE_400,2025-04,2633947,2884332,800592,835107,9.51
UAE_400,2025-05,3961060,3947301,1216600,1170083,-0.35
UAE_400,2025-06,1101563,1178441,271476,302718,6.98
UAE_400,2025-07,4033366,4155094,760963,719086,3.02
UAE_400,2025-08,8697994,9241539,1569690,1800174,6.25
UAE_400,2025-09,3372812,3198113,618591,635539,-5.18
UAE_400,2025-10,3073383,2830034,465319,422641,-7.92
UAE_400,2025-11,1073213,1115317,265985,257308,3.92
UAE_400,2025-12,1995578,2088085,327726,351600,4.64
UAE_401,2023-01,1873,2043,-1558,-1766,9.08
UAE_401,2023-02,2200,2192,-4860,-5430,-0.36
UAE_401,2023-03,1710,1853,-4294,-4174,8.36
UAE_401,2023-04,2768,2890,-4421,-4459,4.41
UAE_401,2023-05,2652,2753,-8349,-7565,3.81
UAE_401,2023-06,5894,5914,-5834,-5896,0.34
UAE_401,2023-07,1785,1744,-3970,-3983,-2.3
UAE_401,2023-08,12213,12591,-3316,-3512,3.1
UAE_401,2023-09,2075,2137,-7136,-6798,2.99
UAE_401,2023-10,2137,2113,-985,-1124,-1.12
UAE_401,2023-11,1387,1278,-8450,-7583,-7.86
UAE_401,2023-12,2480,2736,-2444,-2749,10.32
UAE_401,2024-01,1178,1122,-2853,-3010,-4.75
UAE_401,2024-02,1498,1607,-2485,-2312,7.28
UAE_401,2024-03,1877,1907,-2296,-2438,1.6
UAE_401,2024-04,1013,945,-1505,-1681,-6.71
UAE_401,2024-05,3743,3608,-3667,-3548,-3.61
UAE_401,2024-06,2475,2507,-1747,-1706,1.29
UAE_401,2024-07,17514,17457,-3608,-3389,-0.33
UAE_401,2024-08,7743,7443,-7601,-7012,-3.87
UAE_401,2024-09,2854,2788,-3875,-3488,-2.31
UAE_401,2024-10,3557,3310,-4585,-5179,-6.94
UAE_401,2024-11,3382,3147,-4914,-4294,-6.95
UAE_401,2024-12,767,846,-5976,-6115,10.3
UAE_401,2025-01,2733,2608,-1944,-1821,-4.57
UAE_401,2025-02,1249,1253,-2730,-2427,0.32
UAE_401,2025-03,1213,1234,-4548,-4198,1.73
UAE_401,2025-04,1126,1104,-2210,-2219,-1.95
UAE_401,2025-05,1511,1423,-1370,-1553,-5.82
UAE_401,2025-06,1377,1282,-5460,-5938,-6.9
UAE_401,2025-07,7083,7567,-7251,-7923,6.83
UAE_401,2025-08,1156,1196,-2262,-2644,3.46
UAE_401,2025-09,3032,2841,-4255,-4942,-6.3
UAE_401,2025-10,1193,1284,-3578,-3320,7.63
UAE_401,2025-11,2120,2204,-2483,-2175,3.96
UAE_401,2025-12,956,1055,-4311,-3777,10.36
UAE_402,2023-01,1255,1183,-4710,-4857,-5.74
UAE_402,2023-02,866,947,-1651,-1601,9.35
UAE_402,2023-03,883,842,-2798,-2597,-4.64
UAE_402,2023-04,1445,1395,-6078,-5809,-3.46
UAE_402,2023-05,2492,2442,-4570,-4325,-2.01
UAE_402,2023-06,1216,1327,-3764,-3698,9.13
UAE_402,2023-07,1600,1732,-2429,-2334,8.25
UAE_402,2023-08,3754,3502,-6677,-5833,-6.71
UAE_402,2023-09,2328,2167,-10181,-8981,-6.92
UAE_402,2023-10,1868,1724,-2101,-1859,-7.71
UAE_402,2023-11,2381,2596,-4750,-4612,9.03
UAE_402,2023-12,1277,1170,-975,-1099,-8.38
UAE_402,2024-01,816,835,-4306,-5019,2.33
UAE_402,2024-02,1942,1770,-4893,-5073,-8.86
UAE_402,2024-03,1616,1566,-4639,-5112,-3.09
UAE_402,2024-04,2460,2652,-6396,-5928,7.8
UAE_402,2024-05,3814,3657,-5497,-5725,-4.12
UAE_402,2024-06,3272,3575,-4327,-4109,9.26
UAE_402,2024-07,2515,2548,-2768,-3229,1.31
UAE_402,2024-08,2670,2837,-6230,-6236,6.25
UAE_402,2024-09,1484,1611,-2230,-1942,8.56
UAE_402,2024-10,3100,3179,-2099,-2407,2.55
UAE_402,2024-11,2433,2363,-1257,-1351,-2.88
UAE_402,2024-12,934,876,-3798,-4162,-6.21
UAE_402,2025-01,830,788,-1949,-1900,-5.06
UAE_402,2025-02,2064,2245,-1653,-1746,8.77
UAE_402,2025-03,1896,1860,-1317,-1547,-1.9
UAE_402,2025-04,2535,2464,-5127,-4849,-2.8
UAE_402,2025-05,3857,3766,-6112,-5386,-2.36
UAE_402,2025-06,1685,1756,-5617,-5427,4.21
UAE_402,2025-07,1903,1864,-4790,-4410,-2.05
UAE_402,2025-08,1135,1261,-3216,-3378,11.1
UAE_402,2025-09,2398,2516,-2335,-2399,4.92
UAE_402,2025-10,3131,3092,-2396,-2297,-1.25
UAE_402,2025-11,2539,2715,-2470,-2885,6.93
UAE_402,2025-12,2907,3018,-5623,-5201,3.82
UAE_403,2023-01,1795,1837,-2366,-2434,2.34
UAE_403,2023-02,1899,2012,-1079,-982,5.95
UAE_403,2023-03,1525,1642,-2925,-2755,7.67
UAE_403,2023-04,1229,1307,-3417,-3809,6.35
UAE_403,2023-05,1229,1321,-4227,-3725,7.49
UAE_403,2023-06,2737,2859,-4901,-4374,4.46
UAE_403,2023-07,2590,2530,-3290,-3140,-2.32
UAE_403,2023-08,3302,3568,-3948,-3607,8.06
UAE_403,2023-09,1290,1380,-1553,-1770,6.98
UAE_403,2023-10,3085,3071,-1988,-2286,-0.45
UAE_403,2023-11,3845,3710,-6371,-6100,-3.51
UAE_403,2023-12,1839,1752,-2088,-2028,-4.73
UAE_403,2024-01,1581,1547,-5410,-4934,-2.15
UAE_403,2024-02,2618,2565,-6044,-5756,-2.02
UAE_403,2024-03,836,785,-4234,-3822,-6.1
UAE_403,2024-04,949,1047,-5213,-5262,10.33
UAE_403,2024-05,3328,3124,-2251,-2641,-6.13
UAE_403,2024-06,3771,3938,-4879,-4344,4.43
UAE_403,2024-07,3681,3671,-4824,-4928,-0.27
UAE_403,2024-08,2831,2625,-1893,-1773,-7.28
UAE_403,2024-09,1016,1006,-5246,-5265,-0.98
UAE_403,2024-10,3169,2942,-7162,-6706,-7.16
UAE_403,2024-11,2836,2895,-1718,-1947,2.08
UAE_403,2024-12,2653,2560,-3116,-3277,-3.51
UAE_403,2025-01,2477,2347,-2421,-2289,-5.25
UAE_403,2025-02,1165,1284,-3202,-3547,10.21
UAE_403,2025-03,2962,3080,-4533,-5024,3.98
UAE_403,2025-04,3442,3318,-1454,-1572,-3.6
UAE_403,2025-05,2378,2172,-2339,-2418,-8.66
UAE_403,2025-06,3898,3835,-9681,-8704,-1.62
UAE_403,2025-07,3609,3813,-2282,-2427,5.65
UAE_403,2025-08,4438,4274,-8293,-7791,-3.7
UAE_403,2025-09,2877,3165,-3999,-4413,10.01
UAE_403,2025-10,1972,2118,-4129,-4079,7.4
UAE_403,2025-11,2245,2230,-6220,-6118,-0.67
UAE_403,2025-12,1473,1360,-5670,-4973,-7.67
UAE_404,2023-01,721,719,-4921,-4374,-0.28
UAE_404,2023-02,2492,2533,-2345,-2194,1.65
UAE_404,2023-03,2359,2614,-6297,-6574,10.81
UAE_404,2023-04,1904,1798,-5546,-6508,-5.57
UAE_404,2023-05,1531,1657,-7523,-6772,8.23
UAE_404,2023-06,3132,3334,-4145,-3653,6.45
UAE_404,2023-07,1565,1555,-4577,-4053,-0.64
UAE_404,2023-08,1771,1945,-5631,-5076,9.82
UAE_404,2023-09,3590,3305,-1723,-1740,-7.94
UAE_404,2023-10,1951,1934,-5357,-4690,-0.87
UAE_404,2023-11,2848,2630,-4580,-4923,-7.65
UAE_404,2023-12,1349,1257,-2106,-2383,-6.82
UAE_404,2024-01,1663,1587,-5306,-5878,-4.57
UAE_404,2024-02,1194,1107,-6588,-6399,-7.29
UAE_404,2024-03,1796,1770,-4727,-4182,-1.45
UAE_404,2024-04,2609,2530,-3877,-3672,-3.03
UAE_404,2024-05,4108,3896,-7734,-6977,-5.16
UAE_404,2024-06,3449,3284,-1652,-1687,-4.78
UAE_404,2024-07,2944,2705,-5280,-6181,-8.12
UAE_404,2024-08,4977,5416,-8313,-7465,8.82
UAE_404,2024-09,1330,1403,-7802,-7585,5.49
UAE_404,2024-10,3405,3175,-1696,-1550,-6.75
UAE_404,2024-11,2520,2349,-5612,-6280,-6.79
UAE_404,2024-12,1594,1500,-1438,-1287,-5.9
UAE_404,2025-01,2086,1961,-3413,-3466,-5.99
UAE_404,2025-02,2612,2434,-4494,-3946,-6.81
UAE_404,2025-03,1109,1094,-2691,-2647,-1.35
UAE_404,2025-04,2133,2042,-2292,-2007,-4.27
UAE_404,2025-05,6754,6572,-8406,-8228,-2.69
UAE_404,2025-06,2997,3247,-5286,-4810,8.34
UAE_404,2025-07,1842,1858,-1907,-2043,0.87
UAE_404,2025-08,1621,1521,-2107,-2190,-6.17
UAE_404,2025-09,1027,1103,-1862,-2039,7.4
UAE_404,2025-10,2124,2130,-1902,-1709,0.28
UAE_404,2025-11,1174,1163,-2975,-2779,-0.94
UAE_404,2025-12,2351,2304,-3735,-3522,-2.0
UAE_405,2023-01,15506,16121,-5381,-5686,3.97
UAE_405,2023-02,3795,3579,-2619,-2565,-5.69
UAE_405,2023-03,14317,13626,-9952,-9853,-4.83
UAE_405,2023-04,5634,5125,-8361,-7390,-9.03
UAE_405,2023-05,20642,19458,-6038,-6763,-5.74
UAE_405,2023-06,10723,11643,-8289,-9024,8.58
UAE_405,2023-07,3896,3565,-4948,-5625,-8.5
UAE_405,2023-08,8998,8327,-5929,-5223,-7.46
UAE_405,2023-09,9560,8877,-3247,-2924,-7.14
UAE_405,2023-10,17213,16036,-8439,-8955,-6.84
UAE_405,2023-11,5390,5122,-2182,-2511,-4.97
UAE_405,2023-12,5785,5698,-9960,-8802,-1.5
UAE_405,2024-01,4150,4339,-1576,-1640,4.55
UAE_405,2024-02,1609,1523,-13100,-11889,-5.34
UAE_405,2024-03,4268,3986,-4720,-4594,-6.61
UAE_405,2024-04,9585,9110,-11918,-10995,-4.96
UAE_405,2024-05,8323,8259,-11867,-10882,-0.77
UAE_405,2024-06,27936,29233,-5214,-4616,4.64
UAE_405,2024-07,12819,11976,-6254,-6892,-6.58
UAE_405,2024-08,7539,7097,-3665,-3307,-5.86
UAE_405,2024-09,3959,4018,-2828,-2574,1.49
UAE_405,2024-10,2357,2322,-5628,-5521,-1.48
UAE_405,2024-11,3772,3968,-4898,-4762,5.2
UAE_405,2024-12,4721,4361,-7722,-8557,-7.63
UAE_405,2025-01,4301,4379,-10065,-8807,1.81
UAE_405,2025-02,5003,5356,-2449,-2481,7.06
UAE_405,2025-03,3331,3607,-3103,-3119,8.29
UAE_405,2025-04,11127,12051,-5372,-5620,8.3
UAE_405,2025-05,2640,2889,-3024,-3043,9.43
UAE_405,2025-06,2954,2824,-3207,-3094,-4.4
UAE_405,2025-07,7819,7832,-1529,-1599,0.17
UAE_405,2025-08,8148,7486,-6031,-5399,-8.12
UAE_405,2025-09,5606,5509,-3466,-3746,-1.73
UAE_405,2025-10,2642,2869,-2301,-2645,8.59
UAE_405,2025-11,5399,5833,-8212,-7387,8.04
UAE_405,2025-12,4068,4433,-7835,-8135,8.97
UAE_406,2023-01,77562,76541,-7708,-6719,-1.32
UAE_406,2023-02,114722,116871,-5510,-5510,1.87
UAE_406,2023-03,28071,26290,-18062,-17471,-6.34
UAE_406,2023-04,34615,37752,-17332,-19378,9.06
UAE_406,2023-05,131614,141172,-14237,-14862,7.26
UAE_406,2023-06,108621,104429,-852,-803,-3.86
UAE_406,2023-07,76051,74221,-18983,-20295,-2.41
UAE_406,2023-08,75371,74731,-2587,-2471,-0.85
UAE_406,2023-09,16026,15094,-6964,-6960,-5.82
UAE_406,2023-10,65967,68619,-19643,-20029,4.02
UAE_406,2023-11,97588,96038,-12899,-13574,-1.59
UAE_406,2023-12,41667,45483,-7473,-6816,9.16
UAE_406,2024-01,33689,34033,-10878,-12640,1.02
UAE_406,2024-02,61845,58974,-12732,-12220,-4.64
UAE_406,2024-03,15377,15102,-24497,-21385,-1.79
UAE_406,2024-04,55956,59299,-20208,-22728,5.97
UAE_406,2024-05,155968,152084,16187,16259,-2.49
UAE_406,2024-06,84522,81091,1473,1526,-4.06
UAE_406,2024-07,16126,17211,-7520,-7829,6.73
UAE_406,2024-08,17054,17275,-8603,-8950,1.3
UAE_406,2024-09,224803,214911,22446,20285,-4.4
UAE_406,2024-10,25944,26121,-11880,-12228,0.68
UAE_406,2024-11,64484,70843,1650,1580,9.86
UAE_406,2024-12,53498,49342,-14212,-15718,-7.77
UAE_406,2025-01,101902,98560,-3793,-3605,-3.28
UAE_406,2025-02,131668,142436,16804,17086,8.18
UAE_406,2025-03,144039,154257,13986,15634,7.09
UAE_406,2025-04,142666,131513,6346,7382,-7.82
UAE_406,2025-05,79703,78460,-6144,-6275,-1.56
UAE_406,2025-06,39626,39126,-538,-594,-1.26
UAE_406,2025-07,128453,136307,-22722,-21912,6.11
UAE_406,2025-08,105173,104777,-4609,-4187,-0.38
UAE_406,2025-09,249549,254628,61143,55544,2.04
UAE_406,2025-10,37867,38707,-26129,-24001,2.22
UAE_406,2025-11,21270,20834,-5864,-5188,-2.05
UAE_406,2025-12,14703,15570,-6215,-6324,5.9
UAE_407,2023-01,4432,4201,-2873,-2555,-5.21
UAE_407,2023-02,3562,3896,-10184,-11220,9.38
UAE_407,2023-03,4847,4590,-9156,-8596,-5.3
UAE_407,2023-04,14419,15045,-3448,-3348,4.34
UAE_407,2023-05,3912,3618,-4697,-4325,-7.52
UAE_407,2023-06,11511,10823,-11860,-10594,-5.98
UAE_407,2023-07,21932,20641,-6770,-5998,-5.89
UAE_407,2023-08,9755,9441,-12650,-11353,-3.22
UAE_407,2023-09,3779,3796,-3587,-3979,0.45
UAE_407,2023-10,10966,10212,-5663,-5020,-6.88
UAE_407,2023-11,12615,13641,-6394,-6342,8.13
UAE_407,2023-12,8715,9191,-5626,-6085,5.46
UAE_407,2024-01,6841,6760,-10331,-9191,-1.18
UAE_407,2024-02,3442,3254,-7078,-6981,-5.46
UAE_407,2024-03,7708,7360,-8905,-8744,-4.51
UAE_407,2024-04,2693,2619,-13956,-13221,-2.75
UAE_407,2024-05,3564,3481,-7041,-6148,-2.33
UAE_407,2024-06,2305,2484,-4285,-4650,7.77
UAE_407,2024-07,3038,3298,-6568,-6776,8.56
UAE_407,2024-08,14441,13424,-10482,-12034,-7.04
UAE_407,2024-09,5239,4765,-4584,-5206,-9.05
UAE_407,2024-10,3797,3872,-7827,-7124,1.98
UAE_407,2024-11,5354,5489,-6660,-5873,2.52
UAE_407,2024-12,3868,4113,-5473,-5618,6.33
UAE_407,2025-01,3649,3476,-9039,-9739,-4.74
UAE_407,2025-02,4103,3878,-8852,-7979,-5.48
UAE_407,2025-03,3913,3932,-4512,-4677,0.49
UAE_407,2025-04,8148,8340,-12675,-11173,2.36
UAE_407,2025-05,7976,7537,-9550,-8713,-5.5
UAE_407,2025-06,5878,5920,-11152,-11021,0.71
UAE_407,2025-07,21019,19330,-5386,-4781,-8.04
UAE_407,2025-08,4388,4484,-10184,-11127,2.19
UAE_407,2025-09,6121,6603,-5268,-5696,7.87
UAE_407,2025-10,31911,32849,-5169,-4758,2.94
UAE_407,2025-11,8236,7749,-7446,-8758,-5.91
UAE_407,2025-12,4925,5235,-12669,-11735,6.29
UAE_408,2023-01,1660,1804,-1702,-1742,8.67
UAE_408,2023-02,1698,1608,-3911,-3859,-5.3
UAE_408,2023-03,1150,1132,-5202,-4574,-1.57
UAE_408,2023-04,2447,2336,-4269,-4505,-4.54
UAE_408,2023-05,3015,2924,-5192,-4556,-3.02
UAE_408,2023-06,992,938,-5649,-6284,-5.44
UAE_408,2023-07,2745,2587,-5628,-5211,-5.76
UAE_408,2023-08,3914,4064,-6023,-6058,3.83
UAE_408,2023-09,1683,1693,-4571,-4431,0.59
UAE_408,2023-10,2791,2898,-5359,-5228,3.83
UAE_408,2023-11,1715,1781,-1247,-1231,3.85
UAE_408,2023-12,827,780,-2118,-2075,-5.68
UAE_408,2024-01,2009,2094,-2624,-2306,4.23
UAE_408,2024-02,1854,1829,-6704,-5879,-1.35
UAE_408,2024-03,1782,1902,-5833,-5713,6.73
UAE_408,2024-04,2631,2397,-5505,-4969,-8.89
UAE_408,2024-05,1783,1772,-7136,-7817,-0.62
UAE_408,2024-06,7523,7112,-7061,-7341,-5.46
UAE_408,2024-07,3656,3351,-1659,-1674,-8.34
UAE_408,2024-08,3134,3278,-4166,-4186,4.59
UAE_408,2024-09,6138,6766,-6856,-6396,10.23
UAE_408,2024-10,2337,2488,-3829,-3372,6.46
UAE_408,2024-11,838,917,-1411,-1251,9.43
UAE_408,2024-12,1231,1318,-6367,-6039,7.07
UAE_408,2025-01,1840,1758,-7384,-6679,-4.46
UAE_408,2025-02,2943,2918,-2190,-2196,-0.85
UAE_408,2025-03,957,883,-4449,-5132,-7.73
UAE_408,2025-04,1696,1649,-6281,-6659,-2.77
UAE_408,2025-05,1560,1627,-6906,-7393,4.29
UAE_408,2025-06,4101,3801,-3118,-3476,-7.32
UAE_408,2025-07,2060,2000,-8266,-8537,-2.91
UAE_408,2025-08,3461,3538,-6388,-6428,2.22
UAE_408,2025-09,1712,1678,-4910,-5028,-1.99
UAE_408,2025-10,3203,3393,-6245,-6836,5.93
UAE_408,2025-11,2340,2584,-2891,-2732,10.43
UAE_408,2025-12,2327,2206,-3198,-3654,-5.2
UAE_409,2023-01,1945,2000,-1807,-1941,2.83
UAE_409,2023-02,752,730,-2643,-2622,-2.93
UAE_409,2023-03,2580,2557,-821,-873,-0.89
UAE_409,2023-04,2226,2098,-4935,-5478,-5.75
UAE_409,2023-05,1300,1352,-5206,-5939,4.0
UAE_409,2023-06,3014,2841,-7452,-7429,-5.74
UAE_409,2023-07,1485,1561,-6557,-5867,5.12
UAE_409,2023-08,1342,1353,-2391,-2529,0.82
UAE_409,2023-09,3395,3356,-3305,-3637,-1.15
UAE_409,2023-10,1235,1327,-3301,-3720,7.45
UAE_409,2023-11,960,908,-8060,-7757,-5.42
UAE_409,2023-12,1898,2091,-1405,-1631,10.17
UAE_409,2024-01,1677,1674,-6268,-5638,-0.18
UAE_409,2024-02,2226,2239,-4218,-4371,0.58
UAE_409,2024-03,2545,2640,-4407,-4244,3.73
UAE_409,2024-04,2958,3185,-4226,-4604,7.67
UAE_409,2024-05,2954,3191,-7889,-7829,8.02
UAE_409,2024-06,1323,1289,-3842,-3759,-2.57
UAE_409,2024-07,3303,3043,-7342,-8340,-7.87
UAE_409,2024-08,1696,1576,-1700,-1796,-7.08
UAE_409,2024-09,3716,3501,-4780,-4563,-5.79
UAE_409,2024-10,1962,2047,-6971,-6184,4.33
UAE_409,2024-11,3022,3135,-4043,-4410,3.74
UAE_409,2024-12,1611,1585,-2759,-2942,-1.61
UAE_409,2025-01,2916,3022,-4137,-3874,3.64
UAE_409,2025-02,1765,1902,-3837,-3785,7.76
UAE_409,2025-03,1096,1018,-3497,-3797,-7.12
UAE_409,2025-04,2707,2530,-2747,-2951,-6.54
UAE_409,2025-05,2605,2670,-1755,-1890,2.5
UAE_409,2025-06,2366,2187,-6042,-5747,-7.57
UAE_409,2025-07,2129,1939,-5921,-5842,-8.92
UAE_409,2025-08,2221,2073,-2612,-2867,-6.66
UAE_409,2025-09,2604,2687,-2080,-1810,3.19
UAE_409,2025-10,1265,1347,-5686,-5569,6.48
UAE_409,2025-11,1028,993,-3646,-3837,-3.4
UAE_409,2025-12,2361,2574,-3826,-4452,9.02
UAE_410,2023-01,1840,1973,-3755,-3631,7.23
UAE_410,2023-02,1734,1771,-5188,-5319,2.13
UAE_410,2023-03,8503,7737,-4871,-5197,-9.01
UAE_410,2023-04,3309,3081,-3156,-3443,-6.89
UAE_410,2023-05,4339,4145,-4476,-4425,-4.47
UAE_410,2023-06,1484,1526,-4673,-4189,2.83
UAE_410,2023-07,4386,4595,-8996,-8322,4.77
UAE_410,2023-08,20678,19360,-8954,-8472,-6.37
UAE_410,2023-09,2186,2174,-4660,-4700,-0.55
UAE_410,2023-10,4002,3808,-5968,-6691,-4.85
UAE_410,2023-11,3240,3367,-1651,-1491,3.92
UAE_410,2023-12,6993,6478,-7407,-7377,-7.36
UAE_410,2024-01,1889,1882,-3378,-3453,-0.37
UAE_410,2024-02,1219,1287,-3383,-3430,5.58
UAE_410,2024-03,4031,4196,-1963,-2218,4.09
UAE_410,2024-04,13802,13668,-7458,-6812,-0.97
UAE_410,2024-05,3427,3511,-11693,-12110,2.45
UAE_410,2024-06,1994,2188,-7403,-8182,9.73
UAE_410,2024-07,8616,8831,-10054,-8767,2.5
UAE_410,2024-08,4885,5181,-2956,-2615,6.06
UAE_410,2024-09,3238,3510,-9024,-10004,8.4
UAE_410,2024-10,6010,6207,-6237,-6422,3.28
UAE_410,2024-11,3785,4190,-8768,-8049,10.7
UAE_410,2024-12,1453,1354,-6477,-7516,-6.81
UAE_410,2025-01,3580,3611,-1979,-1736,0.87
UAE_410,2025-02,1821,1776,-5232,-5390,-2.47
UAE_410,2025-03,4403,4041,-10688,-9502,-8.22
UAE_410,2025-04,3681,3949,-2158,-1914,7.28
UAE_410,2025-05,2021,2062,-10371,-9139,2.03
UAE_410,2025-06,6004,5786,-6193,-6914,-3.63
UAE_410,2025-07,2250,2231,-6941,-7997,-0.84
UAE_410,2025-08,6051,5783,-5355,-5993,-4.43
UAE_410,2025-09,6990,7405,-8375,-7992,5.94
UAE_410,2025-10,3914,3611,-5798,-6296,-7.74
UAE_410,2025-11,5614,5161,-7893,-6968,-8.07
UAE_410,2025-12,1388,1318,-4469,-4272,-5.04
UAE_411,2023-01,515032,473611,40698,36060,-8.04
UAE_411,2023-02,531615,515428,46317,48065,-3.04
UAE_411,2023-03,36733,38426,-16545,-14557,4.61
UAE_411,2023-04,260019,244768,-8588,-9532,-5.87
UAE_411,2023-05,185052,199496,-3275,-3099,7.81
UAE_411,2023-06,127127,131782,12777,11452,3.66
UAE_411,2023-07,339799,360883,20074,17674,6.2
UAE_411,2023-08,1096580,1001855,221716,235142,-8.64
UAE_411,2023-09,79675,83112,-7408,-7334,4.31
UAE_411,2023-10,277612,258152,-16281,-18756,-7.01
UAE_411,2023-11,183949,190737,13085,13273,3.69
UAE_411,2023-12,82024,75432,-23010,-26866,-8.04
UAE_411,2024-01,517318,511859,47221,46441,-1.06
UAE_411,2024-02,95141,92047,-4492,-4290,-3.25
UAE_411,2024-03,212512,202309,23838,27481,-4.8
UAE_411,2024-04,162787,180640,2459,2436,10.97
UAE_411,2024-05,206805,206952,53399,49787,0.07
UAE_411,2024-06,109340,119332,-2757,-2908,9.14
UAE_411,2024-07,268411,256020,38368,42476,-4.62
UAE_411,2024-08,531612,577342,110655,125261,8.6
UAE_411,2024-09,164211,157539,-10931,-11998,-4.06
UAE_411,2024-10,60032,63621,5509,4959,5.98
UAE_411,2024-11,82207,83925,-13613,-13388,2.09
UAE_411,2024-12,131436,137575,16554,18324,4.67
UAE_411,2025-01,340906,371257,43441,44313,8.9
UAE_411,2025-02,161742,150736,-7787,-6836,-6.8
UAE_411,2025-03,48621,46553,-13772,-13126,-4.25
UAE_411,2025-04,325474,357618,78215,77982,9.88
UAE_411,2025-05,116353,122773,17270,15426,5.52
UAE_411,2025-06,381936,352058,53389,46917,-7.82
UAE_411,2025-07,101728,93655,3342,3906,-7.94
UAE_411,2025-08,193400,210380,28496,30488,8.78
UAE_411,2025-09,415275,459571,19335,19794,10.67
UAE_411,2025-10,199801,189022,35142,30725,-5.39
UAE_411,2025-11,199552,192413,5873,5757,-3.58
UAE_411,2025-12,465818,492209,52462,58632,5.67
UAE_412,2023-01,1177,1170,-5150,-4509,-0.59
UAE_412,2023-02,921,937,-1877,-1835,1.74
UAE_412,2023-03,844,785,-4103,-3766,-6.99
UAE_412,2023-04,2813,2916,-1465,-1710,3.66
UAE_412,2023-05,1512,1456,-7771,-6921,-3.7
UAE_412,2023-06,3225,2942,-3863,-3525,-8.78
UAE_412,2023-07,3660,3854,-8589,-7746,5.3
UAE_412,2023-08,2082,1934,-7162,-6595,-7.11
UAE_412,2023-09,1710,1669,-6892,-7071,-2.4
UAE_412,2023-10,3084,2960,-3611,-3175,-4.02
UAE_412,2023-11,2408,2533,-4805,-4642,5.19
UAE_412,2023-12,2155,2368,-924,-927,9.88
UAE_412,2024-01,2128,2307,-3286,-2899,8.41
UAE_412,2024-02,1345,1383,-1900,-2127,2.83
UAE_412,2024-03,1841,1834,-2540,-2262,-0.38
UAE_412,2024-04,1497,1586,-3733,-3484,5.95
UAE_412,2024-05,3420,3126,-3791,-4426,-8.6
UAE_412,2024-06,1485,1535,-6875,-7776,3.37
UAE_412,2024-07,4059,3845,-2060,-2060,-5.27
UAE_412,2024-08,1665,1639,-2362,-2140,-1.56
UAE_412,2024-09,3548,3894,-8260,-8232,9.75
UAE_412,2024-10,2144,2303,-4892,-4341,7.42
UAE_412,2024-11,3525,3858,-5457,-4838,9.45
UAE_412,2024-12,1644,1631,-1840,-1680,-0.79
UAE_412,2025-01,2270,2416,-4688,-4438,6.43
UAE_412,2025-02,2662,2888,-885,-877,8.49
UAE_412,2025-03,2646,2809,-4726,-5221,6.16
UAE_412,2025-04,1633,1707,-6109,-5973,4.53
UAE_412,2025-05,4523,4967,-5735,-5071,9.82
UAE_412,2025-06,3689,3853,-4155,-4063,4.45
UAE_412,2025-07,3261,3066,-8746,-8958,-5.98
UAE_412,2025-08,8664,8254,-6027,-5927,-4.73
UAE_412,2025-09,3573,3435,-3031,-3012,-3.86
UAE_412,2025-10,1662,1840,-3682,-3906,10.71
UAE_412,2025-11,5619,5749,-5711,-5018,2.31
UAE_412,2025-12,1896,2048,-4412,-4587,8.02
UAE_413,2023-01,2109,1954,-2214,-2437,-7.35
UAE_413,2023-02,1338,1293,-4366,-4643,-3.36
UAE_413,2023-03,1503,1664,-5089,-4811,10.71
UAE_413,2023-04,1059,1002,-6635,-5902,-5.38
UAE_413,2023-05,1346,1248,-2595,-2535,-7.28
UAE_413,2023-06,3099,2910,-4426,-5172,-6.1
UAE_413,2023-07,2530,2407,-7055,-7024,-4.86
UAE_413,2023-08,1036,1103,-6535,-7289,6.47
UAE_413,2023-09,2150,1959,-5728,-5285,-8.88
UAE_413,2023-10,3153,2998,-5067,-5506,-4.92
UAE_413,2023-11,1336,1332,-2408,-2761,-0.3
UAE_413,2023-12,1364,1324,-3218,-3458,-2.93
UAE_413,2024-01,1894,1955,-3917,-3819,3.22
UAE_413,2024-02,1843,1827,-1517,-1368,-0.87
UAE_413,2024-03,3029,2881,-6252,-5948,-4.89
UAE_413,2024-04,4326,4783,-6103,-6116,10.56
UAE_413,2024-05,3602,3441,-2532,-2861,-4.47
UAE_413,2024-06,1418,1341,-6491,-6808,-5.43
UAE_413,2024-07,2436,2227,-5747,-6371,-8.58
UAE_413,2024-08,3177,2991,-6375,-5908,-5.85
UAE_413,2024-09,3292,3478,-7053,-6709,5.65
UAE_413,2024-10,2315,2347,-2214,-2039,1.38
UAE_413,2024-11,978,957,-3057,-3310,-2.15
UAE_413,2024-12,2279,2121,-1156,-1062,-6.93
UAE_413,2025-01,2409,2636,-2239,-2494,9.42
UAE_413,2025-02,1543,1429,-2644,-2844,-7.39
UAE_413,2025-03,1107,1167,-4057,-3653,5.42
UAE_413,2025-04,5845,5648,-6507,-5924,-3.37
UAE_413,2025-05,2725,2555,-6884,-6633,-6.24
UAE_413,2025-06,3806,4227,-3998,-4019,11.06
UAE_413,2025-07,2761,2837,-2552,-2239,2.75
UAE_413,2025-08,7450,7578,-6882,-6586,1.72
UAE_413,2025-09,3781,3838,-5450,-6349,1.51
UAE_413,2025-10,1652,1615,-5163,-5561,-2.24
UAE_413,2025-11,1368,1334,-4239,-4484,-2.49
UAE_413,2025-12,1042,1096,-2701,-2834,5.18
UAE_414,2023-01,6665,6275,-6060,-6929,-5.85
UAE_414,2023-02,1072,1191,-4791,-4530,11.1
UAE_414,2023-03,3624,3698,-5329,-5626,2.04
UAE_414,2023-04,1578,1623,-4880,-4373,2.85
UAE_414,2023-05,9393,8629,-7405,-8057,-8.13
UAE_414,2023-06,1385,1539,-5996,-6664,11.12
UAE_414,2023-07,5476,6043,-9506,-9918,10.35
UAE_414,2023-08,32340,31447,-6424,-6987,-2.76
UAE_414,2023-09,4880,4742,-6198,-6205,-2.83
UAE_414,2023-10,4984,4910,-6895,-7186,-1.48
UAE_414,2023-11,2810,2694,-1206,-1285,-4.13
UAE_414,2023-12,5970,6031,-5971,-6185,1.02
UAE_414,2024-01,3039,3194,-2945,-2572,5.1
UAE_414,2024-02,2246,2176,-6792,-7103,-3.12
UAE_414,2024-03,6981,7396,-7275,-7061,5.94
UAE_414,2024-04,3931,4167,-5477,-5218,6.0
UAE_414,2024-05,4461,4871,-3181,-3287,9.19
UAE_414,2024-06,4523,4496,-2169,-2298,-0.6
UAE_414,2024-07,5779,5402,-6157,-5458,-6.52
UAE_414,2024-08,3582,3784,-10059,-9356,5.64
UAE_414,2024-09,4045,3897,-8275,-7794,-3.66
UAE_414,2024-10,3221,3411,-4478,-4479,5.9
UAE_414,2024-11,9005,8868,-8365,-7566,-1.52
UAE_414,2024-12,8332,7606,-6348,-6444,-8.71
UAE_414,2025-01,3794,3947,-3661,-4001,4.03
UAE_414,2025-02,3434,3174,-1970,-1997,-7.57
UAE_414,2025-03,3455,3741,-1485,-1412,8.28
UAE_414,2025-04,4967,4749,-861,-767,-4.39
UAE_414,2025-05,5062,4710,-3522,-3491,-6.95
UAE_414,2025-06,5166,5244,-4071,-4232,1.51
UAE_414,2025-07,3399,3117,-9561,-10960,-8.3
UAE_414,2025-08,3905,3733,-2428,-2670,-4.4
UAE_414,2025-09,2983,2857,-3487,-3289,-4.22
UAE_414,2025-10,2047,2199,-5853,-5923,7.43
UAE_414,2025-11,2800,2960,-3614,-4037,5.71
UAE_414,2025-12,8242,7565,-3480,-3928,-8.21
UAE_415,2023-01,1527,1630,-3260,-3594,6.75
UAE_415,2023-02,1974,2141,-2340,-2419,8.46
UAE_415,2023-03,1681,1632,-3883,-4207,-2.91
UAE_415,2023-04,1154,1234,-6012,-6221,6.93
UAE_415,2023-05,3457,3488,-6666,-6136,0.9
UAE_415,2023-06,2532,2649,-3611,-3208,4.62
UAE_415,2023-07,2100,2223,-6245,-6481,5.86
UAE_415,2023-08,1367,1517,-6266,-5484,10.97
UAE_415,2023-09,2621,2844,-2585,-2451,8.51
UAE_415,2023-10,2014,1927,-3575,-4130,-4.32
UAE_415,2023-11,1900,1976,-6019,-6301,4.0
UAE_415,2023-12,1092,1172,-3683,-3413,7.33
UAE_415,2024-01,2731,2556,-1869,-1640,-6.41
UAE_415,2024-02,2449,2664,-6519,-6268,8.78
UAE_415,2024-03,1791,1908,-6982,-6307,6.53
UAE_415,2024-04,2459,2330,-3917,-3992,-5.25
UAE_415,2024-05,2100,2241,-6241,-6165,6.71
UAE_415,2024-06,4607,4523,-7191,-8246,-1.82
UAE_415,2024-07,1494,1471,-1451,-1651,-1.54
UAE_415,2024-08,2082,1923,-6166,-5889,-7.64
UAE_415,2024-09,1752,1891,-4491,-4555,7.93
UAE_415,2024-10,3464,3335,-6971,-6791,-3.72
UAE_415,2024-11,2774,2762,-3511,-3460,-0.43
UAE_415,2024-12,2385,2202,-5317,-4932,-7.67
UAE_415,2025-01,1003,981,-4428,-5088,-2.19
UAE_415,2025-02,2412,2562,-2829,-2920,6.22
UAE_415,2025-03,1734,1881,-3347,-3116,8.48
UAE_415,2025-04,1218,1118,-4329,-3981,-8.21
UAE_415,2025-05,1260,1320,-2685,-2440,4.76
UAE_415,2025-06,3389,3192,-6165,-6863,-5.81
UAE_415,2025-07,3409,3385,-5483,-5656,-0.7
UAE_415,2025-08,1846,1783,-5247,-4886,-3.41
UAE_415,2025-09,2642,2912,-2519,-2297,10.22
UAE_415,2025-10,5736,5424,-6305,-6269,-5.44
UAE_415,2025-11,2364,2269,-6764,-6545,-4.02
UAE_415,2025-12,1191,1135,-4030,-4261,-4.7
UAE_416,2023-01,2796,2784,-4360,-4678,-0.43
UAE_416,2023-02,3894,3802,-6001,-5290,-2.36
UAE_416,2023-03,4811,4801,-7808,-8161,-0.21
UAE_416,2023-04,2371,2561,-10653,-10116,8.01
UAE_416,2023-05,7371,8048,-12792,-13380,9.18
UAE_416,2023-06,10461,10502,-12014,-13365,0.39
UAE_416,2023-07,4771,5138,-9537,-11131,7.69
UAE_416,2023-08,4847,4639,-2217,-2267,-4.29
UAE_416,2023-09,7595,8119,-4708,-4180,6.9
UAE_416,2023-10,3964,4323,-4820,-4600,9.06
UAE_416,2023-11,9034,9663,-7500,-8789,6.96
UAE_416,2023-12,2135,2072,-9518,-10385,-2.95
UAE_416,2024-01,3842,3741,-2602,-2381,-2.63
UAE_416,2024-02,3876,3810,-3964,-4059,-1.7
UAE_416,2024-03,2529,2674,-10432,-10993,5.73
UAE_416,2024-04,8211,8506,-12528,-11176,3.59
UAE_416,2024-05,8835,8334,-8765,-8897,-5.67
UAE_416,2024-06,3440,3705,-4119,-3746,7.7
UAE_416,2024-07,5082,5176,-2192,-2545,1.85
UAE_416,2024-08,1854,1824,-3507,-4020,-1.62
UAE_416,2024-09,6290,5955,-4941,-5272,-5.33
UAE_416,2024-10,5611,6199,-3224,-3614,10.48
UAE_416,2024-11,21877,21540,-4640,-4042,-1.54
UAE_416,2024-12,16313,16099,-7893,-8125,-1.31
UAE_416,2025-01,5162,4759,-2619,-2335,-7.81
UAE_416,2025-02,2371,2267,-3794,-3325,-4.39
UAE_416,2025-03,3894,3834,-1443,-1662,-1.54
UAE_416,2025-04,5460,5271,-1487,-1722,-3.46
UAE_416,2025-05,4088,4140,-8510,-8032,1.27
UAE_416,2025-06,36933,35236,-3930,-3860,-4.59
UAE_416,2025-07,10956,10022,-4930,-4591,-8.53
UAE_416,2025-08,8393,8438,-14144,-15163,0.54
UAE_416,2025-09,2074,1963,-5108,-5162,-5.35
UAE_416,2025-10,13353,12851,-2866,-3279,-3.76
UAE_416,2025-11,5421,5067,-3793,-3558,-6.53
UAE_416,2025-12,11603,12195,-10490,-9542,5.1
UAE_417,2023-01,13941,14653,-9779,-10783,5.11
UAE_417,2023-02,5307,5133,-16232,-16255,-3.28
UAE_417,2023-03,27343,27139,-11759,-12096,-0.75
UAE_417,2023-04,6402,6694,-5178,-5185,4.56
UAE_417,2023-05,85748,81840,48,44,-4.56
UAE_417,2023-06,82383,78708,-9637,-10581,-4.46
UAE_417,2023-07,16228,15832,-6615,-6850,-2.44
UAE_417,2023-08,23049,24289,-4337,-3910,5.38
UAE_417,2023-09,24445,24259,-12013,-10665,-0.76
UAE_417,2023-10,15811,17233,-4956,-5711,8.99
UAE_417,2023-11,31437,29027,-12263,-12507,-7.67
UAE_417,2023-12,20022,21439,-14131,-16177,7.08
UAE_417,2024-01,62773,67835,1606,1415,8.06
UAE_417,2024-02,17329,16109,-12934,-14425,-7.04
UAE_417,2024-03,9298,8997,-6504,-5832,-3.24
UAE_417,2024-04,4479,4579,-8761,-7719,2.23
UAE_417,2024-05,19513,18670,-11533,-10470,-4.32
UAE_417,2024-06,63127,61014,-9356,-9167,-3.35
UAE_417,2024-07,41027,38026,-9297,-10291,-7.31
UAE_417,2024-08,15326,15894,-9059,-8606,3.71
UAE_417,2024-09,8116,8338,-17789,-16097,2.74
UAE_417,2024-10,49036,48264,-9885,-10495,-1.57
UAE_417,2024-11,37987,41421,-658,-771,9.04
UAE_417,2024-12,27892,25489,-7766,-7574,-8.62
UAE_417,2025-01,4746,5084,-10172,-9883,7.12
UAE_417,2025-02,10950,10266,-9119,-8115,-6.25
UAE_417,2025-03,57613,63236,-12268,-12214,9.76
UAE_417,2025-04,114886,110008,-1105,-1149,-4.25
UAE_417,2025-05,33376,31986,-22134,-21926,-4.16
UAE_417,2025-06,31938,30836,-22093,-25119,-3.45
UAE_417,2025-07,44547,41196,-5329,-6058,-7.52
UAE_417,2025-08,71627,66459,-9903,-9617,-7.22
UAE_417,2025-09,41991,42731,-8597,-10101,1.76
UAE_417,2025-10,37528,37240,-7492,-8395,-0.77
UAE_417,2025-11,50271,52291,3538,3094,4.02
UAE_417,2025-12,31468,34302,-10091,-11079,9.01
UAE_418,2023-01,2750,2664,-5525,-4990,-3.13
UAE_418,2023-02,2827,2646,-5784,-5520,-6.4
UAE_418,2023-03,2508,2529,-2671,-2341,0.84
UAE_418,2023-04,2166,2027,-9612,-8483,-6.42
UAE_418,2023-05,3126,3426,-3784,-4094,9.6
UAE_418,2023-06,2419,2373,-5626,-6617,-1.9
UAE_418,2023-07,4291,4317,-5636,-5905,0.61
UAE_418,2023-08,3662,3494,-8425,-9469,-4.59
UAE_418,2023-09,1294,1417,-9265,-8172,9.51
UAE_418,2023-10,1844,1713,-5201,-5476,-7.1
UAE_418,2023-11,1531,1623,-3506,-3716,6.01
UAE_418,2023-12,6181,6510,-4645,-5020,5.32
UAE_418,2024-01,1879,1859,-931,-930,-1.06
UAE_418,2024-02,1189,1114,-1703,-1590,-6.31
UAE_418,2024-03,943,1047,-6020,-5556,11.03
UAE_418,2024-04,3130,3406,-2429,-2315,8.82
UAE_418,2024-05,2358,2413,-8538,-9634,2.33
UAE_418,2024-06,9548,10396,-9440,-8640,8.88
UAE_418,2024-07,5339,4900,-8732,-9409,-8.22
UAE_418,2024-08,9874,9442,-7276,-7916,-4.38
UAE_418,2024-09,3043,3021,-1895,-2121,-0.72
UAE_418,2024-10,3714,3396,-3254,-3778,-8.56
UAE_418,2024-11,4077,3820,-4645,-5383,-6.3
UAE_418,2024-12,3693,3383,-2890,-3325,-8.39
UAE_418,2025-01,2701,2503,-3379,-3739,-7.33
UAE_418,2025-02,3489,3378,-3531,-3556,-3.18
UAE_418,2025-03,2331,2336,-6344,-5979,0.21
UAE_418,2025-04,7077,7102,-6800,-7270,0.35
UAE_418,2025-05,3550,3295,-10059,-10932,-7.18
UAE_418,2025-06,7292,6641,-9248,-9156,-8.93
UAE_418,2025-07,3595,3783,-6318,-6720,5.23
UAE_418,2025-08,3837,3816,-3030,-2853,-0.55
UAE_418,2025-09,2581,2502,-3195,-2822,-3.06
UAE_418,2025-10,2495,2528,-1269,-1402,1.32
UAE_418,2025-11,2650,2858,-6630,-7415,7.85
UAE_418,2025-12,1682,1756,-6831,-7131,4.4
UAE_419,2023-01,1996,1969,-4422,-5148,-1.35
UAE_419,2023-02,1379,1308,-5066,-5881,-5.15
UAE_419,2023-03,721,758,-5522,-5052,5.13
UAE_419,2023-04,2371,2427,-1666,-1885,2.36
UAE_419,2023-05,4500,4619,-3947,-3852,2.64
UAE_419,2023-06,3248,3522,-1565,-1838,8.44
UAE_419,2023-07,4086,3859,-5687,-6112,-5.56
UAE_419,2023-08,5026,4893,-6779,-6872,-2.65
UAE_419,2023-09,1298,1349,-2715,-2533,3.93
UAE_419,2023-10,3010,3050,-4761,-5439,1.33
UAE_419,2023-11,2138,2362,-809,-859,10.48
UAE_419,2023-12,1338,1392,-4588,-4933,4.04
UAE_419,2024-01,1553,1710,-6337,-6027,10.11
UAE_419,2024-02,1824,1883,-4010,-3647,3.23
UAE_419,2024-03,2825,3005,-4550,-5137,6.37
UAE_419,2024-04,2930,2887,-4243,-4705,-1.47
UAE_419,2024-05,3548,3839,-8607,-7642,8.2
UAE_419,2024-06,2091,2074,-7804,-8710,-0.81
UAE_419,2024-07,2639,2650,-3199,-3119,0.42
UAE_419,2024-08,3408,3166,-7201,-7752,-7.1
UAE_419,2024-09,2907,3095,-5905,-6144,6.47
UAE_419,2024-10,2369,2324,-1963,-1807,-1.9
UAE_419,2024-11,1324,1317,-2516,-2487,-0.53
UAE_419,2024-12,1736,1913,-4009,-4684,10.2
UAE_419,2025-01,1689,1875,-2000,-2304,11.01
UAE_419,2025-02,3040,2802,-1534,-1389,-7.83
UAE_419,2025-03,1120,1091,-2806,-2900,-2.59
UAE_419,2025-04,1959,2034,-6381,-5872,3.83
UAE_419,2025-05,3438,3819,-5682,-5201,11.08
UAE_419,2025-06,3680,3980,-3384,-3528,8.15
UAE_419,2025-07,1724,1822,-4314,-5040,5.68
UAE_419,2025-08,2649,2544,-4725,-5207,-3.96
UAE_419,2025-09,1817,1867,-5803,-5898,2.75
UAE_419,2025-10,3111,2932,-3207,-3631,-5.75
UAE_419,2025-11,2953,2856,-4313,-5026,-3.28
UAE_419,2025-12,2910,2683,-3246,-3057,-7.8
UAE_420,2023-01,1976,2013,-2881,-2678,1.87
UAE_420,2023-02,2438,2499,-6876,-6366,2.5
UAE_420,2023-03,1846,1856,-3482,-3052,0.54
UAE_420,2023-04,809,794,-1617,-1530,-1.85
UAE_420,2023-05,3296,3192,-2404,-2512,-3.16
UAE_420,2023-06,2352,2310,-2797,-2944,-1.79
UAE_420,2023-07,1713,1759,-5200,-5385,2.69
UAE_420,2023-08,6712,7140,-5709,-5602,6.38
UAE_420,2023-09,1299,1343,-6422,-6382,3.39
UAE_420,2023-10,1121,1022,-5429,-5662,-8.83
UAE_420,2023-11,1926,1794,-4855,-4811,-6.85
UAE_420,2023-12,1788,1722,-4548,-5185,-3.69
UAE_420,2024-01,2085,1944,-3270,-3016,-6.76
UAE_420,2024-02,2161,2367,-2241,-2096,9.53
UAE_420,2024-03,2595,2803,-976,-923,8.02
UAE_420,2024-04,2828,2675,-1182,-1183,-5.41
UAE_420,2024-05,6275,5848,-8070,-7405,-6.8
UAE_420,2024-06,3323,3294,-5014,-5263,-0.87
UAE_420,2024-07,2170,2209,-3131,-3278,1.8
UAE_420,2024-08,3795,3987,-492,-541,5.06
UAE_420,2024-09,2209,2381,-1832,-1725,7.79
UAE_420,2024-10,5271,5817,-7290,-7106,10.36
UAE_420,2024-11,1259,1356,-4225,-4053,7.7
UAE_420,2024-12,5621,5469,-6388,-6119,-2.7
UAE_420,2025-01,2091,2276,-2947,-3457,8.85
UAE_420,2025-02,3048,2935,-1769,-1804,-3.71
UAE_420,2025-03,2333,2306,-1897,-1875,-1.16
UAE_420,2025-04,2854,3063,-5428,-5891,7.32
UAE_420,2025-05,2404,2490,-2522,-2512,3.58
UAE_420,2025-06,2317,2254,-7570,-8495,-2.72
UAE_420,2025-07,2649,2608,-1455,-1299,-1.55
UAE_420,2025-08,8520,7968,-4267,-3774,-6.48
UAE_420,2025-09,2996,2846,-2710,-2531,-5.01
UAE_420,2025-10,2841,2737,-6991,-6441,-3.66
UAE_420,2025-11,2888,2743,-651,-622,-5.02
UAE_420,2025-12,3212,3176,-3870,-3624,-1.12
UAE_421,2023-01,2389,2383,-1338,-1381,-0.25
UAE_421,2023-02,887,827,-5164,-5729,-6.76
UAE_421,2023-03,2487,2443,-5613,-5638,-1.77
UAE_421,2023-04,2460,2447,-7102,-6360,-0.53
UAE_421,2023-05,2968,2718,-4986,-5838,-8.42
UAE_421,2023-06,1554,1649,-6491,-7208,6.11
UAE_421,2023-07,2160,2372,-8300,-7287,9.81
UAE_421,2023-08,3249,3111,-6464,-7364,-4.25
UAE_421,2023-09,3105,3156,-2176,-2067,1.64
UAE_421,2023-10,3100,3010,-893,-833,-2.9
UAE_421,2023-11,1166,1213,-7260,-6817,4.03
UAE_421,2023-12,1485,1584,-2837,-3114,6.67
UAE_421,2024-01,2760,2979,-5198,-4989,7.93
UAE_421,2024-02,1792,1734,-1230,-1144,-3.24
UAE_421,2024-03,1912,2063,-3763,-3861,7.9
UAE_421,2024-04,4369,4170,-6729,-7084,-4.55
UAE_421,2024-05,2128,2224,-2071,-1941,4.51
UAE_421,2024-06,3971,3906,-7438,-6847,-1.64
UAE_421,2024-07,2763,2513,-9679,-9587,-9.05
UAE_421,2024-08,2721,2620,-7480,-6985,-3.71
UAE_421,2024-09,3589,3490,-4305,-3916,-2.76
UAE_421,2024-10,3378,3219,-3666,-3346,-4.71
UAE_421,2024-11,2532,2412,-1116,-987,-4.74
UAE_421,2024-12,1942,2137,-4645,-4096,10.04
UAE_421,2025-01,2206,2209,-1523,-1737,0.14
UAE_421,2025-02,3308,3036,-1542,-1736,-8.22
UAE_421,2025-03,901,909,-6631,-5894,0.89
UAE_421,2025-04,2889,2651,-1842,-2007,-8.24
UAE_421,2025-05,4167,3936,-1550,-1695,-5.54
UAE_421,2025-06,3932,3802,-5772,-6599,-3.31
UAE_421,2025-07,3451,3755,-1046,-1114,8.81
UAE_421,2025-08,2796,3086,-2584,-2805,10.37
UAE_421,2025-09,1357,1248,-7057,-7971,-8.03
UAE_421,2025-10,1583,1732,-2760,-3014,9.41
UAE_421,2025-11,3499,3418,-2872,-3007,-2.31
UAE_421,2025-12,1343,1467,-2743,-2524,9.23
UAE_422,2023-01,30915,28726,-13978,-15073,-7.08
UAE_422,2023-02,158873,170095,3149,3153,7.06
UAE_422,2023-03,256131,239857,1126,1120,-6.35
UAE_422,2023-04,167094,153309,-9852,-11316,-8.25
UAE_422,2023-05,375798,389351,103022,94091,3.61
UAE_422,2023-06,180443,170725,10623,11448,-5.39
UAE_422,2023-07,322197,341420,37166,34831,5.97
UAE_422,2023-08,86715,81968,-27338,-27068,-5.47
UAE_422,2023-09,13122,13366,-10602,-10737,1.86
UAE_422,2023-10,187963,185027,8776,7875,-1.56
UAE_422,2023-11,206778,211788,24321,24795,2.42
UAE_422,2023-12,206107,211811,18905,16605,2.77
UAE_422,2024-01,196917,180068,-7562,-7817,-8.56
UAE_422,2024-02,38020,37889,-1570,-1595,-0.34
UAE_422,2024-03,128688,134461,6354,5646,4.49
UAE_422,2024-04,71378,73791,-32611,-34770,3.38
UAE_422,2024-05,163901,157744,-5444,-6161,-3.76
UAE_422,2024-06,55785,53991,-7934,-8861,-3.22
UAE_422,2024-07,242999,232286,5927,5962,-4.41
UAE_422,2024-08,276713,293327,28443,29749,6.0
UAE_422,2024-09,26733,28774,-5684,-5922,7.63
UAE_422,2024-10,83751,78100,8384,8590,-6.75
UAE_422,2024-11,80604,78826,-14226,-12520,-2.21
UAE_422,2024-12,233667,234087,11245,13140,0.18
UAE_422,2025-01,168950,186053,8895,8673,10.12
UAE_422,2025-02,93670,95146,10646,11101,1.58
UAE_422,2025-03,33135,34199,-1334,-1395,3.21
UAE_422,2025-04,119979,111970,9651,8639,-6.68
UAE_422,2025-05,131796,120034,22516,20378,-8.92
UAE_422,2025-06,494806,460431,106032,107530,-6.95
UAE_422,2025-07,235740,232522,3033,2961,-1.37
UAE_422,2025-08,95388,94379,12927,13730,-1.06
UAE_422,2025-09,285147,280831,43712,38269,-1.51
UAE_422,2025-10,273433,255605,25567,24858,-6.52
UAE_422,2025-11,228648,219950,57648,52982,-3.8
UAE_422,2025-12,17587,17407,-6785,-6878,-1.02
UAE_423,2023-01,1969,1861,-2706,-2510,-5.49
UAE_423,2023-02,2438,2393,-3267,-3430,-1.85
UAE_423,2023-03,2188,2129,-5014,-5068,-2.7
UAE_423,2023-04,1171,1264,-6678,-7522,7.94
UAE_423,2023-05,3772,3587,-9221,-9321,-4.9
UAE_423,2023-06,22088,22912,-3761,-3663,3.73
UAE_423,2023-07,5379,5408,-4098,-4016,0.54
UAE_423,2023-08,6230,6349,-10680,-10804,1.91
UAE_423,2023-09,1616,1568,-8611,-9194,-2.97
UAE_423,2023-10,2305,2539,-6395,-6700,10.15
UAE_423,2023-11,3149,3394,-3468,-3562,7.78
UAE_423,2023-12,1129,1227,-1934,-1842,8.68
UAE_423,2024-01,1518,1414,-3022,-2937,-6.85
UAE_423,2024-02,7314,6825,-4254,-4477,-6.69
UAE_423,2024-03,1648,1611,-4853,-5462,-2.25
UAE_423,2024-04,10861,10434,-11064,-10259,-3.93
UAE_423,2024-05,9800,10776,-6943,-6093,9.96
UAE_423,2024-06,4880,5400,-3018,-2674,10.66
UAE_423,2024-07,15937,17435,-13779,-12289,9.4
UAE_423,2024-08,3394,3319,-2700,-2562,-2.21
UAE_423,2024-09,4250,4001,-2531,-2529,-5.86
UAE_423,2024-10,3750,4050,-7517,-8322,8.0
UAE_423,2024-11,1336,1472,-5404,-5191,10.18
UAE_423,2024-12,3037,2927,-2720,-3126,-3.62
UAE_423,2025-01,2958,3138,-5285,-6002,6.09
UAE_423,2025-02,4657,4280,-2879,-2884,-8.1
UAE_423,2025-03,19633,20484,-5916,-6656,4.33
UAE_423,2025-04,21775,23064,-1356,-1533,5.92
UAE_423,2025-05,5352,5915,-6298,-6788,10.52
UAE_423,2025-06,11423,11157,-9040,-8630,-2.33
UAE_423,2025-07,3313,3276,-4583,-4435,-1.12
UAE_423,2025-08,10539,11239,-10215,-9068,6.64
UAE_423,2025-09,3843,3937,-5003,-4646,2.45
UAE_423,2025-10,5629,5423,-8836,-9577,-3.66
UAE_423,2025-11,16661,15412,-8615,-8715,-7.5
UAE_423,2025-12,8740,9147,-6794,-6358,4.66
UAE_424,2023-01,2249,2303,-6510,-7175,2.4
UAE_424,2023-02,2929,3007,-8085,-8075,2.66
UAE_424,2023-03,2688,2802,-4318,-3921,4.24
UAE_424,2023-04,6923,7053,-4695,-5280,1.88
UAE_424,2023-05,5549,5471,-14098,-12428,-1.41
UAE_424,2023-06,11671,12630,-6596,-7634,8.22
UAE_424,2023-07,2488,2263,-10715,-9919,-9.04
UAE_424,2023-08,9136,9023,-10112,-8917,-1.24
UAE_424,2023-09,10350,11062,-7613,-7706,6.88
UAE_424,2023-10,2416,2265,-2026,-2181,-6.25
UAE_424,2023-11,3696,3833,-7275,-7008,3.71
UAE_424,2023-12,3824,3694,-5582,-5701,-3.4
UAE_424,2024-01,2272,2289,-8086,-8008,0.75
UAE_424,2024-02,8969,9818,-8056,-7653,9.47
UAE_424,2024-03,3364,3692,-3895,-3875,9.75
UAE_424,2024-04,3378,3361,-8366,-7379,-0.5
UAE_424,2024-05,3629,3511,-8196,-8660,-3.25
UAE_424,2024-06,6856,7316,-4362,-4333,6.71
UAE_424,2024-07,11481,10737,-6644,-6321,-6.48
UAE_424,2024-08,14064,15584,-6588,-6510,10.81
UAE_424,2024-09,4169,4051,-2788,-2814,-2.83
UAE_424,2024-10,4763,5081,-11662,-10536,6.68
UAE_424,2024-11,4334,4552,-7359,-7249,5.03
UAE_424,2024-12,8306,8357,-6916,-6796,0.61
UAE_424,2025-01,3232,3148,-1754,-1643,-2.6
UAE_424,2025-02,3570,3274,-8545,-8403,-8.29
UAE_424,2025-03,1751,1764,-3558,-3211,0.74
UAE_424,2025-04,2231,2441,-4710,-4142,9.41
UAE_424,2025-05,4938,5245,-4793,-5472,6.22
UAE_424,2025-06,3529,3569,-3971,-4333,1.13
UAE_424,2025-07,19508,18128,-8581,-7552,-7.07
UAE_424,2025-08,23772,25917,-4674,-5083,9.02
UAE_424,2025-09,3508,3344,-2758,-3043,-4.68
UAE_424,2025-10,12868,11740,-4734,-4646,-8.77
UAE_424,2025-11,1711,1665,-7003,-6263,-2.69
UAE_424,2025-12,4820,5199,-7912,-8618,7.86
UAE_425,2023-01,1132,1181,-3074,-2768,4.33
UAE_425,2023-02,1371,1510,-1625,-1416,10.14
UAE_425,2023-03,2269,2223,-998,-1163,-2.03
UAE_425,2023-04,3090,2998,-3828,-3420,-2.98
UAE_425,2023-05,2594,2862,-6666,-6319,10.33
UAE_425,2023-06,2978,2951,-7500,-6606,-0.91
UAE_425,2023-07,1855,1815,-2952,-3360,-2.16
UAE_425,2023-08,1819,1687,-2120,-2273,-7.26
UAE_425,2023-09,2051,2239,-2572,-2460,9.17
UAE_425,2023-10,1142,1049,-4273,-3946,-8.14
UAE_425,2023-11,1462,1616,-4998,-4530,10.53
UAE_425,2023-12,2844,2603,-4178,-3894,-8.47
UAE_425,2024-01,2333,2180,-1263,-1330,-6.56
UAE_425,2024-02,931,1032,-3256,-2849,10.85
UAE_425,2024-03,2784,3006,-3854,-3937,7.97
UAE_425,2024-04,2952,2875,-6235,-6882,-2.61
UAE_425,2024-05,2146,2287,-3950,-3534,6.57
UAE_425,2024-06,3050,3284,-2048,-2316,7.67
UAE_425,2024-07,3817,3478,-2197,-2516,-8.88
UAE_425,2024-08,3462,3176,-8278,-7375,-8.26
UAE_425,2024-09,1427,1356,-3448,-3432,-4.98
UAE_425,2024-10,1314,1297,-6688,-6321,-1.29
UAE_425,2024-11,2099,2131,-5587,-5044,1.52
UAE_425,2024-12,3432,3731,-5286,-5695,8.71
UAE_425,2025-01,844,810,-1463,-1346,-4.03
UAE_425,2025-02,2766,2596,-5940,-5598,-6.15
UAE_425,2025-03,1364,1320,-6503,-5663,-3.23
UAE_425,2025-04,2268,2286,-3321,-3553,0.79
UAE_425,2025-05,1981,2181,-5850,-6870,10.1
UAE_425,2025-06,2716,2769,-4185,-4555,1.95
UAE_425,2025-07,4224,3953,-3363,-3598,-6.42
UAE_425,2025-08,3222,3432,-3716,-3884,6.52
UAE_425,2025-09,2871,2762,-2272,-2403,-3.8
UAE_425,2025-10,3213,3225,-5136,-4570,0.37
UAE_425,2025-11,2589,2582,-1902,-1838,-0.27
UAE_425,2025-12,1471,1417,-4040,-4125,-3.67
UAE_426,2023-01,1029,1116,-4090,-3773,8.45
UAE_426,2023-02,2387,2293,-8620,-9809,-3.94
UAE_426,2023-03,3266,3249,-5541,-6416,-0.52
UAE_426,2023-04,9051,8484,-6714,-7502,-6.26
UAE_426,2023-05,3521,3555,-1664,-1939,0.97
UAE_426,2023-06,8377,7843,-6804,-7301,-6.37
UAE_426,2023-07,5120,4756,-9444,-9665,-7.11
UAE_426,2023-08,3407,3500,-5973,-5821,2.73
UAE_426,2023-09,3626,3474,-7566,-7159,-4.19
UAE_426,2023-10,12767,13273,-2419,-2715,3.96
UAE_426,2023-11,4513,4388,-2096,-2410,-2.77
UAE_426,2023-12,5579,5774,-9963,-9616,3.5
UAE_426,2024-01,3866,3854,-9061,-8312,-0.31
UAE_426,2024-02,7986,8480,-3870,-3995,6.19
UAE_426,2024-03,18499,17823,-2087,-2093,-3.65
UAE_426,2024-04,5058,4800,-1161,-1073,-5.1
UAE_426,2024-05,5337,5297,-4489,-4973,-0.75
UAE_426,2024-06,1959,1787,-4928,-5737,-8.78
UAE_426,2024-07,3109,3234,-7116,-6802,4.02
UAE_426,2024-08,1689,1607,-4285,-4657,-4.85
UAE_426,2024-09,3108,3003,-2868,-2727,-3.38
UAE_426,2024-10,2451,2705,-6267,-6365,10.36
UAE_426,2024-11,7219,7677,-6977,-6299,6.34
UAE_426,2024-12,3044,3342,-1222,-1304,9.79
UAE_426,2025-01,2650,2416,-6450,-6780,-8.83
UAE_426,2025-02,2196,2193,-4057,-4325,-0.14
UAE_426,2025-03,3638,3408,-1569,-1470,-6.32
UAE_426,2025-04,2449,2264,-2581,-2669,-7.55
UAE_426,2025-05,5533,5387,-2240,-2088,-2.64
UAE_426,2025-06,5920,6359,-4241,-4475,7.42
UAE_426,2025-07,19009,18251,-10755,-10071,-3.99
UAE_426,2025-08,7733,7071,-6996,-7319,-8.56
UAE_426,2025-09,1900,2024,-8735,-8610,6.53
UAE_426,2025-10,3613,3728,-6953,-6117,3.18
UAE_426,2025-11,2630,2621,-4978,-4851,-0.34
UAE_426,2025-12,2036,1929,-9546,-8548,-5.26
UAE_427,2023-01,22440,20801,-9538,-9871,-7.3
UAE_427,2023-02,43698,42573,-1666,-1646,-2.57
UAE_427,2023-03,122747,123021,15903,18032,0.22
UAE_427,2023-04,16643,17955,-6763,-7367,7.88
UAE_427,2023-05,29687,30593,-21914,-23072,3.05
UAE_427,2023-06,60591,64383,3839,3398,6.26
UAE_427,2023-07,213700,204056,13741,13462,-4.51
UAE_427,2023-08,130725,121957,-3878,-3908,-6.71
UAE_427,2023-09,10539,10673,-18288,-17945,1.27
UAE_427,2023-10,41595,39393,-481,-454,-5.29
UAE_427,2023-11,56162,53837,-6694,-6003,-4.14
UAE_427,2023-12,15843,16054,-8495,-9738,1.33
UAE_427,2024-01,63847,58297,-9633,-9225,-8.69
UAE_427,2024-02,216926,197566,41182,38915,-8.92
UAE_427,2024-03,37020,36654,-6225,-7293,-0.99
UAE_427,2024-04,73558,76777,-21540,-24418,4.38
UAE_427,2024-05,59117,55269,-4534,-4413,-6.51
UAE_427,2024-06,26950,25383,-6110,-6784,-5.81
UAE_427,2024-07,180013,190087,20077,18559,5.6
UAE_427,2024-08,157181,142983,7097,7382,-9.03
UAE_427,2024-09,54783,51448,-2079,-2262,-6.09
UAE_427,2024-10,67495,72744,1613,1829,7.78
UAE_427,2024-11,22091,21875,-601,-679,-0.98
UAE_427,2024-12,86819,83587,-3117,-3302,-3.72
UAE_427,2025-01,52573,55199,-20374,-21748,4.99
UAE_427,2025-02,101617,100871,-2864,-2848,-0.73
UAE_427,2025-03,170774,164733,27556,28030,-3.54
UAE_427,2025-04,25568,24389,-2814,-2653,-4.61
UAE_427,2025-05,14367,13965,-16696,-17252,-2.8
UAE_427,2025-06,304565,299042,6923,7360,-1.81
UAE_427,2025-07,43008,46239,-12967,-13943,7.51
UAE_427,2025-08,348509,322413,34038,35558,-7.49
UAE_427,2025-09,66275,61559,-19025,-22175,-7.12
UAE_427,2025-10,202248,193873,729,811,-4.14
UAE_427,2025-11,18413,18457,-3998,-4591,0.24
UAE_427,2025-12,210555,233941,34376,32994,11.11
UAE_428,2023-01,7145,7224,-18464,-16402,1.11
UAE_428,2023-02,8973,9695,-6227,-6877,8.05
UAE_428,2023-03,27498,25550,-1934,-1930,-7.08
UAE_428,2023-04,27471,28341,-11348,-12863,3.17
UAE_428,2023-05,19267,20773,-27260,-24604,7.82
UAE_428,2023-06,25991,25826,-27150,-25419,-0.63
UAE_428,2023-07,22353,21270,-4096,-3863,-4.84
UAE_428,2023-08,22423,22705,-9549,-8984,1.26
UAE_428,2023-09,22721,20891,-5547,-5442,-8.05
UAE_428,2023-10,24467,22629,-8188,-8189,-7.51
UAE_428,2023-11,8280,7851,-3109,-2900,-5.18
UAE_428,2023-12,7288,7120,-7526,-7706,-2.31
UAE_428,2024-01,5562,5908,-3758,-3550,6.22
UAE_428,2024-02,41919,45037,-12910,-12328,7.44
UAE_428,2024-03,5168,5378,-9461,-8299,4.06
UAE_428,2024-04,5918,6420,-5573,-6456,8.48
UAE_428,2024-05,6462,6682,-9561,-9754,3.4
UAE_428,2024-06,17477,18875,-9805,-10699,8.0
UAE_428,2024-07,10763,10228,-8474,-8124,-4.97
UAE_428,2024-08,25658,25008,-7559,-7189,-2.53
UAE_428,2024-09,4823,4960,-11111,-10706,2.84
UAE_428,2024-10,8328,8323,-3591,-3739,-0.06
UAE_428,2024-11,5170,5284,-5442,-5608,2.21
UAE_428,2024-12,8122,9022,-10780,-11361,11.08
UAE_428,2025-01,32041,34310,-9759,-11145,7.08
UAE_428,2025-02,45424,47402,-2922,-3338,4.35
UAE_428,2025-03,22455,20984,-13942,-13465,-6.55
UAE_428,2025-04,10949,10670,-5811,-5492,-2.55
UAE_428,2025-05,9909,10885,-7800,-8674,9.85
UAE_428,2025-06,65677,67015,1493,1463,2.04
UAE_428,2025-07,56416,52814,-1230,-1399,-6.38
UAE_428,2025-08,18275,18076,-7017,-7463,-1.09
UAE_428,2025-09,85763,93304,-6053,-6109,8.79
UAE_428,2025-10,7438,6818,-6731,-7410,-8.34
UAE_428,2025-11,14890,16522,-12277,-12012,10.96
UAE_428,2025-12,10543,10599,-11908,-10663,0.53
UAE_429,2023-01,3549,3657,-2738,-3058,3.04
UAE_429,2023-02,1371,1349,-9806,-11281,-1.6
UAE_429,2023-03,23542,23369,-5636,-5050,-0.73
UAE_429,2023-04,2157,2375,-5906,-6937,10.11
UAE_429,2023-05,3093,3341,-3457,-4064,8.02
UAE_429,2023-06,5533,5328,-8068,-8440,-3.71
UAE_429,2023-07,12919,12022,-3928,-4308,-6.94
UAE_429,2023-08,6052,6173,-10601,-9935,2.0
UAE_429,2023-09,2069,2137,-10299,-9688,3.29
UAE_429,2023-10,11459,11354,-10194,-11351,-0.92
UAE_429,2023-11,19776,20114,-7426,-8307,1.71
UAE_429,2023-12,1899,1850,-8863,-8006,-2.58
UAE_429,2024-01,7250,7246,-4974,-5461,-0.06
UAE_429,2024-02,3994,3851,-7376,-7820,-3.58
UAE_429,2024-03,1695,1602,-2774,-3079,-5.49
UAE_429,2024-04,18529,17872,-8955,-9249,-3.55
UAE_429,2024-05,4908,4773,-10288,-9266,-2.75
UAE_429,2024-06,4533,4320,-2713,-2679,-4.7
UAE_429,2024-07,9177,8518,-4256,-4754,-7.18
UAE_429,2024-08,5359,5859,-7894,-9072,9.33
UAE_429,2024-09,7094,7055,-15676,-14784,-0.55
UAE_429,2024-10,7556,7211,-10130,-11417,-4.57
UAE_429,2024-11,5505,5148,-5826,-5799,-6.49
UAE_429,2024-12,3902,4232,-7912,-7742,8.46
UAE_429,2025-01,18072,17604,-3449,-3776,-2.59
UAE_429,2025-02,4734,5229,-5770,-5497,10.46
UAE_429,2025-03,3035,2849,-10487,-9475,-6.13
UAE_429,2025-04,9591,9531,-10910,-9799,-0.63
UAE_429,2025-05,4584,4860,-5502,-5017,6.02
UAE_429,2025-06,6997,7566,-6571,-7437,8.13
UAE_429,2025-07,9009,9339,-5303,-6071,3.66
UAE_429,2025-08,3693,3585,-8662,-7739,-2.92
UAE_429,2025-09,9659,9590,-6167,-6764,-0.71
UAE_429,2025-10,6719,6187,-1900,-1722,-7.92
UAE_429,2025-11,12602,13331,-8268,-8051,5.78
UAE_429,2025-12,11526,10961,-6937,-7173,-4.9
UAE_430,2023-01,7009,6637,-8317,-8882,-5.31
UAE_430,2023-02,9878,10651,-6158,-6392,7.83
UAE_430,2023-03,8699,8660,-8235,-7637,-0.45
UAE_430,2023-04,2738,2950,-5602,-5529,7.74
UAE_430,2023-05,4629,4339,-7935,-7307,-6.26
UAE_430,2023-06,10433,9674,-7624,-7438,-7.27
UAE_430,2023-07,4073,4423,-3989,-4345,8.59
UAE_430,2023-08,2240,2346,-11192,-9940,4.73
UAE_430,2023-09,15365,15868,-2212,-2188,3.27
UAE_430,2023-10,1777,1828,-4490,-4678,2.87
UAE_430,2023-11,4548,4642,-2073,-2179,2.07
UAE_430,2023-12,3308,3165,-7476,-6850,-4.32
UAE_430,2024-01,3138,3394,-3661,-3304,8.16
UAE_430,2024-02,3540,3902,-6867,-8066,10.23
UAE_430,2024-03,3739,3569,-9274,-9343,-4.55
UAE_430,2024-04,2400,2373,-3627,-3588,-1.12
UAE_430,2024-05,9117,9290,-10232,-10536,1.9
UAE_430,2024-06,1690,1673,-4129,-4590,-1.01
UAE_430,2024-07,1871,2005,-6738,-7119,7.16
UAE_430,2024-08,2108,2087,-10431,-9280,-1.0
UAE_430,2024-09,5391,5920,-2083,-2270,9.81
UAE_430,2024-10,6570,6630,-9128,-9927,0.91
UAE_430,2024-11,10909,9970,-6425,-7006,-8.61
UAE_430,2024-12,2999,3129,-9347,-10160,4.33
UAE_430,2025-01,3214,3093,-8320,-8412,-3.76
UAE_430,2025-02,3520,3208,-8233,-8557,-8.86
UAE_430,2025-03,2089,2054,-3569,-3609,-1.68
UAE_430,2025-04,3526,3681,-6303,-7094,4.4
UAE_430,2025-05,1496,1645,-2453,-2604,9.96
UAE_430,2025-06,2662,2931,-3082,-3021,10.11
UAE_430,2025-07,10431,10646,-7569,-7333,2.06
UAE_430,2025-08,4792,5221,-6454,-7316,8.95
UAE_430,2025-09,2378,2351,-7845,-9194,-1.14
UAE_430,2025-10,6417,5922,-2041,-1951,-7.71
UAE_430,2025-11,5061,5032,-1536,-1640,-0.57
UAE_430,2025-12,9036,9175,-7123,-6511,1.54
UAE_431,2023-01,87614,80355,-4830,-4926,-8.29
UAE_431,2023-02,10879,9907,-10861,-10728,-8.93
UAE_431,2023-03,30218,33151,-12227,-14306,9.71
UAE_431,2023-04,89589,90395,4615,4400,0.9
UAE_431,2023-05,107359,106210,438,470,-1.07
UAE_431,2023-06,13296,13249,-14339,-13066,-0.35
UAE_431,2023-07,215628,208411,28546,30150,-3.35
UAE_431,2023-08,72156,70349,-9223,-8545,-2.5
UAE_431,2023-09,73215,67586,-27755,-32414,-7.69
UAE_431,2023-10,49232,53775,-9694,-9121,9.23
UAE_431,2023-11,12789,12977,-9501,-10352,1.47
UAE_431,2023-12,89805,81862,-3196,-3344,-8.84
UAE_431,2024-01,138184,148591,-13346,-14562,7.53
UAE_431,2024-02,219652,234757,-889,-891,6.88
UAE_431,2024-03,224255,214843,24203,25223,-4.2
UAE_431,2024-04,74223,77151,-11572,-13274,3.94
UAE_431,2024-05,311919,284868,51920,53052,-8.67
UAE_431,2024-06,211374,218924,15288,16801,3.57
UAE_431,2024-07,196612,213618,24643,22508,8.65
UAE_431,2024-08,44097,43497,-841,-943,-1.36
UAE_431,2024-09,98973,98695,-14343,-13731,-0.28
UAE_431,2024-10,23017,23473,-6595,-6117,1.98
UAE_431,2024-11,91439,94268,-423,-428,3.09
UAE_431,2024-12,173415,174247,-7181,-6519,0.48
UAE_431,2025-01,15327,14051,-4060,-4115,-8.33
UAE_431,2025-02,262099,248357,38119,33748,-5.24
UAE_431,2025-03,71382,75455,-12027,-13763,5.71
UAE_431,2025-04,77998,76738,-14684,-13687,-1.62
UAE_431,2025-05,139416,136489,-270,-246,-2.1
UAE_431,2025-06,83543,78981,-3598,-3740,-5.46
UAE_431,2025-07,134129,135892,-4582,-4905,1.31
UAE_431,2025-08,247201,237408,-749,-707,-3.96
UAE_431,2025-09,48442,50556,-12853,-13838,4.36
UAE_431,2025-10,411278,421641,48047,45831,2.52
UAE_431,2025-11,47258,43483,-8160,-9137,-7.99
UAE_431,2025-12,64603,67522,-17160,-17306,4.52
UAE_432,2023-01,1436,1488,-2657,-2483,3.62
UAE_432,2023-02,2297,2391,-3951,-4406,4.09
UAE_432,2023-03,3912,3741,-4743,-4616,-4.37
UAE_432,2023-04,2003,1860,-2047,-1911,-7.14
UAE_432,2023-05,3043,3124,-1308,-1314,2.66
UAE_432,2023-06,2799,2964,-5179,-4959,5.89
UAE_432,2023-07,1216,1259,-9335,-8258,3.54
UAE_432,2023-08,1863,1975,-6469,-5654,6.01
UAE_432,2023-09,2664,2686,-6491,-6967,0.83
UAE_432,2023-10,2976,3204,-5247,-5941,7.66
UAE_432,2023-11,1622,1605,-3549,-3150,-1.05
UAE_432,2023-12,2259,2443,-6334,-5588,8.15
UAE_432,2024-01,1964,1840,-5548,-4910,-6.31
UAE_432,2024-02,1013,1067,-2555,-2638,5.33
UAE_432,2024-03,2695,2921,-1818,-2129,8.39
UAE_432,2024-04,1759,1838,-4785,-5080,4.49
UAE_432,2024-05,1738,1881,-3316,-3490,8.23
UAE_432,2024-06,3629,3449,-1672,-1504,-4.96
UAE_432,2024-07,3335,3654,-2320,-2304,9.57
UAE_432,2024-08,1421,1415,-1452,-1700,-0.42
UAE_432,2024-09,1804,1939,-5943,-6004,7.48
UAE_432,2024-10,1608,1575,-2776,-3116,-2.05
UAE_432,2024-11,3175,2977,-2259,-2342,-6.24
UAE_432,2024-12,971,993,-6647,-6250,2.27
UAE_432,2025-01,1815,1915,-5153,-4589,5.51
UAE_432,2025-02,2563,2718,-6288,-5548,6.05
UAE_432,2025-03,2775,2812,-1867,-1928,1.33
UAE_432,2025-04,1597,1654,-2192,-2255,3.57
UAE_432,2025-05,3468,3668,-7460,-8311,5.77
UAE_432,2025-06,4947,4517,-7348,-6705,-8.69
UAE_432,2025-07,2659,2659,-7011,-7231,0.0
UAE_432,2025-08,3042,2856,-4780,-4346,-6.11
UAE_432,2025-09,2702,2958,-3843,-3846,9.47
UAE_432,2025-10,2170,2187,-6643,-7684,0.78
UAE_432,2025-11,1043,1101,-8475,-7703,5.56
UAE_432,2025-12,2675,2660,-3332,-3655,-0.56
UAE_433,2023-01,23607,24140,-16323,-14302,2.26
UAE_433,2023-02,39770,40491,-28098,-26814,1.81
UAE_433,2023-03,73524,77762,-14661,-14730,5.76
UAE_433,2023-04,124479,130981,544,572,5.22
UAE_433,2023-05,41332,39133,-5248,-5638,-5.32
UAE_433,2023-06,38943,41298,-9016,-8013,6.05
UAE_433,2023-07,366680,354020,5763,5851,-3.45
UAE_433,2023-08,491327,518878,54402,61828,5.61
UAE_433,2023-09,59489,56772,-6301,-6065,-4.57
UAE_433,2023-10,80088,84429,4045,3538,5.42
UAE_433,2023-11,243456,268090,36145,33152,10.12
UAE_433,2023-12,68219,73382,-10186,-10286,7.57
UAE_433,2024-01,168253,170283,15868,14224,1.21
UAE_433,2024-02,87327,92425,1420,1532,5.84
UAE_433,2024-03,145354,142513,-1970,-1772,-1.95
UAE_433,2024-04,50603,50920,-10178,-10080,0.63
UAE_433,2024-05,187492,179989,-11762,-12324,-4.0
UAE_433,2024-06,313681,336934,10347,9007,7.41
UAE_433,2024-07,143180,152882,5808,6144,6.78
UAE_433,2024-08,150266,146142,-3300,-3458,-2.74
UAE_433,2024-09,28707,29173,-20296,-19723,1.62
UAE_433,2024-10,40123,38016,-13300,-12387,-5.25
UAE_433,2024-11,226370,245676,10961,11712,8.53
UAE_433,2024-12,45081,44107,-3134,-3173,-2.16
UAE_433,2025-01,133969,124346,-813,-937,-7.18
UAE_433,2025-02,155079,145651,-4101,-3790,-6.08
UAE_433,2025-03,38705,35357,-11059,-11338,-8.65
UAE_433,2025-04,266003,266897,18808,18782,0.34
UAE_433,2025-05,200833,201973,21494,23931,0.57
UAE_433,2025-06,185078,199662,1028,1061,7.88
UAE_433,2025-07,358181,338673,31884,34898,-5.45
UAE_433,2025-08,333807,325896,-1120,-1225,-2.37
UAE_433,2025-09,131693,142792,10192,11773,8.43
UAE_433,2025-10,169128,168430,15567,15969,-0.41
UAE_433,2025-11,146910,144079,21736,21580,-1.93
UAE_433,2025-12,39045,38675,1734,1749,-0.95
UAE_434,2023-01,4051,3747,-6964,-7722,-7.5
UAE_434,2023-02,7921,8293,-7677,-8647,4.7
UAE_434,2023-03,2534,2724,-9451,-10656,7.5
UAE_434,2023-04,2635,2784,-2112,-2125,5.65
UAE_434,2023-05,22503,23578,-1279,-1317,4.78
UAE_434,2023-06,1814,1738,-14015,-13644,-4.19
UAE_434,2023-07,13842,14067,-14546,-13732,1.63
UAE_434,2023-08,6464,6055,-14634,-13134,-6.33
UAE_434,2023-09,15443,17096,-7785,-7385,10.7
UAE_434,2023-10,3904,4186,-2563,-2977,7.22
UAE_434,2023-11,4427,4517,-2480,-2639,2.03
UAE_434,2023-12,1758,1823,-6853,-7629,3.7
UAE_434,2024-01,5151,4724,-6143,-5765,-8.29
UAE_434,2024-02,3756,3716,-8449,-7979,-1.06
UAE_434,2024-03,5444,5474,-5889,-5804,0.55
UAE_434,2024-04,10779,11789,-7454,-7675,9.37
UAE_434,2024-05,1972,1903,-6712,-6863,-3.5
UAE_434,2024-06,11039,11768,-6813,-6161,6.6
UAE_434,2024-07,5541,5465,-1929,-2119,-1.37
UAE_434,2024-08,3295,3173,-7743,-6776,-3.7
UAE_434,2024-09,2331,2529,-4255,-4294,8.49
UAE_434,2024-10,9626,10093,-5668,-6334,4.85
UAE_434,2024-11,2559,2500,-5743,-5348,-2.31
UAE_434,2024-12,1940,1906,-8856,-9883,-1.75
UAE_434,2025-01,4688,4321,-2088,-1875,-7.83
UAE_434,2025-02,13463,13054,-6639,-6249,-3.04
UAE_434,2025-03,5416,5652,-3167,-3076,4.36
UAE_434,2025-04,23604,22037,-7199,-6926,-6.64
UAE_434,2025-05,7319,6758,-8381,-9525,-7.66
UAE_434,2025-06,26629,27062,-1154,-1028,1.63
UAE_434,2025-07,10362,11012,-14500,-12703,6.27
UAE_434,2025-08,3757,4080,-3210,-3484,8.6
UAE_434,2025-09,7856,7893,-8377,-9854,0.47
UAE_434,2025-10,23630,26146,-2830,-2736,10.65
UAE_434,2025-11,1720,1651,-3028,-2845,-4.01
UAE_434,2025-12,3816,3486,-6444,-6824,-8.65
UAE_435,2023-01,7390,6815,-7957,-9344,-7.78
UAE_435,2023-02,22863,22233,-7482,-8621,-2.76
UAE_435,2023-03,30843,31368,-14832,-15723,1.7
UAE_435,2023-04,49689,49878,-2141,-2085,0.38
UAE_435,2023-05,99723,99522,6621,6286,-0.2
UAE_435,2023-06,45615,48871,-11303,-12338,7.14
UAE_435,2023-07,8739,8829,-8865,-7802,1.03
UAE_435,2023-08,10641,11046,-10476,-10385,3.81
UAE_435,2023-09,68645,68675,-9319,-8277,0.04
UAE_435,2023-10,19260,20885,-4641,-5115,8.44
UAE_435,2023-11,57773,62593,-4999,-5433,8.34
UAE_435,2023-12,15751,14496,-8240,-7946,-7.97
UAE_435,2024-01,27132,25238,-1875,-1959,-6.98
UAE_435,2024-02,13093,12428,-7077,-7265,-5.08
UAE_435,2024-03,15106,16587,-6491,-7198,9.8
UAE_435,2024-04,54022,56080,-10414,-11204,3.81
UAE_435,2024-05,39406,41940,-5383,-5450,6.43
UAE_435,2024-06,73393,71939,-14266,-13682,-1.98
UAE_435,2024-07,18609,19132,-16773,-18390,2.81
UAE_435,2024-08,28257,26857,-10401,-9745,-4.95
UAE_435,2024-09,9198,8901,-5098,-5853,-3.23
UAE_435,2024-10,10243,11065,-6650,-6756,8.02
UAE_435,2024-11,44416,40922,-12184,-11494,-7.87
UAE_435,2024-12,71675,66943,-1610,-1750,-6.6
UAE_435,2025-01,15114,15637,-3780,-4032,3.46
UAE_435,2025-02,23034,23509,-9185,-9672,2.06
UAE_435,2025-03,30028,28206,-18212,-16140,-6.07
UAE_435,2025-04,17577,19423,-991,-927,10.5
UAE_435,2025-05,27375,26259,-7967,-8053,-4.08
UAE_435,2025-06,7878,8593,-7768,-6774,9.08
UAE_435,2025-07,4737,4982,-10468,-10054,5.17
UAE_435,2025-08,48273,45623,-12772,-14702,-5.49
UAE_435,2025-09,18661,19868,-15239,-13574,6.47
UAE_435,2025-10,27319,26725,-1852,-1794,-2.17
UAE_435,2025-11,8505,8326,-4329,-4207,-2.1
UAE_435,2025-12,5847,6302,-9621,-10453,7.78
UAE_436,2023-01,1897,1900,-5779,-5813,0.16
UAE_436,2023-02,2213,2115,-5358,-4796,-4.43
UAE_436,2023-03,1720,1876,-1328,-1226,9.07
UAE_436,2023-04,1459,1345,-3966,-3668,-7.81
UAE_436,2023-05,2908,2669,-5569,-6002,-8.22
UAE_436,2023-06,2244,2313,-4369,-4024,3.07
UAE_436,2023-07,1132,1170,-5991,-5359,3.36
UAE_436,2023-08,3589,3627,-7602,-6905,1.06
UAE_436,2023-09,2175,2101,-4330,-4731,-3.4
UAE_436,2023-10,1631,1793,-2206,-2123,9.93
UAE_436,2023-11,1513,1508,-4535,-5326,-0.33
UAE_436,2023-12,830,889,-2895,-3371,7.11
UAE_436,2024-01,2199,2342,-2762,-2929,6.5
UAE_436,2024-02,2693,2601,-5205,-4619,-3.42
UAE_436,2024-03,1620,1492,-1922,-2202,-7.9
UAE_436,2024-04,1845,1704,-1245,-1436,-7.64
UAE_436,2024-05,2830,2808,-3239,-3749,-0.78
UAE_436,2024-06,3113,3310,-949,-906,6.33
UAE_436,2024-07,3561,3253,-2342,-2287,-8.65
UAE_436,2024-08,4418,4110,-4380,-5137,-6.97
UAE_436,2024-09,2647,2836,-6611,-7413,7.14
UAE_436,2024-10,1851,1911,-1411,-1285,3.24
UAE_436,2024-11,1435,1594,-1562,-1467,11.08
UAE_436,2024-12,848,801,-5638,-6361,-5.54
UAE_436,2025-01,1203,1108,-5531,-4836,-7.9
UAE_436,2025-02,2572,2831,-6064,-5887,10.07
UAE_436,2025-03,5937,6045,-3842,-4384,1.82
UAE_436,2025-04,1130,1108,-4642,-4384,-1.95
UAE_436,2025-05,2188,2283,-2681,-2457,4.34
UAE_436,2025-06,2166,2026,-3214,-3648,-6.46
UAE_436,2025-07,1640,1709,-1829,-2078,4.21
UAE_436,2025-08,2045,2043,-6075,-6819,-0.1
UAE_436,2025-09,1413,1547,-6508,-6604,9.48
UAE_436,2025-10,2838,2929,-967,-1097,3.21
UAE_436,2025-11,2970,2704,-1174,-1328,-8.96
UAE_436,2025-12,2322,2169,-5399,-4857,-6.59
UAE_437,2023-01,2950,2909,-5839,-5666,-1.39
UAE_437,2023-02,1393,1528,-7169,-6591,9.69
UAE_437,2023-03,1648,1651,-5256,-4865,0.18
UAE_437,2023-04,22257,24026,-6169,-5869,7.95
UAE_437,2023-05,3376,3236,-12685,-12267,-4.15
UAE_437,2023-06,5227,5458,-9571,-9652,4.42
UAE_437,2023-07,4839,5338,-14043,-12695,10.31
UAE_437,2023-08,17100,16796,-9351,-8548,-1.78
UAE_437,2023-09,7745,8453,-6942,-7343,9.14
UAE_437,2023-10,6350,6040,-7050,-6630,-4.88
UAE_437,2023-11,20307,18894,-4785,-4206,-6.96
UAE_437,2023-12,9057,9261,-10781,-9683,2.25
UAE_437,2024-01,5667,6064,-11889,-10764,7.01
UAE_437,2024-02,8108,7994,-10258,-9578,-1.41
UAE_437,2024-03,2082,2147,-3763,-4410,3.12
UAE_437,2024-04,1951,2152,-9334,-8359,10.3
UAE_437,2024-05,6012,5551,-3095,-3268,-7.67
UAE_437,2024-06,2325,2342,-5107,-5247,0.73
UAE_437,2024-07,10878,10375,-14716,-14065,-4.62
UAE_437,2024-08,2993,3253,-10929,-9516,8.69
UAE_437,2024-09,3568,3588,-8101,-8634,0.56
UAE_437,2024-10,5371,4898,-4662,-4188,-8.81
UAE_437,2024-11,6845,6451,-6844,-7693,-5.76
UAE_437,2024-12,5038,5346,-5531,-5961,6.11
UAE_437,2025-01,4282,3895,-6621,-6542,-9.04
UAE_437,2025-02,18703,17130,-4653,-4416,-8.41
UAE_437,2025-03,1789,1663,-7009,-7369,-7.04
UAE_437,2025-04,4147,4195,-3676,-4300,1.16
UAE_437,2025-05,6341,6678,-1434,-1548,5.31
UAE_437,2025-06,27869,26328,-3378,-3929,-5.53
UAE_437,2025-07,3221,3142,-12068,-12585,-2.45
UAE_437,2025-08,10522,11139,-6010,-6963,5.86
UAE_437,2025-09,3374,3731,-8922,-7941,10.58
UAE_437,2025-10,4897,5268,-14631,-12854,7.58
UAE_437,2025-11,1870,1800,-4178,-4528,-3.74
UAE_437,2025-12,8432,9190,-9262,-8452,8.99
UAE_438,2023-01,2679968,2589211,449660,521391,-3.39
UAE_438,2023-02,6285708,6497476,1945603,2056727,3.37
UAE_438,2023-03,4894834,4684969,1229741,1369902,-4.29
UAE_438,2023-04,4235636,4509629,1306511,1395014,6.47
UAE_438,2023-05,8688964,8191102,1381017,1345209,-5.73
UAE_438,2023-06,6049913,6611250,1859130,2180455,9.28
UAE_438,2023-07,16694844,18187841,3900095,3546776,8.94
UAE_438,2023-08,5800117,5981264,1106494,1266673,3.12
UAE_438,2023-09,2084208,2134610,470458,442834,2.42
UAE_438,2023-10,842021,782581,120651,135673,-7.06
UAE_438,2023-11,4130415,3831393,832176,740128,-7.24
UAE_438,2023-12,3244941,3517865,768079,674059,8.41
UAE_438,2024-01,7610818,7212315,1651804,1450383,-5.24
UAE_438,2024-02,524669,542216,159651,141106,3.34
UAE_438,2024-03,4300310,4391201,930988,818579,2.11
UAE_438,2024-04,2766210,2776557,779294,869801,0.37
UAE_438,2024-05,1459350,1330609,98411,114212,-8.82
UAE_438,2024-06,10169917,10079505,2959026,2801257,-0.89
UAE_438,2024-07,3856095,4029517,871011,1004770,4.5
UAE_438,2024-08,4201649,4087115,725833,653373,-2.73
UAE_438,2024-09,3070504,3127509,518576,495685,1.86
UAE_438,2024-10,6172064,6450398,1185686,1335160,4.51
UAE_438,2024-11,1646473,1711369,246729,248569,3.94
UAE_438,2024-12,7341441,6953281,1238921,1307501,-5.29
UAE_438,2025-01,1599281,1654690,363613,358370,3.46
UAE_438,2025-02,2982880,3141798,696161,768602,5.33
UAE_438,2025-03,2178981,2029364,565258,545840,-6.87
UAE_438,2025-04,6239131,5992822,1192638,1042692,-3.95
UAE_438,2025-05,4657465,4510766,1441194,1302414,-3.15
UAE_438,2025-06,3397174,3573952,626912,576408,5.2
UAE_438,2025-07,4971300,4919642,1117465,1005843,-1.04
UAE_438,2025-08,1312580,1307336,285604,326878,-0.4
UAE_438,2025-09,2470677,2462867,527556,519707,-0.32
UAE_438,2025-10,8923952,8868804,2339733,2600509,-0.62
UAE_438,2025-11,2784019,2727621,584896,520076,-2.03
UAE_438,2025-12,2833431,3099836,748344,757279,9.4
UAE_439,2023-01,1574,1482,-1873,-1716,-5.84
UAE_439,2023-02,989,909,-4826,-4219,-8.09
UAE_439,2023-03,927,898,-5743,-5594,-3.13
UAE_439,2023-04,2315,2174,-4277,-4630,-6.09
UAE_439,2023-05,2959,3230,-5825,-6837,9.16
UAE_439,2023-06,1786,1922,-6181,-6513,7.61
UAE_439,2023-07,1383,1454,-4842,-4262,5.13
UAE_439,2023-08,1235,1249,-4923,-4704,1.13
UAE_439,2023-09,2239,2248,-4368,-4911,0.4
UAE_439,2023-10,1539,1545,-2881,-2770,0.39
UAE_439,2023-11,1666,1639,-5938,-5705,-1.62
UAE_439,2023-12,1663,1768,-3443,-3477,6.31
UAE_439,2024-01,2561,2526,-3169,-3204,-1.37
UAE_439,2024-02,2441,2460,-2626,-2634,0.78
UAE_439,2024-03,2678,2718,-1209,-1169,1.49
UAE_439,2024-04,2850,2844,-7681,-7065,-0.21
UAE_439,2024-05,3744,3623,-982,-1133,-3.23
UAE_439,2024-06,3575,3491,-4775,-4944,-2.35
UAE_439,2024-07,1332,1246,-4770,-4160,-6.46
UAE_439,2024-08,3111,2948,-4996,-5193,-5.24
UAE_439,2024-09,5919,5812,-5158,-5061,-1.81
UAE_439,2024-10,2631,2436,-3883,-4337,-7.41
UAE_439,2024-11,1317,1311,-3326,-3820,-0.46
UAE_439,2024-12,980,1084,-4397,-4611,10.61
UAE_439,2025-01,1517,1472,-2483,-2628,-2.97
UAE_439,2025-02,2783,2786,-4565,-4527,0.11
UAE_439,2025-03,1002,1042,-5661,-6095,3.99
UAE_439,2025-04,2101,2173,-8357,-7303,3.43
UAE_439,2025-05,3621,3523,-6743,-7765,-2.71
UAE_439,2025-06,2567,2663,-3572,-3923,3.74
UAE_439,2025-07,3698,3835,-7210,-6383,3.7
UAE_439,2025-08,2253,2174,-7345,-8285,-3.51
UAE_439,2025-09,1397,1386,-2316,-2346,-0.79
UAE_439,2025-10,1914,1916,-2388,-2160,0.1
UAE_439,2025-11,2129,2035,-6109,-5943,-4.42
UAE_439,2025-12,1160,1160,-2591,-2731,0.0
UAE_440,2023-01,639,669,-4653,-4271,4.69
UAE_440,2023-02,1117,1205,-3336,-3184,7.88
UAE_440,2023-03,2147,2109,-3181,-3272,-1.77
UAE_440,2023-04,2276,2515,-8412,-7885,10.5
UAE_440,2023-05,2056,1904,-6588,-7146,-7.39
UAE_440,2023-06,2925,2956,-1271,-1248,1.06
UAE_440,2023-07,3992,3658,-8765,-8161,-8.37
UAE_440,2023-08,2072,1964,-2327,-2684,-5.21
UAE_440,2023-09,1539,1477,-7691,-6995,-4.03
UAE_440,2023-10,5085,5421,-5278,-5000,6.61
UAE_440,2023-11,1178,1185,-2920,-3258,0.59
UAE_440,2023-12,2327,2139,-5514,-5491,-8.08
UAE_440,2024-01,659,698,-6744,-6131,5.92
UAE_440,2024-02,1956,2158,-5323,-6185,10.33
UAE_440,2024-03,1191,1293,-3957,-4153,8.56
UAE_440,2024-04,3679,3983,-6118,-7018,8.26
UAE_440,2024-05,1933,2032,-6878,-6950,5.12
UAE_440,2024-06,1777,1736,-5911,-5623,-2.31
UAE_440,2024-07,2166,2263,-5919,-6632,4.48
UAE_440,2024-08,3471,3755,-4219,-4251,8.18
UAE_440,2024-09,3079,3381,-7083,-6963,9.81
UAE_440,2024-10,3302,3030,-7210,-7308,-8.24
UAE_440,2024-11,1243,1195,-6799,-7131,-3.86
UAE_440,2024-12,1727,1788,-1619,-1628,3.53
UAE_440,2025-01,2411,2507,-5371,-5676,3.98
UAE_440,2025-02,1465,1534,-3304,-3322,4.71
UAE_440,2025-03,2428,2433,-1946,-1977,0.21
UAE_440,2025-04,2128,1999,-1303,-1448,-6.06
UAE_440,2025-05,1238,1178,-6260,-6679,-4.85
UAE_440,2025-06,1739,1903,-1684,-1543,9.43
UAE_440,2025-07,3222,3422,-4213,-4355,6.21
UAE_440,2025-08,1808,1678,-6521,-7481,-7.19
UAE_440,2025-09,3772,3553,-4898,-4414,-5.81
UAE_440,2025-10,3043,3071,-6715,-6026,0.92
UAE_440,2025-11,2578,2609,-3640,-4083,1.2
UAE_440,2025-12,1059,1054,-4339,-4572,-0.47
UAE_441,2023-01,36159,32958,-16654,-14597,-8.85
UAE_441,2023-02,164694,156705,4522,4823,-4.85
UAE_441,2023-03,172683,183797,-24072,-26919,6.44
UAE_441,2023-04,297627,276859,22106,21724,-6.98
UAE_441,2023-05,86031,89405,-262,-281,3.92
UAE_441,2023-06,361966,341016,114080,104262,-5.79
UAE_441,2023-07,646254,640381,63056,59336,-0.91
UAE_441,2023-08,128209,140359,14311,14415,9.48
UAE_441,2023-09,1099227,1004961,207158,215529,-8.58
UAE_441,2023-10,406540,407296,22102,21688,0.19
UAE_441,2023-11,109604,105144,-19162,-17961,-4.07
UAE_441,2023-12,208992,190060,5927,5655,-9.06
UAE_441,2024-01,217948,205211,17449,19889,-5.84
UAE_441,2024-02,265903,245125,41492,36766,-7.81
UAE_441,2024-03,152449,142239,6612,7665,-6.7
UAE_441,2024-04,367254,366145,989,967,-0.3
UAE_441,2024-05,29857,28012,-13556,-12843,-6.18
UAE_441,2024-06,317970,329175,77883,91362,3.52
UAE_441,2024-07,325708,301913,43351,48016,-7.31
UAE_441,2024-08,35500,32330,-14886,-15599,-8.93
UAE_441,2024-09,311498,336450,10306,9098,8.01
UAE_441,2024-10,347492,321261,34729,38745,-7.55
UAE_441,2024-11,444568,434999,23945,23512,-2.15
UAE_441,2024-12,95078,89570,-19768,-17613,-5.79
UAE_441,2025-01,50940,51835,-8706,-8901,1.76
UAE_441,2025-02,65636,64352,-12523,-11185,-1.96
UAE_441,2025-03,136741,142645,-31317,-32519,4.32
UAE_441,2025-04,33933,37303,-4504,-4592,9.93
UAE_441,2025-05,374788,402197,91337,80444,7.31
UAE_441,2025-06,721106,710081,112672,101767,-1.53
UAE_441,2025-07,185364,191062,7378,7518,3.07
UAE_441,2025-08,381901,361114,57361,58987,-5.44
UAE_441,2025-09,159221,159721,-43646,-39533,0.31
UAE_441,2025-10,183975,198458,-5808,-5469,7.87
UAE_441,2025-11,59153,64401,-1910,-2227,8.87
UAE_441,2025-12,309138,327770,8612,9637,6.03
UAE_442,2023-01,2283,2273,-4692,-5154,-0.44
UAE_442,2023-02,795,726,-1510,-1743,-8.68
UAE_442,2023-03,1877,1947,-4893,-4554,3.73
UAE_442,2023-04,2131,2304,-2685,-2804,8.12
UAE_442,2023-05,3671,3350,-7476,-7062,-8.74
UAE_442,2023-06,3284,3153,-4943,-4988,-3.99
UAE_442,2023-07,1827,1729,-2439,-2634,-5.36
UAE_442,2023-08,6181,5868,-6527,-6537,-5.06
UAE_442,2023-09,1412,1318,-4020,-4557,-6.66
UAE_442,2023-10,3081,2839,-1960,-2009,-7.85
UAE_442,2023-11,2718,2784,-5534,-5465,2.43
UAE_442,2023-12,2372,2631,-3718,-3349,10.92
UAE_442,2024-01,4550,4982,-4423,-4820,9.49
UAE_442,2024-02,1234,1369,-2415,-2249,10.94
UAE_442,2024-03,1490,1552,-5366,-5372,4.16
UAE_442,2024-04,1415,1511,-1818,-1729,6.78
UAE_442,2024-05,2669,2805,-7348,-7276,5.1
UAE_442,2024-06,2188,2147,-3776,-3853,-1.87
UAE_442,2024-07,3429,3232,-7334,-8106,-5.75
UAE_442,2024-08,3554,3248,-4161,-4486,-8.61
UAE_442,2024-09,3158,3223,-6090,-5355,2.06
UAE_442,2024-10,2856,2612,-5871,-6428,-8.54
UAE_442,2024-11,1333,1376,-5607,-5076,3.23
UAE_442,2024-12,2814,2592,-1897,-1683,-7.89
UAE_442,2025-01,2929,2772,-3132,-2847,-5.36
UAE_442,2025-02,1590,1660,-2811,-3155,4.4
UAE_442,2025-03,1166,1163,-4876,-4533,-0.26
UAE_442,2025-04,931,1027,-7156,-7359,10.31
UAE_442,2025-05,1940,2067,-4974,-5064,6.55
UAE_442,2025-06,2817,2789,-7529,-8171,-0.99
UAE_442,2025-07,1318,1441,-6181,-6070,9.33
UAE_442,2025-08,2052,1940,-7849,-7326,-5.46
UAE_442,2025-09,1442,1560,-2395,-2470,8.18
UAE_442,2025-10,1754,1595,-2785,-2585,-9.06
UAE_442,2025-11,1420,1518,-2627,-2716,6.9
UAE_442,2025-12,989,905,-1935,-1728,-8.49
UAE_443,2023-01,321535,354077,-55404,-49649,10.12
UAE_443,2023-02,1411070,1307930,201126,219694,-7.31
UAE_443,2023-03,1556719,1532481,281466,279861,-1.56
UAE_443,2023-04,1348081,1463859,222100,232163,8.59
UAE_443,2023-05,1570968,1447264,377375,433756,-7.87
UAE_443,2023-06,1919214,2041726,494998,453918,6.38
UAE_443,2023-07,3557613,3427382,965372,978960,-3.66
UAE_443,2023-08,3644129,3333506,877420,974419,-8.52
UAE_443,2023-09,2715318,2763693,545050,526826,1.78
UAE_443,2023-10,2591714,2811822,880141,807992,8.49
UAE_443,2023-11,529940,527321,89561,88466,-0.49
UAE_443,2023-12,2201654,2260780,403124,460808,2.69
UAE_443,2024-01,1960299,1876680,324321,333477,-4.27
UAE_443,2024-02,874442,883346,100133,95371,1.02
UAE_443,2024-03,3307876,3104217,888910,875674,-6.16
UAE_443,2024-04,2669222,2533934,314892,334046,-5.07
UAE_443,2024-05,1081116,1044164,263124,278948,-3.42
UAE_443,2024-06,1603250,1640607,359829,363884,2.33
UAE_443,2024-07,1197713,1307622,263119,295939,9.18
UAE_443,2024-08,3602737,3881380,627580,687094,7.73
UAE_443,2024-09,2423656,2476237,694843,627639,2.17
UAE_443,2024-10,2431659,2391351,338938,366539,-1.66
UAE_443,2024-11,905346,855515,108784,114055,-5.5
UAE_443,2024-12,1993895,2024060,432749,436289,1.51
UAE_443,2025-01,2340836,2509648,412296,364329,7.21
UAE_443,2025-02,2174409,2075999,379319,378118,-4.53
UAE_443,2025-03,5544802,5880079,1142683,1338593,6.05
UAE_443,2025-04,1508353,1583571,207611,241289,4.99
UAE_443,2025-05,1386532,1519371,436317,422698,9.58
UAE_443,2025-06,1484170,1480195,371435,375514,-0.27
UAE_443,2025-07,5090325,4908540,1618102,1558610,-3.57
UAE_443,2025-08,3120784,3362620,1206009,1161254,7.75
UAE_443,2025-09,1411102,1339406,265565,271926,-5.08
UAE_443,2025-10,2517631,2583671,689435,685227,2.62
UAE_443,2025-11,618676,657071,144463,162323,6.21
UAE_443,2025-12,726730,688782,62313,69433,-5.22
UAE_444,2023-01,40608,38102,112,116,-6.17
UAE_444,2023-02,15312,16108,-6818,-6685,5.2
UAE_444,2023-03,23118,25528,-15871,-16979,10.42
UAE_444,2023-04,166145,176823,13914,16090,6.43
UAE_444,2023-05,362606,346011,77753,69733,-4.58
UAE_444,2023-06,92634,91475,-5263,-4597,-1.25
UAE_444,2023-07,100669,92159,-33412,-34178,-8.45
UAE_444,2023-08,77264,71861,471,487,-6.99
UAE_444,2023-09,129875,118537,-11344,-11272,-8.73
UAE_444,2023-10,141809,139551,-11557,-10477,-1.59
UAE_444,2023-11,49209,47543,-21514,-24802,-3.39
UAE_444,2023-12,11306,12044,-9374,-8537,6.53
UAE_444,2024-01,50416,54709,-8974,-8635,8.52
UAE_444,2024-02,31730,31459,-9247,-8159,-0.85
UAE_444,2024-03,24161,25192,-38566,-37715,4.27
UAE_444,2024-04,144766,134576,-23772,-21397,-7.04
UAE_444,2024-05,232005,242962,21579,20151,4.72
UAE_444,2024-06,165141,169789,3485,3596,2.81
UAE_444,2024-07,140857,133953,21256,21872,-4.9
UAE_444,2024-08,202161,207237,9294,10155,2.51
UAE_444,2024-09,85135,94355,4311,3920,10.83
UAE_444,2024-10,43165,46105,-1521,-1734,6.81
UAE_444,2024-11,309836,296913,27530,31683,-4.17
UAE_444,2024-12,86793,80863,-7497,-8013,-6.83
UAE_444,2025-01,103783,99518,2268,2121,-4.11
UAE_444,2025-02,101786,92622,-10008,-9619,-9.0
UAE_444,2025-03,222405,227754,43566,42702,2.41
UAE_444,2025-04,65342,67523,5541,5364,3.34
UAE_444,2025-05,71629,78533,-12947,-13425,9.64
UAE_444,2025-06,142256,144921,-12418,-13442,1.87
UAE_444,2025-07,395111,400822,57348,51365,1.45
UAE_444,2025-08,339162,319658,48240,45110,-5.75
UAE_444,2025-09,357957,327155,16819,15302,-8.6
UAE_444,2025-10,43898,41655,-11273,-9955,-5.11
UAE_444,2025-11,30332,31178,534,491,2.79
UAE_444,2025-12,77909,84275,-6833,-7327,8.17
UAE_445,2023-01,3928,3880,-3680,-3951,-1.22
UAE_445,2023-02,1813,1788,-4367,-4551,-1.38
UAE_445,2023-03,10314,10216,-7384,-7168,-0.95
UAE_445,2023-04,4874,4774,-8008,-9161,-2.05
UAE_445,2023-05,5773,5685,-7000,-6127,-1.52
UAE_445,2023-06,5252,5097,-6664,-6444,-2.95
UAE_445,2023-07,8586,8721,-6022,-5725,1.57
UAE_445,2023-08,7581,8155,-7016,-6860,7.57
UAE_445,2023-09,11839,12752,-5821,-5497,7.71
UAE_445,2023-10,6866,7029,-5174,-5480,2.37
UAE_445,2023-11,2319,2458,-8197,-7433,5.99
UAE_445,2023-12,1952,1861,-3820,-3946,-4.66
UAE_445,2024-01,5694,5683,-9892,-9374,-0.19
UAE_445,2024-02,2775,2967,-9019,-8007,6.92
UAE_445,2024-03,10428,10927,-6089,-5722,4.79
UAE_445,2024-04,9130,9062,-7256,-7099,-0.74
UAE_445,2024-05,6640,6205,-7718,-8399,-6.55
UAE_445,2024-06,2729,2786,-6783,-6234,2.09
UAE_445,2024-07,5933,5877,-4707,-5142,-0.94
UAE_445,2024-08,21108,20094,-6677,-7237,-4.8
UAE_445,2024-09,7072,6520,-5176,-5513,-7.81
UAE_445,2024-10,7314,6796,-4022,-4573,-7.08
UAE_445,2024-11,3943,4157,-10745,-10300,5.43
UAE_445,2024-12,5613,5389,-2507,-2631,-3.99
UAE_445,2025-01,2674,2935,-3400,-3055,9.76
UAE_445,2025-02,2647,2890,-4872,-4882,9.18
UAE_445,2025-03,12662,13336,-7976,-7443,5.32
UAE_445,2025-04,10433,10046,-11025,-10793,-3.71
UAE_445,2025-05,5413,5065,-3725,-3267,-6.43
UAE_445,2025-06,14581,13502,-8915,-9109,-7.4
UAE_445,2025-07,25327,27037,-8870,-10382,6.75
UAE_445,2025-08,11585,11206,-5676,-5963,-3.27
UAE_445,2025-09,11559,12383,-13491,-12196,7.13
UAE_445,2025-10,20701,21344,-8608,-9066,3.11
UAE_445,2025-11,5241,5722,-4899,-4500,9.18
UAE_445,2025-12,6723,6729,-7308,-6872,0.09
UAE_446,2023-01,1415,1567,-3392,-2964,10.74
UAE_446,2023-02,1275,1264,-4250,-4157,-0.86
UAE_446,2023-03,2004,2054,-6452,-5755,2.5
UAE_446,2023-04,6706,6126,-2701,-3007,-8.65
UAE_446,2023-05,2651,2525,-1563,-1445,-4.75
UAE_446,2023-06,1702,1823,-8227,-7231,7.11
UAE_446,2023-07,2158,2193,-2418,-2111,1.62
UAE_446,2023-08,1272,1400,-9454,-8547,10.06
UAE_446,2023-09,1329,1312,-7411,-8595,-1.28
UAE_446,2023-10,2057,2141,-5000,-4494,4.08
UAE_446,2023-11,1030,989,-4684,-4247,-3.98
UAE_446,2023-12,1168,1178,-2134,-2248,0.86
UAE_446,2024-01,1738,1692,-7547,-6687,-2.65
UAE_446,2024-02,2118,2079,-5827,-5093,-1.84
UAE_446,2024-03,1955,1898,-5189,-5360,-2.92
UAE_446,2024-04,2610,2677,-4479,-5121,2.57
UAE_446,2024-05,2837,2939,-6035,-5620,3.6
UAE_446,2024-06,1576,1727,-7564,-8578,9.58
UAE_446,2024-07,5507,5062,-6173,-6415,-8.08
UAE_446,2024-08,2256,2285,-3432,-3335,1.29
UAE_446,2024-09,1226,1118,-7484,-6905,-8.81
UAE_446,2024-10,2715,2825,-4119,-4747,4.05
UAE_446,2024-11,2060,1949,-3076,-3382,-5.39
UAE_446,2024-12,969,910,-3836,-3947,-6.09
UAE_446,2025-01,1660,1796,-1918,-2111,8.19
UAE_446,2025-02,1344,1285,-5975,-5837,-4.39
UAE_446,2025-03,1122,1095,-2018,-1771,-2.41
UAE_446,2025-04,3214,3134,-2827,-3147,-2.49
UAE_446,2025-05,1291,1372,-8822,-8181,6.27
UAE_446,2025-06,2568,2685,-3444,-3687,4.56
UAE_446,2025-07,2228,2055,-6239,-6247,-7.76
UAE_446,2025-08,4194,3933,-6889,-6141,-6.22
UAE_446,2025-09,2536,2323,-4050,-4599,-8.4
UAE_446,2025-10,3482,3681,-5531,-5875,5.72
UAE_446,2025-11,2589,2771,-2314,-2358,7.03
UAE_446,2025-12,1338,1408,-5154,-5473,5.23
UAE_447,2023-01,1697,1813,-2474,-2506,6.84
UAE_447,2023-02,2179,2192,-2844,-2710,0.6
UAE_447,2023-03,1699,1783,-5047,-4980,4.94
UAE_447,2023-04,1023,1079,-7532,-8286,5.47
UAE_447,2023-05,3095,3049,-2242,-2104,-1.49
UAE_447,2023-06,1176,1252,-3540,-3988,6.46
UAE_447,2023-07,2484,2376,-7589,-6831,-4.35
UAE_447,2023-08,4904,5444,-3091,-3607,11.01
UAE_447,2023-09,4366,4328,-6472,-6638,-0.87
UAE_447,2023-10,2311,2260,-1821,-1598,-2.21
UAE_447,2023-11,1749,1754,-1075,-1100,0.29
UAE_447,2023-12,1418,1369,-1335,-1443,-3.46
UAE_447,2024-01,2367,2218,-2043,-1835,-6.29
UAE_447,2024-02,1172,1226,-2507,-2541,4.61
UAE_447,2024-03,2358,2480,-5234,-4887,5.17
UAE_447,2024-04,4359,4071,-5256,-4892,-6.61
UAE_447,2024-05,2533,2780,-4022,-4238,9.75
UAE_447,2024-06,5879,5958,-8302,-7339,1.34
UAE_447,2024-07,3882,3830,-1845,-1720,-1.34
UAE_447,2024-08,1615,1484,-5130,-4971,-8.11
UAE_447,2024-09,1405,1555,-3459,-3304,10.68
UAE_447,2024-10,1952,1936,-1960,-2272,-0.82
UAE_447,2024-11,2925,2800,-5977,-6078,-4.27
UAE_447,2024-12,2813,2813,-5428,-5481,0.0
UAE_447,2025-01,2099,2227,-2908,-3249,6.1
UAE_447,2025-02,1933,1966,-4761,-4546,1.71
UAE_447,2025-03,2967,2750,-3893,-4124,-7.31
UAE_447,2025-04,2777,3022,-1815,-1824,8.82
UAE_447,2025-05,2795,2709,-4045,-3659,-3.08
UAE_447,2025-06,2895,2785,-4315,-4807,-3.8
UAE_447,2025-07,1275,1406,-10068,-8838,10.27
UAE_447,2025-08,1483,1358,-5329,-4923,-8.43
UAE_447,2025-09,1419,1575,-1761,-1817,10.99
UAE_447,2025-10,1166,1191,-2273,-2165,2.14
UAE_447,2025-11,3062,3108,-5252,-5175,1.5
UAE_447,2025-12,1887,1881,-2162,-2380,-0.32
UAE_448,2023-01,2823,2748,-5339,-5983,-2.66
UAE_448,2023-02,2558,2695,-9951,-9064,5.36
UAE_448,2023-03,1639,1568,-8470,-8862,-4.33
UAE_448,2023-04,7998,8013,-13619,-11865,0.19
UAE_448,2023-05,4533,4237,-4172,-4638,-6.53
UAE_448,2023-06,36882,36472,-5615,-4987,-1.11
UAE_448,2023-07,3017,3016,-6991,-6289,-0.03
UAE_448,2023-08,2365,2420,-11195,-11307,2.33
UAE_448,2023-09,6316,6974,-9485,-9883,10.42
UAE_448,2023-10,9818,8973,-5201,-4754,-8.61
UAE_448,2023-11,2837,2835,-3277,-3460,-0.07
UAE_448,2023-12,4584,4229,-2420,-2523,-7.74
UAE_448,2024-01,6863,6252,-7438,-7503,-8.9
UAE_448,2024-02,2520,2421,-8098,-8934,-3.93
UAE_448,2024-03,4013,3981,-4983,-4916,-0.8
UAE_448,2024-04,3333,3570,-2581,-2870,7.11
UAE_448,2024-05,5166,5033,-3677,-4272,-2.57
UAE_448,2024-06,5635,5397,-2121,-1910,-4.22
UAE_448,2024-07,2615,2474,-6628,-7637,-5.39
UAE_448,2024-08,40946,37349,-6525,-6215,-8.78
UAE_448,2024-09,4678,5141,-8580,-8684,9.9
UAE_448,2024-10,2157,2064,-9047,-10228,-4.31
UAE_448,2024-11,8600,9366,-9437,-9531,8.91
UAE_448,2024-12,1339,1486,-6980,-6161,10.98
UAE_448,2025-01,2313,2466,-4859,-4229,6.61
UAE_448,2025-02,5053,4920,-1687,-1966,-2.63
UAE_448,2025-03,4497,4257,-7972,-8437,-5.34
UAE_448,2025-04,28650,27068,-3940,-4297,-5.52
UAE_448,2025-05,26402,27199,-7920,-7536,3.02
UAE_448,2025-06,7757,7103,-13142,-14872,-8.43
UAE_448,2025-07,9847,9897,-8796,-9443,0.51
UAE_448,2025-08,3446,3625,-4663,-5251,5.19
UAE_448,2025-09,36840,39623,-8454,-7893,7.55
UAE_448,2025-10,10314,10815,-9141,-8220,4.86
UAE_448,2025-11,7629,7566,-9939,-11032,-0.83
UAE_448,2025-12,4794,4408,-3066,-3300,-8.05
UAE_449,2023-01,1516,1627,-6887,-7949,7.32
UAE_449,2023-02,2733,2935,-1534,-1783,7.39
UAE_449,2023-03,1869,1757,-8927,-8635,-5.99
UAE_449,2023-04,1918,1969,-2451,-2191,2.66
UAE_449,2023-05,5085,5003,-4266,-4178,-1.61
UAE_449,2023-06,4589,4489,-2984,-2848,-2.18
UAE_449,2023-07,8046,8381,-10015,-10974,4.16
UAE_449,2023-08,8839,9102,-5613,-5381,2.98
UAE_449,2023-09,3522,3428,-3893,-3396,-2.67
UAE_449,2023-10,1495,1414,-4508,-4665,-5.42
UAE_449,2023-11,3398,3616,-7800,-7940,6.42
UAE_449,2023-12,1908,2091,-1513,-1616,9.59
UAE_449,2024-01,3356,3266,-2838,-2476,-2.68
UAE_449,2024-02,3150,3260,-1352,-1314,3.49
UAE_449,2024-03,1979,1938,-1721,-1752,-2.07
UAE_449,2024-04,3990,3807,-5535,-6399,-4.59
UAE_449,2024-05,2635,2457,-4207,-4099,-6.76
UAE_449,2024-06,4651,4240,-9601,-8422,-8.84
UAE_449,2024-07,10680,10984,-4663,-4848,2.85
UAE_449,2024-08,4894,4493,-6532,-6493,-8.19
UAE_449,2024-09,1871,1706,-5778,-6163,-8.82
UAE_449,2024-10,2125,1940,-3007,-3402,-8.71
UAE_449,2024-11,3570,3890,-2761,-3058,8.96
UAE_449,2024-12,3947,3983,-6000,-6000,0.91
UAE_449,2025-01,3635,3418,-9999,-8716,-5.97
UAE_449,2025-02,2397,2370,-9629,-8380,-1.13
UAE_449,2025-03,2693,2950,-4410,-3879,9.54
UAE_449,2025-04,4684,4907,-1982,-1864,4.76
UAE_449,2025-05,6073,6389,-8021,-7597,5.2
UAE_449,2025-06,9753,9726,-8245,-7408,-0.28
UAE_449,2025-07,4981,4906,-1916,-1825,-1.51
UAE_449,2025-08,2393,2288,-9213,-10468,-4.39
UAE_449,2025-09,11780,10793,-11218,-10371,-8.38
UAE_449,2025-10,5243,5169,-5823,-5805,-1.41
UAE_449,2025-11,2773,2676,-1794,-2019,-3.5
UAE_449,2025-12,3485,3212,-822,-903,-7.83
UAE_450,2023-01,3130,2962,-5938,-6916,-5.37
UAE_450,2023-02,3264,3189,-2555,-2399,-2.3
UAE_450,2023-03,2654,2722,-6741,-7520,2.56
UAE_450,2023-04,10969,10920,-6765,-6671,-0.45
UAE_450,2023-05,2487,2622,-2355,-2455,5.43
UAE_450,2023-06,3310,3590,-7221,-6497,8.46
UAE_450,2023-07,3807,3496,-6209,-6308,-8.17
UAE_450,2023-08,32920,32148,-5353,-5293,-2.35
UAE_450,2023-09,4334,4030,-11223,-11679,-7.01
UAE_450,2023-10,4279,4493,-4477,-4837,5.0
UAE_450,2023-11,2626,2582,-2119,-2372,-1.68
UAE_450,2023-12,1392,1311,-5516,-5459,-5.82
UAE_450,2024-01,2239,2040,-9177,-10679,-8.89
UAE_450,2024-02,3077,2885,-4345,-4438,-6.24
UAE_450,2024-03,2903,3010,-7231,-7457,3.69
UAE_450,2024-04,11507,12211,-7100,-6610,6.12
UAE_450,2024-05,4944,4548,-5184,-5966,-8.01
UAE_450,2024-06,11252,10778,-5041,-4645,-4.21
UAE_450,2024-07,2033,1874,-8681,-8030,-7.82
UAE_450,2024-08,2425,2357,-5301,-5599,-2.8
UAE_450,2024-09,11227,10805,-11713,-11407,-3.76
UAE_450,2024-10,5008,5270,-9759,-10619,5.23
UAE_450,2024-11,2860,2690,-4887,-5107,-5.94
UAE_450,2024-12,8650,8877,-5507,-6053,2.62
UAE_450,2025-01,2544,2319,-2847,-2714,-8.84
UAE_450,2025-02,12000,11120,-7072,-7094,-7.33
UAE_450,2025-03,3687,3478,-11692,-10748,-5.67
UAE_450,2025-04,4116,4333,-9846,-8637,5.27
UAE_450,2025-05,2030,2132,-5179,-4506,5.02
UAE_450,2025-06,4559,4681,-6408,-5895,2.68
UAE_450,2025-07,4761,5021,-4490,-4865,5.46
UAE_450,2025-08,5284,5355,-7628,-7546,1.34
UAE_450,2025-09,34243,32625,-4152,-3900,-4.73
UAE_450,2025-10,4330,4225,-8475,-7603,-2.42
UAE_450,2025-11,4472,4333,-7278,-6833,-3.11
UAE_450,2025-12,4267,4181,-997,-872,-2.02
UAE_451,2023-01,4757,4966,-9230,-10311,4.39
UAE_451,2023-02,2127,2126,-5295,-6037,-0.05
UAE_451,2023-03,12798,11783,-9686,-10855,-7.93
UAE_451,2023-04,1555,1511,-6523,-7535,-2.83
UAE_451,2023-05,11623,11908,-11807,-12705,2.45
UAE_451,2023-06,3475,3541,-12718,-14643,1.9
UAE_451,2023-07,9682,9977,-8168,-7249,3.05
UAE_451,2023-08,7339,7835,-7520,-6592,6.76
UAE_451,2023-09,20356,20892,-3920,-4346,2.63
UAE_451,2023-10,5240,5450,-5713,-4996,4.01
UAE_451,2023-11,14189,13071,-10610,-10333,-7.88
UAE_451,2023-12,3770,3998,-3230,-3477,6.05
UAE_451,2024-01,2282,2079,-4700,-4606,-8.9
UAE_451,2024-02,4571,4822,-9047,-8083,5.49
UAE_451,2024-03,3359,3218,-2408,-2676,-4.2
UAE_451,2024-04,2408,2279,-6114,-5805,-5.36
UAE_451,2024-05,7204,7419,-12153,-11702,2.98
UAE_451,2024-06,31619,34194,-3311,-3629,8.14
UAE_451,2024-07,2794,2592,-7296,-6459,-7.23
UAE_451,2024-08,3912,4031,-3559,-3115,3.04
UAE_451,2024-09,7660,7656,-6639,-6986,-0.05
UAE_451,2024-10,2981,2856,-4441,-4991,-4.19
UAE_451,2024-11,4960,4827,-4077,-4019,-2.68
UAE_451,2024-12,3304,3557,-4505,-4287,7.66
UAE_451,2025-01,3038,3258,-10274,-11229,7.24
UAE_451,2025-02,2576,2852,-8916,-9596,10.71
UAE_451,2025-03,3597,3834,-8454,-9460,6.59
UAE_451,2025-04,8081,8442,-5832,-5348,4.47
UAE_451,2025-05,13702,14182,-2803,-3149,3.5
UAE_451,2025-06,5529,5963,-8991,-8012,7.85
UAE_451,2025-07,6925,6768,-9147,-8302,-2.27
UAE_451,2025-08,15792,16796,-11980,-11203,6.36
UAE_451,2025-09,8572,9074,-7903,-8777,5.86
UAE_451,2025-10,11190,12233,-6222,-7269,9.32
UAE_451,2025-11,2924,2729,-6660,-6060,-6.67
UAE_451,2025-12,4284,4502,-4218,-4538,5.09
UAE_452,2023-01,886,863,-2392,-2480,-2.6
UAE_452,2023-02,2229,2376,-1375,-1420,6.59
UAE_452,2023-03,2255,2452,-5328,-5946,8.74
UAE_452,2023-04,3085,2806,-6393,-5894,-9.04
UAE_452,2023-05,2460,2325,-4686,-5185,-5.49
UAE_452,2023-06,10562,11547,-5900,-5979,9.33
UAE_452,2023-07,4245,3912,-5167,-5910,-7.84
UAE_452,2023-08,3380,3421,-2468,-2221,1.21
UAE_452,2023-09,1155,1201,-7536,-8139,3.98
UAE_452,2023-10,1855,1807,-4246,-4728,-2.59
UAE_452,2023-11,1979,1881,-7518,-6619,-4.95
UAE_452,2023-12,2162,2182,-861,-886,0.93
UAE_452,2024-01,2817,2991,-5917,-5302,6.18
UAE_452,2024-02,2199,2242,-1645,-1633,1.96
UAE_452,2024-03,2193,2226,-4739,-4387,1.5
UAE_452,2024-04,3647,3317,-4756,-4211,-9.05
UAE_452,2024-05,2296,2301,-4411,-3879,0.22
UAE_452,2024-06,1734,1642,-5876,-6443,-5.31
UAE_452,2024-07,2025,2174,-3040,-3088,7.36
UAE_452,2024-08,2178,2031,-1954,-2053,-6.75
UAE_452,2024-09,3244,2974,-5251,-5355,-8.32
UAE_452,2024-10,2660,2824,-3316,-2940,6.17
UAE_452,2024-11,2783,2681,-6309,-5643,-3.67
UAE_452,2024-12,1056,1114,-3297,-3138,5.49
UAE_452,2025-01,1217,1169,-2036,-2318,-3.94
UAE_452,2025-02,2058,2172,-3552,-3109,5.54
UAE_452,2025-03,849,874,-3442,-3775,2.94
UAE_452,2025-04,4677,5060,-4933,-5255,8.19
UAE_452,2025-05,3082,3126,-6928,-7489,1.43
UAE_452,2025-06,4238,3872,-6541,-6675,-8.64
UAE_452,2025-07,7036,6991,-5005,-4813,-0.64
UAE_452,2025-08,2121,2026,-3986,-4118,-4.48
UAE_452,2025-09,2944,2714,-4156,-3848,-7.81
UAE_452,2025-10,2505,2417,-6725,-6929,-3.51
UAE_452,2025-11,1802,1813,-2115,-1966,0.61
UAE_452,2025-12,1329,1309,-2270,-2019,-1.5
UAE_453,2023-01,2217,2356,-2043,-1974,6.27
UAE_453,2023-02,1856,2044,-3686,-3244,10.13
UAE_453,2023-03,1645,1777,-2376,-2379,8.02
UAE_453,2023-04,2125,2000,-3741,-3538,-5.88
UAE_453,2023-05,1153,1122,-5703,-5548,-2.69
UAE_453,2023-06,1904,1796,-2683,-2921,-5.67
UAE_453,2023-07,1431,1583,-2957,-3265,10.62
UAE_453,2023-08,2113,2197,-8642,-9377,3.98
UAE_453,2023-09,1834,1734,-3458,-4069,-5.45
UAE_453,2023-10,2193,2211,-3968,-4273,0.82
UAE_453,2023-11,2075,1888,-1795,-1732,-9.01
UAE_453,2023-12,1571,1730,-2763,-2721,10.12
UAE_453,2024-01,2625,2392,-2368,-2607,-8.88
UAE_453,2024-02,1019,944,-5739,-5471,-7.36
UAE_453,2024-03,2777,2821,-739,-790,1.58
UAE_453,2024-04,1816,1815,-5855,-5194,-0.06
UAE_453,2024-05,1148,1230,-8855,-7743,7.14
UAE_453,2024-06,2896,2763,-1142,-1329,-4.59
UAE_453,2024-07,2365,2571,-4153,-4286,8.71
UAE_453,2024-08,3038,2937,-7355,-7025,-3.32
UAE_453,2024-09,1118,1167,-2782,-2536,4.38
UAE_453,2024-10,1932,1884,-4145,-4146,-2.48
UAE_453,2024-11,3159,3184,-5084,-4448,0.79
UAE_453,2024-12,1613,1684,-2071,-2296,4.4
UAE_453,2025-01,1078,1176,-4248,-4119,9.09
UAE_453,2025-02,1551,1440,-4869,-4707,-7.16
UAE_453,2025-03,3424,3144,-6135,-5560,-8.18
UAE_453,2025-04,3646,3365,-3823,-4474,-7.71
UAE_453,2025-05,1108,1042,-2539,-2433,-5.96
UAE_453,2025-06,3935,4170,-656,-644,5.97
UAE_453,2025-07,3653,3578,-3210,-3053,-2.05
UAE_453,2025-08,7014,7043,-4904,-5147,0.41
UAE_453,2025-09,4279,4074,-742,-699,-4.79
UAE_453,2025-10,2312,2430,-2757,-2488,5.1
UAE_453,2025-11,3312,3448,-4209,-4006,4.11
UAE_453,2025-12,2462,2277,-1848,-1678,-7.51
UAE_454,2023-01,2109,2206,-5900,-5876,4.6
UAE_454,2023-02,1912,1959,-3760,-3373,2.46
UAE_454,2023-03,1334,1396,-1511,-1446,4.65
UAE_454,2023-04,3157,2905,-2906,-3408,-7.98
UAE_454,2023-05,1005,1082,-7814,-7749,7.66
UAE_454,2023-06,2231,2296,-5340,-4779,2.91
UAE_454,2023-07,2306,2241,-5595,-6177,-2.82
UAE_454,2023-08,3160,3176,-7573,-8653,0.51
UAE_454,2023-09,1729,1859,-4552,-4422,7.52
UAE_454,2023-10,1940,2026,-6697,-7617,4.43
UAE_454,2023-11,2411,2465,-5955,-6172,2.24
UAE_454,2023-12,1252,1193,-3953,-3639,-4.71
UAE_454,2024-01,1144,1140,-5853,-5801,-0.35
UAE_454,2024-02,2182,2407,-3836,-3901,10.31
UAE_454,2024-03,2045,2001,-3130,-3253,-2.15
UAE_454,2024-04,1619,1706,-2834,-3075,5.37
UAE_454,2024-05,2154,2279,-7878,-6927,5.8
UAE_454,2024-06,2586,2710,-10364,-9316,4.8
UAE_454,2024-07,3985,3664,-3297,-2945,-8.06
UAE_454,2024-08,1661,1744,-6004,-6352,5.0
UAE_454,2024-09,2404,2655,-2721,-3010,10.44
UAE_454,2024-10,3688,3625,-4232,-4504,-1.71
UAE_454,2024-11,2976,2900,-5031,-5274,-2.55
UAE_454,2024-12,1621,1683,-1428,-1602,3.82
UAE_454,2025-01,1689,1871,-4140,-4752,10.78
UAE_454,2025-02,2466,2421,-6637,-6233,-1.82
UAE_454,2025-03,1386,1378,-2769,-3104,-0.58
UAE_454,2025-04,1568,1565,-2878,-2535,-0.19
UAE_454,2025-05,6121,5714,-5748,-6248,-6.65
UAE_454,2025-06,2661,2471,-4919,-4482,-7.14
UAE_454,2025-07,4331,4248,-5407,-5187,-1.92
UAE_454,2025-08,2662,2808,-6108,-5488,5.48
UAE_454,2025-09,4379,4616,-5606,-6191,5.41
UAE_454,2025-10,2787,2609,-1701,-1700,-6.39
UAE_454,2025-11,1602,1470,-7231,-6919,-8.24
UAE_454,2025-12,2134,2099,-2317,-2159,-1.64
UAE_455,2023-01,1247678,1369033,408641,372643,9.73
UAE_455,2023-02,1410023,1289018,441972,400329,-8.58
UAE_455,2023-03,1321055,1399139,437661,416721,5.91
UAE_455,2023-04,844132,899129,50297,50240,6.52
UAE_455,2023-05,895496,949499,177373,164053,6.03
UAE_455,2023-06,663320,663682,167132,158080,0.05
UAE_455,2023-07,1770359,1840337,443692,418459,3.95
UAE_455,2023-08,2087028,2106530,422802,418805,0.93
UAE_455,2023-09,807428,831418,162622,152108,2.97
UAE_455,2023-10,924589,971144,164636,168541,5.04
UAE_455,2023-11,727733,772990,129100,138744,6.22
UAE_455,2023-12,1639145,1774822,254887,266751,8.28
UAE_455,2024-01,586446,596487,110229,126570,1.71
UAE_455,2024-02,930063,865598,163705,152320,-6.93
UAE_455,2024-03,1278919,1236642,317145,292079,-3.31
UAE_455,2024-04,3059446,2819715,675548,742530,-7.84
UAE_455,2024-05,3626004,3868812,1094738,1001147,6.7
UAE_455,2024-06,6633355,6096014,989601,1076070,-8.1
UAE_455,2024-07,229542,220131,29811,27869,-4.1
UAE_455,2024-08,2511236,2377899,680537,657501,-5.31
UAE_455,2024-09,716941,671258,134548,153505,-6.37
UAE_455,2024-10,1845080,1771328,482811,423923,-4.0
UAE_455,2024-11,2781612,2996204,712414,663160,7.71
UAE_455,2024-12,1145132,1175800,294254,256517,2.68
UAE_455,2025-01,644865,613575,118698,122883,-4.85
UAE_455,2025-02,570480,572879,45387,43359,0.42
UAE_455,2025-03,580656,639012,78161,89054,10.05
UAE_455,2025-04,783927,783132,206170,229605,-0.1
UAE_455,2025-05,679427,681443,75993,87678,0.3
UAE_455,2025-06,1550076,1517646,374817,416376,-2.09
UAE_455,2025-07,2954066,2778209,680776,615224,-5.95
UAE_455,2025-08,3251797,3307517,425541,447778,1.71
UAE_455,2025-09,342399,334120,12636,11805,-2.42
UAE_455,2025-10,1577112,1671435,460549,497415,5.98
UAE_455,2025-11,1736345,1837955,445017,494910,5.85
UAE_455,2025-12,776815,826208,247974,238135,6.36
UAE_456,2023-01,819,784,-1351,-1456,-4.27
UAE_456,2023-02,2414,2368,-2239,-2440,-1.91
UAE_456,2023-03,891,830,-4872,-4548,-6.85
UAE_456,2023-04,2466,2362,-7733,-7195,-4.22
UAE_456,2023-05,1339,1414,-2563,-2708,5.6
UAE_456,2023-06,1895,1985,-2542,-2719,4.75
UAE_456,2023-07,1492,1619,-8356,-8754,8.51
UAE_456,2023-08,2686,2937,-1848,-1655,9.34
UAE_456,2023-09,842,893,-3159,-2969,6.06
UAE_456,2023-10,2456,2275,-4374,-4683,-7.37
UAE_456,2023-11,1339,1321,-6666,-6057,-1.34
UAE_456,2023-12,1160,1187,-1504,-1590,2.33
UAE_456,2024-01,2861,2643,-2094,-1932,-7.62
UAE_456,2024-02,2605,2454,-2209,-1962,-5.8
UAE_456,2024-03,1343,1405,-3514,-3797,4.62
UAE_456,2024-04,3152,3336,-4543,-4477,5.84
UAE_456,2024-05,3578,3309,-3114,-3594,-7.52
UAE_456,2024-06,1249,1263,-8907,-7840,1.12
UAE_456,2024-07,3176,3057,-3205,-3316,-3.75
UAE_456,2024-08,3603,3782,-2544,-2232,4.97
UAE_456,2024-09,1083,1107,-3067,-3186,2.22
UAE_456,2024-10,2453,2602,-2378,-2364,6.07
UAE_456,2024-11,1566,1528,-5234,-5680,-2.43
UAE_456,2024-12,2709,2877,-5493,-5378,6.2
UAE_456,2025-01,926,891,-2045,-2206,-3.78
UAE_456,2025-02,1446,1534,-5741,-6104,6.09
UAE_456,2025-03,1945,1780,-6609,-6771,-8.48
UAE_456,2025-04,1940,1993,-4118,-3895,2.73
UAE_456,2025-05,3259,3171,-3596,-3216,-2.7
UAE_456,2025-06,1259,1390,-4106,-3654,10.41
UAE_456,2025-07,3203,3120,-5263,-5713,-2.59
UAE_456,2025-08,3180,3433,-6488,-5922,7.96
UAE_456,2025-09,1537,1513,-3290,-3327,-1.56
UAE_456,2025-10,3362,3347,-5147,-5424,-0.45
UAE_456,2025-11,3206,3227,-944,-967,0.66
UAE_456,2025-12,2999,2787,-1157,-1161,-7.07
UAE_457,2023-01,1015,1040,-3124,-3305,2.46
UAE_457,2023-02,1407,1485,-5504,-6278,5.54
UAE_457,2023-03,1738,1684,-3500,-3668,-3.11
UAE_457,2023-04,6260,6105,-6624,-6080,-2.48
UAE_457,2023-05,3066,2935,-5883,-5669,-4.27
UAE_457,2023-06,4341,4029,-5349,-4660,-7.19
UAE_457,2023-07,1582,1649,-2559,-2569,4.24
UAE_457,2023-08,4383,4566,-4959,-5530,4.18
UAE_457,2023-09,2346,2151,-4765,-4308,-8.31
UAE_457,2023-10,5649,5311,-5026,-4484,-5.98
UAE_457,2023-11,1858,1930,-1557,-1481,3.88
UAE_457,2023-12,3039,2994,-4120,-4428,-1.48
UAE_457,2024-01,1495,1489,-5967,-6837,-0.4
UAE_457,2024-02,1100,1159,-5240,-5300,5.36
UAE_457,2024-03,2405,2469,-4017,-3680,2.66
UAE_457,2024-04,1975,2032,-5741,-5791,2.89
UAE_457,2024-05,3202,3042,-5151,-5158,-5.0
UAE_457,2024-06,4133,3964,-5838,-5079,-4.09
UAE_457,2024-07,5872,6063,-3979,-4512,3.25
UAE_457,2024-08,4086,4348,-4535,-4632,6.41
UAE_457,2024-09,3285,3234,-10690,-9372,-1.55
UAE_457,2024-10,3303,3099,-3464,-3219,-6.18
UAE_457,2024-11,1334,1257,-7991,-6956,-5.77
UAE_457,2024-12,8367,8420,-4774,-4344,0.63
UAE_457,2025-01,2903,3161,-5429,-4897,8.89
UAE_457,2025-02,945,1017,-1719,-1740,7.62
UAE_457,2025-03,2576,2732,-3751,-4349,6.06
UAE_457,2025-04,3342,3311,-2871,-2776,-0.93
UAE_457,2025-05,5789,5446,-7984,-8546,-5.93
UAE_457,2025-06,4339,4206,-4792,-4432,-3.07
UAE_457,2025-07,1948,1888,-4364,-4160,-3.08
UAE_457,2025-08,1759,1698,-8311,-7902,-3.47
UAE_457,2025-09,1901,2106,-1470,-1549,10.78
UAE_457,2025-10,3517,3905,-8498,-7717,11.03
UAE_457,2025-11,3944,4057,-1135,-1159,2.87
UAE_457,2025-12,2790,3008,-2665,-2400,7.81
UAE_458,2023-01,1449,1511,-7635,-6800,4.28
UAE_458,2023-02,1983,1948,-2233,-2334,-1.77
UAE_458,2023-03,1139,1194,-3084,-3165,4.83
UAE_458,2023-04,1663,1639,-4920,-4642,-1.44
UAE_458,2023-05,2916,2788,-6894,-6976,-4.39
UAE_458,2023-06,4874,5048,-9622,-9919,3.57
UAE_458,2023-07,9619,9915,-8915,-10176,3.08
UAE_458,2023-08,3504,3325,-6558,-7165,-5.11
UAE_458,2023-09,3022,3158,-5780,-5926,4.5
UAE_458,2023-10,2076,1966,-2912,-2720,-5.3
UAE_458,2023-11,1688,1849,-8719,-8859,9.54
UAE_458,2023-12,3644,3644,-1068,-951,0.0
UAE_458,2024-01,1838,1763,-6927,-7065,-4.08
UAE_458,2024-02,2313,2438,-7983,-9257,5.4
UAE_458,2024-03,3186,3276,-2612,-2749,2.82
UAE_458,2024-04,4455,4140,-6720,-5912,-7.07
UAE_458,2024-05,2420,2402,-3600,-3543,-0.74
UAE_458,2024-06,6171,5722,-6806,-6624,-7.28
UAE_458,2024-07,5147,4997,-2693,-2524,-2.91
UAE_458,2024-08,7385,7180,-8226,-8671,-2.78
UAE_458,2024-09,5995,6237,-9548,-9705,4.04
UAE_458,2024-10,1645,1517,-1790,-2092,-7.78
UAE_458,2024-11,1932,1809,-1953,-1863,-6.37
UAE_458,2024-12,2273,2187,-5654,-6581,-3.78
UAE_458,2025-01,2480,2317,-3419,-3043,-6.57
UAE_458,2025-02,2482,2307,-7886,-7198,-7.05
UAE_458,2025-03,1808,1682,-5982,-6360,-6.97
UAE_458,2025-04,13339,13708,-7552,-7522,2.77
UAE_458,2025-05,11687,11016,-4913,-4540,-5.74
UAE_458,2025-06,12320,13341,-4543,-4719,8.29
UAE_458,2025-07,6545,6740,-11178,-9996,2.98
UAE_458,2025-08,14775,14163,-6470,-6010,-4.14
UAE_458,2025-09,3551,3257,-7652,-7461,-8.28
UAE_458,2025-10,3854,3776,-3994,-3921,-2.02
UAE_458,2025-11,3298,3296,-3159,-3237,-0.06
UAE_458,2025-12,2047,2101,-8456,-7818,2.64
UAE_459,2023-01,1968,1868,-3732,-4229,-5.08
UAE_459,2023-02,1208,1215,-3489,-3654,0.58
UAE_459,2023-03,2782,2714,-4703,-4391,-2.44
UAE_459,2023-04,1876,1745,-2547,-2423,-6.98
UAE_459,2023-05,1774,1740,-4969,-4877,-1.92
UAE_459,2023-06,1877,1830,-7580,-7474,-2.5
UAE_459,2023-07,1066,1117,-6000,-5394,4.78
UAE_459,2023-08,2405,2559,-5906,-5171,6.4
UAE_459,2023-09,1465,1405,-7104,-8029,-4.1
UAE_459,2023-10,2036,2092,-2069,-1811,2.75
UAE_459,2023-11,1899,1819,-3939,-4016,-4.21
UAE_459,2023-12,2135,2172,-3684,-3554,1.73
UAE_459,2024-01,5567,5328,-4133,-4339,-4.29
UAE_459,2024-02,1604,1512,-1981,-1789,-5.74
UAE_459,2024-03,1272,1396,-6130,-6376,9.75
UAE_459,2024-04,1188,1295,-7063,-8147,9.01
UAE_459,2024-05,1798,1918,-1633,-1685,6.67
UAE_459,2024-06,1054,997,-7737,-8453,-5.41
UAE_459,2024-07,2308,2282,-3650,-4053,-1.13
UAE_459,2024-08,4951,5168,-6198,-6638,4.38
UAE_459,2024-09,2670,2897,-6817,-6776,8.5
UAE_459,2024-10,1373,1311,-2001,-1956,-4.52
UAE_459,2024-11,1438,1376,-5989,-6311,-4.31
UAE_459,2024-12,1168,1235,-3662,-3335,5.74
UAE_459,2025-01,1442,1497,-4717,-4769,3.81
UAE_459,2025-02,1206,1267,-3211,-3113,5.06
UAE_459,2025-03,1793,1949,-5125,-4573,8.7
UAE_459,2025-04,2644,2708,-3901,-3617,2.42
UAE_459,2025-05,2125,2104,-4662,-4628,-0.99
UAE_459,2025-06,1070,1072,-9524,-9662,0.19
UAE_459,2025-07,1881,1766,-1529,-1478,-6.11
UAE_459,2025-08,7820,7930,-4665,-4827,1.41
UAE_459,2025-09,3962,3618,-4589,-4468,-8.68
UAE_459,2025-10,2525,2345,-3291,-3733,-7.13
UAE_459,2025-11,2519,2319,-2753,-2984,-7.94
UAE_459,2025-12,2895,2761,-6186,-6222,-4.63
UAE_460,2023-01,11464,12335,-10181,-11936,7.6
UAE_460,2023-02,6501,6743,-18713,-17919,3.72
UAE_460,2023-03,7997,7878,-9473,-10985,-1.49
UAE_460,2023-04,55687,54911,467,449,-1.39
UAE_460,2023-05,18572,18673,-21023,-20083,0.54
UAE_460,2023-06,68943,69237,-16898,-16238,0.43
UAE_460,2023-07,14070,13726,-4087,-4272,-2.44
UAE_460,2023-08,7533,8166,-5660,-5316,8.4
UAE_460,2023-09,11309,12338,-14334,-12903,9.1
UAE_460,2023-10,42600,46114,2805,2609,8.25
UAE_460,2023-11,21877,22165,-11793,-13132,1.32
UAE_460,2023-12,44403,46051,-12537,-13677,3.71
UAE_460,2024-01,33928,36238,-4178,-4131,6.81
UAE_460,2024-02,25288,25027,-15283,-16460,-1.03
UAE_460,2024-03,48837,52320,-12049,-12475,7.13
UAE_460,2024-04,14667,15434,-3603,-4110,5.23
UAE_460,2024-05,25732,26404,-3853,-4404,2.61
UAE_460,2024-06,43934,43734,-6957,-6289,-0.46
UAE_460,2024-07,67699,72101,-680,-699,6.5
UAE_460,2024-08,18705,17907,-13399,-14459,-4.27
UAE_460,2024-09,94918,90152,-3128,-2910,-5.02
UAE_460,2024-10,27103,25315,-530,-551,-6.6
UAE_460,2024-11,93451,92079,-7731,-7374,-1.47
UAE_460,2024-12,5421,5433,-7074,-7959,0.22
UAE_460,2025-01,9371,9851,-2681,-2818,5.12
UAE_460,2025-02,32690,30811,-6818,-6207,-5.75
UAE_460,2025-03,30493,33770,-8849,-9506,10.75
UAE_460,2025-04,23661,22905,-2184,-2025,-3.2
UAE_460,2025-05,8633,8760,-4494,-4707,1.47
UAE_460,2025-06,24777,26714,-2167,-2399,7.82
UAE_460,2025-07,41346,38857,-7739,-6841,-6.02
UAE_460,2025-08,75645,81982,-3031,-3179,8.38
UAE_460,2025-09,46201,50031,-20597,-20571,8.29
UAE_460,2025-10,22929,22850,-18678,-17433,-0.34
UAE_460,2025-11,66733,62459,-7141,-6894,-6.4
UAE_460,2025-12,14857,14932,-3972,-3491,0.5
UAE_461,2023-01,1812,1707,-4000,-4662,-5.79
UAE_461,2023-02,2063,2128,-1326,-1263,3.15
UAE_461,2023-03,1789,1739,-5674,-4997,-2.79
UAE_461,2023-04,1601,1777,-2404,-2508,10.99
UAE_461,2023-05,2008,2108,-4818,-4511,4.98
UAE_461,2023-06,1947,2105,-5990,-5817,8.12
UAE_461,2023-07,3536,3663,-8810,-7981,3.59
UAE_461,2023-08,1165,1270,-4281,-3997,9.01
UAE_461,2023-09,2280,2490,-2859,-3340,9.21
UAE_461,2023-10,3700,3737,-6953,-6435,1.0
UAE_461,2023-11,1673,1560,-3683,-3858,-6.75
UAE_461,2023-12,1325,1378,-4690,-5119,4.0
UAE_461,2024-01,1221,1319,-2765,-3227,8.03
UAE_461,2024-02,2488,2449,-5622,-5475,-1.57
UAE_461,2024-03,2692,2793,-580,-507,3.75
UAE_461,2024-04,2311,2461,-5955,-6202,6.49
UAE_461,2024-05,1329,1261,-3074,-2922,-5.12
UAE_461,2024-06,1083,1201,-4850,-4524,10.9
UAE_461,2024-07,1697,1820,-3692,-3645,7.25
UAE_461,2024-08,1757,1688,-3292,-3385,-3.93
UAE_461,2024-09,3193,3032,-7283,-7856,-5.04
UAE_461,2024-10,6264,6485,-4218,-3900,3.53
UAE_461,2024-11,2501,2666,-5231,-5176,6.6
UAE_461,2024-12,829,821,-6439,-6310,-0.97
UAE_461,2025-01,1876,1979,-4260,-4417,5.49
UAE_461,2025-02,2299,2410,-4733,-4648,4.83
UAE_461,2025-03,1971,2037,-5555,-5279,3.35
UAE_461,2025-04,2022,2166,-1095,-1112,7.12
UAE_461,2025-05,2989,3123,-5886,-6227,4.48
UAE_461,2025-06,2623,2389,-1352,-1480,-8.92
UAE_461,2025-07,2417,2431,-1313,-1292,0.58
UAE_461,2025-08,2450,2318,-5130,-4802,-5.39
UAE_461,2025-09,3732,3545,-3777,-4414,-5.01
UAE_461,2025-10,2349,2167,-6538,-7251,-7.75
UAE_461,2025-11,2046,2091,-6454,-6256,2.2
UAE_461,2025-12,2372,2558,-3124,-2800,7.84
UAE_462,2023-01,4474,4584,-3339,-3120,2.46
UAE_462,2023-02,13083,14367,-11296,-11162,9.81
UAE_462,2023-03,8847,8132,-9507,-10255,-8.08
UAE_462,2023-04,12430,12130,-12985,-14425,-2.41
UAE_462,2023-05,14093,13943,-12255,-11198,-1.06
UAE_462,2023-06,76411,70413,1585,1614,-7.85
UAE_462,2023-07,12144,11875,-9378,-8538,-2.22
UAE_462,2023-08,67823,67176,-9638,-9251,-0.95
UAE_462,2023-09,21610,19749,-11687,-10903,-8.61
UAE_462,2023-10,10180,10908,-4407,-4473,7.15
UAE_462,2023-11,7905,8372,-8525,-7793,5.91
UAE_462,2023-12,8770,8815,-11026,-11538,0.51
UAE_462,2024-01,9866,10745,-13359,-15230,8.91
UAE_462,2024-02,30959,30445,-4669,-4662,-1.66
UAE_462,2024-03,6808,7120,-4493,-4222,4.58
UAE_462,2024-04,13659,13841,-16754,-15628,1.33
UAE_462,2024-05,8501,9298,-4611,-4375,9.38
UAE_462,2024-06,4070,3734,-9132,-8839,-8.26
UAE_462,2024-07,4492,4618,-6321,-5866,2.8
UAE_462,2024-08,7002,7126,-6791,-6327,1.77
UAE_462,2024-09,15671,15489,-9965,-8706,-1.16
UAE_462,2024-10,7827,8008,-6346,-6435,2.31
UAE_462,2024-11,14273,15318,-10995,-10650,7.32
UAE_462,2024-12,25087,24133,-8199,-8003,-3.8
UAE_462,2025-01,4402,4537,-7347,-7163,3.07
UAE_462,2025-02,8783,9026,-14280,-13648,2.77
UAE_462,2025-03,34729,33767,-8596,-9098,-2.77
UAE_462,2025-04,10179,9786,-6788,-7859,-3.86
UAE_462,2025-05,23601,21460,-12737,-11777,-9.07
UAE_462,2025-06,43992,48027,-18486,-17166,9.17
UAE_462,2025-07,46301,50256,846,949,8.54
UAE_462,2025-08,38604,35441,-13242,-15392,-8.19
UAE_462,2025-09,62727,58351,-2176,-2302,-6.98
UAE_462,2025-10,15408,14862,-18364,-16655,-3.54
UAE_462,2025-11,17884,16893,-6130,-6903,-5.54
UAE_462,2025-12,31550,31005,-9059,-10645,-1.73
UAE_463,2023-01,1731,1789,-3318,-3170,3.35
UAE_463,2023-02,3719,3831,-1945,-2039,3.01
UAE_463,2023-03,3596,3327,-4534,-4176,-7.48
UAE_463,2023-04,1943,2046,-4178,-4136,5.3
UAE_463,2023-05,9723,9767,-9655,-10690,0.45
UAE_463,2023-06,3023,3157,-5608,-6494,4.43
UAE_463,2023-07,5946,5962,-14512,-12904,0.27
UAE_463,2023-08,17848,17055,-11231,-10406,-4.44
UAE_463,2023-09,9749,9461,-11295,-9965,-2.95
UAE_463,2023-10,27050,24908,-1180,-1098,-7.92
UAE_463,2023-11,2678,2936,-4891,-4862,9.63
UAE_463,2023-12,3697,3561,-2380,-2591,-3.68
UAE_463,2024-01,1386,1395,-10402,-9834,0.65
UAE_463,2024-02,3945,4169,-3146,-2839,5.68
UAE_463,2024-03,9626,8863,-8478,-7689,-7.93
UAE_463,2024-04,16284,14989,-4579,-4518,-7.95
UAE_463,2024-05,12343,11250,-6801,-6583,-8.86
UAE_463,2024-06,8983,9592,-8942,-7824,6.78
UAE_463,2024-07,5403,5914,-5593,-5195,9.46
UAE_463,2024-08,13026,11931,-4742,-5078,-8.41
UAE_463,2024-09,20754,20806,-8945,-8026,0.25
UAE_463,2024-10,2811,2677,-4311,-4704,-4.77
UAE_463,2024-11,4462,4149,-5063,-4539,-7.01
UAE_463,2024-12,1843,1778,-1978,-1739,-3.53
UAE_463,2025-01,2617,2785,-3104,-2991,6.42
UAE_463,2025-02,18464,19220,-5264,-5891,4.09
UAE_463,2025-03,1334,1450,-3967,-3842,8.7
UAE_463,2025-04,5106,4808,-2956,-2891,-5.84
UAE_463,2025-05,7422,7263,-6764,-6789,-2.14
UAE_463,2025-06,2549,2436,-2944,-2914,-4.43
UAE_463,2025-07,3922,4020,-3531,-3604,2.5
UAE_463,2025-08,5512,5999,-4020,-4342,8.84
UAE_463,2025-09,21444,20844,-3872,-3632,-2.8
UAE_463,2025-10,2877,2947,-3577,-4009,2.43
UAE_463,2025-11,2017,2237,-8269,-8575,10.91
UAE_463,2025-12,9701,10476,-8496,-7547,7.99
UAE_464,2023-01,4459,4631,-2931,-2843,3.86
UAE_464,2023-02,4100,3916,-2663,-3116,-4.49
UAE_464,2023-03,3987,4012,-3806,-4461,0.63
UAE_464,2023-04,1348,1371,-4526,-4877,1.71
UAE_464,2023-05,3758,3960,-7806,-7287,5.38
UAE_464,2023-06,6098,5729,-5732,-6252,-6.05
UAE_464,2023-07,3953,3976,-8105,-9220,0.58
UAE_464,2023-08,11453,10841,-9014,-8773,-5.34
UAE_464,2023-09,6870,6694,-5086,-5873,-2.56
UAE_464,2023-10,10100,9478,-8446,-9697,-6.16
UAE_464,2023-11,2474,2409,-5417,-4845,-2.63
UAE_464,2023-12,1793,1836,-3641,-3418,2.4
UAE_464,2024-01,5375,5376,-7491,-8623,0.02
UAE_464,2024-02,2550,2574,-1550,-1503,0.94
UAE_464,2024-03,1978,1860,-6152,-5467,-5.97
UAE_464,2024-04,2014,1850,-7096,-7916,-8.14
UAE_464,2024-05,17455,17574,-3360,-3306,0.68
UAE_464,2024-06,15211,14519,-10319,-9530,-4.55
UAE_464,2024-07,12069,11241,-5153,-5162,-6.86
UAE_464,2024-08,5267,5344,-5120,-5772,1.46
UAE_464,2024-09,4669,4363,-1649,-1455,-6.55
UAE_464,2024-10,3337,3607,-3381,-3594,8.09
UAE_464,2024-11,14434,14450,-8025,-9197,0.11
UAE_464,2024-12,2780,2802,-3429,-3327,0.79
UAE_464,2025-01,3355,3212,-6260,-5851,-4.26
UAE_464,2025-02,1183,1224,-8689,-8533,3.47
UAE_464,2025-03,6380,6358,-6770,-7723,-0.34
UAE_464,2025-04,4891,4573,-6114,-5488,-6.5
UAE_464,2025-05,5777,6001,-6524,-6009,3.88
UAE_464,2025-06,5376,5298,-7762,-7242,-1.45
UAE_464,2025-07,3037,2922,-7423,-7014,-3.79
UAE_464,2025-08,16464,17651,-9162,-9308,7.21
UAE_464,2025-09,1954,2060,-2256,-2549,5.42
UAE_464,2025-10,5214,5774,-1779,-1893,10.74
UAE_464,2025-11,8149,8662,-7183,-6869,6.3
UAE_464,2025-12,2115,2054,-5385,-5671,-2.88
UAE_465,2023-01,2470,2448,-2494,-2858,-0.89
UAE_465,2023-02,1262,1205,-5802,-6000,-4.52
UAE_465,2023-03,923,954,-4243,-4363,3.36
UAE_465,2023-04,2060,1917,-1904,-2171,-6.94
UAE_465,2023-05,2462,2520,-3158,-2750,2.36
UAE_465,2023-06,2163,2184,-6938,-6089,0.97
UAE_465,2023-07,3228,3156,-4897,-5497,-2.23
UAE_465,2023-08,4061,3833,-5917,-6074,-5.61
UAE_465,2023-09,1752,1899,-2645,-2622,8.39
UAE_465,2023-10,2920,2761,-7145,-6965,-5.45
UAE_465,2023-11,1749,1850,-6596,-6015,5.77
UAE_465,2023-12,2250,2109,-5284,-4987,-6.27
UAE_465,2024-01,3126,3088,-6482,-6458,-1.22
UAE_465,2024-02,3258,3304,-5590,-5419,1.41
UAE_465,2024-03,1268,1293,-5319,-4694,1.97
UAE_465,2024-04,5452,5493,-5201,-4991,0.75
UAE_465,2024-05,3900,3647,-3610,-3807,-6.49
UAE_465,2024-06,2709,2700,-5989,-5543,-0.33
UAE_465,2024-07,3956,3775,-2709,-2610,-4.58
UAE_465,2024-08,3386,3725,-6301,-5551,10.01
UAE_465,2024-09,1798,1767,-2403,-2332,-1.72
UAE_465,2024-10,2609,2734,-5362,-5556,4.79
UAE_465,2024-11,6392,6456,-5698,-6634,1.0
UAE_465,2024-12,1247,1280,-1878,-2172,2.65
UAE_465,2025-01,2480,2553,-4330,-4920,2.94
UAE_465,2025-02,4185,3922,-5621,-6253,-6.28
UAE_465,2025-03,3073,2893,-7694,-7473,-5.86
UAE_465,2025-04,7746,7154,-7608,-7553,-7.64
UAE_465,2025-05,3592,3499,-6096,-5976,-2.59
UAE_465,2025-06,4597,4550,-5806,-6623,-1.02
UAE_465,2025-07,3833,3497,-7257,-6357,-8.77
UAE_465,2025-08,21520,20628,-2546,-2729,-4.14
UAE_465,2025-09,1891,2065,-4490,-5011,9.2
UAE_465,2025-10,4714,4428,-1734,-1718,-6.07
UAE_465,2025-11,2454,2301,-4789,-5496,-6.23
UAE_465,2025-12,3132,3165,-7207,-6958,1.05
UAE_466,2023-01,35769,35563,-19421,-22698,-0.58
UAE_466,2023-02,8963,8542,-5882,-6884,-4.7
UAE_466,2023-03,38613,38994,-18515,-19044,0.99
UAE_466,2023-04,87492,91010,-8368,-8298,4.02
UAE_466,2023-05,48616,48286,-2223,-1988,-0.68
UAE_466,2023-06,79993,79368,-6896,-6248,-0.78
UAE_466,2023-07,356196,333587,22813,21715,-6.35
UAE_466,2023-08,72738,76463,-22271,-23089,5.12
UAE_466,2023-09,119471,122963,12244,11190,2.92
UAE_466,2023-10,215274,232324,15141,16337,7.92
UAE_466,2023-11,53683,56775,-2766,-2724,5.76
UAE_466,2023-12,19009,20214,-8889,-8376,6.34
UAE_466,2024-01,61320,56679,-1559,-1696,-7.57
UAE_466,2024-02,13039,13131,-8299,-8934,0.71
UAE_466,2024-03,147892,139862,21993,20737,-5.43
UAE_466,2024-04,11881,12234,-11537,-10985,2.97
UAE_466,2024-05,85186,87563,-28777,-29775,2.79
UAE_466,2024-06,54768,53536,-30588,-28019,-2.25
UAE_466,2024-07,104689,102659,-11941,-12081,-1.94
UAE_466,2024-08,141914,148395,9245,10070,4.57
UAE_466,2024-09,49310,51224,-11773,-10935,3.88
UAE_466,2024-10,38517,40370,-4005,-4287,4.81
UAE_466,2024-11,37583,38141,-12555,-11784,1.48
UAE_466,2024-12,114530,126033,5734,5036,10.04
UAE_466,2025-01,31274,32091,-20145,-19932,2.61
UAE_466,2025-02,121805,119503,8269,8813,-1.89
UAE_466,2025-03,150498,137272,-1884,-1752,-8.79
UAE_466,2025-04,45773,45948,-16472,-17889,0.38
UAE_466,2025-05,105892,111214,-13328,-12465,5.03
UAE_466,2025-06,384211,381808,37966,42102,-0.63
UAE_466,2025-07,43363,41374,-9322,-10173,-4.59
UAE_466,2025-08,92914,88039,2567,2268,-5.25
UAE_466,2025-09,89300,98859,-20463,-19915,10.7
UAE_466,2025-10,46959,48561,-10750,-9397,3.41
UAE_466,2025-11,35448,33592,-4846,-5403,-5.24
UAE_466,2025-12,21551,22989,-8842,-10217,6.67
UAE_467,2023-01,1080,1121,-2956,-2824,3.8
UAE_467,2023-02,2347,2296,-3726,-3440,-2.17
UAE_467,2023-03,2445,2375,-1769,-1816,-2.86
UAE_467,2023-04,1323,1354,-5126,-5592,2.34
UAE_467,2023-05,2391,2429,-3609,-3722,1.59
UAE_467,2023-06,2937,3139,-7706,-8027,6.88
UAE_467,2023-07,2919,2661,-6133,-5679,-8.84
UAE_467,2023-08,3276,3588,-4332,-3910,9.52
UAE_467,2023-09,2622,2661,-4718,-5482,1.49
UAE_467,2023-10,1431,1329,-1965,-1843,-7.13
UAE_467,2023-11,2622,2444,-3581,-3313,-6.79
UAE_467,2023-12,1242,1315,-2911,-2778,5.88
UAE_467,2024-01,2305,2296,-1133,-1040,-0.39
UAE_467,2024-02,1124,1130,-3155,-3293,0.53
UAE_467,2024-03,1580,1670,-6512,-6372,5.7
UAE_467,2024-04,1419,1334,-4960,-4887,-5.99
UAE_467,2024-05,3253,3348,-5999,-5555,2.92
UAE_467,2024-06,9355,8791,-7185,-6541,-6.03
UAE_467,2024-07,2363,2588,-2075,-2144,9.52
UAE_467,2024-08,2789,2549,-6871,-6117,-8.61
UAE_467,2024-09,2778,2764,-3678,-3798,-0.5
UAE_467,2024-10,2604,2763,-3358,-3545,6.11
UAE_467,2024-11,1551,1423,-6269,-6604,-8.25
UAE_467,2024-12,892,861,-5251,-4679,-3.48
UAE_467,2025-01,2527,2551,-4547,-4483,0.95
UAE_467,2025-02,2874,2859,-5100,-5094,-0.52
UAE_467,2025-03,1167,1232,-1460,-1280,5.57
UAE_467,2025-04,2908,2811,-4843,-4905,-3.34
UAE_467,2025-05,5548,5857,-6726,-5871,5.57
UAE_467,2025-06,1404,1556,-6653,-7689,10.83
UAE_467,2025-07,1294,1190,-8940,-8874,-8.04
UAE_467,2025-08,1754,1731,-2931,-2645,-1.31
UAE_467,2025-09,2967,2919,-6234,-7106,-1.62
UAE_467,2025-10,1881,1836,-1650,-1481,-2.39
UAE_467,2025-11,1107,1156,-4036,-3608,4.43
UAE_467,2025-12,2804,3074,-4796,-5031,9.63
UAE_468,2023-01,2399,2219,-6209,-6347,-7.5
UAE_468,2023-02,1516,1675,-2122,-2397,10.49
UAE_468,2023-03,877,898,-4548,-4031,2.39
UAE_468,2023-04,2645,2807,-2469,-2783,6.12
UAE_468,2023-05,1449,1400,-5011,-4876,-3.38
UAE_468,2023-06,2905,2790,-5911,-6307,-3.96
UAE_468,2023-07,2327,2340,-4819,-4678,0.56
UAE_468,2023-08,1202,1119,-4574,-4666,-6.91
UAE_468,2023-09,1336,1260,-5290,-5012,-5.69
UAE_468,2023-10,2894,3051,-3668,-3194,5.43
UAE_468,2023-11,1991,2063,-892,-989,3.62
UAE_468,2023-12,1693,1694,-3797,-3458,0.06
UAE_468,2024-01,1116,1131,-3662,-4094,1.34
UAE_468,2024-02,833,876,-1742,-2024,5.16
UAE_468,2024-03,1220,1285,-3599,-3429,5.33
UAE_468,2024-04,1590,1494,-5871,-5536,-6.04
UAE_468,2024-05,2852,2940,-5159,-4930,3.09
UAE_468,2024-06,2694,2768,-6117,-5791,2.75
UAE_468,2024-07,3740,3533,-1373,-1552,-5.53
UAE_468,2024-08,3737,3600,-1881,-2137,-3.67
UAE_468,2024-09,3297,3506,-5522,-5199,6.34
UAE_468,2024-10,1101,1039,-5105,-4752,-5.63
UAE_468,2024-11,2233,2050,-3615,-3795,-8.2
UAE_468,2024-12,2065,1982,-5017,-4379,-4.02
UAE_468,2025-01,1518,1461,-5470,-6232,-3.75
UAE_468,2025-02,4804,4617,-5223,-5501,-3.89
UAE_468,2025-03,1009,1066,-5352,-4939,5.65
UAE_468,2025-04,2596,2465,-3492,-3980,-5.05
UAE_468,2025-05,3059,3223,-2514,-2205,5.36
UAE_468,2025-06,1264,1211,-5192,-4561,-4.19
UAE_468,2025-07,2281,2357,-4921,-4523,3.33
UAE_468,2025-08,2737,2890,-3810,-4266,5.59
UAE_468,2025-09,3598,3946,-3755,-3867,9.67
UAE_468,2025-10,1622,1802,-1503,-1677,11.1
UAE_468,2025-11,1311,1380,-1506,-1543,5.26
UAE_468,2025-12,2277,2384,-4106,-3864,4.7
UAE_469,2023-01,2610,2703,-3509,-3799,3.56
UAE_469,2023-02,2911,2685,-5745,-6231,-7.76
UAE_469,2023-03,3281,3236,-4084,-3889,-1.37
UAE_469,2023-04,2095,2146,-3204,-3403,2.43
UAE_469,2023-05,3864,3580,-2894,-2563,-7.35
UAE_469,2023-06,2855,3077,-8024,-8831,7.78
UAE_469,2023-07,4767,4388,-2720,-2578,-7.95
UAE_469,2023-08,19962,18188,-3962,-3980,-8.89
UAE_469,2023-09,1920,1936,-6882,-6881,0.83
UAE_469,2023-10,2051,2188,-3354,-3623,6.68
UAE_469,2023-11,2251,2255,-3645,-3961,0.18
UAE_469,2023-12,889,849,-3434,-3916,-4.5
UAE_469,2024-01,2320,2187,-6977,-6226,-5.73
UAE_469,2024-02,4891,4451,-3870,-3590,-9.0
UAE_469,2024-03,1435,1523,-6096,-5932,6.13
UAE_469,2024-04,4145,3914,-3100,-3209,-5.57
UAE_469,2024-05,4039,3846,-1350,-1357,-4.78
UAE_469,2024-06,3178,3067,-1507,-1683,-3.49
UAE_469,2024-07,2303,2431,-5377,-4903,5.56
UAE_469,2024-08,2061,2141,-6357,-6236,3.88
UAE_469,2024-09,4140,4306,-1949,-2011,4.01
UAE_469,2024-10,2598,2511,-4462,-4472,-3.35
UAE_469,2024-11,1938,1812,-8492,-7948,-6.5
UAE_469,2024-12,1523,1475,-3596,-3779,-3.15
UAE_469,2025-01,1382,1527,-6201,-6199,10.49
UAE_469,2025-02,1930,1813,-3718,-3237,-6.06
UAE_469,2025-03,3282,3454,-4841,-4609,5.24
UAE_469,2025-04,2423,2624,-3419,-3532,8.3
UAE_469,2025-05,5196,4745,-1140,-1219,-8.68
UAE_469,2025-06,1999,2129,-2777,-3232,6.5
UAE_469,2025-07,5252,4968,-6323,-6980,-5.41
UAE_469,2025-08,3974,3741,-6901,-6738,-5.86
UAE_469,2025-09,2577,2478,-3299,-2901,-3.84
UAE_469,2025-10,1856,2024,-4246,-4271,9.05
UAE_469,2025-11,3108,2951,-4968,-4456,-5.05
UAE_469,2025-12,2215,2073,-3749,-4067,-6.41
UAE_470,2023-01,19624,20683,-12555,-11770,5.4
UAE_470,2023-02,153704,143330,1723,1911,-6.75
UAE_470,2023-03,56564,52631,-16614,-15954,-6.95
UAE_470,2023-04,58023,62469,-2261,-2145,7.66
UAE_470,2023-05,99947,92110,2375,2364,-7.84
UAE_470,2023-06,42062,41103,-5348,-5818,-2.28
UAE_470,2023-07,40139,39285,-4175,-4073,-2.13
UAE_470,2023-08,210367,204054,22136,24807,-3.0
UAE_470,2023-09,159885,159777,4061,4140,-0.07
UAE_470,2023-10,96906,104492,7993,7364,7.83
UAE_470,2023-11,26428,24199,-6535,-6926,-8.43
UAE_470,2023-12,352855,323853,17528,20521,-8.22
UAE_470,2024-01,94260,102990,15067,15779,9.26
UAE_470,2024-02,68335,64016,3776,3741,-6.32
UAE_470,2024-03,118268,117742,-10898,-10544,-0.44
UAE_470,2024-04,19068,19760,-8858,-10171,3.63
UAE_470,2024-05,68343,75674,-23404,-25776,10.73
UAE_470,2024-06,92742,96492,-10472,-9809,4.04
UAE_470,2024-07,250873,235218,18112,21141,-6.24
UAE_470,2024-08,150925,149484,-6369,-6044,-0.95
UAE_470,2024-09,101973,108861,19923,18474,6.75
UAE_470,2024-10,23690,24825,-7677,-8838,4.79
UAE_470,2024-11,47308,44234,-9664,-11114,-6.5
UAE_470,2024-12,90379,83296,-3983,-4119,-7.84
UAE_470,2025-01,162994,165333,11853,11850,1.44
UAE_470,2025-02,30333,30943,-18757,-18520,2.01
UAE_470,2025-03,53534,54656,4219,4067,2.1
UAE_470,2025-04,56833,60971,-28699,-30367,7.28
UAE_470,2025-05,38004,35858,-6410,-6987,-5.65
UAE_470,2025-06,133158,136996,305,344,2.88
UAE_470,2025-07,55649,52830,-980,-1069,-5.07
UAE_470,2025-08,119105,109938,418,471,-7.7
UAE_470,2025-09,105588,108875,21698,21641,3.11
UAE_470,2025-10,85346,87944,3956,4586,3.04
UAE_470,2025-11,75470,70647,2161,2237,-6.39
UAE_470,2025-12,75771,69221,-5202,-4969,-8.64
UAE_471,2023-01,36124,36895,-17054,-15632,2.13
UAE_471,2023-02,13904,14098,-11693,-11311,1.4
UAE_471,2023-03,23633,22739,-17093,-19607,-3.78
UAE_471,2023-04,113538,105052,3063,3150,-7.47
UAE_471,2023-05,55421,59037,-3686,-3218,6.52
UAE_471,2023-06,198001,181621,23912,21031,-8.27
UAE_471,2023-07,156903,144439,51,54,-7.94
UAE_471,2023-08,18518,19805,-12571,-12347,6.95
UAE_471,2023-09,38944,36117,-7467,-6737,-7.26
UAE_471,2023-10,12338,11422,-7435,-7006,-7.42
UAE_471,2023-11,34850,33065,-17944,-19785,-5.12
UAE_471,2023-12,12577,13093,-8415,-9360,4.1
UAE_471,2024-01,5326,5147,-4319,-4778,-3.36
UAE_471,2024-02,46595,46847,-2248,-2603,0.54
UAE_471,2024-03,20003,19104,-10592,-10877,-4.49
UAE_471,2024-04,44302,42121,-13930,-12234,-4.92
UAE_471,2024-05,30573,28252,-16587,-15958,-7.59
UAE_471,2024-06,19125,19187,-9379,-9516,0.32
UAE_471,2024-07,37892,39598,-16355,-16318,4.5
UAE_471,2024-08,158251,148686,17304,18231,-6.04
UAE_471,2024-09,8266,8823,-10572,-10701,6.74
UAE_471,2024-10,28460,30387,-14196,-12901,6.77
UAE_471,2024-11,52243,50853,-5010,-4952,-2.66
UAE_471,2024-12,22575,23170,-8789,-9722,2.64
UAE_471,2025-01,29675,27684,-1883,-2008,-6.71
UAE_471,2025-02,73405,74456,-1116,-1105,1.43
UAE_471,2025-03,110169,112629,9173,8335,2.23
UAE_471,2025-04,26503,28333,-6202,-5845,6.9
UAE_471,2025-05,61208,59051,-21317,-21360,-3.52
UAE_471,2025-06,260380,240240,27889,31790,-7.73
UAE_471,2025-07,66271,60401,-21501,-19607,-8.86
UAE_471,2025-08,58114,60944,-13628,-14749,4.87
UAE_471,2025-09,4815,4786,-13534,-12777,-0.6
UAE_471,2025-10,27200,26812,186,182,-1.43
UAE_471,2025-11,16934,17078,-18427,-19718,0.85
UAE_471,2025-12,40290,39702,-13860,-13279,-1.46
UAE_472,2023-01,5873,6487,-6831,-7230,10.45
UAE_472,2023-02,11690,11664,-8598,-8720,-0.22
UAE_472,2023-03,82691,81229,-9293,-8865,-1.77
UAE_472,2023-04,37939,41143,-2370,-2667,8.45
UAE_472,2023-05,66838,71297,9066,8182,6.67
UAE_472,2023-06,45703,43625,6605,6143,-4.55
UAE_472,2023-07,60504,61762,6703,7630,2.08
UAE_472,2023-08,26903,27078,-5577,-4867,0.65
UAE_472,2023-09,13244,13490,-6540,-6701,1.86
UAE_472,2023-10,32456,29873,-6291,-6637,-7.96
UAE_472,2023-11,22399,21468,-13506,-13243,-4.16
UAE_472,2023-12,80981,75488,2671,2661,-6.78
UAE_472,2024-01,30718,31500,-7550,-7828,2.55
UAE_472,2024-02,33391,34957,-16808,-15798,4.69
UAE_472,2024-03,103756,101193,9103,9687,-2.47
UAE_472,2024-04,46615,44375,-7635,-6893,-4.81
UAE_472,2024-05,43986,48270,2606,2687,9.74
UAE_472,2024-06,102082,112674,-8911,-8562,10.38
UAE_472,2024-07,189305,179644,20458,23020,-5.1
UAE_472,2024-08,147155,146160,15128,14711,-0.68
UAE_472,2024-09,111644,120519,6877,6685,7.95
UAE_472,2024-10,75122,79086,-6304,-5483,5.28
UAE_472,2024-11,146441,136837,16955,16596,-6.56
UAE_472,2024-12,21214,21225,-4528,-4396,0.05
UAE_472,2025-01,36450,36365,-5163,-5846,-0.23
UAE_472,2025-02,8753,8225,-5641,-4939,-6.03
UAE_472,2025-03,9483,9162,-6993,-6262,-3.39
UAE_472,2025-04,107969,111348,2891,3344,3.13
UAE_472,2025-05,142979,132579,-6,-7,-7.27
UAE_472,2025-06,142369,136171,-6362,-6707,-4.35
UAE_472,2025-07,81392,77969,-19569,-17613,-4.21
UAE_472,2025-08,96401,95736,8840,10110,-0.69
UAE_472,2025-09,10014,9384,-5856,-5509,-6.29
UAE_472,2025-10,38118,37697,-18478,-17717,-1.1
UAE_472,2025-11,29833,29743,2999,2721,-0.3
UAE_472,2025-12,65997,60889,-3803,-3351,-7.74
UAE_473,2023-01,6158,6451,-7399,-7898,4.76
UAE_473,2023-02,11493,12470,-12470,-13941,8.5
UAE_473,2023-03,13021,14397,-17133,-17107,10.57
UAE_473,2023-04,30173,28939,-9593,-11230,-4.09
UAE_473,2023-05,20703,21307,-18205,-16980,2.92
UAE_473,2023-06,14132,13962,-5778,-5225,-1.2
UAE_473,2023-07,8235,8052,-19528,-20887,-2.22
UAE_473,2023-08,29152,26757,-7167,-7094,-8.22
UAE_473,2023-09,2640,2834,-4878,-4435,7.35
UAE_473,2023-10,57954,53549,-5076,-4767,-7.6
UAE_473,2023-11,2670,2574,-9290,-9254,-3.6
UAE_473,2023-12,9191,10016,-12893,-11828,8.98
UAE_473,2024-01,6811,6278,-14975,-14390,-7.83
UAE_473,2024-02,27426,28453,-11502,-11841,3.74
UAE_473,2024-03,3324,3417,-3526,-3689,2.8
UAE_473,2024-04,38508,39727,-5374,-4717,3.17
UAE_473,2024-05,41913,44694,-1351,-1381,6.64
UAE_473,2024-06,39642,43532,-931,-1090,9.81
UAE_473,2024-07,12451,12110,-8117,-7506,-2.74
UAE_473,2024-08,39254,37378,-16305,-14830,-4.78
UAE_473,2024-09,15671,14681,-2722,-2491,-6.32
UAE_473,2024-10,7015,6603,-7920,-7710,-5.87
UAE_473,2024-11,7059,7545,-8343,-9000,6.88
UAE_473,2024-12,4206,4433,-3793,-3663,5.4
UAE_473,2025-01,14824,14910,-4551,-4227,0.58
UAE_473,2025-02,7768,8055,-4565,-4074,3.69
UAE_473,2025-03,17107,17910,-674,-695,4.69
UAE_473,2025-04,6236,6396,-8612,-8402,2.57
UAE_473,2025-05,5434,5098,-8211,-8171,-6.18
UAE_473,2025-06,36493,38676,-9097,-9073,5.98
UAE_473,2025-07,16089,14847,-12696,-13419,-7.72
UAE_473,2025-08,24314,23427,-14972,-13730,-3.65
UAE_473,2025-09,44725,41664,-2272,-2312,-6.84
UAE_473,2025-10,38648,35533,-8388,-7985,-8.06
UAE_473,2025-11,91532,87482,-3191,-3016,-4.42
UAE_473,2025-12,21188,19641,-9079,-9881,-7.3
UAE_474,2023-01,384290,373067,52021,46561,-2.92
UAE_474,2023-02,248453,254904,10103,8941,2.6
UAE_474,2023-03,153642,170410,25963,23392,10.91
UAE_474,2023-04,72810,70251,4010,3845,-3.51
UAE_474,2023-05,143055,146856,8454,8022,2.66
UAE_474,2023-06,206803,218420,41470,36607,5.62
UAE_474,2023-07,122339,113679,-12399,-11312,-7.08
UAE_474,2023-08,278368,264291,-4337,-4483,-5.06
UAE_474,2023-09,58870,53578,-6020,-5804,-8.99
UAE_474,2023-10,369871,364464,27168,24595,-1.46
UAE_474,2023-11,41639,41459,-1712,-1697,-0.43
UAE_474,2023-12,107314,115432,-1524,-1558,7.56
UAE_474,2024-01,27629,26193,-11391,-12794,-5.2
UAE_474,2024-02,88120,84139,6666,6223,-4.52
UAE_474,2024-03,91637,83316,-39299,-40724,-9.08
UAE_474,2024-04,346186,341445,10134,8845,-1.37
UAE_474,2024-05,431683,424919,70084,80660,-1.57
UAE_474,2024-06,61050,56681,-12861,-12450,-7.16
UAE_474,2024-07,520983,482072,93374,92147,-7.47
UAE_474,2024-08,493853,539396,92132,80968,9.22
UAE_474,2024-09,222432,217684,-12621,-13654,-2.13
UAE_474,2024-10,97148,106204,-16108,-14649,9.32
UAE_474,2024-11,591593,613490,70689,67035,3.7
UAE_474,2024-12,74612,75276,-28069,-27972,0.89
UAE_474,2025-01,191732,192074,25928,27789,0.18
UAE_474,2025-02,410257,451705,84420,74109,10.1
UAE_474,2025-03,105211,108263,-19786,-20843,2.9
UAE_474,2025-04,115371,114531,-34642,-34984,-0.73
UAE_474,2025-05,186196,186606,36659,43063,0.22
UAE_474,2025-06,381599,352135,45763,47279,-7.72
UAE_474,2025-07,163509,160415,37761,33104,-1.89
UAE_474,2025-08,302209,309948,30487,29411,2.56
UAE_474,2025-09,759017,805264,91138,87126,6.09
UAE_474,2025-10,594616,593179,147270,169007,-0.24
UAE_474,2025-11,242251,263976,17312,15205,8.97
UAE_474,2025-12,108235,100360,-9684,-9415,-7.28
UAE_475,2023-01,1298,1257,-5903,-5537,-3.16
UAE_475,2023-02,1850,1786,-5283,-4663,-3.46
UAE_475,2023-03,1405,1491,-7174,-6993,6.12
UAE_475,2023-04,1944,1822,-2787,-2603,-6.28
UAE_475,2023-05,2174,1979,-3755,-3958,-8.97
UAE_475,2023-06,1416,1436,-7627,-7732,1.41
UAE_475,2023-07,2666,2692,-2903,-3278,0.98
UAE_475,2023-08,2051,2209,-1828,-1700,7.7
UAE_475,2023-09,2618,2728,-5996,-5928,4.2
UAE_475,2023-10,2209,2297,-4472,-4298,3.98
UAE_475,2023-11,2675,2774,-4064,-4603,3.7
UAE_475,2023-12,2434,2361,-4275,-4010,-3.0
UAE_475,2024-01,1193,1264,-6419,-6334,5.95
UAE_475,2024-02,1387,1363,-4397,-3995,-1.73
UAE_475,2024-03,948,994,-3760,-3539,4.85
UAE_475,2024-04,2286,2286,-3258,-3298,0.0
UAE_475,2024-05,3439,3577,-7810,-6840,4.01
UAE_475,2024-06,3595,3825,-5723,-6607,6.4
UAE_475,2024-07,4779,4768,-8414,-7618,-0.23
UAE_475,2024-08,3333,3525,-4143,-4435,5.76
UAE_475,2024-09,1967,2035,-1457,-1550,3.46
UAE_475,2024-10,2315,2449,-5915,-5379,5.79
UAE_475,2024-11,1422,1480,-1699,-1497,4.08
UAE_475,2024-12,1437,1540,-1873,-1752,7.17
UAE_475,2025-01,2648,2720,-2017,-2076,2.72
UAE_475,2025-02,2960,2990,-4872,-5072,1.01
UAE_475,2025-03,1460,1468,-1847,-2077,0.55
UAE_475,2025-04,1691,1624,-5855,-5794,-3.96
UAE_475,2025-05,1354,1293,-2985,-3106,-4.51
UAE_475,2025-06,2357,2466,-3506,-3271,4.62
UAE_475,2025-07,1222,1240,-5383,-6067,1.47
UAE_475,2025-08,2138,2140,-3579,-3810,0.09
UAE_475,2025-09,1257,1273,-1804,-1849,1.27
UAE_475,2025-10,1953,2100,-2223,-2080,7.53
UAE_475,2025-11,1903,2053,-3188,-3469,7.88
UAE_475,2025-12,2568,2794,-2613,-2282,8.8
UAE_476,2023-01,6257,6380,-7056,-6275,1.97
UAE_476,2023-02,11978,12100,-7681,-7141,1.02
UAE_476,2023-03,3511,3515,-4182,-4078,0.11
UAE_476,2023-04,2061,2116,-6048,-6343,2.67
UAE_476,2023-05,2615,2507,-8393,-7899,-4.13
UAE_476,2023-06,4204,4367,-8184,-7208,3.88
UAE_476,2023-07,16327,17745,-7728,-7748,8.69
UAE_476,2023-08,6945,6791,-8376,-9853,-2.22
UAE_476,2023-09,26385,25495,-6650,-6060,-3.37
UAE_476,2023-10,9664,8889,-7409,-6976,-8.02
UAE_476,2023-11,3820,3737,-7237,-8132,-2.17
UAE_476,2023-12,4860,5204,-7715,-7738,7.08
UAE_476,2024-01,1019,1103,-2195,-2283,8.24
UAE_476,2024-02,4844,4685,-7788,-8293,-3.28
UAE_476,2024-03,3343,3493,-6346,-7438,4.49
UAE_476,2024-04,5011,4820,-1868,-1930,-3.81
UAE_476,2024-05,9235,9073,-10000,-9197,-1.75
UAE_476,2024-06,4099,4185,-3393,-3080,2.1
UAE_476,2024-07,3283,3449,-4940,-4609,5.06
UAE_476,2024-08,3730,3690,-9834,-10593,-1.07
UAE_476,2024-09,4217,4588,-6237,-6947,8.8
UAE_476,2024-10,3007,3158,-8954,-8919,5.02
UAE_476,2024-11,8703,8937,-6858,-6601,2.69
UAE_476,2024-12,3114,2990,-3056,-3123,-3.98
UAE_476,2025-01,2547,2375,-2616,-2381,-6.75
UAE_476,2025-02,1534,1682,-5360,-5080,9.65
UAE_476,2025-03,7547,8290,-7235,-6684,9.84
UAE_476,2025-04,7193,7970,-7513,-7947,10.8
UAE_476,2025-05,10378,10870,-1522,-1709,4.74
UAE_476,2025-06,16678,17194,-9579,-9791,3.09
UAE_476,2025-07,6972,6380,-12221,-12757,-8.49
UAE_476,2025-08,7574,8039,-8169,-9240,6.14
UAE_476,2025-09,2326,2395,-2179,-2313,2.97
UAE_476,2025-10,6005,5757,-3076,-3265,-4.13
UAE_476,2025-11,2173,2061,-10562,-11742,-5.15
UAE_476,2025-12,7931,8756,-5182,-4645,10.4
UAE_477,2023-01,122121,120467,-865,-788,-1.35
UAE_477,2023-02,88838,89555,-9620,-11060,0.81
UAE_477,2023-03,109041,108273,10637,10845,-0.7
UAE_477,2023-04,153342,148088,23692,22245,-3.43
UAE_477,2023-05,128442,132573,-2170,-1931,3.22
UAE_477,2023-06,82364,91391,-12000,-14046,10.96
UAE_477,2023-07,582557,588057,73699,81831,0.94
UAE_477,2023-08,120421,113561,-29055,-28540,-5.7
UAE_477,2023-09,81582,82037,1797,1649,0.56
UAE_477,2023-10,154657,169221,28470,25648,9.42
UAE_477,2023-11,24693,26692,-5622,-6188,8.1
UAE_477,2023-12,205428,207972,11462,10898,1.24
UAE_477,2024-01,44060,42147,-12398,-10786,-4.34
UAE_477,2024-02,130005,129330,-8826,-9516,-0.52
UAE_477,2024-03,74573,71154,-7097,-8217,-4.58
UAE_477,2024-04,211665,228925,-5336,-4677,8.15
UAE_477,2024-05,135606,139465,9350,8818,2.85
UAE_477,2024-06,611274,602328,170065,158882,-1.46
UAE_477,2024-07,194399,210146,26825,30271,8.1
UAE_477,2024-08,326719,298246,13691,14768,-8.71
UAE_477,2024-09,521836,526457,92032,84083,0.89
UAE_477,2024-10,169223,158197,-11547,-11671,-6.52
UAE_477,2024-11,43745,44022,-3633,-4072,0.63
UAE_477,2024-12,212137,231825,14436,14968,9.28
UAE_477,2025-01,299849,273791,46731,51978,-8.69
UAE_477,2025-02,47210,47044,-4389,-4735,-0.35
UAE_477,2025-03,285917,307157,56368,60005,7.43
UAE_477,2025-04,513349,535692,92989,84178,4.35
UAE_477,2025-05,217753,226297,-11834,-10640,3.92
UAE_477,2025-06,152416,162543,20436,19921,6.64
UAE_477,2025-07,155147,152973,27767,29903,-1.4
UAE_477,2025-08,385452,408492,56353,60015,5.98
UAE_477,2025-09,359141,375221,54338,58220,4.48
UAE_477,2025-10,158410,159531,13890,13775,0.71
UAE_477,2025-11,103901,107770,-19166,-17277,3.72
UAE_477,2025-12,199558,194145,27935,32629,-2.71
UAE_478,2023-01,5089,5560,-6917,-7797,9.26
UAE_478,2023-02,10739,9879,-12279,-13502,-8.01
UAE_478,2023-03,11156,10562,-8532,-9950,-5.32
UAE_478,2023-04,61535,57159,-6079,-6192,-7.11
UAE_478,2023-05,16528,16982,-13946,-14969,2.75
UAE_478,2023-06,25651,24153,-12948,-14174,-5.84
UAE_478,2023-07,11963,12162,-5336,-5629,1.66
UAE_478,2023-08,19471,18794,-18464,-18944,-3.48
UAE_478,2023-09,31679,30948,-15271,-13635,-2.31
UAE_478,2023-10,7991,8658,-3742,-4179,8.35
UAE_478,2023-11,22900,24761,-8438,-7667,8.13
UAE_478,2023-12,8332,7624,-12859,-14750,-8.5
UAE_478,2024-01,7493,7617,-5796,-5873,1.65
UAE_478,2024-02,2393,2292,-5661,-5131,-4.22
UAE_478,2024-03,24128,26219,-9007,-8190,8.67
UAE_478,2024-04,12681,12247,-19454,-17353,-3.42
UAE_478,2024-05,12774,13266,-17055,-17260,3.85
UAE_478,2024-06,37892,39668,-9951,-9877,4.69
UAE_478,2024-07,14308,14291,-12185,-14141,-0.12
UAE_478,2024-08,15234,16455,-10270,-9409,8.01
UAE_478,2024-09,43112,39766,-4078,-4661,-7.76
UAE_478,2024-10,9883,10402,-6644,-7519,5.25
UAE_478,2024-11,12316,11766,-15642,-15030,-4.47
UAE_478,2024-12,7141,7374,-12923,-15082,3.26
UAE_478,2025-01,4676,5054,-10356,-11277,8.08
UAE_478,2025-02,5051,5555,-16839,-15156,9.98
UAE_478,2025-03,8882,8833,-2519,-2224,-0.55
UAE_478,2025-04,20195,22282,-12397,-11985,10.33
UAE_478,2025-05,17706,17350,-19102,-18094,-2.01
UAE_478,2025-06,9157,9754,-3740,-4222,6.52
UAE_478,2025-07,85222,78935,1489,1573,-7.38
UAE_478,2025-08,13655,13334,-6099,-5971,-2.35
UAE_478,2025-09,11097,10890,-6981,-8157,-1.87
UAE_478,2025-10,18709,19476,-12006,-10490,4.1
UAE_478,2025-11,59359,56920,-4965,-5758,-4.11
UAE_478,2025-12,5666,5234,-5859,-5568,-7.62
UAE_479,2023-01,2735,2841,-6360,-5630,3.88
UAE_479,2023-02,4626,4902,-3477,-3122,5.97
UAE_479,2023-03,3330,3386,-5844,-5662,1.68
UAE_479,2023-04,17525,18751,-7639,-6653,7.0
UAE_479,2023-05,2562,2845,-8440,-8285,11.05
UAE_479,2023-06,19086,18755,-6551,-6744,-1.73
UAE_479,2023-07,2250,2394,-5450,-6278,6.4
UAE_479,2023-08,8660,8126,-4182,-3969,-6.17
UAE_479,2023-09,3196,3536,-6689,-7054,10.64
UAE_479,2023-10,6067,5634,-8213,-9579,-7.14
UAE_479,2023-11,2993,2780,-2336,-2627,-7.12
UAE_479,2023-12,1932,1980,-3388,-3105,2.48
UAE_479,2024-01,2599,2466,-2326,-2038,-5.12
UAE_479,2024-02,1758,1817,-2790,-2428,3.36
UAE_479,2024-03,9167,8840,-5395,-5726,-3.57
UAE_479,2024-04,3930,4303,-1824,-2004,9.49
UAE_479,2024-05,1635,1502,-6638,-7696,-8.13
UAE_479,2024-06,20860,22237,-6051,-6759,6.6
UAE_479,2024-07,4882,5138,-8339,-7671,5.24
UAE_479,2024-08,3071,2980,-1736,-1936,-2.96
UAE_479,2024-09,2159,2247,-9215,-10607,4.08
UAE_479,2024-10,8241,8834,-8379,-9447,7.2
UAE_479,2024-11,2420,2531,-7640,-8052,4.59
UAE_479,2024-12,2557,2755,-7403,-6454,7.74
UAE_479,2025-01,3609,3421,-8270,-7948,-5.21
UAE_479,2025-02,1533,1701,-2187,-2215,10.96
UAE_479,2025-03,3053,2778,-3415,-3505,-9.01
UAE_479,2025-04,4494,4831,-2698,-2945,7.5
UAE_479,2025-05,5950,5523,-8227,-9397,-7.18
UAE_479,2025-06,12427,11743,-6219,-6452,-5.5
UAE_479,2025-07,4919,5185,-9558,-10596,5.41
UAE_479,2025-08,5718,5447,-3895,-4267,-4.74
UAE_479,2025-09,10505,9609,-4263,-3736,-8.53
UAE_479,2025-10,7977,7345,-9499,-8377,-7.92
UAE_479,2025-11,8007,8359,-7474,-7159,4.4
UAE_479,2025-12,6025,5983,-5214,-5837,-0.7
UAE_480,2023-01,2250,2228,-3979,-3664,-0.98
UAE_480,2023-02,2618,2453,-4095,-3822,-6.3
UAE_480,2023-03,2284,2178,-1759,-1734,-4.64
UAE_480,2023-04,2096,2180,-4266,-4917,4.01
UAE_480,2023-05,2678,2506,-2853,-2961,-6.42
UAE_480,2023-06,3171,3391,-5066,-4841,6.94
UAE_480,2023-07,2387,2375,-6260,-5806,-0.5
UAE_480,2023-08,3926,3579,-1240,-1129,-8.84
UAE_480,2023-09,1150,1191,-5007,-5538,3.57
UAE_480,2023-10,2889,2767,-1822,-2013,-4.22
UAE_480,2023-11,2576,2616,-2642,-2634,1.55
UAE_480,2023-12,2305,2369,-641,-665,2.78
UAE_480,2024-01,1170,1202,-3631,-3555,2.74
UAE_480,2024-02,2409,2350,-5749,-5576,-2.45
UAE_480,2024-03,1987,2016,-2117,-2044,1.46
UAE_480,2024-04,2749,2600,-5144,-5109,-5.42
UAE_480,2024-05,4000,3637,-6054,-6446,-9.07
UAE_480,2024-06,3481,3285,-1529,-1745,-5.63
UAE_480,2024-07,2275,2388,-4102,-4106,4.97
UAE_480,2024-08,2176,2004,-5204,-4879,-7.9
UAE_480,2024-09,2497,2443,-5392,-5297,-2.16
UAE_480,2024-10,2293,2502,-5474,-5073,9.11
UAE_480,2024-11,1327,1237,-1302,-1470,-6.78
UAE_480,2024-12,959,895,-5377,-5344,-6.67
UAE_480,2025-01,1706,1665,-4783,-5373,-2.4
UAE_480,2025-02,1688,1674,-2841,-3255,-0.83
UAE_480,2025-03,2645,2821,-4541,-4819,6.65
UAE_480,2025-04,2810,3092,-1571,-1570,10.04
UAE_480,2025-05,1395,1486,-7416,-7055,6.52
UAE_480,2025-06,2879,2816,-3801,-4199,-2.19
UAE_480,2025-07,2324,2225,-1920,-2094,-4.26
UAE_480,2025-08,3384,3729,-3562,-3787,10.2
UAE_480,2025-09,3327,3264,-5230,-6134,-1.89
UAE_480,2025-10,2160,2359,-7191,-6426,9.21
UAE_480,2025-11,1187,1166,-3406,-3824,-1.77
UAE_480,2025-12,1144,1091,-4865,-5409,-4.63
UAE_481,2023-01,1328399,1282436,274538,278775,-3.46
UAE_481,2023-02,4533485,4381926,1241598,1158438,-3.34
UAE_481,2023-03,1452335,1555470,211802,230132,7.1
UAE_481,2023-04,1430550,1337010,18209,21066,-6.54
UAE_481,2023-05,3560269,3593049,875187,968243,0.92
UAE_481,2023-06,2519022,2527804,751638,661430,0.35
UAE_481,2023-07,1516652,1459949,263596,258725,-3.74
UAE_481,2023-08,6862165,7016747,1443218,1547810,2.25
UAE_481,2023-09,1737443,1708519,310479,339309,-1.66
UAE_481,2023-10,3500463,3564810,1211511,1190475,1.84
UAE_481,2023-11,3178515,3258306,534363,592841,2.51
UAE_481,2023-12,1596311,1683106,531169,475112,5.44
UAE_481,2024-01,2212771,2247341,623918,568583,1.56
UAE_481,2024-02,1452067,1523082,363487,365783,4.89
UAE_481,2024-03,1849070,1761457,156551,165787,-4.74
UAE_481,2024-04,3032981,3000471,857110,832050,-1.07
UAE_481,2024-05,2386134,2346589,667464,717031,-1.66
UAE_481,2024-06,4266223,3935590,744482,731684,-7.75
UAE_481,2024-07,2539664,2702940,913782,950922,6.43
UAE_481,2024-08,6898248,6961357,1630707,1435934,0.91
UAE_481,2024-09,6678352,6315976,1897064,2138001,-5.43
UAE_481,2024-10,512955,522507,26123,29287,1.86
UAE_481,2024-11,3896593,3594539,999778,960966,-7.75
UAE_481,2024-12,934909,950011,121243,115606,1.62
UAE_481,2025-01,2363951,2596825,561545,630358,9.85
UAE_481,2025-02,726432,698222,141498,125186,-3.88
UAE_481,2025-03,2259959,2184003,354892,341293,-3.36
UAE_481,2025-04,9968531,9840268,2265374,2656270,-1.29
UAE_481,2025-05,1730921,1609934,307775,272195,-6.99
UAE_481,2025-06,8415141,9116846,2774036,2761945,8.34
UAE_481,2025-07,4937420,5233646,1707511,1566699,6.0
UAE_481,2025-08,7126316,7542352,1852774,1673544,5.84
UAE_481,2025-09,6479030,5900823,1120873,1097640,-8.92
UAE_481,2025-10,528706,480720,118904,106431,-9.08
UAE_481,2025-11,879966,906125,190231,196695,2.97
UAE_481,2025-12,754462,758516,189504,196975,0.54
UAE_482,2023-01,1013,1008,-4252,-4511,-0.49
UAE_482,2023-02,2389,2362,-5407,-5983,-1.13
UAE_482,2023-03,3660,3481,-1759,-1680,-4.89
UAE_482,2023-04,1740,1777,-8454,-9493,2.13
UAE_482,2023-05,14475,14636,-8726,-9193,1.11
UAE_482,2023-06,3308,3604,-14038,-13136,8.95
UAE_482,2023-07,13855,13528,-8455,-9822,-2.36
UAE_482,2023-08,9342,9368,-6718,-6894,0.28
UAE_482,2023-09,5121,4936,-6521,-6112,-3.61
UAE_482,2023-10,8531,9330,-4846,-4653,9.37
UAE_482,2023-11,3034,3272,-5151,-4880,7.84
UAE_482,2023-12,3524,3445,-8708,-8051,-2.24
UAE_482,2024-01,7650,7082,-10320,-9239,-7.42
UAE_482,2024-02,3371,3695,-7463,-8234,9.61
UAE_482,2024-03,6562,6076,-9290,-8237,-7.41
UAE_482,2024-04,3197,3087,-3344,-3593,-3.44
UAE_482,2024-05,2899,2905,-6366,-6405,0.21
UAE_482,2024-06,11252,12210,-10306,-9092,8.51
UAE_482,2024-07,3316,3438,-4986,-5115,3.68
UAE_482,2024-08,4700,4701,-2966,-2691,0.02
UAE_482,2024-09,3728,3836,-7988,-8768,2.9
UAE_482,2024-10,3818,3704,-4648,-5333,-2.99
UAE_482,2024-11,4269,3893,-5075,-5793,-8.81
UAE_482,2024-12,1626,1495,-8134,-8211,-8.06
UAE_482,2025-01,4037,3963,-5619,-6547,-1.83
UAE_482,2025-02,5514,5902,-8336,-9055,7.04
UAE_482,2025-03,9747,9717,-6066,-7105,-0.31
UAE_482,2025-04,2255,2115,-3680,-4024,-6.21
UAE_482,2025-05,2131,2218,-4089,-4222,4.08
UAE_482,2025-06,11692,12986,-2653,-2774,11.07
UAE_482,2025-07,6494,6208,-3233,-3202,-4.4
UAE_482,2025-08,11146,12171,-10012,-9577,9.2
UAE_482,2025-09,2232,2405,-2619,-2289,7.75
UAE_482,2025-10,5606,5935,-1554,-1645,5.87
UAE_482,2025-11,2391,2184,-3520,-3065,-8.66
UAE_482,2025-12,8750,8161,-6009,-6017,-6.73
UAE_483,2023-01,2150,2312,-4042,-3633,7.53
UAE_483,2023-02,1518,1529,-7754,-7233,0.72
UAE_483,2023-03,1553,1543,-7193,-7500,-0.64
UAE_483,2023-04,2489,2424,-8409,-9223,-2.61
UAE_483,2023-05,2945,3253,-6574,-7603,10.46
UAE_483,2023-06,1923,1855,-5417,-5907,-3.54
UAE_483,2023-07,1316,1389,-3879,-3374,5.55
UAE_483,2023-08,2639,2448,-12229,-10909,-7.24
UAE_483,2023-09,11404,12304,-7132,-6881,7.89
UAE_483,2023-10,1392,1472,-8143,-8744,5.75
UAE_483,2023-11,5344,5202,-5587,-4914,-2.66
UAE_483,2023-12,3063,2927,-4985,-4845,-4.44
UAE_483,2024-01,3171,3066,-4201,-4585,-3.31
UAE_483,2024-02,1297,1261,-1814,-2133,-2.78
UAE_483,2024-03,1396,1375,-4135,-4437,-1.5
UAE_483,2024-04,3949,4034,-7589,-7643,2.15
UAE_483,2024-05,3165,3184,-7500,-8639,0.6
UAE_483,2024-06,4877,4466,-3637,-3258,-8.43
UAE_483,2024-07,4749,4339,-6513,-7174,-8.63
UAE_483,2024-08,4282,4399,-6866,-6505,2.73
UAE_483,2024-09,2844,3023,-6729,-6229,6.29
UAE_483,2024-10,2114,2166,-3786,-3857,2.46
UAE_483,2024-11,2813,2722,-2648,-2490,-3.23
UAE_483,2024-12,2507,2468,-3765,-3721,-1.56
UAE_483,2025-01,1929,2001,-5452,-5515,3.73
UAE_483,2025-02,3835,3604,-3064,-2746,-6.02
UAE_483,2025-03,1579,1461,-6836,-7086,-7.47
UAE_483,2025-04,4449,4090,-2107,-1874,-8.07
UAE_483,2025-05,6273,6235,-8078,-7721,-0.61
UAE_483,2025-06,1905,1836,-2640,-2538,-3.62
UAE_483,2025-07,4913,5087,-1735,-1707,3.54
UAE_483,2025-08,3246,3241,-4511,-4566,-0.15
UAE_483,2025-09,2929,2764,-6130,-6205,-5.63
UAE_483,2025-10,2920,2892,-2096,-2111,-0.96
UAE_483,2025-11,1164,1282,-7881,-8573,10.14
UAE_483,2025-12,3032,2972,-6957,-6549,-1.98
UAE_484,2023-01,1829,1871,-4006,-4332,2.3
UAE_484,2023-02,775,843,-6543,-6076,8.77
UAE_484,2023-03,997,911,-1568,-1739,-8.63
UAE_484,2023-04,1956,2097,-6716,-6694,7.21
UAE_484,2023-05,3332,3187,-5589,-6429,-4.35
UAE_484,2023-06,1402,1276,-2056,-2368,-8.99
UAE_484,2023-07,2830,2625,-3970,-4420,-7.24
UAE_484,2023-08,9460,9304,-6249,-6464,-1.65
UAE_484,2023-09,1729,1615,-5816,-6405,-6.59
UAE_484,2023-10,3132,2897,-6224,-6619,-7.5
UAE_484,2023-11,2789,2938,-747,-695,5.34
UAE_484,2023-12,2253,2082,-7533,-6567,-7.59
UAE_484,2024-01,1164,1140,-2423,-2784,-2.06
UAE_484,2024-02,1500,1630,-5147,-4675,8.67
UAE_484,2024-03,2167,2084,-3779,-3930,-3.83
UAE_484,2024-04,903,898,-4568,-4183,-0.55
UAE_484,2024-05,2225,2106,-3509,-3324,-5.35
UAE_484,2024-06,8114,7648,-5021,-4523,-5.74
UAE_484,2024-07,5547,5713,-6405,-6025,2.99
UAE_484,2024-08,2883,2628,-10511,-9456,-8.84
UAE_484,2024-09,2851,2749,-1601,-1511,-3.58
UAE_484,2024-10,3148,2912,-4252,-3960,-7.5
UAE_484,2024-11,1801,1824,-1836,-1914,1.28
UAE_484,2024-12,1303,1429,-2349,-2662,9.67
UAE_484,2025-01,2328,2278,-2955,-2591,-2.15
UAE_484,2025-02,1489,1589,-5830,-5187,6.72
UAE_484,2025-03,5304,5508,-5759,-6270,3.85
UAE_484,2025-04,2825,3100,-5709,-5308,9.73
UAE_484,2025-05,1150,1058,-6035,-5866,-8.0
UAE_484,2025-06,6046,6090,-7747,-8554,0.73
UAE_484,2025-07,1903,1867,-1431,-1575,-1.89
UAE_484,2025-08,3936,4086,-6218,-6588,3.81
UAE_484,2025-09,3006,2847,-2196,-1996,-5.29
UAE_484,2025-10,1171,1299,-4638,-4505,10.93
UAE_484,2025-11,3273,2995,-1214,-1082,-8.49
UAE_484,2025-12,2021,1883,-4038,-4305,-6.83
UAE_485,2023-01,2647,2463,-1795,-1907,-6.95
UAE_485,2023-02,2388,2479,-1933,-1789,3.81
UAE_485,2023-03,3205,3435,-7349,-7223,7.18
UAE_485,2023-04,2526,2609,-2607,-3067,3.29
UAE_485,2023-05,2553,2700,-6227,-6910,5.76
UAE_485,2023-06,2157,2340,-8170,-8726,8.48
UAE_485,2023-07,4544,4409,-6410,-7025,-2.97
UAE_485,2023-08,1217,1152,-7455,-8045,-5.34
UAE_485,2023-09,4050,3848,-4522,-4638,-4.99
UAE_485,2023-10,2878,2880,-5438,-5193,0.07
UAE_485,2023-11,1812,1848,-1910,-2016,1.99
UAE_485,2023-12,1932,1939,-6813,-6004,0.36
UAE_485,2024-01,1571,1711,-3523,-3435,8.91
UAE_485,2024-02,3368,3157,-4911,-4389,-6.26
UAE_485,2024-03,3595,3615,-6713,-7894,0.56
UAE_485,2024-04,1948,1884,-8370,-8312,-3.29
UAE_485,2024-05,3916,3703,-2762,-3074,-5.44
UAE_485,2024-06,3343,3171,-8210,-7457,-5.15
UAE_485,2024-07,2151,2232,-4052,-3821,3.77
UAE_485,2024-08,26311,27536,-3767,-4028,4.66
UAE_485,2024-09,3507,3799,-2750,-3203,8.33
UAE_485,2024-10,2508,2553,-8242,-7593,1.79
UAE_485,2024-11,1683,1590,-2577,-2262,-5.53
UAE_485,2024-12,1494,1406,-6475,-6460,-5.89
UAE_485,2025-01,1291,1435,-3476,-3812,11.15
UAE_485,2025-02,1962,1984,-3105,-3484,1.12
UAE_485,2025-03,4292,3905,-7251,-7872,-9.02
UAE_485,2025-04,3750,3758,-7195,-7358,0.21
UAE_485,2025-05,2804,2666,-8648,-8658,-4.92
UAE_485,2025-06,5129,5540,-6089,-6789,8.01
UAE_485,2025-07,4277,4546,-4488,-4211,6.29
UAE_485,2025-08,3994,3747,-2736,-2414,-6.18
UAE_485,2025-09,1640,1550,-5785,-5379,-5.49
UAE_485,2025-10,3997,3825,-2487,-2230,-4.3
UAE_485,2025-11,1267,1186,-8072,-7696,-6.39
UAE_485,2025-12,3463,3288,-2842,-2977,-5.05
UAE_486,2023-01,1870,1928,-3877,-3930,3.1
UAE_486,2023-02,7061,6953,-6459,-6159,-1.53
UAE_486,2023-03,2769,2727,-2963,-3051,-1.52
UAE_486,2023-04,8165,8527,-7154,-7762,4.43
UAE_486,2023-05,1526,1508,-8585,-7591,-1.18
UAE_486,2023-06,3713,3410,-2324,-2089,-8.16
UAE_486,2023-07,3476,3259,-7094,-6832,-6.24
UAE_486,2023-08,2278,2093,-8835,-7789,-8.12
UAE_486,2023-09,2891,2834,-3983,-3595,-1.97
UAE_486,2023-10,2541,2678,-4201,-4056,5.39
UAE_486,2023-11,1567,1691,-2173,-2091,7.91
UAE_486,2023-12,1295,1246,-4145,-4505,-3.78
UAE_486,2024-01,2573,2551,-5801,-6668,-0.86
UAE_486,2024-02,2165,2009,-4072,-3837,-7.21
UAE_486,2024-03,2173,2113,-4738,-4356,-2.76
UAE_486,2024-04,2490,2415,-7830,-7924,-3.01
UAE_486,2024-05,3336,3306,-6129,-5510,-0.9
UAE_486,2024-06,15867,15622,-8975,-8425,-1.54
UAE_486,2024-07,6125,6612,-10709,-9991,7.95
UAE_486,2024-08,14166,15386,-6756,-7035,8.61
UAE_486,2024-09,9684,9232,-8983,-9736,-4.67
UAE_486,2024-10,4437,4160,-2298,-2553,-6.24
UAE_486,2024-11,1718,1735,-1866,-1972,0.99
UAE_486,2024-12,11105,11666,-4036,-3546,5.05
UAE_486,2025-01,1996,1990,-4396,-4774,-0.3
UAE_486,2025-02,2038,1972,-2928,-2972,-3.24
UAE_486,2025-03,9819,9002,-7744,-7373,-8.32
UAE_486,2025-04,4292,4476,-5789,-5111,4.29
UAE_486,2025-05,3761,3976,-8192,-7859,5.72
UAE_486,2025-06,2816,2773,-5509,-4946,-1.53
UAE_486,2025-07,2371,2469,-5616,-5069,4.13
UAE_486,2025-08,2138,2047,-6869,-7662,-4.26
UAE_486,2025-09,2175,2111,-7955,-8830,-2.94
UAE_486,2025-10,1762,1617,-8544,-7517,-8.23
UAE_486,2025-11,4210,4564,-3008,-3089,8.41
UAE_486,2025-12,3694,3973,-7036,-6610,7.55
UAE_487,2023-01,4868,4446,-6057,-6629,-8.67
UAE_487,2023-02,3367,3386,-8399,-7539,0.56
UAE_487,2023-03,2402,2429,-6557,-7536,1.12
UAE_487,2023-04,3731,3827,-7297,-7198,2.57
UAE_487,2023-05,6312,6070,-5064,-5359,-3.83
UAE_487,2023-06,3615,3826,-7834,-8201,5.84
UAE_487,2023-07,4458,4892,-12164,-12171,9.74
UAE_487,2023-08,13978,13954,-9202,-9232,-0.17
UAE_487,2023-09,12293,11306,-9912,-8927,-8.03
UAE_487,2023-10,1501,1571,-9546,-8497,4.66
UAE_487,2023-11,4581,4339,-10771,-12574,-5.28
UAE_487,2023-12,8364,8139,-4153,-3693,-2.69
UAE_487,2024-01,3678,3896,-4532,-5111,5.93
UAE_487,2024-02,6481,6005,-7862,-8610,-7.34
UAE_487,2024-03,8627,8526,-3897,-4285,-1.17
UAE_487,2024-04,4629,4616,-4345,-4381,-0.28
UAE_487,2024-05,10882,10259,-13606,-13423,-5.73
UAE_487,2024-06,3827,3923,-3600,-3806,2.51
UAE_487,2024-07,2820,3130,-2962,-3372,10.99
UAE_487,2024-08,3385,3371,-16424,-16223,-0.41
UAE_487,2024-09,2608,2392,-7411,-7368,-8.28
UAE_487,2024-10,6482,7032,-10696,-12507,8.49
UAE_487,2024-11,4688,4964,-3466,-3312,5.89
UAE_487,2024-12,3988,4350,-2516,-2420,9.08
UAE_487,2025-01,4334,4136,-2843,-3313,-4.57
UAE_487,2025-02,4520,4462,-7197,-7540,-1.28
UAE_487,2025-03,4275,4239,-9042,-10101,-0.84
UAE_487,2025-04,2743,2633,-11626,-11212,-4.01
UAE_487,2025-05,15198,15718,-7963,-7348,3.42
UAE_487,2025-06,5593,6212,-4429,-4331,11.07
UAE_487,2025-07,2651,2599,-4081,-4548,-1.96
UAE_487,2025-08,18693,19984,-10955,-10199,6.91
UAE_487,2025-09,17822,19495,-10374,-10666,9.39
UAE_487,2025-10,4323,4311,-1912,-1820,-0.28
UAE_487,2025-11,4700,4406,-5109,-4714,-6.26
UAE_487,2025-12,4738,4580,-3851,-3707,-3.33
UAE_488,2023-01,1331,1319,-4382,-4072,-0.9
UAE_488,2023-02,1469,1481,-5542,-5956,0.82
UAE_488,2023-03,956,1006,-2638,-3092,5.23
UAE_488,2023-04,1986,2092,-4245,-3757,5.34
UAE_488,2023-05,873,930,-3351,-3338,6.53
UAE_488,2023-06,3018,2890,-5926,-6820,-4.24
UAE_488,2023-07,1688,1662,-5714,-5461,-1.54
UAE_488,2023-08,1647,1505,-7256,-7967,-8.62
UAE_488,2023-09,2328,2490,-2550,-2438,6.96
UAE_488,2023-10,1308,1358,-2800,-2921,3.82
UAE_488,2023-11,2402,2350,-844,-926,-2.16
UAE_488,2023-12,2439,2589,-2958,-2887,6.15
UAE_488,2024-01,1208,1281,-2439,-2160,6.04
UAE_488,2024-02,2590,2747,-1044,-1071,6.06
UAE_488,2024-03,1232,1186,-5122,-4767,-3.73
UAE_488,2024-04,1621,1667,-1435,-1366,2.84
UAE_488,2024-05,1673,1728,-2348,-2711,3.29
UAE_488,2024-06,2175,2275,-2439,-2297,4.6
UAE_488,2024-07,15056,15143,-4821,-4735,0.58
UAE_488,2024-08,2142,2067,-3907,-3930,-3.5
UAE_488,2024-09,6371,6317,-7441,-6546,-0.85
UAE_488,2024-10,842,934,-7798,-7474,10.93
UAE_488,2024-11,2042,2239,-1138,-1237,9.65
UAE_488,2024-12,2790,2814,-3149,-3121,0.86
UAE_488,2025-01,1013,1056,-1794,-1843,4.24
UAE_488,2025-02,2882,2808,-2501,-2425,-2.57
UAE_488,2025-03,2378,2187,-6267,-6207,-8.03
UAE_488,2025-04,945,1017,-7220,-6610,7.62
UAE_488,2025-05,2816,2626,-5139,-5983,-6.75
UAE_488,2025-06,7535,8323,-3820,-3704,10.46
UAE_488,2025-07,2073,1887,-1928,-1845,-8.97
UAE_488,2025-08,3606,3353,-5922,-5998,-7.02
UAE_488,2025-09,2740,2693,-3778,-4238,-1.72
UAE_488,2025-10,2526,2390,-4900,-5751,-5.38
UAE_488,2025-11,3058,3394,-3836,-3417,10.99
UAE_488,2025-12,2959,2942,-5188,-4862,-0.57
UAE_489,2023-01,1849,1997,-4261,-3721,8.0
UAE_489,2023-02,2137,2244,-3992,-3672,5.01
UAE_489,2023-03,2977,2721,-3828,-3987,-8.6
UAE_489,2023-04,3109,2881,-7301,-6379,-7.33
UAE_489,2023-05,3436,3528,-7042,-7760,2.68
UAE_489,2023-06,3133,3468,-5255,-5120,10.69
UAE_489,2023-07,978,961,-5009,-5230,-1.74
UAE_489,2023-08,1547,1574,-2935,-2918,1.75
UAE_489,2023-09,2877,2755,-4332,-3839,-4.24
UAE_489,2023-10,2610,2514,-1408,-1543,-3.68
UAE_489,2023-11,1634,1556,-4849,-4632,-4.77
UAE_489,2023-12,1763,1805,-4342,-4180,2.38
UAE_489,2024-01,770,829,-6002,-5723,7.66
UAE_489,2024-02,5080,5357,-6284,-5727,5.45
UAE_489,2024-03,1176,1203,-5063,-5520,2.3
UAE_489,2024-04,2097,2268,-1042,-1057,8.15
UAE_489,2024-05,2826,2572,-7778,-7945,-8.99
UAE_489,2024-06,4907,5001,-7426,-7213,1.92
UAE_489,2024-07,1484,1498,-7510,-8315,0.94
UAE_489,2024-08,2593,2836,-5863,-5494,9.37
UAE_489,2024-09,14414,14022,-4436,-4740,-2.72
UAE_489,2024-10,3039,3373,-4804,-4686,10.99
UAE_489,2024-11,2303,2523,-913,-968,9.55
UAE_489,2024-12,1478,1606,-1179,-1089,8.66
UAE_489,2025-01,1677,1638,-3403,-3842,-2.33
UAE_489,2025-02,2488,2313,-5476,-5633,-7.03
UAE_489,2025-03,2457,2551,-6366,-5763,3.83
UAE_489,2025-04,2930,2870,-3910,-4261,-2.05
UAE_489,2025-05,2971,2984,-1519,-1628,0.44
UAE_489,2025-06,3373,3226,-1300,-1476,-4.36
UAE_489,2025-07,2084,2025,-4229,-3989,-2.83
UAE_489,2025-08,1147,1167,-1966,-2192,1.74
UAE_489,2025-09,2404,2454,-5780,-6101,2.08
UAE_489,2025-10,2138,2030,-6430,-6512,-5.05
UAE_489,2025-11,966,1004,-3107,-3564,3.93
UAE_489,2025-12,3907,3860,-3743,-4032,-1.2
UAE_490,2023-01,1974,1919,-4190,-3927,-2.79
UAE_490,2023-02,990,972,-4957,-4991,-1.82
UAE_490,2023-03,841,916,-3850,-3637,8.92
UAE_490,2023-04,2400,2450,-8152,-7886,2.08
UAE_490,2023-05,3223,3252,-6083,-5547,0.9
UAE_490,2023-06,3024,3229,-7758,-7324,6.78
UAE_490,2023-07,1753,1619,-4624,-4453,-7.64
UAE_490,2023-08,9862,10300,-6817,-7096,4.44
UAE_490,2023-09,1403,1438,-5767,-5272,2.49
UAE_490,2023-10,1003,1086,-4383,-4666,8.28
UAE_490,2023-11,1390,1494,-1371,-1439,7.48
UAE_490,2023-12,1006,1065,-4253,-4509,5.86
UAE_490,2024-01,2619,2457,-1156,-1325,-6.19
UAE_490,2024-02,2121,2343,-3381,-3796,10.47
UAE_490,2024-03,2594,2432,-6207,-6559,-6.25
UAE_490,2024-04,1258,1165,-3960,-3784,-7.39
UAE_490,2024-05,2243,2271,-3296,-3005,1.25
UAE_490,2024-06,1817,1707,-2021,-2125,-6.05
UAE_490,2024-07,1336,1406,-4665,-4700,5.24
UAE_490,2024-08,3346,3480,-4299,-4789,4.0
UAE_490,2024-09,1298,1207,-3242,-2901,-7.01
UAE_490,2024-10,1848,1765,-2694,-2497,-4.49
UAE_490,2024-11,834,882,-2674,-2640,5.76
UAE_490,2024-12,2254,2399,-836,-961,6.43
UAE_490,2025-01,834,914,-6094,-5323,9.59
UAE_490,2025-02,1160,1267,-5647,-5364,9.22
UAE_490,2025-03,2818,2614,-4001,-4011,-7.24
UAE_490,2025-04,1054,1163,-7328,-7579,10.34
UAE_490,2025-05,3813,3967,-3422,-3202,4.04
UAE_490,2025-06,1794,1969,-5231,-5054,9.75
UAE_490,2025-07,1929,1982,-7192,-6738,2.75
UAE_490,2025-08,2809,2674,-2120,-1850,-4.81
UAE_490,2025-09,2950,2839,-4216,-3709,-3.76
UAE_490,2025-10,3055,3094,-3687,-4157,1.28
UAE_490,2025-11,1645,1789,-4110,-4446,8.75
UAE_490,2025-12,2831,2737,-4201,-4418,-3.32
UAE_491,2023-01,1019,1104,-4855,-5203,8.34
UAE_491,2023-02,1883,2034,-5185,-4992,8.02
UAE_491,2023-03,894,907,-2610,-2586,1.45
UAE_491,2023-04,2999,2826,-4633,-5268,-5.77
UAE_491,2023-05,2322,2119,-1863,-1927,-8.74
UAE_491,2023-06,1060,1135,-3163,-2898,7.08
UAE_491,2023-07,952,1018,-2238,-2470,6.93
UAE_491,2023-08,2234,2363,-2611,-2641,5.77
UAE_491,2023-09,2059,2016,-1857,-2141,-2.09
UAE_491,2023-10,2956,2899,-5810,-5126,-1.93
UAE_491,2023-11,2584,2821,-3611,-3210,9.17
UAE_491,2023-12,2531,2551,-5231,-5827,0.79
UAE_491,2024-01,2321,2171,-5531,-5149,-6.46
UAE_491,2024-02,2452,2662,-2121,-2423,8.56
UAE_491,2024-03,1807,1783,-5316,-4935,-1.33
UAE_491,2024-04,1309,1201,-4715,-4441,-8.25
UAE_491,2024-05,3380,3413,-3983,-4392,0.98
UAE_491,2024-06,1302,1428,-2963,-3170,9.68
UAE_491,2024-07,1386,1415,-5077,-5214,2.09
UAE_491,2024-08,3702,3714,-6465,-7304,0.32
UAE_491,2024-09,1910,1809,-4999,-5470,-5.29
UAE_491,2024-10,2835,2651,-979,-1124,-6.49
UAE_491,2024-11,1893,2024,-4298,-3792,6.92
UAE_491,2024-12,962,1025,-6200,-5784,6.55
UAE_491,2025-01,1899,1969,-5950,-5625,3.69
UAE_491,2025-02,1723,1657,-2550,-2420,-3.83
UAE_491,2025-03,3260,3138,-2402,-2107,-3.74
UAE_491,2025-04,3993,3636,-5909,-6225,-8.94
UAE_491,2025-05,7388,7730,-4153,-4239,4.63
UAE_491,2025-06,2350,2249,-3995,-3951,-4.3
UAE_491,2025-07,3486,3362,-7313,-6805,-3.56
UAE_491,2025-08,11163,12133,-7449,-7610,8.69
UAE_491,2025-09,1653,1559,-6153,-5807,-5.69
UAE_491,2025-10,1241,1150,-2297,-2366,-7.33
UAE_491,2025-11,1292,1266,-1404,-1340,-2.01
UAE_491,2025-12,2237,2135,-2829,-3182,-4.56
UAE_492,2023-01,1403,1284,-4229,-4767,-8.48
UAE_492,2023-02,1544,1646,-1205,-1084,6.61
UAE_492,2023-03,2046,1915,-2204,-2247,-6.4
UAE_492,2023-04,1079,1183,-5734,-5730,9.64
UAE_492,2023-05,2116,2066,-3456,-3091,-2.36
UAE_492,2023-06,6428,7127,-7307,-7802,10.87
UAE_492,2023-07,2886,2675,-4339,-3935,-7.31
UAE_492,2023-08,4409,4435,-5361,-4825,0.59
UAE_492,2023-09,972,950,-2780,-2787,-2.26
UAE_492,2023-10,2963,2873,-4657,-4831,-3.04
UAE_492,2023-11,1766,1781,-3851,-4406,0.85
UAE_492,2023-12,1479,1605,-1317,-1146,8.52
UAE_492,2024-01,2460,2667,-1140,-1177,8.41
UAE_492,2024-02,1631,1680,-2783,-2555,3.0
UAE_492,2024-03,3129,2848,-2421,-2785,-8.98
UAE_492,2024-04,4255,4616,-5924,-5471,8.48
UAE_492,2024-05,2403,2539,-2503,-2399,5.66
UAE_492,2024-06,1448,1603,-4904,-5499,10.7
UAE_492,2024-07,1711,1751,-7400,-7701,2.34
UAE_492,2024-08,2859,2939,-3969,-3533,2.8
UAE_492,2024-09,3473,3325,-1875,-1733,-4.26
UAE_492,2024-10,3366,3312,-4958,-5762,-1.6
UAE_492,2024-11,961,1036,-6414,-6641,7.8
UAE_492,2024-12,1213,1295,-2936,-2555,6.76
UAE_492,2025-01,2421,2358,-1078,-1216,-2.6
UAE_492,2025-02,2538,2539,-969,-1014,0.04
UAE_492,2025-03,2498,2356,-4970,-5057,-5.68
UAE_492,2025-04,1058,1083,-4517,-4158,2.36
UAE_492,2025-05,15930,14594,-6431,-5627,-8.39
UAE_492,2025-06,1364,1305,-7198,-6667,-4.33
UAE_492,2025-07,2470,2475,-4651,-4856,0.2
UAE_492,2025-08,3982,3803,-4781,-4396,-4.5
UAE_492,2025-09,2213,2153,-5412,-5279,-2.71
UAE_492,2025-10,1585,1644,-5515,-5469,3.72
UAE_492,2025-11,2519,2478,-4374,-4894,-1.63
UAE_492,2025-12,1753,1698,-2849,-3056,-3.14
UAE_493,2023-01,1544,1706,-5516,-4881,10.49
UAE_493,2023-02,1537,1590,-2786,-2538,3.45
UAE_493,2023-03,1836,1887,-1361,-1257,2.78
UAE_493,2023-04,1170,1206,-2118,-1851,3.08
UAE_493,2023-05,2132,2076,-5956,-5593,-2.63
UAE_493,2023-06,1197,1272,-6323,-6258,6.27
UAE_493,2023-07,2663,2674,-5101,-5168,0.41
UAE_493,2023-08,3323,3119,-1162,-1246,-6.14
UAE_493,2023-09,3134,3306,-3416,-3650,5.49
UAE_493,2023-10,1928,1922,-6222,-6386,-0.31
UAE_493,2023-11,1444,1479,-1948,-1732,2.42
UAE_493,2023-12,1559,1424,-1324,-1362,-8.66
UAE_493,2024-01,1919,1931,-4124,-4129,0.63
UAE_493,2024-02,2307,2409,-3826,-3823,4.42
UAE_493,2024-03,2236,2383,-850,-830,6.57
UAE_493,2024-04,2146,2379,-2271,-2045,10.86
UAE_493,2024-05,3383,3660,-3641,-3437,8.19
UAE_493,2024-06,2797,2646,-7438,-7096,-5.4
UAE_493,2024-07,1409,1532,-3653,-3284,8.73
UAE_493,2024-08,1741,1847,-4079,-4167,6.09
UAE_493,2024-09,3250,3033,-905,-968,-6.68
UAE_493,2024-10,2134,1984,-3113,-2872,-7.03
UAE_493,2024-11,3281,3142,-3295,-3215,-4.24
UAE_493,2024-12,5014,5270,-3118,-3471,5.11
UAE_493,2025-01,1611,1591,-4280,-3804,-1.24
UAE_493,2025-02,896,895,-4109,-3807,-0.11
UAE_493,2025-03,1707,1813,-4351,-4449,6.21
UAE_493,2025-04,1541,1653,-4656,-4939,7.27
UAE_493,2025-05,5016,5124,-6657,-6406,2.15
UAE_493,2025-06,7001,6444,-7096,-6610,-7.96
UAE_493,2025-07,5945,5686,-7157,-7083,-4.36
UAE_493,2025-08,2075,2238,-7516,-6994,7.86
UAE_493,2025-09,3096,3380,-1358,-1415,9.17
UAE_493,2025-10,2501,2393,-4954,-5091,-4.32
UAE_493,2025-11,2198,2018,-3245,-3341,-8.19
UAE_493,2025-12,2994,3195,-3720,-4261,6.71
UAE_494,2023-01,3426,3124,-5053,-5176,-8.81
UAE_494,2023-02,3510,3757,-7132,-7177,7.04
UAE_494,2023-03,2561,2798,-3262,-3338,9.25
UAE_494,2023-04,5613,5258,-5734,-6001,-6.32
UAE_494,2023-05,7332,6829,-3876,-4237,-6.86
UAE_494,2023-06,4321,4348,-9549,-8890,0.62
UAE_494,2023-07,5939,5926,-2841,-2490,-0.22
UAE_494,2023-08,4838,5276,-5081,-5417,9.05
UAE_494,2023-09,4396,4285,-9557,-10478,-2.53
UAE_494,2023-10,14248,14560,-10557,-9242,2.19
UAE_494,2023-11,2883,2911,-5179,-5793,0.97
UAE_494,2023-12,9800,9199,-7583,-6939,-6.13
UAE_494,2024-01,2935,2742,-9948,-10846,-6.58
UAE_494,2024-02,6645,7283,-13120,-11593,9.6
UAE_494,2024-03,3543,3301,-5709,-5954,-6.83
UAE_494,2024-04,5837,5560,-4247,-4847,-4.75
UAE_494,2024-05,22465,20509,-9969,-10053,-8.71
UAE_494,2024-06,8162,8082,-15069,-14058,-0.98
UAE_494,2024-07,18022,19681,-11866,-10950,9.21
UAE_494,2024-08,12491,12739,-2972,-3428,1.99
UAE_494,2024-09,26244,24489,-1874,-1848,-6.69
UAE_494,2024-10,17530,18317,-7713,-8999,4.49
UAE_494,2024-11,5022,4574,-2244,-2270,-8.92
UAE_494,2024-12,3067,2829,-3416,-3419,-7.76
UAE_494,2025-01,16672,15516,-4063,-3886,-6.93
UAE_494,2025-02,5518,5456,-1741,-2040,-1.12
UAE_494,2025-03,1989,1927,-6064,-6881,-3.12
UAE_494,2025-04,2832,2807,-4534,-4196,-0.88
UAE_494,2025-05,3866,4158,-8797,-8002,7.55
UAE_494,2025-06,25812,24961,-5673,-5209,-3.3
UAE_494,2025-07,22726,22495,-8000,-8761,-1.02
UAE_494,2025-08,3527,3599,-12162,-13584,2.04
UAE_494,2025-09,21657,20133,-11429,-10801,-7.04
UAE_494,2025-10,5172,5649,-4607,-4842,9.22
UAE_494,2025-11,1750,1700,-6263,-6808,-2.86
UAE_494,2025-12,6173,6654,-8814,-8054,7.79
UAE_495,2023-01,2340,2153,-1357,-1456,-7.99
UAE_495,2023-02,1304,1370,-6526,-5749,5.06
UAE_495,2023-03,759,708,-2674,-2378,-6.72
UAE_495,2023-04,2896,2763,-3940,-4150,-4.59
UAE_495,2023-05,2217,2221,-5124,-4599,0.18
UAE_495,2023-06,5847,5750,-6527,-5936,-1.66
UAE_495,2023-07,2216,2122,-3831,-4332,-4.24
UAE_495,2023-08,3183,3445,-3018,-2760,8.23
UAE_495,2023-09,1499,1425,-7756,-7073,-4.94
UAE_495,2023-10,1081,1191,-4965,-5457,10.18
UAE_495,2023-11,2869,2754,-3606,-4039,-4.01
UAE_495,2023-12,1259,1163,-2912,-3133,-7.63
UAE_495,2024-01,1172,1113,-2737,-2615,-5.03
UAE_495,2024-02,2317,2399,-4112,-4410,3.54
UAE_495,2024-03,2566,2811,-3443,-3731,9.55
UAE_495,2024-04,3348,3245,-5675,-5277,-3.08
UAE_495,2024-05,4601,4634,-7659,-7943,0.72
UAE_495,2024-06,3876,3609,-8607,-7566,-6.89
UAE_495,2024-07,4525,4229,-7459,-6885,-6.54
UAE_495,2024-08,5233,4978,-7123,-6253,-4.87
UAE_495,2024-09,1258,1238,-7175,-6493,-1.59
UAE_495,2024-10,2362,2219,-2344,-2107,-6.05
UAE_495,2024-11,2483,2488,-2638,-2753,0.2
UAE_495,2024-12,2974,2741,-3059,-3010,-7.83
UAE_495,2025-01,1856,1730,-6868,-6137,-6.79
UAE_495,2025-02,1989,1889,-973,-1018,-5.03
UAE_495,2025-03,1548,1705,-1790,-1848,10.14
UAE_495,2025-04,3714,3534,-5240,-5665,-4.85
UAE_495,2025-05,1630,1716,-1936,-2054,5.28
UAE_495,2025-06,1275,1355,-4191,-4228,6.27
UAE_495,2025-07,1258,1178,-9032,-9789,-6.36
UAE_495,2025-08,2074,1891,-7485,-6841,-8.82
UAE_495,2025-09,2218,2287,-1464,-1552,3.11
UAE_495,2025-10,3095,2958,-4630,-4953,-4.43
UAE_495,2025-11,934,906,-1342,-1470,-3.0
UAE_495,2025-12,3021,3119,-5356,-4759,3.24
UAE_496,2023-01,3720,3605,-9573,-8634,-3.09
UAE_496,2023-02,4499,4536,-7442,-6833,0.82
UAE_496,2023-03,2800,2941,-2677,-2658,5.04
UAE_496,2023-04,11166,11162,-10201,-10502,-0.04
UAE_496,2023-05,1937,2119,-3039,-2750,9.4
UAE_496,2023-06,8562,9321,-7258,-6763,8.86
UAE_496,2023-07,10077,10802,-6395,-6795,7.19
UAE_496,2023-08,3209,3530,-14991,-14477,10.0
UAE_496,2023-09,5123,4833,-14953,-13037,-5.66
UAE_496,2023-10,10311,10665,-7149,-7563,3.43
UAE_496,2023-11,7479,7514,-10367,-9138,0.47
UAE_496,2023-12,3311,3532,-5703,-5460,6.67
UAE_496,2024-01,3268,3223,-3465,-3762,-1.38
UAE_496,2024-02,4522,4282,-2884,-2870,-5.31
UAE_496,2024-03,14192,13381,-6139,-6564,-5.71
UAE_496,2024-04,2989,3270,-2947,-3041,9.4
UAE_496,2024-05,10790,9998,-4774,-4337,-7.34
UAE_496,2024-06,1477,1616,-12145,-10782,9.41
UAE_496,2024-07,2332,2303,-5404,-5849,-1.24
UAE_496,2024-08,3825,4118,-11632,-10376,7.66
UAE_496,2024-09,5838,6426,-9492,-8294,10.07
UAE_496,2024-10,3785,3662,-7870,-8275,-3.25
UAE_496,2024-11,1443,1449,-4769,-5451,0.42
UAE_496,2024-12,2338,2217,-6107,-5377,-5.18
UAE_496,2025-01,3783,3485,-7588,-6693,-7.88
UAE_496,2025-02,4636,4306,-5043,-5067,-7.12
UAE_496,2025-03,11040,10634,-5574,-5961,-3.68
UAE_496,2025-04,3296,3281,-10979,-11540,-0.46
UAE_496,2025-05,3519,3366,-7908,-9255,-4.35
UAE_496,2025-06,3549,3582,-2829,-2711,0.93
UAE_496,2025-07,5498,5251,-2504,-2329,-4.49
UAE_496,2025-08,4172,4074,-6165,-6277,-2.35
UAE_496,2025-09,3553,3400,-7506,-7387,-4.31
UAE_496,2025-10,3937,3889,-5489,-5288,-1.22
UAE_496,2025-11,5004,4706,-5615,-5681,-5.96
UAE_496,2025-12,3486,3276,-2346,-2636,-6.02
UAE_497,2023-01,66977,65543,-5862,-5477,-2.14
UAE_497,2023-02,34015,31848,-12211,-11754,-6.37
UAE_497,2023-03,13208,14414,-12490,-13430,9.13
UAE_497,2023-04,28706,26441,-16244,-15904,-7.89
UAE_497,2023-05,127393,135568,449,413,6.42
UAE_497,2023-06,17034,16509,-5578,-5643,-3.08
UAE_497,2023-07,186346,178567,12343,13938,-4.17
UAE_497,2023-08,24058,23073,-17365,-15342,-4.09
UAE_497,2023-09,87911,90612,-10788,-9392,3.07
UAE_497,2023-10,28553,26584,-11668,-13206,-6.9
UAE_497,2023-11,58529,61342,-7268,-6584,4.81
UAE_497,2023-12,25980,24592,-2704,-2436,-5.34
UAE_497,2024-01,92588,89922,-2991,-2919,-2.88
UAE_497,2024-02,10841,11913,-4012,-3911,9.89
UAE_497,2024-03,20869,20805,-20052,-21119,-0.31
UAE_497,2024-04,33981,33009,-4332,-4143,-2.86
UAE_497,2024-05,293151,306895,40654,41169,4.69
UAE_497,2024-06,52854,55524,-5379,-5478,5.05
UAE_497,2024-07,155555,144810,8612,9320,-6.91
UAE_497,2024-08,65936,69371,-19538,-22405,5.21
UAE_497,2024-09,46045,50211,-10096,-11102,9.05
UAE_497,2024-10,25548,23330,-10880,-9936,-8.68
UAE_497,2024-11,44116,42431,-7732,-7382,-3.82
UAE_497,2024-12,29266,29773,-3699,-3773,1.73
UAE_497,2025-01,84361,79716,6653,5954,-5.51
UAE_497,2025-02,25218,24584,-17609,-17465,-2.51
UAE_497,2025-03,81812,84808,4562,4211,3.66
UAE_497,2025-04,18853,17484,-17336,-19598,-7.26
UAE_497,2025-05,137939,128359,3385,3513,-6.95
UAE_497,2025-06,110788,107561,6735,7270,-2.91
UAE_497,2025-07,106324,112926,-12334,-12628,6.21
UAE_497,2025-08,40055,38188,-32218,-31332,-4.66
UAE_497,2025-09,29714,28402,-9912,-10557,-4.42
UAE_497,2025-10,18030,19945,-8884,-8416,10.62
UAE_497,2025-11,62608,58301,-8197,-7194,-6.88
UAE_497,2025-12,21440,22327,-18110,-19917,4.14
UAE_498,2023-01,2696,2656,-7289,-7927,-1.48
UAE_498,2023-02,6759,7202,-8335,-8154,6.55
UAE_498,2023-03,4001,4115,-5586,-5458,2.85
UAE_498,2023-04,3003,2831,-3109,-3142,-5.73
UAE_498,2023-05,12019,11052,-5500,-6456,-8.05
UAE_498,2023-06,26570,25313,-4766,-5136,-4.73
UAE_498,2023-07,12882,13239,-3716,-3530,2.77
UAE_498,2023-08,9178,8354,-11848,-12810,-8.98
UAE_498,2023-09,4230,4591,-6565,-6415,8.53
UAE_498,2023-10,5671,5377,-2333,-2431,-5.18
UAE_498,2023-11,8142,7821,-8778,-8481,-3.94
UAE_498,2023-12,3448,3447,-13000,-11550,-0.03
UAE_498,2024-01,2423,2572,-4920,-5286,6.15
UAE_498,2024-02,1394,1299,-4019,-4008,-6.81
UAE_498,2024-03,2708,2827,-12948,-11469,4.39
UAE_498,2024-04,2061,1913,-10681,-9905,-7.18
UAE_498,2024-05,7507,7494,-6708,-6211,-0.17
UAE_498,2024-06,4709,4809,-7184,-7592,2.12
UAE_498,2024-07,4881,4480,-10207,-10143,-8.22
UAE_498,2024-08,6207,5896,-3437,-3340,-5.01
UAE_498,2024-09,5425,5704,-6380,-5567,5.14
UAE_498,2024-10,4852,5264,-2365,-2506,8.49
UAE_498,2024-11,1703,1708,-8585,-8712,0.29
UAE_498,2024-12,1775,1638,-3440,-3095,-7.72
UAE_498,2025-01,2042,2149,-3408,-3577,5.24
UAE_498,2025-02,2358,2215,-7196,-7350,-6.06
UAE_498,2025-03,1560,1578,-5280,-5650,1.15
UAE_498,2025-04,3214,3486,-7908,-6886,8.46
UAE_498,2025-05,13742,13294,-12355,-10773,-3.26
UAE_498,2025-06,3579,3356,-8303,-7642,-6.23
UAE_498,2025-07,6743,7464,-5350,-5158,10.69
UAE_498,2025-08,2965,3009,-3387,-2959,1.48
UAE_498,2025-09,12253,11616,-7860,-8454,-5.2
UAE_498,2025-10,7046,7136,-11059,-9853,1.28
UAE_498,2025-11,7850,7547,-6777,-7424,-3.86
UAE_498,2025-12,3414,3695,-2058,-1940,8.23
UAE_499,2023-01,2182,2290,-958,-865,4.95
UAE_499,2023-02,934,1000,-2896,-3008,7.07
UAE_499,2023-03,2617,2753,-5903,-6302,5.2
UAE_499,2023-04,1833,1879,-6889,-7145,2.51
UAE_499,2023-05,2667,2478,-2769,-2889,-7.09
UAE_499,2023-06,1246,1316,-4526,-4621,5.62
UAE_499,2023-07,4418,4638,-6644,-6087,4.98
UAE_499,2023-08,2397,2446,-3544,-3097,2.04
UAE_499,2023-09,2550,2458,-1375,-1452,-3.61
UAE_499,2023-10,1673,1789,-6318,-6924,6.93
UAE_499,2023-11,1225,1226,-3787,-4217,0.08
UAE_499,2023-12,1900,2064,-1872,-1691,8.63
UAE_499,2024-01,2588,2559,-532,-621,-1.12
UAE_499,2024-02,2239,2215,-2342,-2746,-1.07
UAE_499,2024-03,2427,2404,-1212,-1332,-0.95
UAE_499,2024-04,1772,1682,-3943,-4140,-5.08
UAE_499,2024-05,6534,7224,-6321,-6096,10.56
UAE_499,2024-06,2154,2110,-4404,-4165,-2.04
UAE_499,2024-07,2663,2705,-4322,-4181,1.58
UAE_499,2024-08,2764,2992,-4431,-4812,8.25
UAE_499,2024-09,2631,2591,-5593,-5399,-1.52
UAE_499,2024-10,2238,2147,-2246,-2136,-4.07
UAE_499,2024-11,4469,4213,-5168,-5193,-5.73
UAE_499,2024-12,1590,1638,-5698,-6184,3.02
UAE_499,2025-01,1211,1207,-6125,-6047,-0.33
UAE_499,2025-02,1169,1289,-3482,-3921,10.27
UAE_499,2025-03,918,837,-2964,-2878,-8.82
UAE_499,2025-04,1791,1743,-1948,-1731,-2.68
UAE_499,2025-05,2164,2263,-4334,-4477,4.57
UAE_499,2025-06,2616,2658,-1738,-1856,1.61
UAE_499,2025-07,2616,2525,-6829,-7401,-3.48
UAE_499,2025-08,5074,5342,-8366,-7643,5.28
UAE_499,2025-09,1168,1194,-5584,-5321,2.23
UAE_499,2025-10,3170,3169,-5650,-5465,-0.03
UAE_499,2025-11,2685,2819,-2021,-2120,4.99
UAE_499,2025-12,1674,1605,-5746,-5471,-4.12
UAE_500,2023-01,155600,165932,-3898,-4406,6.64
UAE_500,2023-02,176087,190646,-23467,-24627,8.27
UAE_500,2023-03,72630,67892,-13451,-12588,-6.52
UAE_500,2023-04,122822,116324,-9799,-8541,-5.29
UAE_500,2023-05,125485,126810,6468,6348,1.06
UAE_500,2023-06,417982,439951,17350,17302,5.26
UAE_500,2023-07,345546,327174,49411,43034,-5.32
UAE_500,2023-08,311904,337689,54365,49025,8.27
UAE_500,2023-09,87111,88726,-6707,-5848,1.85
UAE_500,2023-10,560340,590032,101692,88520,5.3
UAE_500,2023-11,145248,155805,7458,7968,7.27
UAE_500,2023-12,405188,439690,32612,30406,8.52
UAE_500,2024-01,122837,132118,-17873,-18246,7.56
UAE_500,2024-02,322995,307212,54346,54422,-4.89
UAE_500,2024-03,381021,423077,102915,94712,11.04
UAE_500,2024-04,91676,88236,-14154,-13132,-3.75
UAE_500,2024-05,254182,264345,15254,15673,4.0
UAE_500,2024-06,553893,601173,84083,98620,8.54
UAE_500,2024-07,547465,518960,55980,52459,-5.21
UAE_500,2024-08,641493,593927,167365,175935,-7.41
UAE_500,2024-09,754487,703697,128496,147776,-6.73
UAE_500,2024-10,222321,209358,4743,4607,-5.83
UAE_500,2024-11,78599,83967,-7847,-7566,6.83
UAE_500,2024-12,409760,442386,102706,97564,7.96
UAE_500,2025-01,242066,227418,6453,5674,-6.05
UAE_500,2025-02,193991,206968,3395,3547,6.69
UAE_500,2025-03,145793,158702,32773,38344,8.85
UAE_500,2025-04,407662,404830,52655,60982,-0.69
UAE_500,2025-05,318518,295894,51208,56646,-7.1
UAE_500,2025-06,190324,192422,14209,12391,1.1
UAE_500,2025-07,378122,409185,89183,78510,8.22
UAE_500,2025-08,663076,649134,169916,161555,-2.1
UAE_500,2025-09,1430978,1532016,230034,233505,7.06
UAE_500,2025-10,38777,41963,-7828,-9092,8.22
UAE_500,2025-11,187752,201598,23582,26749,7.37
UAE_500,2025-12,307177,319980,47989,52756,4.17
