business_id,month,leads_in,opportunities,proposals_sent,deals_closed,pipeline_value
UAE_001,2023-01,56,22,11,1,50659
UAE_001,2023-02,49,19,9,1,35549
UAE_001,2023-03,25,10,5,1,7772
UAE_001,2023-04,50,20,10,1,40970
UAE_001,2023-05,32,12,6,1,33140
UAE_001,2023-06,19,7,3,1,19913
UAE_001,2023-07,28,11,5,1,10191
UAE_001,2023-08,33,13,6,1,11267
UAE_001,2023-09,56,22,11,1,19057
UAE_001,2023-10,22,8,4,1,17183
UAE_001,2023-11,43,17,8,1,16694
UAE_001,2023-12,15,6,3,1,10584
UAE_001,2024-01,13,5,2,1,4896
UAE_001,2024-02,25,10,5,1,14993
UAE_001,2024-03,55,22,11,1,17584
UAE_001,2024-04,37,14,7,1,21644
UAE_001,2024-05,20,8,4,1,8975
UAE_001,2024-06,33,13,6,1,24378
UAE_001,2024-07,29,11,5,1,28579
UAE_001,2024-08,98,39,19,3,33008
UAE_001,2024-09,76,30,15,2,73713
UAE_001,2024-10,27,10,5,1,11795
UAE_001,2024-11,63,25,12,1,43298
UAE_001,2024-12,58,23,11,1,33238
UAE_001,2025-01,13,5,2,1,10423
UAE_001,2025-02,11,4,2,1,7093
UAE_001,2025-03,52,20,10,1,16351
UAE_001,2025-04,31,12,6,1,16515
UAE_001,2025-05,50,20,10,1,36952
UAE_001,2025-06,62,24,12,2,39967
UAE_001,2025-07,30,12,6,1,28695
UAE_001,2025-08,96,38,19,3,94550
UAE_001,2025-09,22,8,4,1,11058
UAE_001,2025-10,27,10,5,1,14152
UAE_001,2025-11,57,22,11,1,30011
UAE_001,2025-12,63,25,12,2,29135
UAE_002,2023-01,47,18,9,1,38486
UAE_002,2023-02,14,5,2,1,4702
UAE_002,2023-03,30,12,6,1,22832
UAE_002,2023-04,36,14,7,1,41013
UAE_002,2023-05,34,13,6,1,16044
UAE_002,2023-06,47,18,9,1,35631
UAE_002,2023-07,83,33,16,1,95046
UAE_002,2023-08,18,7,3,1,10479
UAE_002,2023-09,86,34,17,2,34002
UAE_002,2023-10,27,10,5,1,28524
UAE_002,2023-11,60,24,12,1,41169
UAE_002,2023-12,52,20,10,1,37167
UAE_002,2024-01,25,10,5,1,28296
UAE_002,2024-02,16,6,3,1,5648
UAE_002,2024-03,15,6,3,1,6114
UAE_002,2024-04,24,9,4,1,25634
UAE_002,2024-05,42,16,8,1,45650
UAE_002,2024-06,39,15,7,1,15003
UAE_002,2024-07,51,20,10,1,41398
UAE_002,2024-08,68,27,13,1,69723
UAE_002,2024-09,67,26,13,2,32398
UAE_002,2024-10,18,7,3,1,7038
UAE_002,2024-11,25,10,5,1,24734
UAE_002,2024-12,49,19,9,1,23854
UAE_002,2025-01,41,16,8,1,47695
UAE_002,2025-02,35,14,7,1,39226
UAE_002,2025-03,12,4,2,1,9748
UAE_002,2025-04,33,13,6,1,30430
UAE_002,2025-05,85,34,17,3,31904
UAE_002,2025-06,55,22,11,2,19590
UAE_002,2025-07,62,24,12,2,61375
UAE_002,2025-08,13,5,2,1,4547
UAE_002,2025-09,78,31,15,1,64776
UAE_002,2025-10,32,12,6,1,10825
UAE_002,2025-11,39,15,7,1,44557
UAE_002,2025-12,10,4,2,1,9636
UAE_003,2023-01,12,4,2,1,7009
UAE_003,2023-02,38,15,7,1,44367
UAE_003,2023-03,54,21,10,2,59832
UAE_003,2023-04,55,22,11,2,26686
UAE_003,2023-05,61,24,12,1,67530
UAE_003,2023-06,70,28,14,1,51535
UAE_003,2023-07,68,27,13,2,79506
UAE_003,2023-08,66,26,13,2,37416
UAE_003,2023-09,46,18,9,1,21501
UAE_003,2023-10,34,13,6,1,23134
UAE_003,2023-11,49,19,9,1,29221
UAE_003,2023-12,41,16,8,1,30551
UAE_003,2024-01,10,4,2,1,5708
UAE_003,2024-02,31,12,6,1,12260
UAE_003,2024-03,53,21,10,1,55936
UAE_003,2024-04,71,28,14,1,64578
UAE_003,2024-05,80,32,16,1,46419
UAE_003,2024-06,75,30,15,2,25156
UAE_003,2024-07,51,20,10,1,52064
UAE_003,2024-08,18,7,3,1,17041
UAE_003,2024-09,59,23,11,1,34952
UAE_003,2024-10,48,19,9,1,28057
UAE_003,2024-11,27,10,5,1,26436
UAE_003,2024-12,47,18,9,1,24305
UAE_003,2025-01,15,6,3,1,6610
UAE_003,2025-02,30,12,6,1,17148
UAE_003,2025-03,35,14,7,1,30220
UAE_003,2025-04,42,16,8,1,41586
UAE_003,2025-05,27,10,5,1,23594
UAE_003,2025-06,58,23,11,1,47396
UAE_003,2025-07,44,17,8,1,41790
UAE_003,2025-08,56,22,11,1,17225
UAE_003,2025-09,28,11,5,1,13771
UAE_003,2025-10,29,11,5,1,28851
UAE_003,2025-11,56,22,11,1,16683
UAE_003,2025-12,48,19,9,1,18531
UAE_004,2023-01,41,16,8,1,73206
UAE_004,2023-02,23,9,4,1,27556
UAE_004,2023-03,135,54,27,3,180580
UAE_004,2023-04,34,13,6,1,32788
UAE_004,2023-05,61,24,12,1,44220
UAE_004,2023-06,103,41,20,2,144431
UAE_004,2023-07,84,33,16,2,60514
UAE_004,2023-08,131,52,26,4,160240
UAE_004,2023-09,104,41,20,1,106011
UAE_004,2023-10,71,28,14,2,130595
UAE_004,2023-11,128,51,25,4,100093
UAE_004,2023-12,87,34,17,2,182996
UAE_004,2024-01,86,34,17,1,86826
UAE_004,2024-02,44,17,8,1,47096
UAE_004,2024-03,44,17,8,1,38170
UAE_004,2024-04,75,30,15,2,77322
UAE_004,2024-05,56,22,11,2,89579
UAE_004,2024-06,67,26,13,1,78135
UAE_004,2024-07,47,18,9,1,56922
UAE_004,2024-08,104,41,20,3,177044
UAE_004,2024-09,66,26,13,1,112522
UAE_004,2024-10,124,49,24,4,173152
UAE_004,2024-11,26,10,5,1,39823
UAE_004,2024-12,91,36,18,2,53843
UAE_004,2025-01,28,11,5,1,56071
UAE_004,2025-02,40,16,8,1,42564
UAE_004,2025-03,58,23,11,1,48847
UAE_004,2025-04,76,30,15,1,104226
UAE_004,2025-05,107,42,21,1,179917
UAE_004,2025-06,102,40,20,1,93908
UAE_004,2025-07,71,28,14,1,72332
UAE_004,2025-08,43,17,8,1,24140
UAE_004,2025-09,144,57,28,4,77279
UAE_004,2025-10,75,30,15,2,89103
UAE_004,2025-11,45,18,9,1,28288
UAE_004,2025-12,46,18,9,1,33132
UAE_005,2023-01,202,80,40,4,467491
UAE_005,2023-02,69,27,13,2,118081
UAE_005,2023-03,52,20,10,1,55106
UAE_005,2023-04,46,18,9,1,104217
UAE_005,2023-05,110,44,22,3,233742
UAE_005,2023-06,236,94,47,8,634253
UAE_005,2023-07,198,79,39,4,448474
UAE_005,2023-08,97,38,19,2,234608
UAE_005,2023-09,109,43,21,3,106543
UAE_005,2023-10,195,78,39,6,436011
UAE_005,2023-11,113,45,22,4,236878
UAE_005,2023-12,171,68,34,3,552266
UAE_005,2024-01,136,54,27,3,193587
UAE_005,2024-02,153,61,30,3,302313
UAE_005,2024-03,29,11,5,1,36619
UAE_005,2024-04,174,69,34,2,532313
UAE_005,2024-05,161,64,32,6,478230
UAE_005,2024-06,85,34,17,2,225857
UAE_005,2024-07,168,67,33,2,493692
UAE_005,2024-08,120,48,24,4,273709
UAE_005,2024-09,288,115,57,5,343117
UAE_005,2024-10,99,39,19,1,363617
UAE_005,2024-11,197,78,39,3,653759
UAE_005,2024-12,53,21,10,1,91949
UAE_005,2025-01,95,38,19,3,364138
UAE_005,2025-02,168,67,33,5,328331
UAE_005,2025-03,141,56,28,2,461762
UAE_005,2025-04,123,49,24,3,293732
UAE_005,2025-05,147,58,29,2,325981
UAE_005,2025-06,48,19,9,1,180995
UAE_005,2025-07,317,126,63,8,596730
UAE_005,2025-08,81,32,16,1,149425
UAE_005,2025-09,59,23,11,1,200358
UAE_005,2025-10,104,41,20,3,102684
UAE_005,2025-11,222,88,44,5,719121
UAE_005,2025-12,235,94,47,7,279464
UAE_006,2023-01,96,38,19,3,157975
UAE_006,2023-02,61,24,12,1,112004
UAE_006,2023-03,150,60,30,4,359079
UAE_006,2023-04,97,38,19,3,139263
UAE_006,2023-05,124,49,24,4,453269
UAE_006,2023-06,74,29,14,1,212580
UAE_006,2023-07,79,31,15,1,228620
UAE_006,2023-08,122,48,24,4,393651
UAE_006,2023-09,65,26,13,1,116610
UAE_006,2023-10,55,22,11,2,109751
UAE_006,2023-11,38,15,7,1,71386
UAE_006,2023-12,156,62,31,5,552033
UAE_006,2024-01,160,64,32,2,202167
UAE_006,2024-02,80,32,16,2,273201
UAE_006,2024-03,41,16,8,1,58062
UAE_006,2024-04,150,60,30,2,292640
UAE_006,2024-05,74,29,14,1,156506
UAE_006,2024-06,202,80,40,7,224112
UAE_006,2024-07,234,93,46,5,411113
UAE_006,2024-08,220,88,44,5,271333
UAE_006,2024-09,148,59,29,5,420330
UAE_006,2024-10,116,46,23,3,113559
UAE_006,2024-11,157,62,31,4,525794
UAE_006,2024-12,173,69,34,4,642889
UAE_006,2025-01,90,36,18,2,295874
UAE_006,2025-02,154,61,30,5,240668
UAE_006,2025-03,181,72,36,4,393698
UAE_006,2025-04,72,28,14,2,226859
UAE_006,2025-05,107,42,21,3,142218
UAE_006,2025-06,168,67,33,6,361813
UAE_006,2025-07,121,48,24,2,458919
UAE_006,2025-08,161,64,32,3,487620
UAE_006,2025-09,147,58,29,2,546225
UAE_006,2025-10,292,116,58,10,483650
UAE_006,2025-11,151,60,30,3,478215
UAE_006,2025-12,85,34,17,2,102138
UAE_007,2023-01,38,15,7,1,21635
UAE_007,2023-02,45,18,9,1,21782
UAE_007,2023-03,54,21,10,1,59717
UAE_007,2023-04,14,5,2,1,6588
UAE_007,2023-05,22,8,4,1,22799
UAE_007,2023-06,40,16,8,1,23189
UAE_007,2023-07,92,36,18,3,75317
UAE_007,2023-08,53,21,10,1,22325
UAE_007,2023-09,25,10,5,1,22743
UAE_007,2023-10,15,6,3,1,15928
UAE_007,2023-11,19,7,3,1,10568
UAE_007,2023-12,40,16,8,1,18465
UAE_007,2024-01,61,24,12,2,65472
UAE_007,2024-02,31,12,6,1,33207
UAE_007,2024-03,85,34,17,1,33493
UAE_007,2024-04,55,22,11,1,32183
UAE_007,2024-05,19,7,3,1,14446
UAE_007,2024-06,45,18,9,1,47205
UAE_007,2024-07,71,28,14,1,65348
UAE_007,2024-08,59,23,11,1,25411
UAE_007,2024-09,39,15,7,1,27795
UAE_007,2024-10,55,22,11,1,21733
UAE_007,2024-11,30,12,6,1,26325
UAE_007,2024-12,63,25,12,2,34810
UAE_007,2025-01,45,18,9,1,14205
UAE_007,2025-02,21,8,4,1,21334
UAE_007,2025-03,15,6,3,1,6935
UAE_007,2025-04,14,5,2,1,14164
UAE_007,2025-05,66,26,13,2,47311
UAE_007,2025-06,89,35,17,3,94213
UAE_007,2025-07,12,4,2,1,4955
UAE_007,2025-08,74,29,14,1,70963
UAE_007,2025-09,11,4,2,1,4790
UAE_007,2025-10,37,14,7,1,13953
UAE_007,2025-11,17,6,3,1,7431
UAE_007,2025-12,49,19,9,1,44274
UAE_008,2023-01,226,90,45,4,1727024
UAE_008,2023-02,576,230,115,17,4988246
UAE_008,2023-03,664,265,132,21,7546301
UAE_008,2023-04,778,311,155,28,5579215
UAE_008,2023-05,759,303,151,19,6765665
UAE_008,2023-06,237,94,47,8,2537316
UAE_008,2023-07,161,64,32,3,1495188
UAE_008,2023-08,512,204,102,13,5904314
UAE_008,2023-09,284,113,56,6,839463
UAE_008,2023-10,379,151,75,7,2498433
UAE_008,2023-11,271,108,54,4,1665995
UAE_008,2023-12,336,134,67,12,2235702
UAE_008,2024-01,168,67,33,5,1731440
UAE_008,2024-02,283,113,56,6,2279520
UAE_008,2024-03,331,132,66,11,2796950
UAE_008,2024-04,178,71,35,5,1627028
UAE_008,2024-05,785,314,157,15,5548091
UAE_008,2024-06,600,240,120,23,4567569
UAE_008,2024-07,561,224,112,12,5602739
UAE_008,2024-08,570,228,114,15,3137726
UAE_008,2024-09,248,99,49,4,1681870
UAE_008,2024-10,344,137,68,5,2632407
UAE_008,2024-11,263,105,52,8,1257795
UAE_008,2024-12,523,209,104,17,4443066
UAE_008,2025-01,382,152,76,7,1179399
UAE_008,2025-02,463,185,92,8,3428762
UAE_008,2025-03,623,249,124,21,5721390
UAE_008,2025-04,290,116,58,8,1452273
UAE_008,2025-05,183,73,36,3,633483
UAE_008,2025-06,532,212,106,20,3202011
UAE_008,2025-07,462,184,92,9,2570474
UAE_008,2025-08,603,241,120,24,6432615
UAE_008,2025-09,288,115,57,6,2301857
UAE_008,2025-10,510,204,102,8,3894007
UAE_008,2025-11,343,137,68,13,3322802
UAE_008,2025-12,223,89,44,7,1404445
UAE_009,2023-01,25,10,5,1,29481
UAE_009,2023-02,53,21,10,1,16131
UAE_009,2023-03,33,13,6,1,27583
UAE_009,2023-04,26,10,5,1,16496
UAE_009,2023-05,107,42,21,3,89629
UAE_009,2023-06,27,10,5,1,23952
UAE_009,2023-07,17,6,3,1,6793
UAE_009,2023-08,75,30,15,1,31886
UAE_009,2023-09,65,26,13,2,26913
UAE_009,2023-10,50,20,10,1,19509
UAE_009,2023-11,69,27,13,2,51984
UAE_009,2023-12,16,6,3,1,8051
UAE_009,2024-01,40,16,8,1,24068
UAE_009,2024-02,19,7,3,1,10807
UAE_009,2024-03,33,13,6,1,35190
UAE_009,2024-04,76,30,15,2,83233
UAE_009,2024-05,25,10,5,1,9075
UAE_009,2024-06,23,9,4,1,8247
UAE_009,2024-07,67,26,13,1,32268
UAE_009,2024-08,13,5,2,1,10905
UAE_009,2024-09,35,14,7,1,17078
UAE_009,2024-10,44,17,8,1,45970
UAE_009,2024-11,80,32,16,2,54458
UAE_009,2024-12,29,11,5,1,22769
UAE_009,2025-01,30,12,6,1,18855
UAE_009,2025-02,40,16,8,1,16984
UAE_009,2025-03,56,22,11,2,51235
UAE_009,2025-04,56,22,11,1,37095
UAE_009,2025-05,88,35,17,2,61924
UAE_009,2025-06,48,19,9,1,31601
UAE_009,2025-07,65,26,13,1,76493
UAE_009,2025-08,42,16,8,1,23873
UAE_009,2025-09,68,27,13,2,21705
UAE_009,2025-10,44,17,8,1,29065
UAE_009,2025-11,49,19,9,1,29112
UAE_009,2025-12,27,10,5,1,28796
UAE_010,2023-01,54,21,10,1,23386
UAE_010,2023-02,11,4,2,1,6019
UAE_010,2023-03,47,18,9,1,28677
UAE_010,2023-04,48,19,9,1,30886
UAE_010,2023-05,28,11,5,1,8674
UAE_010,2023-06,74,29,14,1,48425
UAE_010,2023-07,42,16,8,1,14801
UAE_010,2023-08,49,19,9,1,54465
UAE_010,2023-09,57,22,11,1,50681
UAE_010,2023-10,35,14,7,1,32391
UAE_010,2023-11,24,9,4,1,13438
UAE_010,2023-12,18,7,3,1,17955
UAE_010,2024-01,28,11,5,1,31877
UAE_010,2024-02,15,6,3,1,8466
UAE_010,2024-03,12,4,2,1,9159
UAE_010,2024-04,11,4,2,1,11184
UAE_010,2024-05,71,28,14,1,83491
UAE_010,2024-06,12,4,2,1,8245
UAE_010,2024-07,67,26,13,1,63639
UAE_010,2024-08,42,16,8,1,23018
UAE_010,2024-09,67,26,13,1,41338
UAE_010,2024-10,52,20,10,1,32529
UAE_010,2024-11,35,14,7,1,29762
UAE_010,2024-12,38,15,7,1,28899
UAE_010,2025-01,30,12,6,1,13825
UAE_010,2025-02,39,15,7,1,23907
UAE_010,2025-03,46,18,9,1,51548
UAE_010,2025-04,30,12,6,1,17421
UAE_010,2025-05,15,6,3,1,11405
UAE_010,2025-06,14,5,2,1,10112
UAE_010,2025-07,40,16,8,1,39100
UAE_010,2025-08,30,12,6,1,35296
UAE_010,2025-09,69,27,13,2,31949
UAE_010,2025-10,19,7,3,1,19936
UAE_010,2025-11,52,20,10,1,47213
UAE_010,2025-12,16,6,3,1,10852
UAE_011,2023-01,42,16,8,1,42226
UAE_011,2023-02,25,10,5,1,23295
UAE_011,2023-03,40,16,8,1,27565
UAE_011,2023-04,24,9,4,1,26417
UAE_011,2023-05,45,18,9,1,33478
UAE_011,2023-06,82,32,16,1,25464
UAE_011,2023-07,36,14,7,1,20221
UAE_011,2023-08,77,30,15,2,36376
UAE_011,2023-09,57,22,11,2,60471
UAE_011,2023-10,57,22,11,1,25919
UAE_011,2023-11,65,26,13,1,51926
UAE_011,2023-12,57,22,11,1,22992
UAE_011,2024-01,12,4,2,1,7632
UAE_011,2024-02,29,11,5,1,17133
UAE_011,2024-03,16,6,3,1,14573
UAE_011,2024-04,29,11,5,1,25285
UAE_011,2024-05,56,22,11,1,30602
UAE_011,2024-06,56,22,11,1,44775
UAE_011,2024-07,81,32,16,3,34285
UAE_011,2024-08,35,14,7,1,18340
UAE_011,2024-09,34,13,6,1,38868
UAE_011,2024-10,63,25,12,1,43052
UAE_011,2024-11,50,20,10,1,58334
UAE_011,2024-12,35,14,7,1,18497
UAE_011,2025-01,53,21,10,1,55433
UAE_011,2025-02,16,6,3,1,14569
UAE_011,2025-03,49,19,9,1,52669
UAE_011,2025-04,38,15,7,1,17840
UAE_011,2025-05,34,13,6,1,28820
UAE_011,2025-06,67,26,13,2,25330
UAE_011,2025-07,91,36,18,3,88191
UAE_011,2025-08,96,38,19,2,87889
UAE_011,2025-09,39,15,7,1,15751
UAE_011,2025-10,22,8,4,1,13370
UAE_011,2025-11,14,5,2,1,4619
UAE_011,2025-12,36,14,7,1,21693
UAE_012,2023-01,26,10,5,1,36885
UAE_012,2023-02,38,15,7,1,50227
UAE_012,2023-03,76,30,15,1,102930
UAE_012,2023-04,33,13,6,1,28808
UAE_012,2023-05,32,12,6,1,42556
UAE_012,2023-06,117,46,23,3,128174
UAE_012,2023-07,30,12,6,1,40051
UAE_012,2023-08,32,12,6,1,28643
UAE_012,2023-09,31,12,6,1,20722
UAE_012,2023-10,106,42,21,3,103012
UAE_012,2023-11,100,40,20,2,100665
UAE_012,2023-12,29,11,5,1,28825
UAE_012,2024-01,28,11,5,1,45867
UAE_012,2024-02,57,22,11,1,56760
UAE_012,2024-03,24,9,4,1,31234
UAE_012,2024-04,34,13,6,1,21800
UAE_012,2024-05,90,36,18,1,81228
UAE_012,2024-06,66,26,13,1,97120
UAE_012,2024-07,109,43,21,3,149702
UAE_012,2024-08,92,36,18,1,138702
UAE_012,2024-09,86,34,17,1,142380
UAE_012,2024-10,48,19,9,1,33737
UAE_012,2024-11,89,35,17,3,64349
UAE_012,2024-12,76,30,15,2,38034
UAE_012,2025-01,53,21,10,1,82180
UAE_012,2025-02,78,31,15,1,56163
UAE_012,2025-03,73,29,14,2,71806
UAE_012,2025-04,36,14,7,1,46041
UAE_012,2025-05,27,10,5,1,10780
UAE_012,2025-06,87,34,17,1,136926
UAE_012,2025-07,116,46,23,3,183908
UAE_012,2025-08,86,34,17,2,104281
UAE_012,2025-09,109,43,21,2,176250
UAE_012,2025-10,69,27,13,1,75278
UAE_012,2025-11,72,28,14,1,55224
UAE_012,2025-12,81,32,16,3,40231
UAE_013,2023-01,15,6,3,1,14518
UAE_013,2023-02,54,21,10,2,16336
UAE_013,2023-03,24,9,4,1,14721
UAE_013,2023-04,22,8,4,1,20082
UAE_013,2023-05,72,28,14,1,47932
UAE_013,2023-06,76,30,15,1,37071
UAE_013,2023-07,25,10,5,1,18588
UAE_013,2023-08,22,8,4,1,14798
UAE_013,2023-09,36,14,7,1,22442
UAE_013,2023-10,16,6,3,1,7273
UAE_013,2023-11,45,18,9,1,33538
UAE_013,2023-12,47,18,9,1,16567
UAE_013,2024-01,58,23,11,1,68996
UAE_013,2024-02,59,23,11,1,29516
UAE_013,2024-03,34,13,6,1,9848
UAE_013,2024-04,47,18,9,1,35762
UAE_013,2024-05,55,22,11,1,25397
UAE_013,2024-06,24,9,4,1,15942
UAE_013,2024-07,51,20,10,1,24470
UAE_013,2024-08,45,18,9,1,45599
UAE_013,2024-09,66,26,13,2,29846
UAE_013,2024-10,43,17,8,1,24763
UAE_013,2024-11,17,6,3,1,6446
UAE_013,2024-12,23,9,4,1,9480
UAE_013,2025-01,24,9,4,1,15375
UAE_013,2025-02,51,20,10,1,38480
UAE_013,2025-03,28,11,5,1,32686
UAE_013,2025-04,40,16,8,1,38507
UAE_013,2025-05,54,21,10,1,28401
UAE_013,2025-06,55,22,11,1,24037
UAE_013,2025-07,61,24,12,1,65991
UAE_013,2025-08,15,6,3,1,9812
UAE_013,2025-09,44,17,8,1,23476
UAE_013,2025-10,39,15,7,1,12582
UAE_013,2025-11,28,11,5,1,24696
UAE_013,2025-12,45,18,9,1,28951
UAE_014,2023-01,136,54,27,3,147187
UAE_014,2023-02,60,24,12,2,65902
UAE_014,2023-03,28,11,5,1,57011
UAE_014,2023-04,68,27,13,2,88412
UAE_014,2023-05,143,57,28,3,197314
UAE_014,2023-06,81,32,16,2,108280
UAE_014,2023-07,45,18,9,1,52166
UAE_014,2023-08,59,23,11,1,89288
UAE_014,2023-09,95,38,19,2,88571
UAE_014,2023-10,91,36,18,1,155423
UAE_014,2023-11,51,20,10,1,106984
UAE_014,2023-12,78,31,15,2,133913
UAE_014,2024-01,51,20,10,1,68908
UAE_014,2024-02,87,34,17,1,79467
UAE_014,2024-03,114,45,22,3,229657
UAE_014,2024-04,62,24,12,2,114288
UAE_014,2024-05,105,42,21,4,126903
UAE_014,2024-06,113,45,22,2,73629
UAE_014,2024-07,75,30,15,2,78153
UAE_014,2024-08,117,46,23,3,101916
UAE_014,2024-09,108,43,21,1,208270
UAE_014,2024-10,45,18,9,1,36472
UAE_014,2024-11,39,15,7,1,52097
UAE_014,2024-12,63,25,12,1,53669
UAE_014,2025-01,56,22,11,1,93421
UAE_014,2025-02,106,42,21,2,198346
UAE_014,2025-03,27,10,5,1,35951
UAE_014,2025-04,114,45,22,3,151859
UAE_014,2025-05,104,41,20,3,110269
UAE_014,2025-06,131,52,26,3,223713
UAE_014,2025-07,61,24,12,1,32483
UAE_014,2025-08,54,21,10,1,48628
UAE_014,2025-09,63,25,12,1,84963
UAE_014,2025-10,57,22,11,2,104806
UAE_014,2025-11,57,22,11,1,68233
UAE_014,2025-12,60,24,12,1,58608
UAE_015,2023-01,25,10,5,1,23859
UAE_015,2023-02,46,18,9,1,33557
UAE_015,2023-03,34,13,6,1,36714
UAE_015,2023-04,24,9,4,1,17129
UAE_015,2023-05,58,23,11,1,24775
UAE_015,2023-06,61,24,12,1,55488
UAE_015,2023-07,45,18,9,1,29976
UAE_015,2023-08,84,33,16,2,70567
UAE_015,2023-09,40,16,8,1,40613
UAE_015,2023-10,55,22,11,1,63558
UAE_015,2023-11,38,15,7,1,12801
UAE_015,2023-12,51,20,10,1,44172
UAE_015,2024-01,58,23,11,2,25124
UAE_015,2024-02,45,18,9,1,32947
UAE_015,2024-03,56,22,11,1,54285
UAE_015,2024-04,51,20,10,1,43419
UAE_015,2024-05,15,6,3,1,17647
UAE_015,2024-06,74,29,14,1,77916
UAE_015,2024-07,80,32,16,2,53352
UAE_015,2024-08,36,14,7,1,29021
UAE_015,2024-09,60,24,12,1,60227
UAE_015,2024-10,20,8,4,1,15566
UAE_015,2024-11,12,4,2,1,10196
UAE_015,2024-12,50,20,10,1,32928
UAE_015,2025-01,47,18,9,1,41893
UAE_015,2025-02,10,4,2,1,11110
UAE_015,2025-03,51,20,10,2,28653
UAE_015,2025-04,27,10,5,1,22949
UAE_015,2025-05,26,10,5,1,14675
UAE_015,2025-06,62,24,12,1,33448
UAE_015,2025-07,47,18,9,1,15683
UAE_015,2025-08,46,18,9,1,31416
UAE_015,2025-09,69,27,13,1,29700
UAE_015,2025-10,32,12,6,1,34855
UAE_015,2025-11,38,15,7,1,21615
UAE_015,2025-12,30,12,6,1,34016
UAE_016,2023-01,83,33,16,2,41163
UAE_016,2023-02,55,22,11,1,27399
UAE_016,2023-03,26,10,5,1,20713
UAE_016,2023-04,97,38,19,1,116389
UAE_016,2023-05,89,35,17,1,127828
UAE_016,2023-06,69,27,13,2,82846
UAE_016,2023-07,59,23,11,1,49583
UAE_016,2023-08,122,48,24,3,103916
UAE_016,2023-09,18,7,3,1,23668
UAE_016,2023-10,61,24,12,1,71153
UAE_016,2023-11,63,25,12,1,40847
UAE_016,2023-12,27,10,5,1,24356
UAE_016,2024-01,23,9,4,1,30764
UAE_016,2024-02,83,33,16,2,147341
UAE_016,2024-03,108,43,21,4,143678
UAE_016,2024-04,125,50,25,4,150853
UAE_016,2024-05,72,28,14,1,72395
UAE_016,2024-06,52,20,10,1,49429
UAE_016,2024-07,95,38,19,1,104530
UAE_016,2024-08,91,36,18,2,142039
UAE_016,2024-09,31,12,6,1,35203
UAE_016,2024-10,125,50,25,4,70783
UAE_016,2024-11,122,48,24,4,92970
UAE_016,2024-12,113,45,22,4,163132
UAE_016,2025-01,47,18,9,1,67289
UAE_016,2025-02,32,12,6,1,29948
UAE_016,2025-03,69,27,13,1,64778
UAE_016,2025-04,86,34,17,3,126367
UAE_016,2025-05,119,47,23,2,60159
UAE_016,2025-06,89,35,17,2,134385
UAE_016,2025-07,57,22,11,1,58323
UAE_016,2025-08,85,34,17,2,139521
UAE_016,2025-09,63,25,12,1,45943
UAE_016,2025-10,48,19,9,1,35867
UAE_016,2025-11,71,28,14,2,104931
UAE_016,2025-12,64,25,12,1,108858
UAE_017,2023-01,428,171,85,15,3360539
UAE_017,2023-02,580,232,116,14,12024425
UAE_017,2023-03,310,124,62,12,3265807
UAE_017,2023-04,199,79,39,4,1199554
UAE_017,2023-05,331,132,66,7,5520860
UAE_017,2023-06,322,128,64,9,4063095
UAE_017,2023-07,515,206,103,15,10238432
UAE_017,2023-08,503,201,100,16,5549447
UAE_017,2023-09,961,384,192,22,19996730
UAE_017,2023-10,782,312,156,15,10216649
UAE_017,2023-11,584,233,116,13,8481419
UAE_017,2023-12,617,246,123,18,8631438
UAE_017,2024-01,831,332,166,26,13275933
UAE_017,2024-02,951,380,190,25,8283399
UAE_017,2024-03,725,290,145,14,9404763
UAE_017,2024-04,1073,429,214,18,17666138
UAE_017,2024-05,1602,640,320,60,21702713
UAE_017,2024-06,871,348,174,18,9587302
UAE_017,2024-07,896,358,179,29,14128795
UAE_017,2024-08,1505,602,301,49,27321234
UAE_017,2024-09,432,172,86,14,5177710
UAE_017,2024-10,313,125,62,12,1859645
UAE_017,2024-11,1217,486,243,45,13961900
UAE_017,2024-12,977,390,195,20,18463539
UAE_017,2025-01,318,127,63,8,5997322
UAE_017,2025-02,317,126,63,5,5820261
UAE_017,2025-03,603,241,120,13,10616975
UAE_017,2025-04,826,330,165,20,17389297
UAE_017,2025-05,502,200,100,10,10466830
UAE_017,2025-06,572,228,114,13,9637254
UAE_017,2025-07,722,288,144,28,15088849
UAE_017,2025-08,490,196,98,7,2871349
UAE_017,2025-09,851,340,170,24,5422629
UAE_017,2025-10,1115,446,223,23,19688585
UAE_017,2025-11,194,77,38,5,1728367
UAE_017,2025-12,548,219,109,19,11347272
UAE_018,2023-01,37,14,7,1,33011
UAE_018,2023-02,22,8,4,1,12740
UAE_018,2023-03,41,16,8,1,23572
UAE_018,2023-04,71,28,14,1,33169
UAE_018,2023-05,23,9,4,1,19521
UAE_018,2023-06,40,16,8,1,33612
UAE_018,2023-07,57,22,11,1,29874
UAE_018,2023-08,81,32,16,3,51150
UAE_018,2023-09,58,23,11,1,65579
UAE_018,2023-10,21,8,4,1,11446
UAE_018,2023-11,53,21,10,1,59157
UAE_018,2023-12,51,20,10,1,54208
UAE_018,2024-01,11,4,2,1,3150
UAE_018,2024-02,44,17,8,1,37266
UAE_018,2024-03,48,19,9,1,33699
UAE_018,2024-04,34,13,6,1,21025
UAE_018,2024-05,20,8,4,1,22160
UAE_018,2024-06,104,41,20,1,110982
UAE_018,2024-07,16,6,3,1,8950
UAE_018,2024-08,33,13,6,1,10205
UAE_018,2024-09,61,24,12,1,61531
UAE_018,2024-10,50,20,10,1,21136
UAE_018,2024-11,43,17,8,1,23226
UAE_018,2024-12,14,5,2,1,14822
UAE_018,2025-01,55,22,11,1,17057
UAE_018,2025-02,33,13,6,1,38206
UAE_018,2025-03,49,19,9,1,28368
UAE_018,2025-04,20,8,4,1,18758
UAE_018,2025-05,26,10,5,1,11459
UAE_018,2025-06,30,12,6,1,19486
UAE_018,2025-07,95,38,19,3,56308
UAE_018,2025-08,18,7,3,1,16295
UAE_018,2025-09,48,19,9,1,28980
UAE_018,2025-10,29,11,5,1,29004
UAE_018,2025-11,63,25,12,1,27721
UAE_018,2025-12,29,11,5,1,17681
UAE_019,2023-01,70,28,14,1,57036
UAE_019,2023-02,64,25,12,1,57824
UAE_019,2023-03,28,11,5,1,38671
UAE_019,2023-04,76,30,15,1,104974
UAE_019,2023-05,90,36,18,3,52497
UAE_019,2023-06,72,28,14,1,89960
UAE_019,2023-07,67,26,13,2,58109
UAE_019,2023-08,80,32,16,2,86359
UAE_019,2023-09,21,8,4,1,17376
UAE_019,2023-10,43,17,8,1,43433
UAE_019,2023-11,68,27,13,1,94457
UAE_019,2023-12,70,28,14,1,41135
UAE_019,2024-01,48,19,9,1,64326
UAE_019,2024-02,32,12,6,1,32165
UAE_019,2024-03,26,10,5,1,32975
UAE_019,2024-04,67,26,13,2,42479
UAE_019,2024-05,57,22,11,1,35407
UAE_019,2024-06,46,18,9,1,17160
UAE_019,2024-07,36,14,7,1,31434
UAE_019,2024-08,41,16,8,1,32114
UAE_019,2024-09,34,13,6,1,19684
UAE_019,2024-10,44,17,8,1,33637
UAE_019,2024-11,18,7,3,1,14811
UAE_019,2024-12,12,4,2,1,7467
UAE_019,2025-01,16,6,3,1,12016
UAE_019,2025-02,56,22,11,1,67516
UAE_019,2025-03,11,4,2,1,13872
UAE_019,2025-04,45,18,9,1,23878
UAE_019,2025-05,35,14,7,1,31048
UAE_019,2025-06,26,10,5,1,11903
UAE_019,2025-07,78,31,15,1,79439
UAE_019,2025-08,101,40,20,2,141205
UAE_019,2025-09,93,37,18,1,58692
UAE_019,2025-10,80,32,16,2,79525
UAE_019,2025-11,94,37,18,2,36005
UAE_019,2025-12,74,29,14,2,90192
UAE_020,2023-01,219,87,43,7,1988566
UAE_020,2023-02,229,91,45,6,1938155
UAE_020,2023-03,396,158,79,13,3592725
UAE_020,2023-04,474,189,94,7,3137224
UAE_020,2023-05,204,81,40,8,1563420
UAE_020,2023-06,405,162,81,12,3674109
UAE_020,2023-07,750,300,150,26,4692405
UAE_020,2023-08,246,98,49,8,845418
UAE_020,2023-09,203,81,40,6,1439142
UAE_020,2023-10,193,77,38,6,880681
UAE_020,2023-11,376,150,75,14,3234759
UAE_020,2023-12,157,62,31,2,459625
UAE_020,2024-01,191,76,38,7,1514821
UAE_020,2024-02,348,139,69,8,1836394
UAE_020,2024-03,372,148,74,11,1891571
UAE_020,2024-04,142,56,28,4,548891
UAE_020,2024-05,160,64,32,5,639485
UAE_020,2024-06,360,144,72,11,2209697
UAE_020,2024-07,606,242,121,16,2574993
UAE_020,2024-08,714,285,142,26,2007500
UAE_020,2024-09,591,236,118,13,3947446
UAE_020,2024-10,226,90,45,7,1160050
UAE_020,2024-11,447,178,89,15,1409715
UAE_020,2024-12,368,147,73,13,3069706
UAE_020,2025-01,178,71,35,3,1049153
UAE_020,2025-02,407,162,81,14,2609554
UAE_020,2025-03,442,176,88,11,1234120
UAE_020,2025-04,104,41,20,3,457411
UAE_020,2025-05,299,119,59,11,2337601
UAE_020,2025-06,670,268,134,16,4868710
UAE_020,2025-07,200,80,40,7,1406355
UAE_020,2025-08,544,217,108,21,2986412
UAE_020,2025-09,446,178,89,15,3835666
UAE_020,2025-10,482,192,96,7,3854931
UAE_020,2025-11,162,64,32,3,1451729
UAE_020,2025-12,358,143,71,10,1826104
UAE_021,2023-01,466,186,93,10,4462960
UAE_021,2023-02,1045,418,209,17,8259834
UAE_021,2023-03,474,189,94,12,7513356
UAE_021,2023-04,1120,448,224,34,12241712
UAE_021,2023-05,684,273,136,13,7310688
UAE_021,2023-06,1284,513,256,33,24273508
UAE_021,2023-07,452,180,90,13,7643327
UAE_021,2023-08,789,315,157,23,7122187
UAE_021,2023-09,890,356,178,30,10939573
UAE_021,2023-10,525,210,105,8,12094387
UAE_021,2023-11,676,270,135,11,12621347
UAE_021,2023-12,727,290,145,21,9868755
UAE_021,2024-01,409,163,81,10,4447050
UAE_021,2024-02,727,290,145,20,12136447
UAE_021,2024-03,1698,679,339,61,37144192
UAE_021,2024-04,742,296,148,16,11262817
UAE_021,2024-05,657,262,131,26,5923400
UAE_021,2024-06,372,148,74,13,7722019
UAE_021,2024-07,985,394,197,29,10377349
UAE_021,2024-08,1097,438,219,22,7611664
UAE_021,2024-09,1576,630,315,51,16460715
UAE_021,2024-10,1568,627,313,37,21339324
UAE_021,2024-11,1004,401,200,24,15394173
UAE_021,2024-12,869,347,173,18,17880535
UAE_021,2025-01,460,184,92,10,7735496
UAE_021,2025-02,620,248,124,21,13580973
UAE_021,2025-03,806,322,161,28,9959801
UAE_021,2025-04,635,254,127,16,8832014
UAE_021,2025-05,1073,429,214,17,22717849
UAE_021,2025-06,830,332,166,28,6393838
UAE_021,2025-07,861,344,172,19,19164047
UAE_021,2025-08,833,333,166,32,5422262
UAE_021,2025-09,956,382,191,18,15750348
UAE_021,2025-10,1157,462,231,41,15693548
UAE_021,2025-11,664,265,132,25,4218519
UAE_021,2025-12,456,182,91,16,10143476
UAE_022,2023-01,21,8,4,1,12342
UAE_022,2023-02,15,6,3,1,11467
UAE_022,2023-03,55,22,11,1,40872
UAE_022,2023-04,54,21,10,1,34685
UAE_022,2023-05,86,34,17,1,159052
UAE_022,2023-06,53,21,10,1,84505
UAE_022,2023-07,154,61,30,2,167714
UAE_022,2023-08,56,22,11,2,30411
UAE_022,2023-09,150,60,30,5,180855
UAE_022,2023-10,56,22,11,1,38572
UAE_022,2023-11,78,31,15,2,51677
UAE_022,2023-12,76,30,15,1,140941
UAE_022,2024-01,39,15,7,1,20125
UAE_022,2024-02,22,8,4,1,35592
UAE_022,2024-03,63,25,12,1,103512
UAE_022,2024-04,28,11,5,1,41142
UAE_022,2024-05,98,39,19,2,124636
UAE_022,2024-06,89,35,17,2,66640
UAE_022,2024-07,44,17,8,1,61353
UAE_022,2024-08,50,20,10,1,60031
UAE_022,2024-09,77,30,15,1,128825
UAE_022,2024-10,131,52,26,2,93167
UAE_022,2024-11,27,10,5,1,38768
UAE_022,2024-12,54,21,10,1,86645
UAE_022,2025-01,143,57,28,4,147148
UAE_022,2025-02,18,7,3,1,27510
UAE_022,2025-03,25,10,5,1,30029
UAE_022,2025-04,31,12,6,1,26644
UAE_022,2025-05,127,50,25,4,195923
UAE_022,2025-06,86,34,17,2,134856
UAE_022,2025-07,106,42,21,2,63952
UAE_022,2025-08,112,44,22,2,101877
UAE_022,2025-09,136,54,27,2,107623
UAE_022,2025-10,115,46,23,4,135964
UAE_022,2025-11,49,19,9,1,43045
UAE_022,2025-12,62,24,12,1,114442
UAE_023,2023-01,16,6,3,1,14583
UAE_023,2023-02,39,15,7,1,42850
UAE_023,2023-03,27,10,5,1,16310
UAE_023,2023-04,54,21,10,2,18203
UAE_023,2023-05,43,17,8,1,42394
UAE_023,2023-06,16,6,3,1,12000
UAE_023,2023-07,31,12,6,1,26492
UAE_023,2023-08,84,33,16,2,31819
UAE_023,2023-09,30,12,6,1,26092
UAE_023,2023-10,38,15,7,1,37825
UAE_023,2023-11,64,25,12,1,36901
UAE_023,2023-12,18,7,3,1,17707
UAE_023,2024-01,52,20,10,1,42027
UAE_023,2024-02,23,9,4,1,21066
UAE_023,2024-03,39,15,7,1,31284
UAE_023,2024-04,41,16,8,1,34340
UAE_023,2024-05,82,32,16,2,34589
UAE_023,2024-06,38,15,7,1,32709
UAE_023,2024-07,31,12,6,1,35976
UAE_023,2024-08,35,14,7,1,29288
UAE_023,2024-09,23,9,4,1,12319
UAE_023,2024-10,33,13,6,1,32252
UAE_023,2024-11,53,21,10,1,33347
UAE_023,2024-12,42,16,8,1,15775
UAE_023,2025-01,36,14,7,1,30591
UAE_023,2025-02,21,8,4,1,23738
UAE_023,2025-03,60,24,12,1,22574
UAE_023,2025-04,17,6,3,1,12947
UAE_023,2025-05,42,16,8,1,22544
UAE_023,2025-06,66,26,13,2,64692
UAE_023,2025-07,26,10,5,1,27167
UAE_023,2025-08,68,27,13,2,46601
UAE_023,2025-09,26,10,5,1,12443
UAE_023,2025-10,49,19,9,1,41175
UAE_023,2025-11,23,9,4,1,10606
UAE_023,2025-12,25,10,5,1,9234
UAE_024,2023-01,31,12,6,1,56298
UAE_024,2023-02,81,32,16,2,94484
UAE_024,2023-03,114,45,22,3,94081
UAE_024,2023-04,98,39,19,3,151346
UAE_024,2023-05,54,21,10,2,29589
UAE_024,2023-06,116,46,23,3,164743
UAE_024,2023-07,51,20,10,1,52427
UAE_024,2023-08,54,21,10,1,35387
UAE_024,2023-09,54,21,10,1,61444
UAE_024,2023-10,26,10,5,1,16710
UAE_024,2023-11,30,12,6,1,34385
UAE_024,2023-12,109,43,21,3,150767
UAE_024,2024-01,33,13,6,1,43545
UAE_024,2024-02,42,16,8,1,27615
UAE_024,2024-03,80,32,16,3,109966
UAE_024,2024-04,104,41,20,2,174426
UAE_024,2024-05,98,39,19,3,150313
UAE_024,2024-06,39,15,7,1,58620
UAE_024,2024-07,58,23,11,1,105569
UAE_024,2024-08,47,18,9,1,83455
UAE_024,2024-09,89,35,17,2,126548
UAE_024,2024-10,68,27,13,2,96942
UAE_024,2024-11,25,10,5,1,17227
UAE_024,2024-12,54,21,10,1,93464
UAE_024,2025-01,100,40,20,2,69528
UAE_024,2025-02,50,20,10,1,72395
UAE_024,2025-03,43,17,8,1,52954
UAE_024,2025-04,125,50,25,4,117801
UAE_024,2025-05,126,50,25,4,209978
UAE_024,2025-06,61,24,12,2,95682
UAE_024,2025-07,136,54,27,2,159417
UAE_024,2025-08,31,12,6,1,29969
UAE_024,2025-09,125,50,25,4,173872
UAE_024,2025-10,46,18,9,1,58277
UAE_024,2025-11,111,44,22,3,183848
UAE_024,2025-12,50,20,10,1,48848
UAE_025,2023-01,37,14,7,1,37915
UAE_025,2023-02,10,4,2,1,10392
UAE_025,2023-03,56,22,11,1,22117
UAE_025,2023-04,20,8,4,1,22812
UAE_025,2023-05,30,12,6,1,29159
UAE_025,2023-06,101,40,20,4,105746
UAE_025,2023-07,52,20,10,1,51745
UAE_025,2023-08,43,17,8,1,20106
UAE_025,2023-09,49,19,9,1,28217
UAE_025,2023-10,46,18,9,1,22772
UAE_025,2023-11,35,14,7,1,10636
UAE_025,2023-12,15,6,3,1,16916
UAE_025,2024-01,37,14,7,1,25970
UAE_025,2024-02,62,24,12,2,23312
UAE_025,2024-03,25,10,5,1,22212
UAE_025,2024-04,69,27,13,2,76338
UAE_025,2024-05,44,17,8,1,34512
UAE_025,2024-06,39,15,7,1,42570
UAE_025,2024-07,25,10,5,1,9568
UAE_025,2024-08,24,9,4,1,16560
UAE_025,2024-09,36,14,7,1,35934
UAE_025,2024-10,22,8,4,1,17453
UAE_025,2024-11,16,6,3,1,16894
UAE_025,2024-12,62,24,12,1,56199
UAE_025,2025-01,10,4,2,1,9350
UAE_025,2025-02,33,13,6,1,28095
UAE_025,2025-03,24,9,4,1,19207
UAE_025,2025-04,45,18,9,1,36389
UAE_025,2025-05,73,29,14,1,32567
UAE_025,2025-06,41,16,8,1,22204
UAE_025,2025-07,42,16,8,1,14491
UAE_025,2025-08,17,6,3,1,5287
UAE_025,2025-09,40,16,8,1,35040
UAE_025,2025-10,39,15,7,1,13602
UAE_025,2025-11,36,14,7,1,10936
UAE_025,2025-12,51,20,10,1,58254
UAE_026,2023-01,418,167,83,10,4295844
UAE_026,2023-02,748,299,149,29,3916538
UAE_026,2023-03,369,147,73,14,1629597
UAE_026,2023-04,418,167,83,10,2696493
UAE_026,2023-05,310,124,62,8,2115523
UAE_026,2023-06,443,177,88,9,2257040
UAE_026,2023-07,435,174,87,13,1755961
UAE_026,2023-08,234,93,46,7,749277
UAE_026,2023-09,848,339,169,33,5726767
UAE_026,2023-10,505,202,101,16,1669602
UAE_026,2023-11,402,160,80,6,3928699
UAE_026,2023-12,355,142,71,6,3815994
UAE_026,2024-01,266,106,53,4,2722543
UAE_026,2024-02,339,135,67,10,978535
UAE_026,2024-03,108,43,21,2,917690
UAE_026,2024-04,605,242,121,23,5619416
UAE_026,2024-05,301,120,60,6,1483814
UAE_026,2024-06,202,80,40,3,1545916
UAE_026,2024-07,414,165,82,13,3368102
UAE_026,2024-08,542,216,108,9,4905839
UAE_026,2024-09,513,205,102,20,2319408
UAE_026,2024-10,356,142,71,13,3046334
UAE_026,2024-11,530,212,106,11,3329608
UAE_026,2024-12,309,123,61,10,2519618
UAE_026,2025-01,481,192,96,11,1702995
UAE_026,2025-02,153,61,30,3,680387
UAE_026,2025-03,212,84,42,5,749198
UAE_026,2025-04,632,252,126,12,5239027
UAE_026,2025-05,222,88,44,3,616150
UAE_026,2025-06,528,211,105,17,5315425
UAE_026,2025-07,236,94,47,7,2442947
UAE_026,2025-08,351,140,70,7,2717778
UAE_026,2025-09,170,68,34,6,1251914
UAE_026,2025-10,220,88,44,8,1492724
UAE_026,2025-11,324,129,64,5,1085590
UAE_026,2025-12,609,243,121,22,3701427
UAE_027,2023-01,20,8,4,1,16123
UAE_027,2023-02,25,10,5,1,21735
UAE_027,2023-03,38,15,7,1,15566
UAE_027,2023-04,15,6,3,1,10450
UAE_027,2023-05,47,18,9,1,46655
UAE_027,2023-06,29,11,5,1,15183
UAE_027,2023-07,77,30,15,1,38115
UAE_027,2023-08,52,20,10,1,45921
UAE_027,2023-09,40,16,8,1,41923
UAE_027,2023-10,14,5,2,1,4957
UAE_027,2023-11,28,11,5,1,20211
UAE_027,2023-12,54,21,10,1,61514
UAE_027,2024-01,41,16,8,1,39915
UAE_027,2024-02,19,7,3,1,9489
UAE_027,2024-03,49,19,9,1,48753
UAE_027,2024-04,72,28,14,2,30653
UAE_027,2024-05,54,21,10,1,24812
UAE_027,2024-06,41,16,8,1,39979
UAE_027,2024-07,30,12,6,1,17985
UAE_027,2024-08,54,21,10,2,46196
UAE_027,2024-09,19,7,3,1,8783
UAE_027,2024-10,37,14,7,1,34713
UAE_027,2024-11,51,20,10,2,55148
UAE_027,2024-12,61,24,12,2,63036
UAE_027,2025-01,10,4,2,1,8180
UAE_027,2025-02,35,14,7,1,33855
UAE_027,2025-03,24,9,4,1,16100
UAE_027,2025-04,51,20,10,1,31921
UAE_027,2025-05,30,12,6,1,25886
UAE_027,2025-06,57,22,11,1,27999
UAE_027,2025-07,60,24,12,1,50723
UAE_027,2025-08,23,9,4,1,10267
UAE_027,2025-09,59,23,11,1,45542
UAE_027,2025-10,55,22,11,1,44969
UAE_027,2025-11,42,16,8,1,12859
UAE_027,2025-12,27,10,5,1,27283
UAE_028,2023-01,49,19,9,1,43879
UAE_028,2023-02,10,4,2,1,5019
UAE_028,2023-03,43,17,8,1,37751
UAE_028,2023-04,22,8,4,1,8856
UAE_028,2023-05,49,19,9,1,40343
UAE_028,2023-06,21,8,4,1,11540
UAE_028,2023-07,65,26,13,2,64901
UAE_028,2023-08,56,22,11,1,42414
UAE_028,2023-09,83,33,16,2,46603
UAE_028,2023-10,40,16,8,1,18392
UAE_028,2023-11,39,15,7,1,36804
UAE_028,2023-12,47,18,9,1,48422
UAE_028,2024-01,30,12,6,1,22967
UAE_028,2024-02,28,11,5,1,11983
UAE_028,2024-03,12,4,2,1,10338
UAE_028,2024-04,56,22,11,1,48521
UAE_028,2024-05,19,7,3,1,20321
UAE_028,2024-06,45,18,9,1,51204
UAE_028,2024-07,45,18,9,1,44117
UAE_028,2024-08,69,27,13,2,43633
UAE_028,2024-09,56,22,11,2,29991
UAE_028,2024-10,32,12,6,1,16947
UAE_028,2024-11,26,10,5,1,11374
UAE_028,2024-12,11,4,2,1,5515
UAE_028,2025-01,51,20,10,1,49231
UAE_028,2025-02,73,29,14,2,62092
UAE_028,2025-03,45,18,9,1,43629
UAE_028,2025-04,56,22,11,2,21522
UAE_028,2025-05,58,23,11,1,45109
UAE_028,2025-06,17,6,3,1,8082
UAE_028,2025-07,63,25,12,1,51855
UAE_028,2025-08,69,27,13,2,51346
UAE_028,2025-09,43,17,8,1,14013
UAE_028,2025-10,53,21,10,1,26003
UAE_028,2025-11,21,8,4,1,12936
UAE_028,2025-12,26,10,5,1,9797
UAE_029,2023-01,740,296,148,22,9502656
UAE_029,2023-02,1124,449,224,33,12703336
UAE_029,2023-03,753,301,150,25,14562897
UAE_029,2023-04,949,379,189,32,22541305
UAE_029,2023-05,539,215,107,16,7710744
UAE_029,2023-06,1410,564,282,37,37739400
UAE_029,2023-07,1622,648,324,47,24466970
UAE_029,2023-08,706,282,141,16,5718709
UAE_029,2023-09,353,141,70,13,7707165
UAE_029,2023-10,765,306,153,26,12886651
UAE_029,2023-11,413,165,82,13,6346632
UAE_029,2023-12,281,112,56,4,4039038
UAE_029,2024-01,823,329,164,31,12279451
UAE_029,2024-02,384,153,76,6,4303964
UAE_029,2024-03,366,146,73,8,6876620
UAE_029,2024-04,1738,695,347,66,35330853
UAE_029,2024-05,834,333,166,13,8154377
UAE_029,2024-06,1210,484,242,33,14419371
UAE_029,2024-07,1936,774,387,60,41460881
UAE_029,2024-08,826,330,165,31,19851641
UAE_029,2024-09,911,364,182,19,21066958
UAE_029,2024-10,684,273,136,24,8865090
UAE_029,2024-11,812,324,162,22,7405224
UAE_029,2024-12,364,145,72,9,9126627
UAE_029,2025-01,584,233,116,20,7843898
UAE_029,2025-02,696,278,139,12,11907704
UAE_029,2025-03,897,358,179,21,15248798
UAE_029,2025-04,1470,588,294,41,22750525
UAE_029,2025-05,650,260,130,17,4506213
UAE_029,2025-06,780,312,156,17,19398097
UAE_029,2025-07,593,237,118,17,10795928
UAE_029,2025-08,1548,619,309,38,30673350
UAE_029,2025-09,2596,1038,519,62,53043471
UAE_029,2025-10,1540,616,308,48,14967863
UAE_029,2025-11,916,366,183,16,7153912
UAE_029,2025-12,1217,486,243,37,28954193
UAE_030,2023-01,35,14,7,1,25881
UAE_030,2023-02,24,9,4,1,12284
UAE_030,2023-03,33,13,6,1,13752
UAE_030,2023-04,46,18,9,1,28848
UAE_030,2023-05,85,34,17,2,67545
UAE_030,2023-06,30,12,6,1,22244
UAE_030,2023-07,46,18,9,1,40800
UAE_030,2023-08,55,22,11,1,31048
UAE_030,2023-09,93,37,18,2,48107
UAE_030,2023-10,85,34,17,2,84127
UAE_030,2023-11,11,4,2,1,3815
UAE_030,2023-12,58,23,11,1,51090
UAE_030,2024-01,31,12,6,1,33403
UAE_030,2024-02,17,6,3,1,5356
UAE_030,2024-03,57,22,11,1,26489
UAE_030,2024-04,36,14,7,1,32583
UAE_030,2024-05,65,26,13,1,51116
UAE_030,2024-06,74,29,14,1,70845
UAE_030,2024-07,94,37,18,2,52679
UAE_030,2024-08,59,23,11,1,66731
UAE_030,2024-09,33,13,6,1,36753
UAE_030,2024-10,33,13,6,1,13106
UAE_030,2024-11,16,6,3,1,8598
UAE_030,2024-12,59,23,11,1,23683
UAE_030,2025-01,27,10,5,1,14563
UAE_030,2025-02,14,5,2,1,6394
UAE_030,2025-03,79,31,15,2,34712
UAE_030,2025-04,34,13,6,1,18426
UAE_030,2025-05,45,18,9,1,45364
UAE_030,2025-06,43,17,8,1,36645
UAE_030,2025-07,46,18,9,1,18617
UAE_030,2025-08,80,32,16,1,34202
UAE_030,2025-09,70,28,14,2,36744
UAE_030,2025-10,33,13,6,1,34382
UAE_030,2025-11,62,24,12,1,51978
UAE_030,2025-12,10,4,2,1,4532
UAE_031,2023-01,49,19,9,1,17734
UAE_031,2023-02,53,21,10,1,41605
UAE_031,2023-03,37,14,7,1,45034
UAE_031,2023-04,60,24,12,1,38518
UAE_031,2023-05,102,40,20,2,52773
UAE_031,2023-06,31,12,6,1,11586
UAE_031,2023-07,56,22,11,1,48088
UAE_031,2023-08,38,15,7,1,45676
UAE_031,2023-09,52,20,10,1,39914
UAE_031,2023-10,30,12,6,1,22744
UAE_031,2023-11,68,27,13,1,58857
UAE_031,2023-12,61,24,12,1,22638
UAE_031,2024-01,28,11,5,1,27982
UAE_031,2024-02,78,31,15,1,76334
UAE_031,2024-03,43,17,8,1,25077
UAE_031,2024-04,54,21,10,1,32355
UAE_031,2024-05,67,26,13,1,58512
UAE_031,2024-06,46,18,9,1,52637
UAE_031,2024-07,65,26,13,2,30893
UAE_031,2024-08,44,17,8,1,19898
UAE_031,2024-09,51,20,10,1,64721
UAE_031,2024-10,34,13,6,1,46773
UAE_031,2024-11,36,14,7,1,31762
UAE_031,2024-12,92,36,18,2,51998
UAE_031,2025-01,88,35,17,2,69058
UAE_031,2025-02,23,9,4,1,31861
UAE_031,2025-03,40,16,8,1,48376
UAE_031,2025-04,43,17,8,1,45135
UAE_031,2025-05,36,14,7,1,29384
UAE_031,2025-06,20,8,4,1,12426
UAE_031,2025-07,36,14,7,1,27771
UAE_031,2025-08,13,5,2,1,13385
UAE_031,2025-09,42,16,8,1,55632
UAE_031,2025-10,76,30,15,1,29470
UAE_031,2025-11,29,11,5,1,15704
UAE_031,2025-12,33,13,6,1,15449
UAE_032,2023-01,14,5,2,1,9178
UAE_032,2023-02,67,26,13,1,87885
UAE_032,2023-03,83,33,16,1,155408
UAE_032,2023-04,153,61,30,2,253161
UAE_032,2023-05,122,48,24,3,194225
UAE_032,2023-06,92,36,18,3,94558
UAE_032,2023-07,212,84,42,4,369790
UAE_032,2023-08,87,34,17,1,53153
UAE_032,2023-09,51,20,10,1,80240
UAE_032,2023-10,55,22,11,1,89076
UAE_032,2023-11,95,38,19,3,68153
UAE_032,2023-12,53,21,10,1,59054
UAE_032,2024-01,39,15,7,1,27375
UAE_032,2024-02,59,23,11,1,107116
UAE_032,2024-03,114,45,22,3,214884
UAE_032,2024-04,25,10,5,1,38370
UAE_032,2024-05,129,51,25,5,123826
UAE_032,2024-06,62,24,12,1,35100
UAE_032,2024-07,159,63,31,5,124767
UAE_032,2024-08,123,49,24,3,208024
UAE_032,2024-09,59,23,11,1,62243
UAE_032,2024-10,92,36,18,3,168262
UAE_032,2024-11,82,32,16,2,46807
UAE_032,2024-12,46,18,9,1,43043
UAE_032,2025-01,30,12,6,1,49097
UAE_032,2025-02,30,12,6,1,38101
UAE_032,2025-03,22,8,4,1,31631
UAE_032,2025-04,34,13,6,1,59492
UAE_032,2025-05,59,23,11,1,83728
UAE_032,2025-06,37,14,7,1,63041
UAE_032,2025-07,48,19,9,1,87472
UAE_032,2025-08,62,24,12,2,63289
UAE_032,2025-09,97,38,19,3,115705
UAE_032,2025-10,32,12,6,1,49912
UAE_032,2025-11,22,8,4,1,30816
UAE_032,2025-12,33,13,6,1,16254
UAE_033,2023-01,100,40,20,3,306066
UAE_033,2023-02,520,208,104,18,2838085
UAE_033,2023-03,431,172,86,16,2345562
UAE_033,2023-04,302,120,60,10,1980938
UAE_033,2023-05,206,82,41,5,562272
UAE_033,2023-06,847,338,169,14,3945568
UAE_033,2023-07,396,158,79,9,968521
UAE_033,2023-08,340,136,68,10,969529
UAE_033,2023-09,193,77,38,5,1215302
UAE_033,2023-10,310,124,62,5,2539718
UAE_033,2023-11,652,260,130,21,5649176
UAE_033,2023-12,313,125,62,12,2276690
UAE_033,2024-01,143,57,28,5,765442
UAE_033,2024-02,453,181,90,16,1420417
UAE_033,2024-03,261,104,52,9,2090314
UAE_033,2024-04,149,59,29,4,770066
UAE_033,2024-05,283,113,56,4,1487998
UAE_033,2024-06,254,101,50,8,1300717
UAE_033,2024-07,512,204,102,7,3124827
UAE_033,2024-08,449,179,89,15,3796645
UAE_033,2024-09,788,315,157,28,1981665
UAE_033,2024-10,266,106,53,8,2180768
UAE_033,2024-11,307,122,61,8,1457514
UAE_033,2024-12,133,53,26,4,688952
UAE_033,2025-01,99,39,19,2,353758
UAE_033,2025-02,367,146,73,9,2880025
UAE_033,2025-03,164,65,32,4,1022227
UAE_033,2025-04,256,102,51,7,2359414
UAE_033,2025-05,440,176,88,14,3058352
UAE_033,2025-06,502,200,100,10,3932682
UAE_033,2025-07,269,107,53,10,1210626
UAE_033,2025-08,197,78,39,5,870783
UAE_033,2025-09,232,92,46,4,1266334
UAE_033,2025-10,410,164,82,9,1337185
UAE_033,2025-11,394,157,78,10,2953366
UAE_033,2025-12,235,94,47,3,1150659
UAE_034,2023-01,53,21,10,1,25344
UAE_034,2023-02,18,7,3,1,21365
UAE_034,2023-03,100,40,20,3,73988
UAE_034,2023-04,66,26,13,1,105510
UAE_034,2023-05,129,51,25,3,186042
UAE_034,2023-06,33,13,6,1,24744
UAE_034,2023-07,117,46,23,3,206191
UAE_034,2023-08,109,43,21,2,107472
UAE_034,2023-09,27,10,5,1,12230
UAE_034,2023-10,54,21,10,1,56435
UAE_034,2023-11,80,32,16,2,80601
UAE_034,2023-12,32,12,6,1,24535
UAE_034,2024-01,66,26,13,1,72010
UAE_034,2024-02,58,23,11,1,69066
UAE_034,2024-03,121,48,24,2,184121
UAE_034,2024-04,97,38,19,2,75552
UAE_034,2024-05,100,40,20,3,80261
UAE_034,2024-06,50,20,10,1,29659
UAE_034,2024-07,71,28,14,2,124537
UAE_034,2024-08,125,50,25,3,122993
UAE_034,2024-09,53,21,10,1,85698
UAE_034,2024-10,139,55,27,3,220438
UAE_034,2024-11,104,41,20,3,166661
UAE_034,2024-12,93,37,18,1,73287
UAE_034,2025-01,77,30,15,1,66170
UAE_034,2025-02,39,15,7,1,64214
UAE_034,2025-03,66,26,13,1,116228
UAE_034,2025-04,60,24,12,1,39643
UAE_034,2025-05,57,22,11,1,91704
UAE_034,2025-06,61,24,12,2,34225
UAE_034,2025-07,47,18,9,1,35067
UAE_034,2025-08,64,25,12,2,117413
UAE_034,2025-09,66,26,13,2,56666
UAE_034,2025-10,64,25,12,1,117617
UAE_034,2025-11,95,38,19,3,112525
UAE_034,2025-12,127,50,25,3,138470
UAE_035,2023-01,21,8,4,1,21929
UAE_035,2023-02,20,8,4,1,10012
UAE_035,2023-03,33,13,6,1,25988
UAE_035,2023-04,17,6,3,1,16931
UAE_035,2023-05,46,18,9,1,34409
UAE_035,2023-06,14,5,2,1,5933
UAE_035,2023-07,73,29,14,2,53323
UAE_035,2023-08,53,21,10,1,40700
UAE_035,2023-09,44,17,8,1,35148
UAE_035,2023-10,30,12,6,1,34213
UAE_035,2023-11,63,25,12,1,28423
UAE_035,2023-12,36,14,7,1,25992
UAE_035,2024-01,85,34,17,3,47762
UAE_035,2024-02,13,5,2,1,10734
UAE_035,2024-03,24,9,4,1,25925
UAE_035,2024-04,34,13,6,1,23504
UAE_035,2024-05,17,6,3,1,6674
UAE_035,2024-06,72,28,14,2,49037
UAE_035,2024-07,69,27,13,1,53537
UAE_035,2024-08,44,17,8,1,28441
UAE_035,2024-09,47,18,9,1,37060
UAE_035,2024-10,47,18,9,1,34832
UAE_035,2024-11,22,8,4,1,16165
UAE_035,2024-12,38,15,7,1,14751
UAE_035,2025-01,36,14,7,1,23324
UAE_035,2025-02,26,10,5,1,11842
UAE_035,2025-03,18,7,3,1,9738
UAE_035,2025-04,29,11,5,1,31665
UAE_035,2025-05,36,14,7,1,37567
UAE_035,2025-06,49,19,9,1,43475
UAE_035,2025-07,28,11,5,1,19558
UAE_035,2025-08,25,10,5,1,20514
UAE_035,2025-09,69,27,13,1,72018
UAE_035,2025-10,50,20,10,1,35375
UAE_035,2025-11,78,31,15,1,45880
UAE_035,2025-12,28,11,5,1,19567
UAE_036,2023-01,56,22,11,1,40957
UAE_036,2023-02,43,17,8,1,42277
UAE_036,2023-03,17,6,3,1,19627
UAE_036,2023-04,78,31,15,1,29426
UAE_036,2023-05,34,13,6,1,16752
UAE_036,2023-06,31,12,6,1,27727
UAE_036,2023-07,34,13,6,1,21182
UAE_036,2023-08,66,26,13,1,58701
UAE_036,2023-09,57,22,11,1,30517
UAE_036,2023-10,31,12,6,1,14535
UAE_036,2023-11,56,22,11,1,21918
UAE_036,2023-12,23,9,4,1,15660
UAE_036,2024-01,29,11,5,1,35289
UAE_036,2024-02,50,20,10,1,20720
UAE_036,2024-03,61,24,12,1,29602
UAE_036,2024-04,44,17,8,1,25292
UAE_036,2024-05,95,38,19,3,125695
UAE_036,2024-06,56,22,11,1,73432
UAE_036,2024-07,108,43,21,3,63672
UAE_036,2024-08,77,30,15,1,80168
UAE_036,2024-09,48,19,9,1,24552
UAE_036,2024-10,106,42,21,1,137644
UAE_036,2024-11,60,24,12,1,68519
UAE_036,2024-12,70,28,14,1,68097
UAE_036,2025-01,45,18,9,1,48351
UAE_036,2025-02,68,27,13,1,46948
UAE_036,2025-03,48,19,9,1,17279
UAE_036,2025-04,75,30,15,2,53682
UAE_036,2025-05,51,20,10,1,19756
UAE_036,2025-06,72,28,14,2,27072
UAE_036,2025-07,125,50,25,3,166731
UAE_036,2025-08,29,11,5,1,37460
UAE_036,2025-09,42,16,8,1,36213
UAE_036,2025-10,36,14,7,1,24297
UAE_036,2025-11,55,22,11,1,64815
UAE_036,2025-12,16,6,3,1,11079
UAE_037,2023-01,63,25,12,1,37180
UAE_037,2023-02,42,16,8,1,19873
UAE_037,2023-03,30,12,6,1,15608
UAE_037,2023-04,76,30,15,2,66104
UAE_037,2023-05,104,41,20,3,82524
UAE_037,2023-06,79,31,15,2,41402
UAE_037,2023-07,47,18,9,1,55995
UAE_037,2023-08,42,16,8,1,46499
UAE_037,2023-09,49,19,9,1,67464
UAE_037,2023-10,58,23,11,1,58402
UAE_037,2023-11,23,9,4,1,28170
UAE_037,2023-12,23,9,4,1,32112
UAE_037,2024-01,20,8,4,1,9106
UAE_037,2024-02,43,17,8,1,35718
UAE_037,2024-03,52,20,10,1,71729
UAE_037,2024-04,78,31,15,3,45689
UAE_037,2024-05,74,29,14,1,39360
UAE_037,2024-06,68,27,13,1,64524
UAE_037,2024-07,84,33,16,1,108209
UAE_037,2024-08,20,8,4,1,9929
UAE_037,2024-09,91,36,18,2,74858
UAE_037,2024-10,82,32,16,2,40796
UAE_037,2024-11,75,30,15,1,74092
UAE_037,2024-12,40,16,8,1,47424
UAE_037,2025-01,18,7,3,1,10821
UAE_037,2025-02,25,10,5,1,9312
UAE_037,2025-03,60,24,12,2,60316
UAE_037,2025-04,36,14,7,1,44196
UAE_037,2025-05,69,27,13,1,46980
UAE_037,2025-06,78,31,15,2,31332
UAE_037,2025-07,73,29,14,1,88512
UAE_037,2025-08,43,17,8,1,32209
UAE_037,2025-09,75,30,15,1,41490
UAE_037,2025-10,72,28,14,2,26803
UAE_037,2025-11,26,10,5,1,27065
UAE_037,2025-12,41,16,8,1,45930
UAE_038,2023-01,59,23,11,1,77912
UAE_038,2023-02,23,9,4,1,22699
UAE_038,2023-03,35,14,7,1,31095
UAE_038,2023-04,27,10,5,1,29926
UAE_038,2023-05,31,12,6,1,11022
UAE_038,2023-06,59,23,11,1,67849
UAE_038,2023-07,40,16,8,1,40611
UAE_038,2023-08,27,10,5,1,12923
UAE_038,2023-09,64,25,12,2,69687
UAE_038,2023-10,39,15,7,1,34836
UAE_038,2023-11,46,18,9,1,34410
UAE_038,2023-12,16,6,3,1,14520
UAE_038,2024-01,29,11,5,1,15179
UAE_038,2024-02,25,10,5,1,9811
UAE_038,2024-03,20,8,4,1,9864
UAE_038,2024-04,46,18,9,1,19996
UAE_038,2024-05,29,11,5,1,11380
UAE_038,2024-06,24,9,4,1,25183
UAE_038,2024-07,48,19,9,1,33012
UAE_038,2024-08,39,15,7,1,44627
UAE_038,2024-09,92,36,18,3,73413
UAE_038,2024-10,22,8,4,1,15147
UAE_038,2024-11,49,19,9,1,46324
UAE_038,2024-12,19,7,3,1,14148
UAE_038,2025-01,40,16,8,1,28808
UAE_038,2025-02,83,33,16,1,88536
UAE_038,2025-03,21,8,4,1,8220
UAE_038,2025-04,77,30,15,1,58936
UAE_038,2025-05,62,24,12,2,46175
UAE_038,2025-06,15,6,3,1,9875
UAE_038,2025-07,40,16,8,1,45310
UAE_038,2025-08,77,30,15,1,69399
UAE_038,2025-09,73,29,14,2,42508
UAE_038,2025-10,46,18,9,1,30388
UAE_038,2025-11,16,6,3,1,8729
UAE_038,2025-12,19,7,3,1,22887
UAE_039,2023-01,41,16,8,1,28617
UAE_039,2023-02,10,4,2,1,10896
UAE_039,2023-03,27,10,5,1,22663
UAE_039,2023-04,61,24,12,1,55852
UAE_039,2023-05,32,12,6,1,15337
UAE_039,2023-06,53,21,10,1,37688
UAE_039,2023-07,57,22,11,1,69350
UAE_039,2023-08,18,7,3,1,21753
UAE_039,2023-09,39,15,7,1,29050
UAE_039,2023-10,77,30,15,2,64712
UAE_039,2023-11,35,14,7,1,25044
UAE_039,2023-12,34,13,6,1,46321
UAE_039,2024-01,38,15,7,1,24311
UAE_039,2024-02,63,25,12,1,72628
UAE_039,2024-03,74,29,14,2,39677
UAE_039,2024-04,39,15,7,1,50693
UAE_039,2024-05,67,26,13,2,85271
UAE_039,2024-06,96,38,19,3,62647
UAE_039,2024-07,27,10,5,1,35381
UAE_039,2024-08,28,11,5,1,17601
UAE_039,2024-09,69,27,13,1,63553
UAE_039,2024-10,48,19,9,1,18444
UAE_039,2024-11,41,16,8,1,48925
UAE_039,2024-12,24,9,4,1,27683
UAE_039,2025-01,47,18,9,1,40385
UAE_039,2025-02,49,19,9,1,54829
UAE_039,2025-03,14,5,2,1,15098
UAE_039,2025-04,70,28,14,2,87672
UAE_039,2025-05,59,23,11,2,59852
UAE_039,2025-06,29,11,5,1,33528
UAE_039,2025-07,45,18,9,1,33334
UAE_039,2025-08,72,28,14,1,44948
UAE_039,2025-09,38,15,7,1,13585
UAE_039,2025-10,75,30,15,2,104680
UAE_039,2025-11,18,7,3,1,10449
UAE_039,2025-12,56,22,11,1,78719
UAE_040,2023-01,58,23,11,1,31738
UAE_040,2023-02,37,14,7,1,29439
UAE_040,2023-03,24,9,4,1,18766
UAE_040,2023-04,60,24,12,1,64257
UAE_040,2023-05,32,12,6,1,32617
UAE_040,2023-06,33,13,6,1,15424
UAE_040,2023-07,70,28,14,1,23525
UAE_040,2023-08,48,19,9,1,36979
UAE_040,2023-09,29,11,5,1,17199
UAE_040,2023-10,34,13,6,1,34794
UAE_040,2023-11,51,20,10,1,22383
UAE_040,2023-12,95,38,19,2,42940
UAE_040,2024-01,34,13,6,1,28889
UAE_040,2024-02,47,18,9,1,13827
UAE_040,2024-03,66,26,13,1,70681
UAE_040,2024-04,48,19,9,1,53987
UAE_040,2024-05,18,7,3,1,6675
UAE_040,2024-06,53,21,10,1,16523
UAE_040,2024-07,20,8,4,1,18236
UAE_040,2024-08,15,6,3,1,7324
UAE_040,2024-09,16,6,3,1,5630
UAE_040,2024-10,79,31,15,1,25773
UAE_040,2024-11,11,4,2,1,9613
UAE_040,2024-12,43,17,8,1,15441
UAE_040,2025-01,33,13,6,1,27893
UAE_040,2025-02,21,8,4,1,21482
UAE_040,2025-03,60,24,12,1,49127
UAE_040,2025-04,45,18,9,1,23481
UAE_040,2025-05,24,9,4,1,23387
UAE_040,2025-06,32,12,6,1,24356
UAE_040,2025-07,28,11,5,1,10153
UAE_040,2025-08,80,32,16,2,26489
UAE_040,2025-09,54,21,10,2,38477
UAE_040,2025-10,80,32,16,2,82300
UAE_040,2025-11,32,12,6,1,32010
UAE_040,2025-12,65,26,13,1,51198
UAE_041,2023-01,41,16,8,1,41551
UAE_041,2023-02,53,21,10,1,17913
UAE_041,2023-03,32,12,6,1,23416
UAE_041,2023-04,53,21,10,2,26394
UAE_041,2023-05,92,36,18,2,74953
UAE_041,2023-06,36,14,7,1,17891
UAE_041,2023-07,32,12,6,1,9148
UAE_041,2023-08,85,34,17,1,31798
UAE_041,2023-09,45,18,9,1,51357
UAE_041,2023-10,35,14,7,1,13677
UAE_041,2023-11,63,25,12,1,67529
UAE_041,2023-12,13,5,2,1,12716
UAE_041,2024-01,47,18,9,1,51676
UAE_041,2024-02,33,13,6,1,16118
UAE_041,2024-03,47,18,9,1,33585
UAE_041,2024-04,31,12,6,1,25336
UAE_041,2024-05,58,23,11,2,50462
UAE_041,2024-06,26,10,5,1,29599
UAE_041,2024-07,66,26,13,2,42551
UAE_041,2024-08,50,20,10,1,29301
UAE_041,2024-09,71,28,14,1,56089
UAE_041,2024-10,44,17,8,1,50915
UAE_041,2024-11,36,14,7,1,31208
UAE_041,2024-12,31,12,6,1,23396
UAE_041,2025-01,51,20,10,1,29210
UAE_041,2025-02,48,19,9,1,38431
UAE_041,2025-03,36,14,7,1,23148
UAE_041,2025-04,66,26,13,1,56123
UAE_041,2025-05,21,8,4,1,9157
UAE_041,2025-06,65,26,13,2,66562
UAE_041,2025-07,54,21,10,1,57766
UAE_041,2025-08,83,33,16,1,54510
UAE_041,2025-09,25,10,5,1,27737
UAE_041,2025-10,41,16,8,1,29820
UAE_041,2025-11,30,12,6,1,25388
UAE_041,2025-12,38,15,7,1,42873
UAE_042,2023-01,57,22,11,1,32596
UAE_042,2023-02,15,6,3,1,7112
UAE_042,2023-03,53,21,10,1,58164
UAE_042,2023-04,23,9,4,1,9342
UAE_042,2023-05,103,41,20,3,76255
UAE_042,2023-06,26,10,5,1,16146
UAE_042,2023-07,46,18,9,1,23095
UAE_042,2023-08,92,36,18,1,63115
UAE_042,2023-09,37,14,7,1,44984
UAE_042,2023-10,46,18,9,1,41983
UAE_042,2023-11,42,16,8,1,37670
UAE_042,2023-12,49,19,9,1,26512
UAE_042,2024-01,25,10,5,1,22940
UAE_042,2024-02,128,51,25,3,71084
UAE_042,2024-03,36,14,7,1,43374
UAE_042,2024-04,77,30,15,2,64534
UAE_042,2024-05,41,16,8,1,25554
UAE_042,2024-06,37,14,7,1,44692
UAE_042,2024-07,31,12,6,1,39303
UAE_042,2024-08,85,34,17,1,115026
UAE_042,2024-09,39,15,7,1,38328
UAE_042,2024-10,38,15,7,1,45120
UAE_042,2024-11,74,29,14,2,28800
UAE_042,2024-12,14,5,2,1,16530
UAE_042,2025-01,32,12,6,1,28456
UAE_042,2025-02,48,19,9,1,38494
UAE_042,2025-03,62,24,12,1,47982
UAE_042,2025-04,60,24,12,1,63626
UAE_042,2025-05,84,33,16,3,34205
UAE_042,2025-06,66,26,13,2,25445
UAE_042,2025-07,83,33,16,2,100348
UAE_042,2025-08,81,32,16,2,32642
UAE_042,2025-09,42,16,8,1,47012
UAE_042,2025-10,87,34,17,1,110997
UAE_042,2025-11,50,20,10,1,59663
UAE_042,2025-12,13,5,2,1,7558
UAE_043,2023-01,114,45,22,2,91464
UAE_043,2023-02,53,21,10,1,66032
UAE_043,2023-03,122,48,24,2,198446
UAE_043,2023-04,54,21,10,1,30402
UAE_043,2023-05,129,51,25,2,199752
UAE_043,2023-06,128,51,25,2,256454
UAE_043,2023-07,63,25,12,2,78282
UAE_043,2023-08,46,18,9,1,95380
UAE_043,2023-09,114,45,22,2,172728
UAE_043,2023-10,92,36,18,2,157405
UAE_043,2023-11,90,36,18,1,68009
UAE_043,2023-12,48,19,9,1,95793
UAE_043,2024-01,69,27,13,1,121508
UAE_043,2024-02,103,41,20,2,126830
UAE_043,2024-03,91,36,18,1,129963
UAE_043,2024-04,33,13,6,1,67954
UAE_043,2024-05,120,48,24,4,101617
UAE_043,2024-06,96,38,19,2,65332
UAE_043,2024-07,102,40,20,1,203648
UAE_043,2024-08,69,27,13,1,94660
UAE_043,2024-09,73,29,14,2,55500
UAE_043,2024-10,28,11,5,1,26748
UAE_043,2024-11,40,16,8,1,48064
UAE_043,2024-12,79,31,15,2,141657
UAE_043,2025-01,110,44,22,2,154074
UAE_043,2025-02,31,12,6,1,25742
UAE_043,2025-03,25,10,5,1,25572
UAE_043,2025-04,46,18,9,1,44524
UAE_043,2025-05,53,21,10,1,48099
UAE_043,2025-06,93,37,18,3,192992
UAE_043,2025-07,149,59,29,5,204029
UAE_043,2025-08,76,30,15,2,138460
UAE_043,2025-09,62,24,12,1,125324
UAE_043,2025-10,143,57,28,3,292358
UAE_043,2025-11,61,24,12,2,37387
UAE_043,2025-12,87,34,17,2,137516
UAE_044,2023-01,36,14,7,1,17385
UAE_044,2023-02,35,14,7,1,18938
UAE_044,2023-03,26,10,5,1,13037
UAE_044,2023-04,21,8,4,1,19267
UAE_044,2023-05,28,11,5,1,19993
UAE_044,2023-06,16,6,3,1,11037
UAE_044,2023-07,27,10,5,1,7576
UAE_044,2023-08,35,14,7,1,35675
UAE_044,2023-09,50,20,10,1,34347
UAE_044,2023-10,13,5,2,1,6026
UAE_044,2023-11,70,28,14,2,28260
UAE_044,2023-12,37,14,7,1,22693
UAE_044,2024-01,32,12,6,1,33907
UAE_044,2024-02,58,23,11,1,33832
UAE_044,2024-03,53,21,10,1,50234
UAE_044,2024-04,39,15,7,1,26714
UAE_044,2024-05,89,35,17,1,47958
UAE_044,2024-06,50,20,10,1,41040
UAE_044,2024-07,34,13,6,1,28001
UAE_044,2024-08,31,12,6,1,25190
UAE_044,2024-09,20,8,4,1,20925
UAE_044,2024-10,36,14,7,1,16184
UAE_044,2024-11,65,26,13,2,22608
UAE_044,2024-12,35,14,7,1,14516
UAE_044,2025-01,39,15,7,1,19185
UAE_044,2025-02,51,20,10,1,29466
UAE_044,2025-03,50,20,10,1,47144
UAE_044,2025-04,54,21,10,1,21538
UAE_044,2025-05,26,10,5,1,29050
UAE_044,2025-06,68,27,13,1,44541
UAE_044,2025-07,42,16,8,1,25005
UAE_044,2025-08,49,19,9,1,25782
UAE_044,2025-09,29,11,5,1,12805
UAE_044,2025-10,12,4,2,1,9878
UAE_044,2025-11,44,17,8,1,29943
UAE_044,2025-12,77,30,15,2,72673
UAE_045,2023-01,41,16,8,1,42299
UAE_045,2023-02,24,9,4,1,19579
UAE_045,2023-03,32,12,6,1,12012
UAE_045,2023-04,25,10,5,1,20923
UAE_045,2023-05,49,19,9,1,21752
UAE_045,2023-06,49,19,9,1,15996
UAE_045,2023-07,81,32,16,2,70536
UAE_045,2023-08,97,38,19,3,102574
UAE_045,2023-09,24,9,4,1,14177
UAE_045,2023-10,47,18,9,1,23180
UAE_045,2023-11,10,4,2,1,10985
UAE_045,2023-12,43,17,8,1,25924
UAE_045,2024-01,16,6,3,1,7285
UAE_045,2024-02,49,19,9,1,53658
UAE_045,2024-03,27,10,5,1,7859
UAE_045,2024-04,48,19,9,1,19616
UAE_045,2024-05,17,6,3,1,12158
UAE_045,2024-06,25,10,5,1,26165
UAE_045,2024-07,53,21,10,1,61630
UAE_045,2024-08,67,26,13,1,76287
UAE_045,2024-09,77,30,15,1,64557
UAE_045,2024-10,15,6,3,1,16816
UAE_045,2024-11,48,19,9,1,34459
UAE_045,2024-12,42,16,8,1,24714
UAE_045,2025-01,44,17,8,1,22652
UAE_045,2025-02,30,12,6,1,27712
UAE_045,2025-03,25,10,5,1,25237
UAE_045,2025-04,66,26,13,1,39314
UAE_045,2025-05,46,18,9,1,18824
UAE_045,2025-06,50,20,10,1,38142
UAE_045,2025-07,91,36,18,2,42891
UAE_045,2025-08,52,20,10,1,52460
UAE_045,2025-09,33,13,6,1,20227
UAE_045,2025-10,31,12,6,1,11059
UAE_045,2025-11,42,16,8,1,12378
UAE_045,2025-12,60,24,12,1,66740
UAE_046,2023-01,38,15,7,1,21093
UAE_046,2023-02,39,15,7,1,29706
UAE_046,2023-03,78,31,15,1,60986
UAE_046,2023-04,48,19,9,1,19855
UAE_046,2023-05,70,28,14,1,38106
UAE_046,2023-06,66,26,13,1,61109
UAE_046,2023-07,58,23,11,1,42560
UAE_046,2023-08,30,12,6,1,24301
UAE_046,2023-09,33,13,6,1,26937
UAE_046,2023-10,38,15,7,1,17777
UAE_046,2023-11,44,17,8,1,35567
UAE_046,2023-12,65,26,13,2,60365
UAE_046,2024-01,34,13,6,1,30805
UAE_046,2024-02,32,12,6,1,20539
UAE_046,2024-03,64,25,12,2,56068
UAE_046,2024-04,27,10,5,1,26543
UAE_046,2024-05,59,23,11,1,25344
UAE_046,2024-06,16,6,3,1,14337
UAE_046,2024-07,21,8,4,1,15325
UAE_046,2024-08,78,31,15,2,26092
UAE_046,2024-09,36,14,7,1,23939
UAE_046,2024-10,25,10,5,1,24081
UAE_046,2024-11,48,19,9,1,47553
UAE_046,2024-12,49,19,9,1,23369
UAE_046,2025-01,38,15,7,1,33141
UAE_046,2025-02,15,6,3,1,12013
UAE_046,2025-03,33,13,6,1,28702
UAE_046,2025-04,29,11,5,1,13576
UAE_046,2025-05,35,14,7,1,35578
UAE_046,2025-06,79,31,15,3,40208
UAE_046,2025-07,44,17,8,1,47446
UAE_046,2025-08,34,13,6,1,17359
UAE_046,2025-09,70,28,14,1,30978
UAE_046,2025-10,34,13,6,1,29181
UAE_046,2025-11,81,32,16,1,90770
UAE_046,2025-12,34,13,6,1,22242
UAE_047,2023-01,27,10,5,1,13820
UAE_047,2023-02,55,22,11,1,40096
UAE_047,2023-03,72,28,14,2,54512
UAE_047,2023-04,64,25,12,2,36977
UAE_047,2023-05,53,21,10,1,86687
UAE_047,2023-06,121,48,24,4,180499
UAE_047,2023-07,56,22,11,1,46438
UAE_047,2023-08,74,29,14,1,43472
UAE_047,2023-09,69,27,13,1,88881
UAE_047,2023-10,41,16,8,1,35480
UAE_047,2023-11,32,12,6,1,33867
UAE_047,2023-12,53,21,10,1,86750
UAE_047,2024-01,51,20,10,1,21451
UAE_047,2024-02,25,10,5,1,17494
UAE_047,2024-03,79,31,15,1,94535
UAE_047,2024-04,98,39,19,2,126040
UAE_047,2024-05,29,11,5,1,41996
UAE_047,2024-06,98,39,19,2,161845
UAE_047,2024-07,28,11,5,1,38416
UAE_047,2024-08,23,9,4,1,19724
UAE_047,2024-09,78,31,15,1,79756
UAE_047,2024-10,56,22,11,1,36795
UAE_047,2024-11,86,34,17,2,101769
UAE_047,2024-12,21,8,4,1,29741
UAE_047,2025-01,41,16,8,1,41781
UAE_047,2025-02,42,16,8,1,53857
UAE_047,2025-03,44,17,8,1,18013
UAE_047,2025-04,123,49,24,3,145495
UAE_047,2025-05,28,11,5,1,45196
UAE_047,2025-06,67,26,13,2,38252
UAE_047,2025-07,62,24,12,2,48405
UAE_047,2025-08,34,13,6,1,31728
UAE_047,2025-09,115,46,23,2,130589
UAE_047,2025-10,44,17,8,1,37210
UAE_047,2025-11,77,30,15,1,75414
UAE_047,2025-12,18,7,3,1,26084
UAE_048,2023-01,28,11,5,1,12757
UAE_048,2023-02,24,9,4,1,18178
UAE_048,2023-03,96,38,19,1,64246
UAE_048,2023-04,51,20,10,1,61699
UAE_048,2023-05,65,26,13,1,49862
UAE_048,2023-06,50,20,10,1,43568
UAE_048,2023-07,90,36,18,2,94647
UAE_048,2023-08,36,14,7,1,33869
UAE_048,2023-09,127,50,25,2,68928
UAE_048,2023-10,48,19,9,1,64957
UAE_048,2023-11,35,14,7,1,12652
UAE_048,2023-12,18,7,3,1,20864
UAE_048,2024-01,58,23,11,1,31911
UAE_048,2024-02,38,15,7,1,42901
UAE_048,2024-03,75,30,15,2,58882
UAE_048,2024-04,50,20,10,1,58250
UAE_048,2024-05,27,10,5,1,15978
UAE_048,2024-06,40,16,8,1,29151
UAE_048,2024-07,86,34,17,2,41119
UAE_048,2024-08,41,16,8,1,55680
UAE_048,2024-09,34,13,6,1,21079
UAE_048,2024-10,76,30,15,1,91984
UAE_048,2024-11,15,6,3,1,19290
UAE_048,2024-12,51,20,10,1,32353
UAE_048,2025-01,77,30,15,1,54813
UAE_048,2025-02,26,10,5,1,14073
UAE_048,2025-03,33,13,6,1,31282
UAE_048,2025-04,45,18,9,1,52101
UAE_048,2025-05,70,28,14,1,53459
UAE_048,2025-06,117,46,23,1,122319
UAE_048,2025-07,72,28,14,1,77735
UAE_048,2025-08,87,34,17,1,87543
UAE_048,2025-09,54,21,10,1,60991
UAE_048,2025-10,23,9,4,1,25004
UAE_048,2025-11,44,17,8,1,55786
UAE_048,2025-12,37,14,7,1,44537
UAE_049,2023-01,18,7,3,1,5374
UAE_049,2023-02,14,5,2,1,5697
UAE_049,2023-03,37,14,7,1,34441
UAE_049,2023-04,24,9,4,1,11408
UAE_049,2023-05,52,20,10,1,36984
UAE_049,2023-06,78,31,15,2,42730
UAE_049,2023-07,19,7,3,1,16092
UAE_049,2023-08,15,6,3,1,8595
UAE_049,2023-09,55,22,11,1,51923
UAE_049,2023-10,44,17,8,1,19380
UAE_049,2023-11,30,12,6,1,24245
UAE_049,2023-12,40,16,8,1,33002
UAE_049,2024-01,63,25,12,2,74321
UAE_049,2024-02,10,4,2,1,3166
UAE_049,2024-03,24,9,4,1,9668
UAE_049,2024-04,21,8,4,1,22601
UAE_049,2024-05,34,13,6,1,25706
UAE_049,2024-06,73,29,14,1,45193
UAE_049,2024-07,70,28,14,1,73853
UAE_049,2024-08,98,39,19,1,99816
UAE_049,2024-09,63,25,12,1,59122
UAE_049,2024-10,42,16,8,1,40703
UAE_049,2024-11,47,18,9,1,33151
UAE_049,2024-12,63,25,12,1,69088
UAE_049,2025-01,22,8,4,1,16081
UAE_049,2025-02,58,23,11,2,17682
UAE_049,2025-03,44,17,8,1,25372
UAE_049,2025-04,49,19,9,1,35989
UAE_049,2025-05,14,5,2,1,9531
UAE_049,2025-06,69,27,13,1,30372
UAE_049,2025-07,39,15,7,1,25443
UAE_049,2025-08,16,6,3,1,7291
UAE_049,2025-09,60,24,12,1,59671
UAE_049,2025-10,78,31,15,2,47125
UAE_049,2025-11,49,19,9,1,23242
UAE_049,2025-12,41,16,8,1,38144
UAE_050,2023-01,76,30,15,1,55794
UAE_050,2023-02,48,19,9,1,90723
UAE_050,2023-03,111,44,22,2,127127
UAE_050,2023-04,117,46,23,2,83869
UAE_050,2023-05,45,18,9,1,59905
UAE_050,2023-06,35,14,7,1,37661
UAE_050,2023-07,94,37,18,1,139897
UAE_050,2023-08,75,30,15,2,151641
UAE_050,2023-09,74,29,14,1,57848
UAE_050,2023-10,52,20,10,1,54580
UAE_050,2023-11,133,53,26,3,256141
UAE_050,2023-12,89,35,17,2,60568
UAE_050,2024-01,94,37,18,2,119713
UAE_050,2024-02,115,46,23,3,204456
UAE_050,2024-03,150,60,30,4,171251
UAE_050,2024-04,99,39,19,1,181919
UAE_050,2024-05,131,52,26,3,190715
UAE_050,2024-06,50,20,10,1,89900
UAE_050,2024-07,58,23,11,1,77922
UAE_050,2024-08,138,55,27,4,226908
UAE_050,2024-09,73,29,14,2,150537
UAE_050,2024-10,108,43,21,1,179961
UAE_050,2024-11,133,53,26,4,194053
UAE_050,2024-12,29,11,5,1,14909
UAE_050,2025-01,89,35,17,1,50589
UAE_050,2025-02,42,16,8,1,30651
UAE_050,2025-03,64,25,12,2,70360
UAE_050,2025-04,79,31,15,2,123925
UAE_050,2025-05,110,44,22,1,87604
UAE_050,2025-06,78,31,15,1,79849
UAE_050,2025-07,105,42,21,4,221893
UAE_050,2025-08,141,56,28,4,254843
UAE_050,2025-09,30,12,6,1,44267
UAE_050,2025-10,35,14,7,1,39283
UAE_050,2025-11,68,27,13,2,126269
UAE_050,2025-12,104,41,20,2,108964
UAE_051,2023-01,64,25,12,1,45348
UAE_051,2023-02,14,5,2,1,12950
UAE_051,2023-03,81,32,16,2,54293
UAE_051,2023-04,51,20,10,1,33787
UAE_051,2023-05,21,8,4,1,11186
UAE_051,2023-06,43,17,8,1,47422
UAE_051,2023-07,32,12,6,1,30485
UAE_051,2023-08,46,18,9,1,39941
UAE_051,2023-09,57,22,11,2,50319
UAE_051,2023-10,64,25,12,2,28676
UAE_051,2023-11,28,11,5,1,24249
UAE_051,2023-12,47,18,9,1,31514
UAE_051,2024-01,19,7,3,1,12779
UAE_051,2024-02,24,9,4,1,13031
UAE_051,2024-03,51,20,10,1,22516
UAE_051,2024-04,58,23,11,1,42183
UAE_051,2024-05,36,14,7,1,38814
UAE_051,2024-06,76,30,15,1,80602
UAE_051,2024-07,38,15,7,1,44378
UAE_051,2024-08,45,18,9,1,25846
UAE_051,2024-09,29,11,5,1,29370
UAE_051,2024-10,29,11,5,1,18819
UAE_051,2024-11,81,32,16,2,40034
UAE_051,2024-12,50,20,10,1,21474
UAE_051,2025-01,41,16,8,1,38637
UAE_051,2025-02,12,4,2,1,7967
UAE_051,2025-03,14,5,2,1,12422
UAE_051,2025-04,30,12,6,1,32067
UAE_051,2025-05,72,28,14,1,44659
UAE_051,2025-06,85,34,17,2,37115
UAE_051,2025-07,71,28,14,2,55158
UAE_051,2025-08,63,25,12,2,35449
UAE_051,2025-09,78,31,15,1,33327
UAE_051,2025-10,12,4,2,1,11852
UAE_051,2025-11,55,22,11,1,54997
UAE_051,2025-12,46,18,9,1,46613
UAE_052,2023-01,54,21,10,1,36150
UAE_052,2023-02,81,32,16,3,35412
UAE_052,2023-03,44,17,8,1,54397
UAE_052,2023-04,22,8,4,1,18642
UAE_052,2023-05,41,16,8,1,20208
UAE_052,2023-06,38,15,7,1,32526
UAE_052,2023-07,30,12,6,1,43190
UAE_052,2023-08,66,26,13,1,59804
UAE_052,2023-09,70,28,14,2,76895
UAE_052,2023-10,26,10,5,1,16049
UAE_052,2023-11,51,20,10,2,32676
UAE_052,2023-12,14,5,2,1,15908
UAE_052,2024-01,27,10,5,1,24730
UAE_052,2024-02,46,18,9,1,25339
UAE_052,2024-03,46,18,9,1,37998
UAE_052,2024-04,50,20,10,1,56643
UAE_052,2024-05,68,27,13,2,53874
UAE_052,2024-06,91,36,18,3,113418
UAE_052,2024-07,60,24,12,1,27939
UAE_052,2024-08,52,20,10,1,55721
UAE_052,2024-09,22,8,4,1,18762
UAE_052,2024-10,59,23,11,1,24765
UAE_052,2024-11,45,18,9,1,56898
UAE_052,2024-12,35,14,7,1,36582
UAE_052,2025-01,25,10,5,1,24557
UAE_052,2025-02,55,22,11,1,77207
UAE_052,2025-03,15,6,3,1,9657
UAE_052,2025-04,53,21,10,1,49258
UAE_052,2025-05,99,39,19,2,103986
UAE_052,2025-06,73,29,14,2,99632
UAE_052,2025-07,76,30,15,2,74941
UAE_052,2025-08,77,30,15,1,54552
UAE_052,2025-09,57,22,11,1,73258
UAE_052,2025-10,32,12,6,1,14505
UAE_052,2025-11,23,9,4,1,15801
UAE_052,2025-12,40,16,8,1,16610
UAE_053,2023-01,43,17,8,1,24908
UAE_053,2023-02,23,9,4,1,12942
UAE_053,2023-03,85,34,17,2,110102
UAE_053,2023-04,38,15,7,1,29341
UAE_053,2023-05,42,16,8,1,75647
UAE_053,2023-06,113,45,22,2,55858
UAE_053,2023-07,76,30,15,2,97518
UAE_053,2023-08,99,39,19,2,184758
UAE_053,2023-09,49,19,9,1,70557
UAE_053,2023-10,59,23,11,1,104506
UAE_053,2023-11,84,33,16,3,106303
UAE_053,2023-12,64,25,12,2,54828
UAE_053,2024-01,74,29,14,1,95298
UAE_053,2024-02,64,25,12,2,102110
UAE_053,2024-03,21,8,4,1,15804
UAE_053,2024-04,103,41,20,3,74884
UAE_053,2024-05,66,26,13,1,51898
UAE_053,2024-06,62,24,12,2,99923
UAE_053,2024-07,49,19,9,1,64783
UAE_053,2024-08,77,30,15,1,44601
UAE_053,2024-09,52,20,10,1,50622
UAE_053,2024-10,68,27,13,1,53319
UAE_053,2024-11,24,9,4,1,39413
UAE_053,2024-12,18,7,3,1,9755
UAE_053,2025-01,85,34,17,1,62808
UAE_053,2025-02,74,29,14,1,86785
UAE_053,2025-03,51,20,10,1,85989
UAE_053,2025-04,45,18,9,1,23946
UAE_053,2025-05,72,28,14,1,86733
UAE_053,2025-06,82,32,16,2,44612
UAE_053,2025-07,103,41,20,3,91738
UAE_053,2025-08,85,34,17,2,71328
UAE_053,2025-09,27,10,5,1,42613
UAE_053,2025-10,106,42,21,3,67078
UAE_053,2025-11,61,24,12,1,106691
UAE_053,2025-12,53,21,10,1,92866
UAE_054,2023-01,47,18,9,1,29394
UAE_054,2023-02,29,11,5,1,37704
UAE_054,2023-03,37,14,7,1,17177
UAE_054,2023-04,81,32,16,2,29270
UAE_054,2023-05,23,9,4,1,25883
UAE_054,2023-06,27,10,5,1,18482
UAE_054,2023-07,81,32,16,2,114322
UAE_054,2023-08,27,10,5,1,34625
UAE_054,2023-09,58,23,11,2,76536
UAE_054,2023-10,84,33,16,1,37525
UAE_054,2023-11,40,16,8,1,40010
UAE_054,2023-12,46,18,9,1,33916
UAE_054,2024-01,32,12,6,1,42117
UAE_054,2024-02,83,33,16,1,49659
UAE_054,2024-03,28,11,5,1,17986
UAE_054,2024-04,56,22,11,2,61912
UAE_054,2024-05,106,42,21,2,72097
UAE_054,2024-06,19,7,3,1,6650
UAE_054,2024-07,56,22,11,1,57587
UAE_054,2024-08,39,15,7,1,27405
UAE_054,2024-09,31,12,6,1,18757
UAE_054,2024-10,19,7,3,1,7797
UAE_054,2024-11,77,30,15,2,42082
UAE_054,2024-12,28,11,5,1,16389
UAE_054,2025-01,47,18,9,1,25931
UAE_054,2025-02,70,28,14,1,27779
UAE_054,2025-03,60,24,12,2,26908
UAE_054,2025-04,38,15,7,1,27871
UAE_054,2025-05,31,12,6,1,40598
UAE_054,2025-06,58,23,11,1,82515
UAE_054,2025-07,48,19,9,1,55186
UAE_054,2025-08,78,31,15,3,92237
UAE_054,2025-09,59,23,11,2,44337
UAE_054,2025-10,32,12,6,1,22557
UAE_054,2025-11,64,25,12,1,72429
UAE_054,2025-12,50,20,10,1,28464
UAE_055,2023-01,22,8,4,1,14542
UAE_055,2023-02,30,12,6,1,55311
UAE_055,2023-03,33,13,6,1,18288
UAE_055,2023-04,32,12,6,1,23758
UAE_055,2023-05,25,10,5,1,24616
UAE_055,2023-06,55,22,11,2,83117
UAE_055,2023-07,130,52,26,3,236932
UAE_055,2023-08,105,42,21,2,63286
UAE_055,2023-09,117,46,23,2,175156
UAE_055,2023-10,80,32,16,2,74840
UAE_055,2023-11,159,63,31,6,138681
UAE_055,2023-12,83,33,16,1,62198
UAE_055,2024-01,80,32,16,2,114392
UAE_055,2024-02,28,11,5,1,19693
UAE_055,2024-03,41,16,8,1,33573
UAE_055,2024-04,55,22,11,1,38790
UAE_055,2024-05,63,25,12,1,93558
UAE_055,2024-06,65,26,13,1,114002
UAE_055,2024-07,69,27,13,1,38811
UAE_055,2024-08,79,31,15,1,91885
UAE_055,2024-09,86,34,17,2,50185
UAE_055,2024-10,105,42,21,2,161839
UAE_055,2024-11,79,31,15,1,118908
UAE_055,2024-12,88,35,17,2,52256
UAE_055,2025-01,56,22,11,1,36590
UAE_055,2025-02,41,16,8,1,45369
UAE_055,2025-03,40,16,8,1,73532
UAE_055,2025-04,47,18,9,1,61876
UAE_055,2025-05,125,50,25,3,175149
UAE_055,2025-06,71,28,14,1,46206
UAE_055,2025-07,46,18,9,1,69140
UAE_055,2025-08,21,8,4,1,20931
UAE_055,2025-09,36,14,7,1,37106
UAE_055,2025-10,60,24,12,1,46389
UAE_055,2025-11,50,20,10,1,46257
UAE_055,2025-12,72,28,14,1,85033
UAE_056,2023-01,36,14,7,1,42946
UAE_056,2023-02,47,18,9,1,67012
UAE_056,2023-03,57,22,11,1,35584
UAE_056,2023-04,60,24,12,1,91068
UAE_056,2023-05,47,18,9,1,27751
UAE_056,2023-06,41,16,8,1,53128
UAE_056,2023-07,39,15,7,1,52942
UAE_056,2023-08,28,11,5,1,43005
UAE_056,2023-09,96,38,19,3,57376
UAE_056,2023-10,22,8,4,1,19565
UAE_056,2023-11,46,18,9,1,45797
UAE_056,2023-12,38,15,7,1,16810
UAE_056,2024-01,88,35,17,3,127997
UAE_056,2024-02,35,14,7,1,19498
UAE_056,2024-03,68,27,13,1,70093
UAE_056,2024-04,25,10,5,1,24218
UAE_056,2024-05,68,27,13,2,80819
UAE_056,2024-06,59,23,11,1,73861
UAE_056,2024-07,34,13,6,1,25563
UAE_056,2024-08,90,36,18,3,114884
UAE_056,2024-09,92,36,18,2,124019
UAE_056,2024-10,26,10,5,1,18416
UAE_056,2024-11,65,26,13,1,62513
UAE_056,2024-12,27,10,5,1,14247
UAE_056,2025-01,72,28,14,1,88878
UAE_056,2025-02,91,36,18,1,132964
UAE_056,2025-03,53,21,10,1,22082
UAE_056,2025-04,33,13,6,1,31501
UAE_056,2025-05,75,30,15,2,96530
UAE_056,2025-06,60,24,12,1,90771
UAE_056,2025-07,31,12,6,1,32672
UAE_056,2025-08,60,24,12,2,93878
UAE_056,2025-09,73,29,14,2,46523
UAE_056,2025-10,116,46,23,2,164139
UAE_056,2025-11,38,15,7,1,61848
UAE_056,2025-12,59,23,11,1,80436
UAE_057,2023-01,151,60,30,5,406680
UAE_057,2023-02,42,16,8,1,194806
UAE_057,2023-03,79,31,15,2,130942
UAE_057,2023-04,323,129,64,6,1603448
UAE_057,2023-05,250,100,50,8,708380
UAE_057,2023-06,148,59,29,4,490321
UAE_057,2023-07,189,75,37,6,299140
UAE_057,2023-08,284,113,56,5,886448
UAE_057,2023-09,236,94,47,3,831372
UAE_057,2023-10,195,78,39,3,377534
UAE_057,2023-11,207,82,41,4,433075
UAE_057,2023-12,202,80,40,4,765931
UAE_057,2024-01,38,15,7,1,114216
UAE_057,2024-02,159,63,31,6,684828
UAE_057,2024-03,219,87,43,4,444152
UAE_057,2024-04,72,28,14,1,171151
UAE_057,2024-05,128,51,25,2,666766
UAE_057,2024-06,263,105,52,5,660696
UAE_057,2024-07,105,42,21,3,543155
UAE_057,2024-08,267,106,53,4,598982
UAE_057,2024-09,231,92,46,5,305096
UAE_057,2024-10,87,34,17,1,242775
UAE_057,2024-11,255,102,51,6,645835
UAE_057,2024-12,244,97,48,7,1051282
UAE_057,2025-01,62,24,12,1,88101
UAE_057,2025-02,111,44,22,2,223857
UAE_057,2025-03,120,48,24,4,626769
UAE_057,2025-04,98,39,19,2,346256
UAE_057,2025-05,158,63,31,3,745124
UAE_057,2025-06,422,168,84,16,1307755
UAE_057,2025-07,143,57,28,4,478447
UAE_057,2025-08,306,122,61,9,1603106
UAE_057,2025-09,454,181,90,8,2153052
UAE_057,2025-10,467,186,93,15,1894800
UAE_057,2025-11,207,82,41,7,546184
UAE_057,2025-12,158,63,31,5,657914
UAE_058,2023-01,197,78,39,7,358842
UAE_058,2023-02,313,125,62,5,957916
UAE_058,2023-03,162,64,32,5,616542
UAE_058,2023-04,228,91,45,7,692700
UAE_058,2023-05,376,150,75,13,1502593
UAE_058,2023-06,449,179,89,13,1370377
UAE_058,2023-07,244,97,48,7,789035
UAE_058,2023-08,99,39,19,1,419699
UAE_058,2023-09,189,75,37,2,373640
UAE_058,2023-10,341,136,68,7,802443
UAE_058,2023-11,131,52,26,4,715742
UAE_058,2023-12,111,44,22,1,190831
UAE_058,2024-01,193,77,38,7,772317
UAE_058,2024-02,132,52,26,3,412661
UAE_058,2024-03,202,80,40,4,658651
UAE_058,2024-04,333,133,66,12,682646
UAE_058,2024-05,237,94,47,7,1106878
UAE_058,2024-06,169,67,33,3,253757
UAE_058,2024-07,335,134,67,10,673678
UAE_058,2024-08,402,160,80,6,1562953
UAE_058,2024-09,153,61,30,5,460594
UAE_058,2024-10,185,74,37,5,992756
UAE_058,2024-11,197,78,39,7,947486
UAE_058,2024-12,275,110,55,6,577517
UAE_058,2025-01,282,112,56,8,1529092
UAE_058,2025-02,171,68,34,6,662820
UAE_058,2025-03,54,21,10,2,147428
UAE_058,2025-04,151,60,30,5,517515
UAE_058,2025-05,200,80,40,3,280420
UAE_058,2025-06,230,92,46,8,1084385
UAE_058,2025-07,207,82,41,7,804698
UAE_058,2025-08,153,61,30,2,722433
UAE_058,2025-09,307,122,61,9,673503
UAE_058,2025-10,301,120,60,7,1168274
UAE_058,2025-11,179,71,35,6,821512
UAE_058,2025-12,109,43,21,2,167830
UAE_059,2023-01,32,12,6,1,22786
UAE_059,2023-02,22,8,4,1,12116
UAE_059,2023-03,26,10,5,1,16098
UAE_059,2023-04,38,15,7,1,48057
UAE_059,2023-05,45,18,9,1,19018
UAE_059,2023-06,34,13,6,1,44255
UAE_059,2023-07,75,30,15,2,78721
UAE_059,2023-08,85,34,17,2,116572
UAE_059,2023-09,26,10,5,1,14411
UAE_059,2023-10,21,8,4,1,16221
UAE_059,2023-11,53,21,10,1,45983
UAE_059,2023-12,68,27,13,1,33563
UAE_059,2024-01,31,12,6,1,38482
UAE_059,2024-02,82,32,16,2,59575
UAE_059,2024-03,64,25,12,1,55382
UAE_059,2024-04,58,23,11,1,70097
UAE_059,2024-05,89,35,17,1,112687
UAE_059,2024-06,51,20,10,1,69565
UAE_059,2024-07,34,13,6,1,44416
UAE_059,2024-08,20,8,4,1,17381
UAE_059,2024-09,50,20,10,1,26877
UAE_059,2024-10,12,4,2,1,9671
UAE_059,2024-11,42,16,8,1,22205
UAE_059,2024-12,28,11,5,1,14890
UAE_059,2025-01,67,26,13,2,24686
UAE_059,2025-02,59,23,11,1,58788
UAE_059,2025-03,85,34,17,1,82627
UAE_059,2025-04,79,31,15,3,81727
UAE_059,2025-05,77,30,15,2,53880
UAE_059,2025-06,71,28,14,2,28734
UAE_059,2025-07,16,6,3,1,6988
UAE_059,2025-08,30,12,6,1,28705
UAE_059,2025-09,79,31,15,2,78886
UAE_059,2025-10,21,8,4,1,13287
UAE_059,2025-11,32,12,6,1,23816
UAE_059,2025-12,18,7,3,1,24008
UAE_060,2023-01,154,61,30,4,421281
UAE_060,2023-02,198,79,39,7,231304
UAE_060,2023-03,288,115,57,5,1033032
UAE_060,2023-04,153,61,30,5,545663
UAE_060,2023-05,171,68,34,3,216199
UAE_060,2023-06,243,97,48,4,879461
UAE_060,2023-07,195,78,39,5,259614
UAE_060,2023-08,73,29,14,2,142883
UAE_060,2023-09,244,97,48,4,369698
UAE_060,2023-10,77,30,15,1,152058
UAE_060,2023-11,238,95,47,6,780198
UAE_060,2023-12,188,75,37,4,484296
UAE_060,2024-01,175,70,35,3,506454
UAE_060,2024-02,47,18,9,1,163744
UAE_060,2024-03,140,56,28,3,340084
UAE_060,2024-04,126,50,25,4,136538
UAE_060,2024-05,110,44,22,3,205863
UAE_060,2024-06,143,57,28,4,477118
UAE_060,2024-07,179,71,35,2,632343
UAE_060,2024-08,97,38,19,3,335305
UAE_060,2024-09,291,116,58,9,568681
UAE_060,2024-10,216,86,43,4,342223
UAE_060,2024-11,107,42,21,2,356461
UAE_060,2024-12,176,70,35,2,632120
UAE_060,2025-01,80,32,16,2,89991
UAE_060,2025-02,55,22,11,1,165938
UAE_060,2025-03,155,62,31,4,602219
UAE_060,2025-04,179,71,35,4,239001
UAE_060,2025-05,63,25,12,2,246064
UAE_060,2025-06,272,108,54,6,910950
UAE_060,2025-07,224,89,44,7,548684
UAE_060,2025-08,188,75,37,5,474915
UAE_060,2025-09,220,88,44,8,661598
UAE_060,2025-10,149,59,29,3,182487
UAE_060,2025-11,86,34,17,2,184218
UAE_060,2025-12,213,85,42,6,524869
UAE_061,2023-01,65,26,13,1,53892
UAE_061,2023-02,30,12,6,1,27401
UAE_061,2023-03,35,14,7,1,38960
UAE_061,2023-04,52,20,10,1,30648
UAE_061,2023-05,63,25,12,2,70852
UAE_061,2023-06,96,38,19,2,84818
UAE_061,2023-07,68,27,13,1,48888
UAE_061,2023-08,23,9,4,1,23573
UAE_061,2023-09,53,21,10,1,25627
UAE_061,2023-10,72,28,14,2,56618
UAE_061,2023-11,69,27,13,2,56488
UAE_061,2023-12,10,4,2,1,11768
UAE_061,2024-01,52,20,10,1,20264
UAE_061,2024-02,24,9,4,1,24063
UAE_061,2024-03,106,42,21,2,65141
UAE_061,2024-04,63,25,12,2,64901
UAE_061,2024-05,28,11,5,1,33405
UAE_061,2024-06,85,34,17,1,49841
UAE_061,2024-07,59,23,11,1,27699
UAE_061,2024-08,40,16,8,1,20940
UAE_061,2024-09,60,24,12,1,84845
UAE_061,2024-10,71,28,14,2,37074
UAE_061,2024-11,74,29,14,1,103115
UAE_061,2024-12,15,6,3,1,15103
UAE_061,2025-01,28,11,5,1,22367
UAE_061,2025-02,93,37,18,1,58750
UAE_061,2025-03,36,14,7,1,37777
UAE_061,2025-04,31,12,6,1,36774
UAE_061,2025-05,59,23,11,1,42076
UAE_061,2025-06,24,9,4,1,27771
UAE_061,2025-07,69,27,13,1,73194
UAE_061,2025-08,32,12,6,1,21265
UAE_061,2025-09,74,29,14,1,77291
UAE_061,2025-10,75,30,15,2,71170
UAE_061,2025-11,91,36,18,1,43004
UAE_061,2025-12,41,16,8,1,37011
UAE_062,2023-01,45,18,9,1,33389
UAE_062,2023-02,55,22,11,1,47494
UAE_062,2023-03,77,30,15,1,28377
UAE_062,2023-04,28,11,5,1,33427
UAE_062,2023-05,47,18,9,1,37578
UAE_062,2023-06,33,13,6,1,27665
UAE_062,2023-07,57,22,11,2,44215
UAE_062,2023-08,88,35,17,2,54967
UAE_062,2023-09,100,40,20,3,65558
UAE_062,2023-10,49,19,9,1,60275
UAE_062,2023-11,40,16,8,1,52250
UAE_062,2023-12,20,8,4,1,8754
UAE_062,2024-01,40,16,8,1,49172
UAE_062,2024-02,41,16,8,1,53488
UAE_062,2024-03,38,15,7,1,30249
UAE_062,2024-04,48,19,9,1,18302
UAE_062,2024-05,57,22,11,1,71852
UAE_062,2024-06,70,28,14,2,93362
UAE_062,2024-07,51,20,10,1,28242
UAE_062,2024-08,16,6,3,1,10954
UAE_062,2024-09,57,22,11,1,53168
UAE_062,2024-10,85,34,17,2,62808
UAE_062,2024-11,32,12,6,1,13049
UAE_062,2024-12,31,12,6,1,18771
UAE_062,2025-01,53,21,10,1,53115
UAE_062,2025-02,55,22,11,1,49699
UAE_062,2025-03,16,6,3,1,19539
UAE_062,2025-04,17,6,3,1,12587
UAE_062,2025-05,74,29,14,2,72264
UAE_062,2025-06,46,18,9,1,64073
UAE_062,2025-07,115,46,23,3,137884
UAE_062,2025-08,91,36,18,2,90929
UAE_062,2025-09,88,35,17,1,112842
UAE_062,2025-10,56,22,11,2,71174
UAE_062,2025-11,25,10,5,1,9012
UAE_062,2025-12,34,13,6,1,24499
UAE_063,2023-01,16,6,3,1,13843
UAE_063,2023-02,23,9,4,1,15659
UAE_063,2023-03,35,14,7,1,11530
UAE_063,2023-04,71,28,14,1,39332
UAE_063,2023-05,65,26,13,1,48520
UAE_063,2023-06,28,11,5,1,30924
UAE_063,2023-07,34,13,6,1,36015
UAE_063,2023-08,50,20,10,1,32789
UAE_063,2023-09,43,17,8,1,26457
UAE_063,2023-10,24,9,4,1,23791
UAE_063,2023-11,48,19,9,1,55443
UAE_063,2023-12,49,19,9,1,28920
UAE_063,2024-01,14,5,2,1,4959
UAE_063,2024-02,29,11,5,1,20586
UAE_063,2024-03,51,20,10,1,55217
UAE_063,2024-04,52,20,10,1,49960
UAE_063,2024-05,70,28,14,1,34213
UAE_063,2024-06,15,6,3,1,7829
UAE_063,2024-07,71,28,14,1,59643
UAE_063,2024-08,54,21,10,1,23632
UAE_063,2024-09,47,18,9,1,21396
UAE_063,2024-10,19,7,3,1,16887
UAE_063,2024-11,43,17,8,1,19186
UAE_063,2024-12,23,9,4,1,23835
UAE_063,2025-01,28,11,5,1,19578
UAE_063,2025-02,36,14,7,1,19611
UAE_063,2025-03,61,24,12,1,28522
UAE_063,2025-04,19,7,3,1,20316
UAE_063,2025-05,22,8,4,1,7858
UAE_063,2025-06,58,23,11,1,49774
UAE_063,2025-07,26,10,5,1,21168
UAE_063,2025-08,17,6,3,1,10292
UAE_063,2025-09,41,16,8,1,30136
UAE_063,2025-10,43,17,8,1,41952
UAE_063,2025-11,15,6,3,1,9691
UAE_063,2025-12,17,6,3,1,9323
UAE_064,2023-01,24,9,4,1,24104
UAE_064,2023-02,28,11,5,1,24088
UAE_064,2023-03,35,14,7,1,27550
UAE_064,2023-04,42,16,8,1,15763
UAE_064,2023-05,55,22,11,1,22959
UAE_064,2023-06,33,13,6,1,12916
UAE_064,2023-07,73,29,14,1,77765
UAE_064,2023-08,86,34,17,3,56866
UAE_064,2023-09,19,7,3,1,7536
UAE_064,2023-10,82,32,16,1,51674
UAE_064,2023-11,54,21,10,1,36799
UAE_064,2023-12,35,14,7,1,16241
UAE_064,2024-01,33,13,6,1,28396
UAE_064,2024-02,35,14,7,1,26206
UAE_064,2024-03,71,28,14,1,38546
UAE_064,2024-04,53,21,10,1,21286
UAE_064,2024-05,42,16,8,1,38478
UAE_064,2024-06,50,20,10,1,18051
UAE_064,2024-07,23,9,4,1,14219
UAE_064,2024-08,42,16,8,1,45455
UAE_064,2024-09,106,42,21,2,52056
UAE_064,2024-10,59,23,11,1,40821
UAE_064,2024-11,43,17,8,1,23282
UAE_064,2024-12,27,10,5,1,12467
UAE_064,2025-01,38,15,7,1,22367
UAE_064,2025-02,19,7,3,1,19658
UAE_064,2025-03,56,22,11,1,28164
UAE_064,2025-04,64,25,12,2,54636
UAE_064,2025-05,82,32,16,1,39408
UAE_064,2025-06,60,24,12,2,60351
UAE_064,2025-07,43,17,8,1,13314
UAE_064,2025-08,43,17,8,1,43914
UAE_064,2025-09,63,25,12,2,56597
UAE_064,2025-10,46,18,9,1,30667
UAE_064,2025-11,48,19,9,1,14548
UAE_064,2025-12,45,18,9,1,39578
UAE_065,2023-01,35,14,7,1,14557
UAE_065,2023-02,15,6,3,1,18266
UAE_065,2023-03,96,38,19,3,56349
UAE_065,2023-04,13,5,2,1,11011
UAE_065,2023-05,84,33,16,2,41035
UAE_065,2023-06,40,16,8,1,37180
UAE_065,2023-07,47,18,9,1,53382
UAE_065,2023-08,79,31,15,2,37449
UAE_065,2023-09,39,15,7,1,25140
UAE_065,2023-10,71,28,14,1,98184
UAE_065,2023-11,30,12,6,1,12594
UAE_065,2023-12,22,8,4,1,17104
UAE_065,2024-01,52,20,10,1,28206
UAE_065,2024-02,31,12,6,1,27627
UAE_065,2024-03,82,32,16,2,90221
UAE_065,2024-04,53,21,10,1,65611
UAE_065,2024-05,45,18,9,1,40973
UAE_065,2024-06,57,22,11,1,55817
UAE_065,2024-07,101,40,20,2,90653
UAE_065,2024-08,48,19,9,1,46800
UAE_065,2024-09,52,20,10,2,42687
UAE_065,2024-10,72,28,14,2,80025
UAE_065,2024-11,19,7,3,1,18342
UAE_065,2024-12,77,30,15,1,44067
UAE_065,2025-01,32,12,6,1,19537
UAE_065,2025-02,28,11,5,1,27477
UAE_065,2025-03,33,13,6,1,27658
UAE_065,2025-04,63,25,12,1,76838
UAE_065,2025-05,71,28,14,1,93705
UAE_065,2025-06,75,30,15,2,93053
UAE_065,2025-07,51,20,10,1,29353
UAE_065,2025-08,127,50,25,3,165537
UAE_065,2025-09,74,29,14,2,32889
UAE_065,2025-10,43,17,8,1,33463
UAE_065,2025-11,24,9,4,1,26169
UAE_065,2025-12,18,7,3,1,15662
UAE_066,2023-01,656,262,131,24,25341203
UAE_066,2023-02,1347,538,269,27,32304339
UAE_066,2023-03,2180,872,436,48,41616731
UAE_066,2023-04,1830,732,366,63,37978502
UAE_066,2023-05,2122,848,424,42,85220709
UAE_066,2023-06,2204,881,440,66,34916584
UAE_066,2023-07,1459,583,291,23,39166202
UAE_066,2023-08,2365,946,473,89,42962183
UAE_066,2023-09,1500,600,300,54,34085424
UAE_066,2023-10,1592,636,318,35,55581127
UAE_066,2023-11,1853,741,370,66,30035227
UAE_066,2023-12,618,247,123,13,16438035
UAE_066,2024-01,1144,457,228,42,20933506
UAE_066,2024-02,844,337,168,33,28341622
UAE_066,2024-03,707,282,141,12,23347851
UAE_066,2024-04,3151,1260,630,116,55255183
UAE_066,2024-05,1524,609,304,31,41868311
UAE_066,2024-06,3881,1552,776,95,131260989
UAE_066,2024-07,1197,478,239,25,17170864
UAE_066,2024-08,800,320,160,24,28565174
UAE_066,2024-09,1486,594,297,57,35225774
UAE_066,2024-10,2678,1071,535,103,52814737
UAE_066,2024-11,1624,649,324,55,54618762
UAE_066,2024-12,1158,463,231,19,15585163
UAE_066,2025-01,1126,450,225,37,46428669
UAE_066,2025-02,1099,439,219,30,31944370
UAE_066,2025-03,2516,1006,503,76,39474423
UAE_066,2025-04,1197,478,239,38,52069663
UAE_066,2025-05,2233,893,446,78,33168770
UAE_066,2025-06,1742,696,348,30,34375523
UAE_066,2025-07,1612,644,322,43,24750201
UAE_066,2025-08,1057,422,211,28,30297684
UAE_066,2025-09,2140,856,428,57,77870054
UAE_066,2025-10,3087,1234,617,59,135967833
UAE_066,2025-11,2660,1064,532,71,39994398
UAE_066,2025-12,1857,742,371,65,80890473
UAE_067,2023-01,31,12,6,1,33609
UAE_067,2023-02,23,9,4,1,24543
UAE_067,2023-03,48,19,9,1,45734
UAE_067,2023-04,51,20,10,1,81598
UAE_067,2023-05,94,37,18,1,134739
UAE_067,2023-06,102,40,20,3,78908
UAE_067,2023-07,53,21,10,1,77295
UAE_067,2023-08,111,44,22,4,69035
UAE_067,2023-09,94,37,18,2,59312
UAE_067,2023-10,30,12,6,1,33879
UAE_067,2023-11,27,10,5,1,37132
UAE_067,2023-12,35,14,7,1,28837
UAE_067,2024-01,58,23,11,2,34407
UAE_067,2024-02,19,7,3,1,8669
UAE_067,2024-03,21,8,4,1,24347
UAE_067,2024-04,32,12,6,1,28880
UAE_067,2024-05,38,15,7,1,22157
UAE_067,2024-06,46,18,9,1,28495
UAE_067,2024-07,40,16,8,1,23270
UAE_067,2024-08,56,22,11,1,25516
UAE_067,2024-09,110,44,22,3,107725
UAE_067,2024-10,55,22,11,1,65558
UAE_067,2024-11,43,17,8,1,45878
UAE_067,2024-12,32,12,6,1,14052
UAE_067,2025-01,20,8,4,1,33310
UAE_067,2025-02,22,8,4,1,24912
UAE_067,2025-03,100,40,20,2,146842
UAE_067,2025-04,16,6,3,1,15221
UAE_067,2025-05,61,24,12,1,37932
UAE_067,2025-06,68,27,13,2,49853
UAE_067,2025-07,30,12,6,1,47820
UAE_067,2025-08,53,21,10,1,81210
UAE_067,2025-09,81,32,16,3,66480
UAE_067,2025-10,111,44,22,2,160869
UAE_067,2025-11,24,9,4,1,24936
UAE_067,2025-12,76,30,15,2,41509
UAE_068,2023-01,605,242,121,19,3359497
UAE_068,2023-02,409,163,81,9,4006013
UAE_068,2023-03,560,224,112,12,5116310
UAE_068,2023-04,970,388,194,22,7854749
UAE_068,2023-05,549,219,109,18,2792289
UAE_068,2023-06,578,231,115,16,4664497
UAE_068,2023-07,356,142,71,5,3487752
UAE_068,2023-08,849,339,169,21,7452016
UAE_068,2023-09,316,126,63,5,4207392
UAE_068,2023-10,346,138,69,12,2743035
UAE_068,2023-11,255,102,51,6,3342218
UAE_068,2023-12,205,82,41,3,1043538
UAE_068,2024-01,507,202,101,12,3901133
UAE_068,2024-02,757,302,151,25,3386552
UAE_068,2024-03,477,190,95,15,4515807
UAE_068,2024-04,576,230,115,19,4919796
UAE_068,2024-05,644,257,128,11,8415339
UAE_068,2024-06,404,161,80,10,1670650
UAE_068,2024-07,668,267,133,13,8836645
UAE_068,2024-08,1111,444,222,34,15271495
UAE_068,2024-09,1179,471,235,41,5295297
UAE_068,2024-10,483,193,96,18,5901967
UAE_068,2024-11,538,215,107,12,2153255
UAE_068,2024-12,262,104,52,7,1137980
UAE_068,2025-01,367,146,73,10,2620564
UAE_068,2025-02,429,171,85,10,5437471
UAE_068,2025-03,593,237,118,19,7749639
UAE_068,2025-04,266,106,53,6,2718184
UAE_068,2025-05,1139,455,227,42,8141351
UAE_068,2025-06,597,238,119,20,3490120
UAE_068,2025-07,470,188,94,9,6535541
UAE_068,2025-08,607,242,121,19,7963387
UAE_068,2025-09,381,152,76,11,3406988
UAE_068,2025-10,263,105,52,8,3748511
UAE_068,2025-11,488,195,97,12,5857098
UAE_068,2025-12,649,259,129,19,6680068
UAE_069,2023-01,86,34,17,1,51108
UAE_069,2023-02,69,27,13,2,145124
UAE_069,2023-03,69,27,13,2,58960
UAE_069,2023-04,84,33,16,2,157078
UAE_069,2023-05,98,39,19,3,97104
UAE_069,2023-06,86,34,17,1,125532
UAE_069,2023-07,70,28,14,1,125988
UAE_069,2023-08,140,56,28,2,247481
UAE_069,2023-09,73,29,14,2,146080
UAE_069,2023-10,107,42,21,2,119203
UAE_069,2023-11,103,41,20,1,93312
UAE_069,2023-12,123,49,24,4,261196
UAE_069,2024-01,36,14,7,1,25456
UAE_069,2024-02,46,18,9,1,84898
UAE_069,2024-03,118,47,23,4,70253
UAE_069,2024-04,67,26,13,1,77161
UAE_069,2024-05,83,33,16,2,162924
UAE_069,2024-06,125,50,25,2,266844
UAE_069,2024-07,31,12,6,1,49705
UAE_069,2024-08,69,27,13,2,85661
UAE_069,2024-09,133,53,26,4,146221
UAE_069,2024-10,46,18,9,1,30166
UAE_069,2024-11,64,25,12,1,117751
UAE_069,2024-12,72,28,14,2,90136
UAE_069,2025-01,27,10,5,1,25209
UAE_069,2025-02,81,32,16,2,172352
UAE_069,2025-03,62,24,12,1,78345
UAE_069,2025-04,60,24,12,1,116961
UAE_069,2025-05,133,53,26,3,224883
UAE_069,2025-06,47,18,9,1,67379
UAE_069,2025-07,113,45,22,2,183845
UAE_069,2025-08,50,20,10,1,38921
UAE_069,2025-09,78,31,15,1,162532
UAE_069,2025-10,101,40,20,1,202953
UAE_069,2025-11,22,8,4,1,25598
UAE_069,2025-12,59,23,11,1,79420
UAE_070,2023-01,587,234,117,13,10449087
UAE_070,2023-02,2112,844,422,80,69507822
UAE_070,2023-03,677,270,135,20,18902664
UAE_070,2023-04,728,291,145,11,26353443
UAE_070,2023-05,904,361,180,28,16652547
UAE_070,2023-06,456,182,91,15,14413786
UAE_070,2023-07,2303,921,460,48,26891652
UAE_070,2023-08,2647,1058,529,41,27101579
UAE_070,2023-09,438,175,87,16,9818945
UAE_070,2023-10,1284,513,256,31,12060701
UAE_070,2023-11,932,372,186,30,20241557
UAE_070,2023-12,2046,818,409,52,47370625
UAE_070,2024-01,1358,543,271,33,30384705
UAE_070,2024-02,685,274,137,17,24195896
UAE_070,2024-03,334,133,66,6,6714590
UAE_070,2024-04,2346,938,469,72,27343441
UAE_070,2024-05,2423,969,484,73,57550780
UAE_070,2024-06,1113,445,222,43,11471623
UAE_070,2024-07,2178,871,435,86,75783776
UAE_070,2024-08,1381,552,276,42,44073694
UAE_070,2024-09,1478,591,295,43,41243035
UAE_070,2024-10,1649,659,329,52,55167176
UAE_070,2024-11,1358,543,271,44,36848685
UAE_070,2024-12,1113,445,222,24,18109853
UAE_070,2025-01,1152,460,230,41,38203317
UAE_070,2025-02,799,319,159,17,9789197
UAE_070,2025-03,1178,471,235,45,29448474
UAE_070,2025-04,1495,598,299,24,36998128
UAE_070,2025-05,1492,596,298,50,51605011
UAE_070,2025-06,3221,1288,644,124,96821561
UAE_070,2025-07,541,216,108,9,17356269
UAE_070,2025-08,2301,920,460,88,52304373
UAE_070,2025-09,1768,707,353,33,58445137
UAE_070,2025-10,2109,843,421,33,31716644
UAE_070,2025-11,760,304,152,13,15505091
UAE_070,2025-12,1261,504,252,20,20789163
UAE_071,2023-01,99,39,19,1,157158
UAE_071,2023-02,151,60,30,4,355460
UAE_071,2023-03,170,68,34,5,381818
UAE_071,2023-04,401,160,80,11,1025993
UAE_071,2023-05,121,48,24,2,510177
UAE_071,2023-06,117,46,23,2,173875
UAE_071,2023-07,236,94,47,6,619571
UAE_071,2023-08,248,99,49,4,1082320
UAE_071,2023-09,63,25,12,2,164989
UAE_071,2023-10,99,39,19,3,274927
UAE_071,2023-11,202,80,40,5,647559
UAE_071,2023-12,60,24,12,1,239914
UAE_071,2024-01,35,14,7,1,147237
UAE_071,2024-02,88,35,17,1,311113
UAE_071,2024-03,200,80,40,7,737024
UAE_071,2024-04,160,64,32,3,487080
UAE_071,2024-05,142,56,28,4,527284
UAE_071,2024-06,111,44,22,1,170940
UAE_071,2024-07,301,120,60,11,409930
UAE_071,2024-08,215,86,43,6,852429
UAE_071,2024-09,140,56,28,5,445208
UAE_071,2024-10,391,156,78,6,1203345
UAE_071,2024-11,150,60,30,4,394642
UAE_071,2024-12,228,91,45,6,919120
UAE_071,2025-01,96,38,19,1,255510
UAE_071,2025-02,105,42,21,2,239107
UAE_071,2025-03,156,62,31,4,354934
UAE_071,2025-04,194,77,38,3,511008
UAE_071,2025-05,170,68,34,5,726098
UAE_071,2025-06,105,42,21,2,190798
UAE_071,2025-07,119,47,23,4,137959
UAE_071,2025-08,267,106,53,7,600518
UAE_071,2025-09,83,33,16,1,238237
UAE_071,2025-10,159,63,31,5,312186
UAE_071,2025-11,32,12,6,1,62702
UAE_071,2025-12,157,62,31,3,702884
UAE_072,2023-01,220,88,44,7,647166
UAE_072,2023-02,145,58,29,2,452487
UAE_072,2023-03,284,113,56,9,775512
UAE_072,2023-04,222,88,44,4,511566
UAE_072,2023-05,53,21,10,1,102803
UAE_072,2023-06,274,109,54,4,760853
UAE_072,2023-07,128,51,25,3,238129
UAE_072,2023-08,138,55,27,2,429340
UAE_072,2023-09,78,31,15,2,237552
UAE_072,2023-10,128,51,25,4,280935
UAE_072,2023-11,132,52,26,2,228597
UAE_072,2023-12,186,74,37,6,597608
UAE_072,2024-01,44,17,8,1,145453
UAE_072,2024-02,158,63,31,6,262363
UAE_072,2024-03,122,48,24,2,360465
UAE_072,2024-04,81,32,16,1,250079
UAE_072,2024-05,148,59,29,2,496935
UAE_072,2024-06,156,62,31,4,528999
UAE_072,2024-07,94,37,18,3,325064
UAE_072,2024-08,57,22,11,1,142756
UAE_072,2024-09,138,55,27,3,459246
UAE_072,2024-10,182,72,36,5,324172
UAE_072,2024-11,175,70,35,5,215756
UAE_072,2024-12,178,71,35,3,297561
UAE_072,2025-01,190,76,38,5,305001
UAE_072,2025-02,143,57,28,2,378939
UAE_072,2025-03,255,102,51,9,719746
UAE_072,2025-04,240,96,48,4,396320
UAE_072,2025-05,128,51,25,2,303707
UAE_072,2025-06,109,43,21,2,148812
UAE_072,2025-07,62,24,12,1,197278
UAE_072,2025-08,192,76,38,6,348902
UAE_072,2025-09,197,78,39,6,459313
UAE_072,2025-10,130,52,26,3,255500
UAE_072,2025-11,162,64,32,4,332213
UAE_072,2025-12,42,16,8,1,134019
UAE_073,2023-01,10,4,2,1,5511
UAE_073,2023-02,39,15,7,1,31662
UAE_073,2023-03,21,8,4,1,22771
UAE_073,2023-04,60,24,12,1,22920
UAE_073,2023-05,84,33,16,2,45195
UAE_073,2023-06,25,10,5,1,25793
UAE_073,2023-07,56,22,11,1,52368
UAE_073,2023-08,75,30,15,1,35623
UAE_073,2023-09,27,10,5,1,25817
UAE_073,2023-10,17,6,3,1,5887
UAE_073,2023-11,15,6,3,1,5260
UAE_073,2023-12,27,10,5,1,26015
UAE_073,2024-01,35,14,7,1,13723
UAE_073,2024-02,55,22,11,1,51584
UAE_073,2024-03,44,17,8,1,30688
UAE_073,2024-04,45,18,9,1,16450
UAE_073,2024-05,39,15,7,1,14141
UAE_073,2024-06,94,37,18,3,94782
UAE_073,2024-07,34,13,6,1,27544
UAE_073,2024-08,28,11,5,1,24204
UAE_073,2024-09,60,24,12,1,41715
UAE_073,2024-10,58,23,11,1,55023
UAE_073,2024-11,65,26,13,2,42068
UAE_073,2024-12,49,19,9,1,33332
UAE_073,2025-01,25,10,5,1,22102
UAE_073,2025-02,41,16,8,1,41720
UAE_073,2025-03,50,20,10,1,45603
UAE_073,2025-04,29,11,5,1,18052
UAE_073,2025-05,60,24,12,2,39476
UAE_073,2025-06,89,35,17,1,46365
UAE_073,2025-07,51,20,10,1,16017
UAE_073,2025-08,80,32,16,3,81718
UAE_073,2025-09,40,16,8,1,41944
UAE_073,2025-10,27,10,5,1,23727
UAE_073,2025-11,35,14,7,1,31311
UAE_073,2025-12,30,12,6,1,20581
UAE_074,2023-01,41,16,8,1,50841
UAE_074,2023-02,39,15,7,1,34362
UAE_074,2023-03,82,32,16,2,145481
UAE_074,2023-04,28,11,5,1,50000
UAE_074,2023-05,79,31,15,1,86834
UAE_074,2023-06,45,18,9,1,81263
UAE_074,2023-07,87,34,17,2,113089
UAE_074,2023-08,67,26,13,1,41369
UAE_074,2023-09,51,20,10,1,29650
UAE_074,2023-10,28,11,5,1,19140
UAE_074,2023-11,100,40,20,2,51778
UAE_074,2023-12,19,7,3,1,30165
UAE_074,2024-01,39,15,7,1,29331
UAE_074,2024-02,63,25,12,1,89276
UAE_074,2024-03,22,8,4,1,38152
UAE_074,2024-04,91,36,18,3,98159
UAE_074,2024-05,86,34,17,2,146514
UAE_074,2024-06,48,19,9,1,26251
UAE_074,2024-07,78,31,15,1,103824
UAE_074,2024-08,16,6,3,1,20757
UAE_074,2024-09,35,14,7,1,64050
UAE_074,2024-10,57,22,11,1,90530
UAE_074,2024-11,52,20,10,1,47117
UAE_074,2024-12,36,14,7,1,38203
UAE_074,2025-01,47,18,9,1,26020
UAE_074,2025-02,90,36,18,2,61481
UAE_074,2025-03,36,14,7,1,60236
UAE_074,2025-04,67,26,13,1,90443
UAE_074,2025-05,192,76,38,6,231426
UAE_074,2025-06,36,14,7,1,65417
UAE_074,2025-07,18,7,3,1,23868
UAE_074,2025-08,127,50,25,2,95989
UAE_074,2025-09,86,34,17,1,51700
UAE_074,2025-10,67,26,13,2,52119
UAE_074,2025-11,70,28,14,2,34289
UAE_074,2025-12,64,25,12,2,35070
UAE_075,2023-01,14,5,2,1,4528
UAE_075,2023-02,19,7,3,1,6390
UAE_075,2023-03,30,12,6,1,12191
UAE_075,2023-04,40,16,8,1,46434
UAE_075,2023-05,31,12,6,1,26251
UAE_075,2023-06,27,10,5,1,25641
UAE_075,2023-07,69,27,13,2,42780
UAE_075,2023-08,105,42,21,2,68119
UAE_075,2023-09,39,15,7,1,13527
UAE_075,2023-10,38,15,7,1,44264
UAE_075,2023-11,12,4,2,1,4894
UAE_075,2023-12,26,10,5,1,26312
UAE_075,2024-01,53,21,10,1,21661
UAE_075,2024-02,33,13,6,1,14866
UAE_075,2024-03,15,6,3,1,10179
UAE_075,2024-04,59,23,11,1,32239
UAE_075,2024-05,54,21,10,1,23748
UAE_075,2024-06,35,14,7,1,28124
UAE_075,2024-07,65,26,13,1,30493
UAE_075,2024-08,55,22,11,2,55049
UAE_075,2024-09,34,13,6,1,26423
UAE_075,2024-10,68,27,13,2,78822
UAE_075,2024-11,49,19,9,1,48348
UAE_075,2024-12,27,10,5,1,9888
UAE_075,2025-01,41,16,8,1,31226
UAE_075,2025-02,32,12,6,1,13420
UAE_075,2025-03,21,8,4,1,8696
UAE_075,2025-04,26,10,5,1,28264
UAE_075,2025-05,26,10,5,1,7689
UAE_075,2025-06,65,26,13,1,38975
UAE_075,2025-07,29,11,5,1,20702
UAE_075,2025-08,44,17,8,1,18298
UAE_075,2025-09,55,22,11,1,22156
UAE_075,2025-10,50,20,10,1,54214
UAE_075,2025-11,21,8,4,1,7255
UAE_075,2025-12,40,16,8,1,13022
UAE_076,2023-01,61,24,12,2,82627
UAE_076,2023-02,41,16,8,1,47824
UAE_076,2023-03,28,11,5,1,22168
UAE_076,2023-04,25,10,5,1,43252
UAE_076,2023-05,14,5,2,1,16054
UAE_076,2023-06,111,44,22,3,200974
UAE_076,2023-07,133,53,26,5,213114
UAE_076,2023-08,35,14,7,1,54689
UAE_076,2023-09,87,34,17,2,52514
UAE_076,2023-10,70,28,14,1,100432
UAE_076,2023-11,31,12,6,1,26094
UAE_076,2023-12,68,27,13,2,114153
UAE_076,2024-01,36,14,7,1,63457
UAE_076,2024-02,91,36,18,3,78897
UAE_076,2024-03,41,16,8,1,50341
UAE_076,2024-04,46,18,9,1,84598
UAE_076,2024-05,128,51,25,4,189402
UAE_076,2024-06,111,44,22,2,92888
UAE_076,2024-07,94,37,18,1,159393
UAE_076,2024-08,69,27,13,2,101554
UAE_076,2024-09,54,21,10,2,99673
UAE_076,2024-10,31,12,6,1,49858
UAE_076,2024-11,80,32,16,1,72529
UAE_076,2024-12,123,49,24,2,110511
UAE_076,2025-01,15,6,3,1,13970
UAE_076,2025-02,43,17,8,1,56521
UAE_076,2025-03,65,26,13,1,31918
UAE_076,2025-04,50,20,10,1,92185
UAE_076,2025-05,97,38,19,2,78446
UAE_076,2025-06,98,39,19,3,129592
UAE_076,2025-07,105,42,21,3,150095
UAE_076,2025-08,112,44,22,3,183648
UAE_076,2025-09,95,38,19,3,154249
UAE_076,2025-10,103,41,20,2,117843
UAE_076,2025-11,21,8,4,1,31503
UAE_076,2025-12,75,30,15,2,83985
UAE_077,2023-01,43,17,8,1,19228
UAE_077,2023-02,15,6,3,1,20168
UAE_077,2023-03,42,16,8,1,28795
UAE_077,2023-04,86,34,17,1,86904
UAE_077,2023-05,56,22,11,1,52430
UAE_077,2023-06,51,20,10,1,26635
UAE_077,2023-07,81,32,16,1,101943
UAE_077,2023-08,102,40,20,2,37752
UAE_077,2023-09,67,26,13,2,34737
UAE_077,2023-10,47,18,9,1,61130
UAE_077,2023-11,56,22,11,2,36898
UAE_077,2023-12,43,17,8,1,24258
UAE_077,2024-01,54,21,10,1,33019
UAE_077,2024-02,25,10,5,1,10556
UAE_077,2024-03,24,9,4,1,31748
UAE_077,2024-04,101,40,20,1,98301
UAE_077,2024-05,63,25,12,2,84951
UAE_077,2024-06,64,25,12,1,49764
UAE_077,2024-07,88,35,17,1,104206
UAE_077,2024-08,98,39,19,1,132596
UAE_077,2024-09,40,16,8,1,37090
UAE_077,2024-10,30,12,6,1,32408
UAE_077,2024-11,53,21,10,1,70644
UAE_077,2024-12,12,4,2,1,4456
UAE_077,2025-01,42,16,8,1,54710
UAE_077,2025-02,57,22,11,1,40765
UAE_077,2025-03,59,23,11,1,63242
UAE_077,2025-04,31,12,6,1,26527
UAE_077,2025-05,29,11,5,1,37459
UAE_077,2025-06,66,26,13,1,84958
UAE_077,2025-07,73,29,14,2,69365
UAE_077,2025-08,78,31,15,2,52909
UAE_077,2025-09,22,8,4,1,24606
UAE_077,2025-10,24,9,4,1,10376
UAE_077,2025-11,26,10,5,1,29216
UAE_077,2025-12,77,30,15,1,50707
UAE_078,2023-01,49,19,9,1,19392
UAE_078,2023-02,22,8,4,1,23500
UAE_078,2023-03,29,11,5,1,12234
UAE_078,2023-04,29,11,5,1,19156
UAE_078,2023-05,65,26,13,2,65959
UAE_078,2023-06,78,31,15,2,69704
UAE_078,2023-07,71,28,14,1,28183
UAE_078,2023-08,23,9,4,1,24042
UAE_078,2023-09,31,12,6,1,34176
UAE_078,2023-10,15,6,3,1,10415
UAE_078,2023-11,39,15,7,1,35264
UAE_078,2023-12,19,7,3,1,16665
UAE_078,2024-01,28,11,5,1,27984
UAE_078,2024-02,40,16,8,1,37108
UAE_078,2024-03,18,7,3,1,8227
UAE_078,2024-04,64,25,12,1,26340
UAE_078,2024-05,44,17,8,1,45140
UAE_078,2024-06,72,28,14,1,32099
UAE_078,2024-07,78,31,15,1,64460
UAE_078,2024-08,99,39,19,3,38421
UAE_078,2024-09,25,10,5,1,19920
UAE_078,2024-10,72,28,14,2,24314
UAE_078,2024-11,18,7,3,1,16730
UAE_078,2024-12,30,12,6,1,18003
UAE_078,2025-01,59,23,11,1,45922
UAE_078,2025-02,35,14,7,1,22203
UAE_078,2025-03,48,19,9,1,45562
UAE_078,2025-04,90,36,18,1,35956
UAE_078,2025-05,34,13,6,1,13258
UAE_078,2025-06,53,21,10,1,48807
UAE_078,2025-07,35,14,7,1,24145
UAE_078,2025-08,72,28,14,1,74921
UAE_078,2025-09,63,25,12,1,57251
UAE_078,2025-10,21,8,4,1,15303
UAE_078,2025-11,21,8,4,1,14791
UAE_078,2025-12,19,7,3,1,5595
UAE_079,2023-01,39,15,7,1,27819
UAE_079,2023-02,10,4,2,1,11027
UAE_079,2023-03,31,12,6,1,24040
UAE_079,2023-04,38,15,7,1,26915
UAE_079,2023-05,70,28,14,2,58205
UAE_079,2023-06,22,8,4,1,12086
UAE_079,2023-07,49,19,9,1,14829
UAE_079,2023-08,50,20,10,1,21626
UAE_079,2023-09,79,31,15,2,48044
UAE_079,2023-10,47,18,9,1,16041
UAE_079,2023-11,56,22,11,1,44845
UAE_079,2023-12,29,11,5,1,31380
UAE_079,2024-01,10,4,2,1,8932
UAE_079,2024-02,57,22,11,1,37985
UAE_079,2024-03,75,30,15,1,80130
UAE_079,2024-04,75,30,15,2,84886
UAE_079,2024-05,34,13,6,1,11464
UAE_079,2024-06,76,30,15,1,61062
UAE_079,2024-07,28,11,5,1,18484
UAE_079,2024-08,66,26,13,1,73728
UAE_079,2024-09,26,10,5,1,7779
UAE_079,2024-10,25,10,5,1,20405
UAE_079,2024-11,33,13,6,1,12170
UAE_079,2024-12,50,20,10,1,37742
UAE_079,2025-01,48,19,9,1,46102
UAE_079,2025-02,32,12,6,1,15883
UAE_079,2025-03,60,24,12,1,49712
UAE_079,2025-04,12,4,2,1,11959
UAE_079,2025-05,79,31,15,1,46184
UAE_079,2025-06,44,17,8,1,19651
UAE_079,2025-07,27,10,5,1,16056
UAE_079,2025-08,27,10,5,1,12931
UAE_079,2025-09,70,28,14,1,44051
UAE_079,2025-10,74,29,14,2,35150
UAE_079,2025-11,58,23,11,2,23911
UAE_079,2025-12,21,8,4,1,11007
UAE_080,2023-01,404,161,80,15,5700884
UAE_080,2023-02,714,285,142,12,8434421
UAE_080,2023-03,442,176,88,7,9491035
UAE_080,2023-04,1773,709,354,41,26010728
UAE_080,2023-05,1123,449,224,35,23135937
UAE_080,2023-06,620,248,124,15,12621116
UAE_080,2023-07,493,197,98,13,4606460
UAE_080,2023-08,1187,474,237,27,13529927
UAE_080,2023-09,1726,690,345,45,39338100
UAE_080,2023-10,991,396,198,33,21352201
UAE_080,2023-11,960,384,192,27,17045383
UAE_080,2023-12,1031,412,206,35,19585116
UAE_080,2024-01,913,365,182,25,18237206
UAE_080,2024-02,716,286,143,24,12370129
UAE_080,2024-03,1351,540,270,28,30554712
UAE_080,2024-04,717,286,143,17,17700820
UAE_080,2024-05,1095,438,219,23,26571340
UAE_080,2024-06,461,184,92,8,3517391
UAE_080,2024-07,1170,468,234,27,14538106
UAE_080,2024-08,1023,409,204,25,14006499
UAE_080,2024-09,528,211,105,10,4602078
UAE_080,2024-10,1260,504,252,27,26330411
UAE_080,2024-11,2157,862,431,85,33867290
UAE_080,2024-12,886,354,177,24,14363688
UAE_080,2025-01,368,147,73,6,4245864
UAE_080,2025-02,709,283,141,20,16494120
UAE_080,2025-03,429,171,85,15,4835158
UAE_080,2025-04,809,323,161,18,14170426
UAE_080,2025-05,1245,498,249,47,27593741
UAE_080,2025-06,842,336,168,17,8004013
UAE_080,2025-07,1293,517,258,46,30974157
UAE_080,2025-08,559,223,111,20,12109174
UAE_080,2025-09,1782,712,356,33,37396226
UAE_080,2025-10,400,160,80,7,9909480
UAE_080,2025-11,1060,424,212,39,24458105
UAE_080,2025-12,1072,428,214,37,9747695
UAE_081,2023-01,18,7,3,1,6842
UAE_081,2023-02,33,13,6,1,11500
UAE_081,2023-03,24,9,4,1,9895
UAE_081,2023-04,34,13,6,1,38065
UAE_081,2023-05,85,34,17,2,100021
UAE_081,2023-06,32,12,6,1,10717
UAE_081,2023-07,17,6,3,1,13518
UAE_081,2023-08,37,14,7,1,20644
UAE_081,2023-09,41,16,8,1,33984
UAE_081,2023-10,42,16,8,1,43058
UAE_081,2023-11,40,16,8,1,25901
UAE_081,2023-12,34,13,6,1,30817
UAE_081,2024-01,42,16,8,1,39206
UAE_081,2024-02,28,11,5,1,14305
UAE_081,2024-03,21,8,4,1,9743
UAE_081,2024-04,42,16,8,1,18164
UAE_081,2024-05,35,14,7,1,23313
UAE_081,2024-06,47,18,9,1,40290
UAE_081,2024-07,14,5,2,1,11207
UAE_081,2024-08,24,9,4,1,22809
UAE_081,2024-09,60,24,12,1,40273
UAE_081,2024-10,51,20,10,2,40833
UAE_081,2024-11,14,5,2,1,4443
UAE_081,2024-12,41,16,8,1,38712
UAE_081,2025-01,28,11,5,1,23421
UAE_081,2025-02,47,18,9,1,15524
UAE_081,2025-03,52,20,10,1,25718
UAE_081,2025-04,54,21,10,2,51913
UAE_081,2025-05,17,6,3,1,8144
UAE_081,2025-06,30,12,6,1,11140
UAE_081,2025-07,35,14,7,1,21099
UAE_081,2025-08,53,21,10,1,35116
UAE_081,2025-09,53,21,10,1,57041
UAE_081,2025-10,50,20,10,1,20155
UAE_081,2025-11,36,14,7,1,41216
UAE_081,2025-12,18,7,3,1,6648
UAE_082,2023-01,114,45,22,3,235095
UAE_082,2023-02,55,22,11,1,47310
UAE_082,2023-03,44,17,8,1,24810
UAE_082,2023-04,59,23,11,1,108215
UAE_082,2023-05,111,44,22,3,88136
UAE_082,2023-06,146,58,29,3,267549
UAE_082,2023-07,20,8,4,1,15230
UAE_082,2023-08,63,25,12,1,113366
UAE_082,2023-09,39,15,7,1,49050
UAE_082,2023-10,48,19,9,1,85083
UAE_082,2023-11,108,43,21,1,209577
UAE_082,2023-12,120,48,24,3,197956
UAE_082,2024-01,139,55,27,2,129263
UAE_082,2024-02,48,19,9,1,61075
UAE_082,2024-03,69,27,13,1,45029
UAE_082,2024-04,89,35,17,2,57147
UAE_082,2024-05,93,37,18,2,164492
UAE_082,2024-06,106,42,21,2,65778
UAE_082,2024-07,70,28,14,1,113288
UAE_082,2024-08,68,27,13,2,135499
UAE_082,2024-09,28,11,5,1,56716
UAE_082,2024-10,40,16,8,1,57280
UAE_082,2024-11,63,25,12,1,118240
UAE_082,2024-12,32,12,6,1,51020
UAE_082,2025-01,30,12,6,1,18593
UAE_082,2025-02,67,26,13,2,133962
UAE_082,2025-03,99,39,19,3,106639
UAE_082,2025-04,85,34,17,3,128548
UAE_082,2025-05,30,12,6,1,33626
UAE_082,2025-06,61,24,12,2,81672
UAE_082,2025-07,120,48,24,2,144364
UAE_082,2025-08,167,66,33,6,116622
UAE_082,2025-09,87,34,17,2,169201
UAE_082,2025-10,47,18,9,1,73537
UAE_082,2025-11,41,16,8,1,45284
UAE_082,2025-12,75,30,15,2,109071
UAE_083,2023-01,10,4,2,1,8314
UAE_083,2023-02,58,23,11,2,31606
UAE_083,2023-03,55,22,11,1,28436
UAE_083,2023-04,26,10,5,1,24922
UAE_083,2023-05,70,28,14,1,22833
UAE_083,2023-06,36,14,7,1,25343
UAE_083,2023-07,61,24,12,1,61965
UAE_083,2023-08,55,22,11,1,50142
UAE_083,2023-09,77,30,15,1,63313
UAE_083,2023-10,28,11,5,1,18915
UAE_083,2023-11,46,18,9,1,48916
UAE_083,2023-12,50,20,10,1,33899
UAE_083,2024-01,20,8,4,1,7469
UAE_083,2024-02,10,4,2,1,11966
UAE_083,2024-03,44,17,8,1,12754
UAE_083,2024-04,20,8,4,1,16486
UAE_083,2024-05,22,8,4,1,8058
UAE_083,2024-06,37,14,7,1,34992
UAE_083,2024-07,52,20,10,1,29798
UAE_083,2024-08,46,18,9,1,48600
UAE_083,2024-09,19,7,3,1,7929
UAE_083,2024-10,25,10,5,1,12376
UAE_083,2024-11,11,4,2,1,4931
UAE_083,2024-12,12,4,2,1,11080
UAE_083,2025-01,10,4,2,1,6509
UAE_083,2025-02,27,10,5,1,12366
UAE_083,2025-03,37,14,7,1,19108
UAE_083,2025-04,61,24,12,1,27671
UAE_083,2025-05,16,6,3,1,6540
UAE_083,2025-06,78,31,15,1,72380
UAE_083,2025-07,67,26,13,2,35478
UAE_083,2025-08,38,15,7,1,44154
UAE_083,2025-09,15,6,3,1,14124
UAE_083,2025-10,60,24,12,1,27616
UAE_083,2025-11,51,20,10,1,22517
UAE_083,2025-12,42,16,8,1,40245
UAE_084,2023-01,439,175,87,7,2537181
UAE_084,2023-02,231,92,46,7,1166080
UAE_084,2023-03,430,172,86,9,1381366
UAE_084,2023-04,171,68,34,2,1029220
UAE_084,2023-05,536,214,107,17,3111010
UAE_084,2023-06,218,87,43,3,1164180
UAE_084,2023-07,593,237,118,16,970602
UAE_084,2023-08,164,65,32,3,609646
UAE_084,2023-09,150,60,30,3,691761
UAE_084,2023-10,205,82,41,6,981184
UAE_084,2023-11,394,157,78,12,1915122
UAE_084,2023-12,263,105,52,9,603999
UAE_084,2024-01,126,50,25,4,768954
UAE_084,2024-02,309,123,61,9,1625646
UAE_084,2024-03,128,51,25,3,469593
UAE_084,2024-04,221,88,44,6,1277056
UAE_084,2024-05,138,55,27,3,586150
UAE_084,2024-06,110,44,22,2,549803
UAE_084,2024-07,458,183,91,8,2926647
UAE_084,2024-08,286,114,57,9,991090
UAE_084,2024-09,334,133,66,7,632767
UAE_084,2024-10,220,88,44,5,1156584
UAE_084,2024-11,321,128,64,12,1766570
UAE_084,2024-12,293,117,58,5,1384319
UAE_084,2025-01,160,64,32,3,999267
UAE_084,2025-02,81,32,16,2,141576
UAE_084,2025-03,211,84,42,6,663726
UAE_084,2025-04,302,120,60,10,1442565
UAE_084,2025-05,225,90,45,3,1211527
UAE_084,2025-06,179,71,35,5,479799
UAE_084,2025-07,166,66,33,3,1046137
UAE_084,2025-08,302,120,60,12,1751670
UAE_084,2025-09,69,27,13,1,165410
UAE_084,2025-10,239,95,47,9,979090
UAE_084,2025-11,201,80,40,3,937588
UAE_084,2025-12,221,88,44,7,983961
UAE_085,2023-01,743,297,148,12,18059684
UAE_085,2023-02,1096,438,219,42,28922414
UAE_085,2023-03,354,141,70,11,8864072
UAE_085,2023-04,1093,437,218,21,25515276
UAE_085,2023-05,639,255,127,20,11476853
UAE_085,2023-06,1026,410,205,40,18285323
UAE_085,2023-07,1211,484,242,25,24986417
UAE_085,2023-08,1023,409,204,26,23426579
UAE_085,2023-09,775,310,155,11,10321264
UAE_085,2023-10,644,257,128,11,8055952
UAE_085,2023-11,1226,490,245,21,15265048
UAE_085,2023-12,987,394,197,21,22329378
UAE_085,2024-01,494,197,98,16,11176318
UAE_085,2024-02,567,226,113,18,15832461
UAE_085,2024-03,850,340,170,17,21727557
UAE_085,2024-04,686,274,137,18,9282736
UAE_085,2024-05,1145,458,229,39,15569288
UAE_085,2024-06,717,286,143,24,18804700
UAE_085,2024-07,1232,492,246,48,23577845
UAE_085,2024-08,1451,580,290,48,28890443
UAE_085,2024-09,1831,732,366,45,25602102
UAE_085,2024-10,357,142,71,10,9248699
UAE_085,2024-11,550,220,110,10,11825528
UAE_085,2024-12,303,121,60,5,8087813
UAE_085,2025-01,846,338,169,25,19404353
UAE_085,2025-02,1267,506,253,21,13109964
UAE_085,2025-03,1278,511,255,38,28767465
UAE_085,2025-04,920,368,184,28,18828587
UAE_085,2025-05,334,133,66,8,7620193
UAE_085,2025-06,665,266,133,17,12043394
UAE_085,2025-07,1635,654,327,35,19855747
UAE_085,2025-08,720,288,144,17,11059038
UAE_085,2025-09,1063,425,212,18,18242763
UAE_085,2025-10,809,323,161,12,13636459
UAE_085,2025-11,293,117,58,10,6799873
UAE_085,2025-12,844,337,168,14,15042726
UAE_086,2023-01,39,15,7,1,36701
UAE_086,2023-02,58,23,11,2,20280
UAE_086,2023-03,37,14,7,1,11079
UAE_086,2023-04,44,17,8,1,35480
UAE_086,2023-05,22,8,4,1,20426
UAE_086,2023-06,42,16,8,1,32181
UAE_086,2023-07,26,10,5,1,23227
UAE_086,2023-08,15,6,3,1,9204
UAE_086,2023-09,43,17,8,1,47729
UAE_086,2023-10,86,34,17,1,75198
UAE_086,2023-11,14,5,2,1,10634
UAE_086,2023-12,33,13,6,1,16586
UAE_086,2024-01,43,17,8,1,31765
UAE_086,2024-02,80,32,16,2,43616
UAE_086,2024-03,43,17,8,1,33659
UAE_086,2024-04,51,20,10,2,27542
UAE_086,2024-05,45,18,9,1,37292
UAE_086,2024-06,64,25,12,1,56125
UAE_086,2024-07,22,8,4,1,13433
UAE_086,2024-08,32,12,6,1,11910
UAE_086,2024-09,50,20,10,1,59747
UAE_086,2024-10,25,10,5,1,7830
UAE_086,2024-11,26,10,5,1,20191
UAE_086,2024-12,16,6,3,1,5630
UAE_086,2025-01,19,7,3,1,7675
UAE_086,2025-02,29,11,5,1,27509
UAE_086,2025-03,14,5,2,1,11665
UAE_086,2025-04,22,8,4,1,8171
UAE_086,2025-05,27,10,5,1,23386
UAE_086,2025-06,32,12,6,1,31198
UAE_086,2025-07,25,10,5,1,10609
UAE_086,2025-08,33,13,6,1,32602
UAE_086,2025-09,22,8,4,1,23360
UAE_086,2025-10,21,8,4,1,22772
UAE_086,2025-11,42,16,8,1,34314
UAE_086,2025-12,64,25,12,1,34268
UAE_087,2023-01,48,19,9,1,31148
UAE_087,2023-02,19,7,3,1,14698
UAE_087,2023-03,47,18,9,1,37225
UAE_087,2023-04,70,28,14,1,39060
UAE_087,2023-05,58,23,11,2,47432
UAE_087,2023-06,30,12,6,1,29637
UAE_087,2023-07,50,20,10,1,42470
UAE_087,2023-08,19,7,3,1,11219
UAE_087,2023-09,54,21,10,1,24149
UAE_087,2023-10,36,14,7,1,18877
UAE_087,2023-11,44,17,8,1,33484
UAE_087,2023-12,13,5,2,1,6531
UAE_087,2024-01,52,20,10,1,43859
UAE_087,2024-02,34,13,6,1,25948
UAE_087,2024-03,22,8,4,1,18202
UAE_087,2024-04,64,25,12,1,56525
UAE_087,2024-05,24,9,4,1,17539
UAE_087,2024-06,72,28,14,1,38598
UAE_087,2024-07,46,18,9,1,18498
UAE_087,2024-08,76,30,15,2,85299
UAE_087,2024-09,24,9,4,1,9880
UAE_087,2024-10,29,11,5,1,29814
UAE_087,2024-11,15,6,3,1,15764
UAE_087,2024-12,43,17,8,1,49181
UAE_087,2025-01,35,14,7,1,19195
UAE_087,2025-02,32,12,6,1,35752
UAE_087,2025-03,22,8,4,1,7070
UAE_087,2025-04,35,14,7,1,22332
UAE_087,2025-05,52,20,10,1,21598
UAE_087,2025-06,71,28,14,1,71158
UAE_087,2025-07,48,19,9,1,17109
UAE_087,2025-08,35,14,7,1,20636
UAE_087,2025-09,33,13,6,1,25936
UAE_087,2025-10,63,25,12,1,42147
UAE_087,2025-11,15,6,3,1,12274
UAE_087,2025-12,17,6,3,1,5932
UAE_088,2023-01,353,141,70,10,4595136
UAE_088,2023-02,1491,596,298,52,45184285
UAE_088,2023-03,2405,962,481,85,27880424
UAE_088,2023-04,585,234,117,21,12315639
UAE_088,2023-05,672,268,134,22,20139645
UAE_088,2023-06,458,183,91,9,7837309
UAE_088,2023-07,1333,533,266,30,17334178
UAE_088,2023-08,1108,443,221,21,37880070
UAE_088,2023-09,2633,1053,526,70,23734935
UAE_088,2023-10,639,255,127,14,10515368
UAE_088,2023-11,656,262,131,10,8751675
UAE_088,2023-12,2264,905,452,89,71227192
UAE_088,2024-01,854,341,170,22,9195822
UAE_088,2024-02,1789,715,357,56,38579197
UAE_088,2024-03,1130,452,226,37,19056523
UAE_088,2024-04,2088,835,417,33,30579344
UAE_088,2024-05,1000,400,200,21,16536720
UAE_088,2024-06,2824,1129,564,48,93830377
UAE_088,2024-07,1345,538,269,28,38363354
UAE_088,2024-08,1661,664,332,54,18102392
UAE_088,2024-09,1050,420,210,29,13941127
UAE_088,2024-10,1719,687,343,62,37531091
UAE_088,2024-11,1416,566,283,40,27788528
UAE_088,2024-12,1141,456,228,36,37659115
UAE_088,2025-01,1298,519,259,47,39666157
UAE_088,2025-02,1092,436,218,26,25235200
UAE_088,2025-03,2479,991,495,46,79852173
UAE_088,2025-04,1650,660,330,27,19296208
UAE_088,2025-05,948,379,189,33,29247483
UAE_088,2025-06,2733,1093,546,57,78315461
UAE_088,2025-07,1628,651,325,59,38820353
UAE_088,2025-08,1563,625,312,25,24914781
UAE_088,2025-09,2146,858,429,33,68667687
UAE_088,2025-10,1515,606,303,40,24483563
UAE_088,2025-11,669,267,133,15,16793047
UAE_088,2025-12,815,326,163,30,20026049
UAE_089,2023-01,39,15,7,1,18549
UAE_089,2023-02,21,8,4,1,18544
UAE_089,2023-03,38,15,7,1,28113
UAE_089,2023-04,28,11,5,1,37630
UAE_089,2023-05,50,20,10,1,44885
UAE_089,2023-06,34,13,6,1,45695
UAE_089,2023-07,34,13,6,1,44590
UAE_089,2023-08,43,17,8,1,60609
UAE_089,2023-09,66,26,13,1,90576
UAE_089,2023-10,76,30,15,2,37462
UAE_089,2023-11,60,24,12,1,51307
UAE_089,2023-12,14,5,2,1,16532
UAE_089,2024-01,19,7,3,1,14001
UAE_089,2024-02,47,18,9,1,21766
UAE_089,2024-03,45,18,9,1,16304
UAE_089,2024-04,19,7,3,1,8525
UAE_089,2024-05,58,23,11,1,60798
UAE_089,2024-06,21,8,4,1,25332
UAE_089,2024-07,61,24,12,1,53634
UAE_089,2024-08,43,17,8,1,18038
UAE_089,2024-09,32,12,6,1,37480
UAE_089,2024-10,14,5,2,1,11055
UAE_089,2024-11,19,7,3,1,23675
UAE_089,2024-12,27,10,5,1,13047
UAE_089,2025-01,58,23,11,2,25733
UAE_089,2025-02,40,16,8,1,47211
UAE_089,2025-03,64,25,12,1,32809
UAE_089,2025-04,58,23,11,1,31256
UAE_089,2025-05,75,30,15,1,67517
UAE_089,2025-06,84,33,16,2,33804
UAE_089,2025-07,82,32,16,1,108581
UAE_089,2025-08,80,32,16,1,110514
UAE_089,2025-09,88,35,17,1,47569
UAE_089,2025-10,25,10,5,1,27591
UAE_089,2025-11,25,10,5,1,28904
UAE_089,2025-12,53,21,10,1,48793
UAE_090,2023-01,79,31,15,2,234499
UAE_090,2023-02,64,25,12,2,102881
UAE_090,2023-03,321,128,64,7,1091152
UAE_090,2023-04,111,44,22,4,174731
UAE_090,2023-05,265,106,53,9,1038714
UAE_090,2023-06,123,49,24,4,335219
UAE_090,2023-07,124,49,24,3,264303
UAE_090,2023-08,355,142,71,10,1573205
UAE_090,2023-09,136,54,27,2,521746
UAE_090,2023-10,183,73,36,6,824048
UAE_090,2023-11,152,60,30,2,612184
UAE_090,2023-12,61,24,12,1,216903
UAE_090,2024-01,89,35,17,1,165639
UAE_090,2024-02,224,89,44,6,1007090
UAE_090,2024-03,197,78,39,7,353879
UAE_090,2024-04,90,36,18,3,164097
UAE_090,2024-05,291,116,58,10,434875
UAE_090,2024-06,215,86,43,7,405719
UAE_090,2024-07,110,44,22,2,284994
UAE_090,2024-08,256,102,51,4,680562
UAE_090,2024-09,108,43,21,4,278032
UAE_090,2024-10,490,196,98,10,1079279
UAE_090,2024-11,210,84,42,4,1092600
UAE_090,2024-12,153,61,30,4,328904
UAE_090,2025-01,114,45,22,4,167178
UAE_090,2025-02,135,54,27,5,706532
UAE_090,2025-03,291,116,58,9,1384122
UAE_090,2025-04,193,77,38,3,727806
UAE_090,2025-05,261,104,52,9,349053
UAE_090,2025-06,201,80,40,3,549736
UAE_090,2025-07,105,42,21,3,430041
UAE_090,2025-08,199,79,39,5,993842
UAE_090,2025-09,85,34,17,3,128477
UAE_090,2025-10,257,102,51,6,723090
UAE_090,2025-11,97,38,19,2,258826
UAE_090,2025-12,228,91,45,7,376935
UAE_091,2023-01,182,72,36,6,784435
UAE_091,2023-02,135,54,27,2,188252
UAE_091,2023-03,120,48,24,3,423216
UAE_091,2023-04,214,85,42,4,740952
UAE_091,2023-05,132,52,26,3,316901
UAE_091,2023-06,211,84,42,4,785066
UAE_091,2023-07,66,26,13,1,160528
UAE_091,2023-08,156,62,31,5,598477
UAE_091,2023-09,193,77,38,4,246662
UAE_091,2023-10,159,63,31,5,200069
UAE_091,2023-11,36,14,7,1,57011
UAE_091,2023-12,122,48,24,4,373722
UAE_091,2024-01,95,38,19,2,335147
UAE_091,2024-02,108,43,21,2,292134
UAE_091,2024-03,148,59,29,3,589879
UAE_091,2024-04,70,28,14,2,281862
UAE_091,2024-05,376,150,75,9,1612147
UAE_091,2024-06,294,117,58,6,1272667
UAE_091,2024-07,195,78,39,2,716488
UAE_091,2024-08,269,107,53,5,380681
UAE_091,2024-09,102,40,20,3,452162
UAE_091,2024-10,193,77,38,5,591112
UAE_091,2024-11,199,79,39,7,544889
UAE_091,2024-12,162,64,32,4,224248
UAE_091,2025-01,144,57,28,4,528922
UAE_091,2025-02,137,54,27,4,241567
UAE_091,2025-03,86,34,17,3,289065
UAE_091,2025-04,115,46,23,2,493985
UAE_091,2025-05,231,92,46,5,1013511
UAE_091,2025-06,86,34,17,3,204863
UAE_091,2025-07,101,40,20,3,180412
UAE_091,2025-08,161,64,32,4,200786
UAE_091,2025-09,364,145,72,13,1011454
UAE_091,2025-10,98,39,19,3,354551
UAE_091,2025-11,244,97,48,7,281569
UAE_091,2025-12,199,79,39,4,889472
UAE_092,2023-01,158,63,31,3,777313
UAE_092,2023-02,99,39,19,3,160147
UAE_092,2023-03,267,106,53,4,1012871
UAE_092,2023-04,114,45,22,3,711076
UAE_092,2023-05,447,178,89,12,1082398
UAE_092,2023-06,142,56,28,3,759295
UAE_092,2023-07,293,117,58,4,618484
UAE_092,2023-08,172,68,34,4,762268
UAE_092,2023-09,435,174,87,10,1026325
UAE_092,2023-10,398,159,79,12,714318
UAE_092,2023-11,355,142,71,12,2103497
UAE_092,2023-12,277,110,55,9,1557602
UAE_092,2024-01,165,66,33,6,299556
UAE_092,2024-02,130,52,26,4,500455
UAE_092,2024-03,119,47,23,1,623382
UAE_092,2024-04,51,20,10,1,122651
UAE_092,2024-05,170,68,34,3,296499
UAE_092,2024-06,145,58,29,5,723396
UAE_092,2024-07,492,196,98,14,2588152
UAE_092,2024-08,275,110,55,8,472013
UAE_092,2024-09,246,98,49,9,741900
UAE_092,2024-10,109,43,21,1,681587
UAE_092,2024-11,164,65,32,6,664149
UAE_092,2024-12,225,90,45,6,683127
UAE_092,2025-01,142,56,28,2,422405
UAE_092,2025-02,167,66,33,3,1023044
UAE_092,2025-03,131,52,26,4,479464
UAE_092,2025-04,355,142,71,6,600182
UAE_092,2025-05,357,142,71,11,846815
UAE_092,2025-06,299,119,59,10,1842198
UAE_092,2025-07,347,138,69,8,2131688
UAE_092,2025-08,236,94,47,3,765988
UAE_092,2025-09,470,188,94,18,1442760
UAE_092,2025-10,225,90,45,8,643558
UAE_092,2025-11,247,98,49,3,1531190
UAE_092,2025-12,211,84,42,3,829266
UAE_093,2023-01,43,17,8,1,15236
UAE_093,2023-02,36,14,7,1,29403
UAE_093,2023-03,45,18,9,1,27231
UAE_093,2023-04,53,21,10,1,34597
UAE_093,2023-05,47,18,9,1,22041
UAE_093,2023-06,74,29,14,2,46956
UAE_093,2023-07,69,27,13,1,30042
UAE_093,2023-08,29,11,5,1,27228
UAE_093,2023-09,47,18,9,1,28518
UAE_093,2023-10,59,23,11,1,37706
UAE_093,2023-11,46,18,9,1,41014
UAE_093,2023-12,12,4,2,1,4514
UAE_093,2024-01,40,16,8,1,41163
UAE_093,2024-02,16,6,3,1,6333
UAE_093,2024-03,28,11,5,1,9403
UAE_093,2024-04,76,30,15,2,79655
UAE_093,2024-05,57,22,11,1,61365
UAE_093,2024-06,30,12,6,1,14850
UAE_093,2024-07,81,32,16,2,89116
UAE_093,2024-08,86,34,17,2,44066
UAE_093,2024-09,53,21,10,1,47023
UAE_093,2024-10,43,17,8,1,27187
UAE_093,2024-11,18,7,3,1,9638
UAE_093,2024-12,21,8,4,1,6228
UAE_093,2025-01,34,13,6,1,14774
UAE_093,2025-02,17,6,3,1,17719
UAE_093,2025-03,34,13,6,1,12672
UAE_093,2025-04,38,15,7,1,42662
UAE_093,2025-05,63,25,12,1,36384
UAE_093,2025-06,21,8,4,1,22850
UAE_093,2025-07,67,26,13,2,48354
UAE_093,2025-08,29,11,5,1,25362
UAE_093,2025-09,37,14,7,1,41297
UAE_093,2025-10,16,6,3,1,9341
UAE_093,2025-11,25,10,5,1,9824
UAE_093,2025-12,40,16,8,1,47902
UAE_094,2023-01,75,30,15,1,113139
UAE_094,2023-02,34,13,6,1,38395
UAE_094,2023-03,38,15,7,1,21693
UAE_094,2023-04,34,13,6,1,20744
UAE_094,2023-05,78,31,15,2,112799
UAE_094,2023-06,69,27,13,2,71996
UAE_094,2023-07,73,29,14,2,96590
UAE_094,2023-08,56,22,11,2,101522
UAE_094,2023-09,77,30,15,2,100887
UAE_094,2023-10,45,18,9,1,46119
UAE_094,2023-11,41,16,8,1,38127
UAE_094,2023-12,78,31,15,2,106554
UAE_094,2024-01,17,6,3,1,8344
UAE_094,2024-02,88,35,17,2,156505
UAE_094,2024-03,37,14,7,1,17691
UAE_094,2024-04,120,48,24,2,131435
UAE_094,2024-05,122,48,24,4,66285
UAE_094,2024-06,36,14,7,1,50233
UAE_094,2024-07,123,49,24,3,183233
UAE_094,2024-08,116,46,23,2,173424
UAE_094,2024-09,73,29,14,1,72766
UAE_094,2024-10,27,10,5,1,25551
UAE_094,2024-11,39,15,7,1,66017
UAE_094,2024-12,92,36,18,3,46575
UAE_094,2025-01,54,21,10,1,35583
UAE_094,2025-02,21,8,4,1,34762
UAE_094,2025-03,30,12,6,1,14912
UAE_094,2025-04,121,48,24,3,156055
UAE_094,2025-05,72,28,14,1,85226
UAE_094,2025-06,68,27,13,2,60100
UAE_094,2025-07,133,53,26,4,233570
UAE_094,2025-08,123,49,24,3,180992
UAE_094,2025-09,89,35,17,2,86415
UAE_094,2025-10,102,40,20,2,78732
UAE_094,2025-11,129,51,25,3,164479
UAE_094,2025-12,63,25,12,2,78651
UAE_095,2023-01,61,24,12,1,57656
UAE_095,2023-02,49,19,9,1,93103
UAE_095,2023-03,167,66,33,5,421944
UAE_095,2023-04,186,74,37,5,554069
UAE_095,2023-05,74,29,14,1,71047
UAE_095,2023-06,58,23,11,2,152639
UAE_095,2023-07,132,52,26,5,213204
UAE_095,2023-08,110,44,22,3,119796
UAE_095,2023-09,48,19,9,1,111675
UAE_095,2023-10,58,23,11,1,105548
UAE_095,2023-11,32,12,6,1,76234
UAE_095,2023-12,121,48,24,4,214148
UAE_095,2024-01,132,52,26,2,272309
UAE_095,2024-02,43,17,8,1,72922
UAE_095,2024-03,42,16,8,1,86854
UAE_095,2024-04,170,68,34,6,432084
UAE_095,2024-05,56,22,11,1,105094
UAE_095,2024-06,75,30,15,1,182784
UAE_095,2024-07,122,48,24,4,236471
UAE_095,2024-08,76,30,15,3,217656
UAE_095,2024-09,126,50,25,2,106568
UAE_095,2024-10,181,72,36,2,253106
UAE_095,2024-11,79,31,15,1,221380
UAE_095,2024-12,191,76,38,5,150999
UAE_095,2025-01,57,22,11,1,111857
UAE_095,2025-02,146,58,29,5,164480
UAE_095,2025-03,94,37,18,3,204564
UAE_095,2025-04,110,44,22,4,85993
UAE_095,2025-05,162,64,32,2,155533
UAE_095,2025-06,203,81,40,3,631271
UAE_095,2025-07,55,22,11,1,77983
UAE_095,2025-08,313,125,62,7,825643
UAE_095,2025-09,60,24,12,2,130762
UAE_095,2025-10,51,20,10,1,100671
UAE_095,2025-11,134,53,26,2,233115
UAE_095,2025-12,75,30,15,2,78084
UAE_096,2023-01,38,15,7,1,35018
UAE_096,2023-02,42,16,8,1,40359
UAE_096,2023-03,47,18,9,1,49523
UAE_096,2023-04,57,22,11,1,22535
UAE_096,2023-05,74,29,14,1,43214
UAE_096,2023-06,50,20,10,1,46181
UAE_096,2023-07,54,21,10,1,48095
UAE_096,2023-08,39,15,7,1,29249
UAE_096,2023-09,23,9,4,1,9980
UAE_096,2023-10,23,9,4,1,23747
UAE_096,2023-11,50,20,10,1,38488
UAE_096,2023-12,10,4,2,1,4202
UAE_096,2024-01,29,11,5,1,19001
UAE_096,2024-02,28,11,5,1,11144
UAE_096,2024-03,17,6,3,1,4747
UAE_096,2024-04,12,4,2,1,5802
UAE_096,2024-05,75,30,15,2,63126
UAE_096,2024-06,27,10,5,1,28767
UAE_096,2024-07,41,16,8,1,46305
UAE_096,2024-08,50,20,10,1,39433
UAE_096,2024-09,48,19,9,1,26642
UAE_096,2024-10,54,21,10,1,59581
UAE_096,2024-11,25,10,5,1,7812
UAE_096,2024-12,61,24,12,1,19139
UAE_096,2025-01,31,12,6,1,15866
UAE_096,2025-02,45,18,9,1,14903
UAE_096,2025-03,26,10,5,1,14877
UAE_096,2025-04,28,11,5,1,15949
UAE_096,2025-05,42,16,8,1,45511
UAE_096,2025-06,21,8,4,1,15216
UAE_096,2025-07,66,26,13,2,23500
UAE_096,2025-08,60,24,12,1,55710
UAE_096,2025-09,19,7,3,1,20563
UAE_096,2025-10,60,24,12,1,61050
UAE_096,2025-11,41,16,8,1,46408
UAE_096,2025-12,12,4,2,1,11637
UAE_097,2023-01,32,12,6,1,9173
UAE_097,2023-02,23,9,4,1,25895
UAE_097,2023-03,43,17,8,1,47665
UAE_097,2023-04,46,18,9,1,44904
UAE_097,2023-05,55,22,11,1,45652
UAE_097,2023-06,22,8,4,1,17836
UAE_097,2023-07,24,9,4,1,24517
UAE_097,2023-08,24,9,4,1,24572
UAE_097,2023-09,47,18,9,1,42462
UAE_097,2023-10,60,24,12,1,41565
UAE_097,2023-11,12,4,2,1,11990
UAE_097,2023-12,38,15,7,1,36610
UAE_097,2024-01,26,10,5,1,11641
UAE_097,2024-02,17,6,3,1,12748
UAE_097,2024-03,33,13,6,1,23234
UAE_097,2024-04,45,18,9,1,18470
UAE_097,2024-05,37,14,7,1,39945
UAE_097,2024-06,72,28,14,1,75020
UAE_097,2024-07,68,27,13,1,26300
UAE_097,2024-08,102,40,20,3,111074
UAE_097,2024-09,64,25,12,1,46348
UAE_097,2024-10,36,14,7,1,11994
UAE_097,2024-11,29,11,5,1,25634
UAE_097,2024-12,56,22,11,1,32235
UAE_097,2025-01,29,11,5,1,30848
UAE_097,2025-02,19,7,3,1,19900
UAE_097,2025-03,17,6,3,1,9875
UAE_097,2025-04,20,8,4,1,10406
UAE_097,2025-05,35,14,7,1,27319
UAE_097,2025-06,46,18,9,1,25236
UAE_097,2025-07,105,42,21,2,51935
UAE_097,2025-08,31,12,6,1,24120
UAE_097,2025-09,27,10,5,1,10848
UAE_097,2025-10,55,22,11,1,37994
UAE_097,2025-11,42,16,8,1,32086
UAE_097,2025-12,47,18,9,1,35213
UAE_098,2023-01,17,6,3,1,15472
UAE_098,2023-02,32,12,6,1,27238
UAE_098,2023-03,24,9,4,1,12531
UAE_098,2023-04,40,16,8,1,26398
UAE_098,2023-05,46,18,9,1,28642
UAE_098,2023-06,47,18,9,1,45489
UAE_098,2023-07,34,13,6,1,36160
UAE_098,2023-08,77,30,15,1,63177
UAE_098,2023-09,55,22,11,1,58832
UAE_098,2023-10,34,13,6,1,11927
UAE_098,2023-11,13,5,2,1,14950
UAE_098,2023-12,26,10,5,1,19739
UAE_098,2024-01,38,15,7,1,11378
UAE_098,2024-02,31,12,6,1,25849
UAE_098,2024-03,76,30,15,1,52685
UAE_098,2024-04,100,40,20,3,60091
UAE_098,2024-05,48,19,9,1,34390
UAE_098,2024-06,44,17,8,1,28009
UAE_098,2024-07,69,27,13,1,74026
UAE_098,2024-08,96,38,19,3,49108
UAE_098,2024-09,104,41,20,3,117629
UAE_098,2024-10,58,23,11,2,30283
UAE_098,2024-11,56,22,11,1,57251
UAE_098,2024-12,60,24,12,2,67404
UAE_098,2025-01,10,4,2,1,7155
UAE_098,2025-02,18,7,3,1,8379
UAE_098,2025-03,36,14,7,1,14314
UAE_098,2025-04,46,18,9,1,13563
UAE_098,2025-05,56,22,11,1,52580
UAE_098,2025-06,21,8,4,1,21459
UAE_098,2025-07,86,34,17,1,41061
UAE_098,2025-08,31,12,6,1,11941
UAE_098,2025-09,59,23,11,2,58576
UAE_098,2025-10,39,15,7,1,37675
UAE_098,2025-11,31,12,6,1,26455
UAE_098,2025-12,36,14,7,1,13752
UAE_099,2023-01,61,24,12,1,106482
UAE_099,2023-02,45,18,9,1,56669
UAE_099,2023-03,73,29,14,2,105141
UAE_099,2023-04,99,39,19,2,101038
UAE_099,2023-05,42,16,8,1,76368
UAE_099,2023-06,68,27,13,1,52290
UAE_099,2023-07,64,25,12,1,36790
UAE_099,2023-08,66,26,13,1,69374
UAE_099,2023-09,60,24,12,1,111078
UAE_099,2023-10,36,14,7,1,65534
UAE_099,2023-11,58,23,11,2,81289
UAE_099,2023-12,69,27,13,1,66242
UAE_099,2024-01,18,7,3,1,26442
UAE_099,2024-02,43,17,8,1,26183
UAE_099,2024-03,78,31,15,2,99721
UAE_099,2024-04,81,32,16,2,63679
UAE_099,2024-05,171,68,34,5,85788
UAE_099,2024-06,75,30,15,2,143324
UAE_099,2024-07,106,42,21,3,137994
UAE_099,2024-08,100,40,20,3,59240
UAE_099,2024-09,71,28,14,1,64327
UAE_099,2024-10,23,9,4,1,18986
UAE_099,2024-11,59,23,11,2,78884
UAE_099,2024-12,60,24,12,1,94146
UAE_099,2025-01,33,13,6,1,21238
UAE_099,2025-02,45,18,9,1,51710
UAE_099,2025-03,133,53,26,4,157803
UAE_099,2025-04,54,21,10,1,73868
UAE_099,2025-05,85,34,17,2,56639
UAE_099,2025-06,48,19,9,1,37243
UAE_099,2025-07,65,26,13,1,99611
UAE_099,2025-08,70,28,14,1,64167
UAE_099,2025-09,76,30,15,1,92282
UAE_099,2025-10,52,20,10,1,71924
UAE_099,2025-11,90,36,18,3,117532
UAE_099,2025-12,62,24,12,1,95338
UAE_100,2023-01,31,12,6,1,33456
UAE_100,2023-02,31,12,6,1,33740
UAE_100,2023-03,35,14,7,1,13404
UAE_100,2023-04,64,25,12,2,64661
UAE_100,2023-05,33,13,6,1,34717
UAE_100,2023-06,48,19,9,1,28249
UAE_100,2023-07,79,31,15,3,52536
UAE_100,2023-08,68,27,13,2,49062
UAE_100,2023-09,54,21,10,1,56681
UAE_100,2023-10,13,5,2,1,5194
UAE_100,2023-11,71,28,14,2,31489
UAE_100,2023-12,41,16,8,1,21329
UAE_100,2024-01,20,8,4,1,18942
UAE_100,2024-02,33,13,6,1,26023
UAE_100,2024-03,35,14,7,1,33119
UAE_100,2024-04,99,39,19,2,34116
UAE_100,2024-05,28,11,5,1,9806
UAE_100,2024-06,31,12,6,1,17156
UAE_100,2024-07,117,46,23,3,42343
UAE_100,2024-08,74,29,14,1,37816
UAE_100,2024-09,32,12,6,1,29852
UAE_100,2024-10,75,30,15,2,80769
UAE_100,2024-11,24,9,4,1,7927
UAE_100,2024-12,10,4,2,1,6352
UAE_100,2025-01,48,19,9,1,25482
UAE_100,2025-02,30,12,6,1,15181
UAE_100,2025-03,21,8,4,1,9322
UAE_100,2025-04,46,18,9,1,38605
UAE_100,2025-05,24,9,4,1,22634
UAE_100,2025-06,14,5,2,1,8296
UAE_100,2025-07,19,7,3,1,15246
UAE_100,2025-08,64,25,12,1,51136
UAE_100,2025-09,16,6,3,1,10806
UAE_100,2025-10,39,15,7,1,23586
UAE_100,2025-11,26,10,5,1,18410
UAE_100,2025-12,53,21,10,1,43984
UAE_101,2023-01,65,26,13,2,65490
UAE_101,2023-02,62,24,12,1,46625
UAE_101,2023-03,19,7,3,1,6190
UAE_101,2023-04,44,17,8,1,24126
UAE_101,2023-05,72,28,14,2,54795
UAE_101,2023-06,85,34,17,2,54077
UAE_101,2023-07,11,4,2,1,7962
UAE_101,2023-08,45,18,9,1,48109
UAE_101,2023-09,65,26,13,2,25792
UAE_101,2023-10,62,24,12,1,32007
UAE_101,2023-11,38,15,7,1,28473
UAE_101,2023-12,48,19,9,1,18417
UAE_101,2024-01,49,19,9,1,23688
UAE_101,2024-02,70,28,14,1,80610
UAE_101,2024-03,39,15,7,1,26496
UAE_101,2024-04,36,14,7,1,13645
UAE_101,2024-05,36,14,7,1,35601
UAE_101,2024-06,23,9,4,1,18027
UAE_101,2024-07,41,16,8,1,35258
UAE_101,2024-08,59,23,11,1,22590
UAE_101,2024-09,34,13,6,1,35029
UAE_101,2024-10,21,8,4,1,23238
UAE_101,2024-11,21,8,4,1,14125
UAE_101,2024-12,45,18,9,1,42074
UAE_101,2025-01,13,5,2,1,11759
UAE_101,2025-02,29,11,5,1,13513
UAE_101,2025-03,73,29,14,2,70367
UAE_101,2025-04,31,12,6,1,30949
UAE_101,2025-05,70,28,14,1,67497
UAE_101,2025-06,54,21,10,1,16420
UAE_101,2025-07,29,11,5,1,10953
UAE_101,2025-08,13,5,2,1,14657
UAE_101,2025-09,77,30,15,2,55633
UAE_101,2025-10,35,14,7,1,17200
UAE_101,2025-11,36,14,7,1,32752
UAE_101,2025-12,43,17,8,1,48100
UAE_102,2023-01,52,20,10,1,72760
UAE_102,2023-02,42,16,8,1,35537
UAE_102,2023-03,47,18,9,1,66932
UAE_102,2023-04,77,30,15,2,107493
UAE_102,2023-05,161,64,32,3,169589
UAE_102,2023-06,86,34,17,1,70810
UAE_102,2023-07,79,31,15,1,88212
UAE_102,2023-08,80,32,16,2,116878
UAE_102,2023-09,45,18,9,1,74700
UAE_102,2023-10,55,22,11,1,39042
UAE_102,2023-11,78,31,15,1,60679
UAE_102,2023-12,107,42,21,2,193965
UAE_102,2024-01,41,16,8,1,38549
UAE_102,2024-02,43,17,8,1,34105
UAE_102,2024-03,95,38,19,1,177215
UAE_102,2024-04,98,39,19,2,51009
UAE_102,2024-05,25,10,5,1,47052
UAE_102,2024-06,78,31,15,3,80108
UAE_102,2024-07,70,28,14,2,60831
UAE_102,2024-08,88,35,17,2,159009
UAE_102,2024-09,47,18,9,1,57575
UAE_102,2024-10,77,30,15,2,44809
UAE_102,2024-11,70,28,14,2,111380
UAE_102,2024-12,61,24,12,1,114807
UAE_102,2025-01,98,39,19,3,123339
UAE_102,2025-02,76,30,15,1,98512
UAE_102,2025-03,66,26,13,1,119629
UAE_102,2025-04,51,20,10,1,87008
UAE_102,2025-05,86,34,17,2,112435
UAE_102,2025-06,46,18,9,1,79321
UAE_102,2025-07,55,22,11,1,86025
UAE_102,2025-08,34,13,6,1,51148
UAE_102,2025-09,47,18,9,1,60607
UAE_102,2025-10,124,49,24,3,227762
UAE_102,2025-11,46,18,9,1,32308
UAE_102,2025-12,73,29,14,2,81924
UAE_103,2023-01,98,39,19,3,55252
UAE_103,2023-02,59,23,11,2,96085
UAE_103,2023-03,122,48,24,1,178708
UAE_103,2023-04,132,52,26,3,147760
UAE_103,2023-05,101,40,20,3,118975
UAE_103,2023-06,123,49,24,3,164477
UAE_103,2023-07,109,43,21,3,124419
UAE_103,2023-08,63,25,12,1,113777
UAE_103,2023-09,119,47,23,4,163133
UAE_103,2023-10,45,18,9,1,58129
UAE_103,2023-11,75,30,15,1,45670
UAE_103,2023-12,55,22,11,1,104371
UAE_103,2024-01,89,35,17,3,71389
UAE_103,2024-02,34,13,6,1,25000
UAE_103,2024-03,71,28,14,2,66991
UAE_103,2024-04,31,12,6,1,14490
UAE_103,2024-05,24,9,4,1,12082
UAE_103,2024-06,53,21,10,1,46944
UAE_103,2024-07,91,36,18,1,56238
UAE_103,2024-08,85,34,17,2,54155
UAE_103,2024-09,113,45,22,3,90416
UAE_103,2024-10,137,54,27,2,102750
UAE_103,2024-11,30,12,6,1,15348
UAE_103,2024-12,67,26,13,1,77640
UAE_103,2025-01,21,8,4,1,34366
UAE_103,2025-02,82,32,16,2,69631
UAE_103,2025-03,58,23,11,1,74855
UAE_103,2025-04,32,12,6,1,49261
UAE_103,2025-05,77,30,15,1,131912
UAE_103,2025-06,29,11,5,1,48464
UAE_103,2025-07,131,52,26,3,235493
UAE_103,2025-08,28,11,5,1,25806
UAE_103,2025-09,59,23,11,1,56729
UAE_103,2025-10,103,41,20,2,76671
UAE_103,2025-11,66,26,13,2,45069
UAE_103,2025-12,22,8,4,1,31952
UAE_104,2023-01,48,19,9,1,60969
UAE_104,2023-02,64,25,12,1,110291
UAE_104,2023-03,19,7,3,1,32217
UAE_104,2023-04,45,18,9,1,60472
UAE_104,2023-05,109,43,21,2,135215
UAE_104,2023-06,68,27,13,2,71994
UAE_104,2023-07,77,30,15,2,128949
UAE_104,2023-08,109,43,21,1,190618
UAE_104,2023-09,105,42,21,1,65891
UAE_104,2023-10,108,43,21,2,198649
UAE_104,2023-11,14,5,2,1,9818
UAE_104,2023-12,71,28,14,1,92708
UAE_104,2024-01,103,41,20,3,152774
UAE_104,2024-02,26,10,5,1,26868
UAE_104,2024-03,46,18,9,1,30119
UAE_104,2024-04,153,61,30,4,238403
UAE_104,2024-05,37,14,7,1,45332
UAE_104,2024-06,71,28,14,2,55937
UAE_104,2024-07,50,20,10,1,95758
UAE_104,2024-08,128,51,25,3,240475
UAE_104,2024-09,41,16,8,1,54097
UAE_104,2024-10,86,34,17,2,109381
UAE_104,2024-11,97,38,19,3,110684
UAE_104,2024-12,40,16,8,1,21938
UAE_104,2025-01,68,27,13,1,56239
UAE_104,2025-02,18,7,3,1,26989
UAE_104,2025-03,85,34,17,2,158568
UAE_104,2025-04,74,29,14,2,98181
UAE_104,2025-05,57,22,11,2,68673
UAE_104,2025-06,82,32,16,3,136208
UAE_104,2025-07,128,51,25,2,228377
UAE_104,2025-08,88,35,17,3,107773
UAE_104,2025-09,105,42,21,3,176612
UAE_104,2025-10,77,30,15,2,130053
UAE_104,2025-11,61,24,12,1,99148
UAE_104,2025-12,25,10,5,1,17370
UAE_105,2023-01,312,124,62,7,2883613
UAE_105,2023-02,123,49,24,4,1090478
UAE_105,2023-03,254,101,50,5,1914272
UAE_105,2023-04,216,86,43,4,1479746
UAE_105,2023-05,219,87,43,5,1178603
UAE_105,2023-06,166,66,33,3,677103
UAE_105,2023-07,833,333,166,16,3717462
UAE_105,2023-08,734,293,146,21,6110711
UAE_105,2023-09,594,237,118,12,3440043
UAE_105,2023-10,210,84,42,6,957311
UAE_105,2023-11,532,212,106,10,2845179
UAE_105,2023-12,369,147,73,11,2606237
UAE_105,2024-01,188,75,37,6,585779
UAE_105,2024-02,209,83,41,7,1600110
UAE_105,2024-03,338,135,67,5,2489317
UAE_105,2024-04,396,158,79,10,1593286
UAE_105,2024-05,240,96,48,7,1146504
UAE_105,2024-06,446,178,89,8,1331703
UAE_105,2024-07,448,179,89,13,1666336
UAE_105,2024-08,221,88,44,5,544889
UAE_105,2024-09,504,201,100,14,3410586
UAE_105,2024-10,483,193,96,14,3265753
UAE_105,2024-11,396,158,79,9,2992384
UAE_105,2024-12,294,117,58,9,1608780
UAE_105,2025-01,114,45,22,3,962021
UAE_105,2025-02,98,39,19,2,298986
UAE_105,2025-03,428,171,85,9,3549691
UAE_105,2025-04,623,249,124,17,1689666
UAE_105,2025-05,374,149,74,14,3414425
UAE_105,2025-06,335,134,67,8,2084242
UAE_105,2025-07,505,202,101,18,2913581
UAE_105,2025-08,475,190,95,8,4020772
UAE_105,2025-09,214,85,42,5,1845112
UAE_105,2025-10,268,107,53,7,2026454
UAE_105,2025-11,299,119,59,7,2339418
UAE_105,2025-12,498,199,99,17,2675212
UAE_106,2023-01,759,303,151,25,19188559
UAE_106,2023-02,2045,818,409,54,32941849
UAE_106,2023-03,634,253,126,24,16661826
UAE_106,2023-04,1251,500,250,21,21501610
UAE_106,2023-05,1750,700,350,52,26728779
UAE_106,2023-06,1217,486,243,48,34186041
UAE_106,2023-07,949,379,189,26,10931364
UAE_106,2023-08,1141,456,228,33,24933870
UAE_106,2023-09,726,290,145,13,18662312
UAE_106,2023-10,1386,554,277,26,16918456
UAE_106,2023-11,1052,420,210,30,8799982
UAE_106,2023-12,676,270,135,22,12166337
UAE_106,2024-01,1205,482,241,31,29127260
UAE_106,2024-02,988,395,197,32,22416538
UAE_106,2024-03,555,222,111,18,10348210
UAE_106,2024-04,1790,716,358,50,41590077
UAE_106,2024-05,585,234,117,19,9066407
UAE_106,2024-06,830,332,166,13,7865000
UAE_106,2024-07,1291,516,258,43,26386686
UAE_106,2024-08,1174,469,234,20,8450943
UAE_106,2024-09,628,251,125,20,14724664
UAE_106,2024-10,542,216,108,20,7426397
UAE_106,2024-11,865,346,173,20,8102904
UAE_106,2024-12,518,207,103,13,14411081
UAE_106,2025-01,386,154,77,8,5123566
UAE_106,2025-02,616,246,123,18,12527616
UAE_106,2025-03,478,191,95,14,11107524
UAE_106,2025-04,879,351,175,18,7521856
UAE_106,2025-05,1895,758,379,52,22203381
UAE_106,2025-06,1487,594,297,40,11378770
UAE_106,2025-07,810,324,162,14,21426515
UAE_106,2025-08,883,353,176,34,8951366
UAE_106,2025-09,1493,597,298,24,30671967
UAE_106,2025-10,460,184,92,17,10763210
UAE_106,2025-11,952,380,190,31,26406124
UAE_106,2025-12,1320,528,264,44,15739685
UAE_107,2023-01,77,30,15,2,77204
UAE_107,2023-02,33,13,6,1,16001
UAE_107,2023-03,51,20,10,1,17673
UAE_107,2023-04,58,23,11,1,67958
UAE_107,2023-05,73,29,14,1,78987
UAE_107,2023-06,77,30,15,1,51835
UAE_107,2023-07,85,34,17,1,48374
UAE_107,2023-08,51,20,10,1,26886
UAE_107,2023-09,80,32,16,2,56725
UAE_107,2023-10,57,22,11,1,44621
UAE_107,2023-11,54,21,10,1,21224
UAE_107,2023-12,28,11,5,1,12358
UAE_107,2024-01,19,7,3,1,19230
UAE_107,2024-02,47,18,9,1,21749
UAE_107,2024-03,29,11,5,1,18971
UAE_107,2024-04,80,32,16,2,70385
UAE_107,2024-05,28,11,5,1,18583
UAE_107,2024-06,27,10,5,1,28731
UAE_107,2024-07,78,31,15,1,68883
UAE_107,2024-08,59,23,11,1,26116
UAE_107,2024-09,27,10,5,1,26043
UAE_107,2024-10,34,13,6,1,10073
UAE_107,2024-11,12,4,2,1,3988
UAE_107,2024-12,34,13,6,1,18617
UAE_107,2025-01,11,4,2,1,5891
UAE_107,2025-02,16,6,3,1,14418
UAE_107,2025-03,30,12,6,1,21806
UAE_107,2025-04,28,11,5,1,30728
UAE_107,2025-05,66,26,13,1,32409
UAE_107,2025-06,31,12,6,1,32865
UAE_107,2025-07,67,26,13,1,61099
UAE_107,2025-08,66,26,13,2,48917
UAE_107,2025-09,36,14,7,1,39258
UAE_107,2025-10,21,8,4,1,15121
UAE_107,2025-11,63,25,12,2,20447
UAE_107,2025-12,26,10,5,1,14454
UAE_108,2023-01,38,15,7,1,24756
UAE_108,2023-02,44,17,8,1,68224
UAE_108,2023-03,53,21,10,1,69642
UAE_108,2023-04,68,27,13,2,49004
UAE_108,2023-05,69,27,13,1,87828
UAE_108,2023-06,65,26,13,1,100344
UAE_108,2023-07,55,22,11,1,83302
UAE_108,2023-08,88,35,17,2,87923
UAE_108,2023-09,61,24,12,1,70308
UAE_108,2023-10,81,32,16,2,91511
UAE_108,2023-11,63,25,12,1,49066
UAE_108,2023-12,71,28,14,2,39426
UAE_108,2024-01,80,32,16,2,45868
UAE_108,2024-02,67,26,13,1,47628
UAE_108,2024-03,60,24,12,2,43728
UAE_108,2024-04,22,8,4,1,19489
UAE_108,2024-05,28,11,5,1,22136
UAE_108,2024-06,80,32,16,2,90037
UAE_108,2024-07,73,29,14,2,42224
UAE_108,2024-08,96,38,19,2,87903
UAE_108,2024-09,93,37,18,2,80846
UAE_108,2024-10,73,29,14,1,121677
UAE_108,2024-11,62,24,12,1,65234
UAE_108,2024-12,76,30,15,1,114456
UAE_108,2025-01,17,6,3,1,8001
UAE_108,2025-02,70,28,14,1,86809
UAE_108,2025-03,43,17,8,1,68050
UAE_108,2025-04,114,45,22,2,50933
UAE_108,2025-05,43,17,8,1,26941
UAE_108,2025-06,12,4,2,1,10413
UAE_108,2025-07,56,22,11,1,57242
UAE_108,2025-08,24,9,4,1,11711
UAE_108,2025-09,98,39,19,2,86450
UAE_108,2025-10,56,22,11,1,84991
UAE_108,2025-11,16,6,3,1,8411
UAE_108,2025-12,50,20,10,1,83732
UAE_109,2023-01,36,14,7,1,60351
UAE_109,2023-02,35,14,7,1,75186
UAE_109,2023-03,57,22,11,1,75741
UAE_109,2023-04,25,10,5,1,31388
UAE_109,2023-05,31,12,6,1,28016
UAE_109,2023-06,93,37,18,1,74486
UAE_109,2023-07,126,50,25,4,104981
UAE_109,2023-08,36,14,7,1,67626
UAE_109,2023-09,42,16,8,1,26059
UAE_109,2023-10,33,13,6,1,21496
UAE_109,2023-11,43,17,8,1,68593
UAE_109,2023-12,151,60,30,5,288954
UAE_109,2024-01,108,43,21,3,165023
UAE_109,2024-02,155,62,31,3,273817
UAE_109,2024-03,98,39,19,1,102842
UAE_109,2024-04,112,44,22,1,164915
UAE_109,2024-05,63,25,12,1,88072
UAE_109,2024-06,50,20,10,1,78800
UAE_109,2024-07,95,38,19,2,141662
UAE_109,2024-08,130,52,26,3,278844
UAE_109,2024-09,34,13,6,1,20519
UAE_109,2024-10,63,25,12,2,93933
UAE_109,2024-11,73,29,14,2,70458
UAE_109,2024-12,92,36,18,2,87168
UAE_109,2025-01,29,11,5,1,34076
UAE_109,2025-02,130,52,26,3,91965
UAE_109,2025-03,49,19,9,1,88200
UAE_109,2025-04,55,22,11,1,32655
UAE_109,2025-05,50,20,10,1,91654
UAE_109,2025-06,165,66,33,5,299440
UAE_109,2025-07,71,28,14,1,128100
UAE_109,2025-08,32,12,6,1,61472
UAE_109,2025-09,115,46,23,2,175027
UAE_109,2025-10,107,42,21,1,95035
UAE_109,2025-11,72,28,14,1,99111
UAE_109,2025-12,71,28,14,2,144357
UAE_110,2023-01,26,10,5,1,15834
UAE_110,2023-02,18,7,3,1,13102
UAE_110,2023-03,55,22,11,1,59539
UAE_110,2023-04,43,17,8,1,14405
UAE_110,2023-05,46,18,9,1,52942
UAE_110,2023-06,42,16,8,1,27589
UAE_110,2023-07,45,18,9,1,22754
UAE_110,2023-08,55,22,11,1,19752
UAE_110,2023-09,14,5,2,1,12380
UAE_110,2023-10,40,16,8,1,13285
UAE_110,2023-11,14,5,2,1,12967
UAE_110,2023-12,50,20,10,1,39188
UAE_110,2024-01,38,15,7,1,19819
UAE_110,2024-02,47,18,9,1,23082
UAE_110,2024-03,23,9,4,1,16471
UAE_110,2024-04,41,16,8,1,34408
UAE_110,2024-05,58,23,11,2,55040
UAE_110,2024-06,34,13,6,1,29382
UAE_110,2024-07,38,15,7,1,26761
UAE_110,2024-08,106,42,21,2,62622
UAE_110,2024-09,58,23,11,1,33240
UAE_110,2024-10,21,8,4,1,19085
UAE_110,2024-11,38,15,7,1,27967
UAE_110,2024-12,60,24,12,2,58999
UAE_110,2025-01,66,26,13,1,24433
UAE_110,2025-02,47,18,9,1,49302
UAE_110,2025-03,35,14,7,1,34374
UAE_110,2025-04,61,24,12,2,46254
UAE_110,2025-05,19,7,3,1,12421
UAE_110,2025-06,49,19,9,1,14493
UAE_110,2025-07,121,48,24,2,87428
UAE_110,2025-08,45,18,9,1,21060
UAE_110,2025-09,22,8,4,1,21869
UAE_110,2025-10,51,20,10,1,59742
UAE_110,2025-11,47,18,9,1,16688
UAE_110,2025-12,16,6,3,1,16954
UAE_111,2023-01,28,11,5,1,18280
UAE_111,2023-02,91,36,18,3,154083
UAE_111,2023-03,49,19,9,1,34974
UAE_111,2023-04,60,24,12,2,70818
UAE_111,2023-05,35,14,7,1,31840
UAE_111,2023-06,112,44,22,3,187190
UAE_111,2023-07,86,34,17,1,57701
UAE_111,2023-08,37,14,7,1,17825
UAE_111,2023-09,48,19,9,1,53587
UAE_111,2023-10,87,34,17,3,101931
UAE_111,2023-11,56,22,11,2,58516
UAE_111,2023-12,15,6,3,1,16111
UAE_111,2024-01,98,39,19,2,151521
UAE_111,2024-02,41,16,8,1,73021
UAE_111,2024-03,23,9,4,1,13899
UAE_111,2024-04,38,15,7,1,54087
UAE_111,2024-05,52,20,10,1,74609
UAE_111,2024-06,131,52,26,3,238763
UAE_111,2024-07,45,18,9,1,30200
UAE_111,2024-08,107,42,21,1,186444
UAE_111,2024-09,71,28,14,2,83917
UAE_111,2024-10,63,25,12,1,72844
UAE_111,2024-11,96,38,19,3,53064
UAE_111,2024-12,87,34,17,3,120558
UAE_111,2025-01,45,18,9,1,50559
UAE_111,2025-02,76,30,15,1,136211
UAE_111,2025-03,68,27,13,1,91732
UAE_111,2025-04,123,49,24,3,176122
UAE_111,2025-05,76,30,15,2,52065
UAE_111,2025-06,50,20,10,1,47326
UAE_111,2025-07,75,30,15,2,138556
UAE_111,2025-08,42,16,8,1,38673
UAE_111,2025-09,85,34,17,1,152276
UAE_111,2025-10,62,24,12,1,29703
UAE_111,2025-11,72,28,14,2,107448
UAE_111,2025-12,61,24,12,2,86136
UAE_112,2023-01,26,10,5,1,24733
UAE_112,2023-02,60,24,12,1,63052
UAE_112,2023-03,53,21,10,1,79314
UAE_112,2023-04,94,37,18,3,122613
UAE_112,2023-05,138,55,27,2,168087
UAE_112,2023-06,87,34,17,3,88128
UAE_112,2023-07,72,28,14,2,104575
UAE_112,2023-08,125,50,25,3,104234
UAE_112,2023-09,87,34,17,1,132614
UAE_112,2023-10,101,40,20,3,151172
UAE_112,2023-11,130,52,26,4,109129
UAE_112,2023-12,30,12,6,1,35454
UAE_112,2024-01,39,15,7,1,17831
UAE_112,2024-02,56,22,11,1,71425
UAE_112,2024-03,39,15,7,1,23626
UAE_112,2024-04,20,8,4,1,26950
UAE_112,2024-05,98,39,19,1,98191
UAE_112,2024-06,71,28,14,1,69428
UAE_112,2024-07,118,47,23,4,94081
UAE_112,2024-08,31,12,6,1,41178
UAE_112,2024-09,38,15,7,1,58774
UAE_112,2024-10,21,8,4,1,18667
UAE_112,2024-11,67,26,13,1,100595
UAE_112,2024-12,78,31,15,2,119495
UAE_112,2025-01,63,25,12,1,42337
UAE_112,2025-02,60,24,12,1,35900
UAE_112,2025-03,46,18,9,1,22694
UAE_112,2025-04,52,20,10,1,21855
UAE_112,2025-05,58,23,11,1,82762
UAE_112,2025-06,130,52,26,3,212012
UAE_112,2025-07,73,29,14,1,34482
UAE_112,2025-08,65,26,13,1,93151
UAE_112,2025-09,68,27,13,2,56364
UAE_112,2025-10,38,15,7,1,18370
UAE_112,2025-11,48,19,9,1,70249
UAE_112,2025-12,89,35,17,2,111617
UAE_113,2023-01,54,21,10,1,52494
UAE_113,2023-02,36,14,7,1,20308
UAE_113,2023-03,19,7,3,1,15550
UAE_113,2023-04,64,25,12,1,47904
UAE_113,2023-05,21,8,4,1,23419
UAE_113,2023-06,61,24,12,2,20160
UAE_113,2023-07,14,5,2,1,9448
UAE_113,2023-08,15,6,3,1,6699
UAE_113,2023-09,92,36,18,3,83579
UAE_113,2023-10,42,16,8,1,13552
UAE_113,2023-11,30,12,6,1,13788
UAE_113,2023-12,28,11,5,1,13482
UAE_113,2024-01,26,10,5,1,29102
UAE_113,2024-02,52,20,10,1,21139
UAE_113,2024-03,47,18,9,1,38622
UAE_113,2024-04,36,14,7,1,41146
UAE_113,2024-05,58,23,11,1,29178
UAE_113,2024-06,59,23,11,2,52932
UAE_113,2024-07,101,40,20,1,107332
UAE_113,2024-08,32,12,6,1,27786
UAE_113,2024-09,16,6,3,1,12929
UAE_113,2024-10,76,30,15,1,82784
UAE_113,2024-11,25,10,5,1,18821
UAE_113,2024-12,21,8,4,1,12552
UAE_113,2025-01,18,7,3,1,14322
UAE_113,2025-02,33,13,6,1,25435
UAE_113,2025-03,42,16,8,1,28884
UAE_113,2025-04,67,26,13,1,34728
UAE_113,2025-05,45,18,9,1,40581
UAE_113,2025-06,63,25,12,1,72824
UAE_113,2025-07,23,9,4,1,11724
UAE_113,2025-08,88,35,17,2,89084
UAE_113,2025-09,88,35,17,1,45599
UAE_113,2025-10,32,12,6,1,14995
UAE_113,2025-11,26,10,5,1,29237
UAE_113,2025-12,57,22,11,1,33515
UAE_114,2023-01,113,45,22,1,958192
UAE_114,2023-02,418,167,83,13,3960566
UAE_114,2023-03,202,80,40,5,2029024
UAE_114,2023-04,399,159,79,11,2931812
UAE_114,2023-05,355,142,71,5,2359669
UAE_114,2023-06,615,246,123,22,2506248
UAE_114,2023-07,738,295,147,16,4383133
UAE_114,2023-08,621,248,124,13,5610766
UAE_114,2023-09,225,90,45,6,1231008
UAE_114,2023-10,506,202,101,10,5306529
UAE_114,2023-11,370,148,74,6,1492569
UAE_114,2023-12,492,196,98,18,3810512
UAE_114,2024-01,305,122,61,4,1812929
UAE_114,2024-02,103,41,20,1,920955
UAE_114,2024-03,357,142,71,13,1148352
UAE_114,2024-04,626,250,125,21,4172800
UAE_114,2024-05,709,283,141,11,6996620
UAE_114,2024-06,675,270,135,18,3402072
UAE_114,2024-07,792,316,158,27,3659261
UAE_114,2024-08,731,292,146,12,5936777
UAE_114,2024-09,173,69,34,4,1837309
UAE_114,2024-10,411,164,82,9,1724691
UAE_114,2024-11,185,74,37,5,1756868
UAE_114,2024-12,305,122,61,5,2277566
UAE_114,2025-01,130,52,26,3,513277
UAE_114,2025-02,602,240,120,23,5416759
UAE_114,2025-03,338,135,67,9,3425780
UAE_114,2025-04,507,202,101,8,5671253
UAE_114,2025-05,278,111,55,9,3035469
UAE_114,2025-06,168,67,33,4,1696828
UAE_114,2025-07,325,130,65,12,3383095
UAE_114,2025-08,436,174,87,11,1422672
UAE_114,2025-09,579,231,115,20,6167395
UAE_114,2025-10,586,234,117,12,3074757
UAE_114,2025-11,564,225,112,20,5552568
UAE_114,2025-12,540,216,108,16,3999492
UAE_115,2023-01,10,4,2,1,5986
UAE_115,2023-02,38,15,7,1,21837
UAE_115,2023-03,41,16,8,1,20962
UAE_115,2023-04,31,12,6,1,11218
UAE_115,2023-05,31,12,6,1,33101
UAE_115,2023-06,56,22,11,1,50289
UAE_115,2023-07,56,22,11,1,41834
UAE_115,2023-08,41,16,8,1,15897
UAE_115,2023-09,24,9,4,1,22988
UAE_115,2023-10,25,10,5,1,13631
UAE_115,2023-11,28,11,5,1,15733
UAE_115,2023-12,24,9,4,1,11958
UAE_115,2024-01,47,18,9,1,48992
UAE_115,2024-02,23,9,4,1,10697
UAE_115,2024-03,52,20,10,1,32505
UAE_115,2024-04,61,24,12,1,55422
UAE_115,2024-05,57,22,11,1,55390
UAE_115,2024-06,61,24,12,2,42215
UAE_115,2024-07,83,33,16,1,84733
UAE_115,2024-08,84,33,16,1,74650
UAE_115,2024-09,38,15,7,1,33471
UAE_115,2024-10,41,16,8,1,26235
UAE_115,2024-11,23,9,4,1,17674
UAE_115,2024-12,12,4,2,1,3190
UAE_115,2025-01,16,6,3,1,7076
UAE_115,2025-02,19,7,3,1,8766
UAE_115,2025-03,22,8,4,1,19666
UAE_115,2025-04,32,12,6,1,14052
UAE_115,2025-05,31,12,6,1,19927
UAE_115,2025-06,54,21,10,1,43981
UAE_115,2025-07,76,30,15,2,58410
UAE_115,2025-08,36,14,7,1,23835
UAE_115,2025-09,27,10,5,1,28305
UAE_115,2025-10,60,24,12,1,57505
UAE_115,2025-11,38,15,7,1,34828
UAE_115,2025-12,30,12,6,1,28859
UAE_116,2023-01,65,26,13,1,61534
UAE_116,2023-02,106,42,21,1,199524
UAE_116,2023-03,86,34,17,2,132341
UAE_116,2023-04,42,16,8,1,42738
UAE_116,2023-05,41,16,8,1,76630
UAE_116,2023-06,69,27,13,1,98522
UAE_116,2023-07,69,27,13,2,47650
UAE_116,2023-08,86,34,17,2,146909
UAE_116,2023-09,39,15,7,1,27897
UAE_116,2023-10,146,58,29,3,292984
UAE_116,2023-11,22,8,4,1,22937
UAE_116,2023-12,86,34,17,2,116476
UAE_116,2024-01,52,20,10,1,53269
UAE_116,2024-02,62,24,12,1,107843
UAE_116,2024-03,86,34,17,1,116264
UAE_116,2024-04,52,20,10,1,49763
UAE_116,2024-05,113,45,22,3,153378
UAE_116,2024-06,99,39,19,1,64968
UAE_116,2024-07,56,22,11,1,113347
UAE_116,2024-08,119,47,23,2,205373
UAE_116,2024-09,89,35,17,1,82126
UAE_116,2024-10,35,14,7,1,28448
UAE_116,2024-11,32,12,6,1,47343
UAE_116,2024-12,40,16,8,1,70927
UAE_116,2025-01,62,24,12,2,115069
UAE_116,2025-02,81,32,16,2,94455
UAE_116,2025-03,75,30,15,1,67007
UAE_116,2025-04,35,14,7,1,43140
UAE_116,2025-05,130,52,26,3,104914
UAE_116,2025-06,70,28,14,1,92583
UAE_116,2025-07,44,17,8,1,63402
UAE_116,2025-08,64,25,12,1,53463
UAE_116,2025-09,130,52,26,3,229489
UAE_116,2025-10,119,47,23,3,115381
UAE_116,2025-11,72,28,14,1,148852
UAE_116,2025-12,30,12,6,1,60667
UAE_117,2023-01,44,17,8,1,28604
UAE_117,2023-02,38,15,7,1,17147
UAE_117,2023-03,27,10,5,1,12500
UAE_117,2023-04,41,16,8,1,41171
UAE_117,2023-05,41,16,8,1,20678
UAE_117,2023-06,50,20,10,1,44100
UAE_117,2023-07,85,34,17,2,30860
UAE_117,2023-08,60,24,12,2,53174
UAE_117,2023-09,44,17,8,1,35184
UAE_117,2023-10,39,15,7,1,13721
UAE_117,2023-11,38,15,7,1,18061
UAE_117,2023-12,66,26,13,1,71658
UAE_117,2024-01,30,12,6,1,10865
UAE_117,2024-02,25,10,5,1,23310
UAE_117,2024-03,42,16,8,1,35006
UAE_117,2024-04,26,10,5,1,16451
UAE_117,2024-05,51,20,10,1,20461
UAE_117,2024-06,105,42,21,3,72357
UAE_117,2024-07,17,6,3,1,8677
UAE_117,2024-08,87,34,17,3,73604
UAE_117,2024-09,86,34,17,1,83710
UAE_117,2024-10,29,11,5,1,16678
UAE_117,2024-11,54,21,10,1,61797
UAE_117,2024-12,17,6,3,1,6807
UAE_117,2025-01,44,17,8,1,44426
UAE_117,2025-02,14,5,2,1,5539
UAE_117,2025-03,27,10,5,1,26740
UAE_117,2025-04,10,4,2,1,4644
UAE_117,2025-05,48,19,9,1,43884
UAE_117,2025-06,26,10,5,1,23515
UAE_117,2025-07,60,24,12,1,37561
UAE_117,2025-08,24,9,4,1,14724
UAE_117,2025-09,28,11,5,1,28037
UAE_117,2025-10,64,25,12,1,55760
UAE_117,2025-11,16,6,3,1,11286
UAE_117,2025-12,52,20,10,1,34841
UAE_118,2023-01,39,15,7,1,50904
UAE_118,2023-02,115,46,23,1,173498
UAE_118,2023-03,41,16,8,1,58134
UAE_118,2023-04,72,28,14,1,87293
UAE_118,2023-05,66,26,13,1,76735
UAE_118,2023-06,117,46,23,3,269114
UAE_118,2023-07,161,64,32,3,186249
UAE_118,2023-08,193,77,38,7,503236
UAE_118,2023-09,116,46,23,2,269903
UAE_118,2023-10,100,40,20,2,239304
UAE_118,2023-11,98,39,19,3,111024
UAE_118,2023-12,110,44,22,3,170587
UAE_118,2024-01,43,17,8,1,54131
UAE_118,2024-02,116,46,23,3,305395
UAE_118,2024-03,139,55,27,3,325354
UAE_118,2024-04,81,32,16,1,176979
UAE_118,2024-05,87,34,17,1,215439
UAE_118,2024-06,115,46,23,1,121633
UAE_118,2024-07,131,52,26,2,345408
UAE_118,2024-08,63,25,12,1,107088
UAE_118,2024-09,67,26,13,1,86120
UAE_118,2024-10,123,49,24,2,274429
UAE_118,2024-11,54,21,10,1,69731
UAE_118,2024-12,102,40,20,3,212608
UAE_118,2025-01,27,10,5,1,18524
UAE_118,2025-02,30,12,6,1,61276
UAE_118,2025-03,47,18,9,1,56192
UAE_118,2025-04,34,13,6,1,87458
UAE_118,2025-05,130,52,26,3,306281
UAE_118,2025-06,197,78,39,3,441933
UAE_118,2025-07,109,43,21,2,200198
UAE_118,2025-08,116,46,23,3,153738
UAE_118,2025-09,67,26,13,2,184018
UAE_118,2025-10,67,26,13,2,119781
UAE_118,2025-11,65,26,13,1,131446
UAE_118,2025-12,160,64,32,4,251840
UAE_119,2023-01,133,53,26,5,190279
UAE_119,2023-02,72,28,14,1,55049
UAE_119,2023-03,17,6,3,1,10447
UAE_119,2023-04,133,53,26,5,79118
UAE_119,2023-05,88,35,17,3,46007
UAE_119,2023-06,64,25,12,1,82468
UAE_119,2023-07,29,11,5,1,15366
UAE_119,2023-08,26,10,5,1,39880
UAE_119,2023-09,95,38,19,1,45547
UAE_119,2023-10,65,26,13,1,52582
UAE_119,2023-11,93,37,18,1,80285
UAE_119,2023-12,75,30,15,2,48777
UAE_119,2024-01,21,8,4,1,14149
UAE_119,2024-02,65,26,13,1,69602
UAE_119,2024-03,11,4,2,1,13581
UAE_119,2024-04,16,6,3,1,21680
UAE_119,2024-05,55,22,11,2,33313
UAE_119,2024-06,97,38,19,3,147479
UAE_119,2024-07,59,23,11,2,49462
UAE_119,2024-08,51,20,10,1,48674
UAE_119,2024-09,27,10,5,1,41496
UAE_119,2024-10,67,26,13,2,81120
UAE_119,2024-11,34,13,6,1,39622
UAE_119,2024-12,73,29,14,1,41335
UAE_119,2025-01,85,34,17,2,56153
UAE_119,2025-02,57,22,11,1,92300
UAE_119,2025-03,78,31,15,1,62720
UAE_119,2025-04,83,33,16,2,75978
UAE_119,2025-05,61,24,12,1,91426
UAE_119,2025-06,115,46,23,4,188634
UAE_119,2025-07,84,33,16,3,78670
UAE_119,2025-08,24,9,4,1,22000
UAE_119,2025-09,34,13,6,1,16963
UAE_119,2025-10,82,32,16,2,78985
UAE_119,2025-11,82,32,16,1,72830
UAE_119,2025-12,29,11,5,1,27262
UAE_120,2023-01,55,22,11,2,80258
UAE_120,2023-02,52,20,10,1,53265
UAE_120,2023-03,56,22,11,1,103351
UAE_120,2023-04,52,20,10,1,26507
UAE_120,2023-05,30,12,6,1,36352
UAE_120,2023-06,156,62,31,4,91602
UAE_120,2023-07,86,34,17,1,141681
UAE_120,2023-08,104,41,20,2,59544
UAE_120,2023-09,100,40,20,2,141310
UAE_120,2023-10,69,27,13,1,119345
UAE_120,2023-11,50,20,10,1,42490
UAE_120,2023-12,70,28,14,2,46214
UAE_120,2024-01,50,20,10,1,29716
UAE_120,2024-02,61,24,12,1,104138
UAE_120,2024-03,80,32,16,2,111798
UAE_120,2024-04,26,10,5,1,46742
UAE_120,2024-05,29,11,5,1,32411
UAE_120,2024-06,93,37,18,3,79776
UAE_120,2024-07,87,34,17,3,145071
UAE_120,2024-08,129,51,25,2,136430
UAE_120,2024-09,61,24,12,1,85892
UAE_120,2024-10,50,20,10,1,95023
UAE_120,2024-11,27,10,5,1,29210
UAE_120,2024-12,49,19,9,1,50143
UAE_120,2025-01,80,32,16,1,138408
UAE_120,2025-02,65,26,13,1,78786
UAE_120,2025-03,50,20,10,1,47990
UAE_120,2025-04,127,50,25,3,68318
UAE_120,2025-05,103,41,20,2,183043
UAE_120,2025-06,92,36,18,3,74023
UAE_120,2025-07,90,36,18,2,72253
UAE_120,2025-08,136,54,27,3,125815
UAE_120,2025-09,49,19,9,1,32842
UAE_120,2025-10,38,15,7,1,36313
UAE_120,2025-11,70,28,14,2,68195
UAE_120,2025-12,19,7,3,1,33346
UAE_121,2023-01,53,21,10,1,30093
UAE_121,2023-02,41,16,8,1,51292
UAE_121,2023-03,26,10,5,1,20685
UAE_121,2023-04,23,9,4,1,25092
UAE_121,2023-05,35,14,7,1,42915
UAE_121,2023-06,75,30,15,1,31890
UAE_121,2023-07,101,40,20,2,142845
UAE_121,2023-08,40,16,8,1,59139
UAE_121,2023-09,59,23,11,1,80443
UAE_121,2023-10,108,43,21,3,119721
UAE_121,2023-11,100,40,20,2,92982
UAE_121,2023-12,50,20,10,1,27119
UAE_121,2024-01,56,22,11,2,60190
UAE_121,2024-02,15,6,3,1,13786
UAE_121,2024-03,45,18,9,1,72138
UAE_121,2024-04,86,34,17,2,42653
UAE_121,2024-05,119,47,23,3,189597
UAE_121,2024-06,111,44,22,3,98313
UAE_121,2024-07,106,42,21,4,114542
UAE_121,2024-08,43,17,8,1,71199
UAE_121,2024-09,90,36,18,2,94757
UAE_121,2024-10,62,24,12,2,81468
UAE_121,2024-11,112,44,22,1,110491
UAE_121,2024-12,39,15,7,1,62517
UAE_121,2025-01,33,13,6,1,31507
UAE_121,2025-02,87,34,17,1,100068
UAE_121,2025-03,91,36,18,2,93571
UAE_121,2025-04,30,12,6,1,21859
UAE_121,2025-05,145,58,29,5,88886
UAE_121,2025-06,58,23,11,1,64965
UAE_121,2025-07,97,38,19,2,97275
UAE_121,2025-08,79,31,15,1,45916
UAE_121,2025-09,100,40,20,2,67961
UAE_121,2025-10,100,40,20,2,92586
UAE_121,2025-11,80,32,16,2,91324
UAE_121,2025-12,33,13,6,1,36106
UAE_122,2023-01,14,5,2,1,13452
UAE_122,2023-02,58,23,11,1,41526
UAE_122,2023-03,31,12,6,1,34246
UAE_122,2023-04,87,34,17,2,91850
UAE_122,2023-05,64,25,12,1,60487
UAE_122,2023-06,56,22,11,2,63031
UAE_122,2023-07,70,28,14,1,37195
UAE_122,2023-08,137,54,27,5,142441
UAE_122,2023-09,38,15,7,1,12661
UAE_122,2023-10,26,10,5,1,17531
UAE_122,2023-11,45,18,9,1,21631
UAE_122,2023-12,44,17,8,1,29917
UAE_122,2024-01,44,17,8,1,35226
UAE_122,2024-02,39,15,7,1,40216
UAE_122,2024-03,41,16,8,1,41108
UAE_122,2024-04,35,14,7,1,28558
UAE_122,2024-05,82,32,16,2,38151
UAE_122,2024-06,83,33,16,2,71579
UAE_122,2024-07,29,11,5,1,29946
UAE_122,2024-08,29,11,5,1,20807
UAE_122,2024-09,36,14,7,1,25840
UAE_122,2024-10,18,7,3,1,19866
UAE_122,2024-11,18,7,3,1,5695
UAE_122,2024-12,61,24,12,1,68791
UAE_122,2025-01,12,4,2,1,11313
UAE_122,2025-02,45,18,9,1,41298
UAE_122,2025-03,17,6,3,1,5340
UAE_122,2025-04,26,10,5,1,24701
UAE_122,2025-05,51,20,10,1,24071
UAE_122,2025-06,82,32,16,2,58951
UAE_122,2025-07,38,15,7,1,42316
UAE_122,2025-08,69,27,13,1,58551
UAE_122,2025-09,61,24,12,2,22771
UAE_122,2025-10,74,29,14,1,71547
UAE_122,2025-11,49,19,9,1,23400
UAE_122,2025-12,14,5,2,1,8972
UAE_123,2023-01,217,86,43,7,1082379
UAE_123,2023-02,160,64,32,3,637009
UAE_123,2023-03,364,145,72,14,1015797
UAE_123,2023-04,284,113,56,9,1046150
UAE_123,2023-05,418,167,83,9,2061949
UAE_123,2023-06,512,204,102,20,2298945
UAE_123,2023-07,367,146,73,11,879101
UAE_123,2023-08,153,61,30,5,1103068
UAE_123,2023-09,321,128,64,11,1678388
UAE_123,2023-10,355,142,71,10,960263
UAE_123,2023-11,495,198,99,15,3434139
UAE_123,2023-12,158,63,31,2,687081
UAE_123,2024-01,134,53,26,5,611788
UAE_123,2024-02,80,32,16,2,570778
UAE_123,2024-03,111,44,22,4,410942
UAE_123,2024-04,107,42,21,2,234659
UAE_123,2024-05,332,132,66,7,1574406
UAE_123,2024-06,305,122,61,6,1900269
UAE_123,2024-07,180,72,36,3,949957
UAE_123,2024-08,332,132,66,8,853976
UAE_123,2024-09,374,149,74,13,2126837
UAE_123,2024-10,533,213,106,9,4075360
UAE_123,2024-11,222,88,44,5,1666852
UAE_123,2024-12,502,200,100,18,1813496
UAE_123,2025-01,291,116,58,5,1742112
UAE_123,2025-02,264,105,52,7,766193
UAE_123,2025-03,146,58,29,4,938105
UAE_123,2025-04,295,118,59,10,995564
UAE_123,2025-05,243,97,48,9,1940970
UAE_123,2025-06,194,77,38,5,691931
UAE_123,2025-07,485,194,97,17,2461000
UAE_123,2025-08,583,233,116,22,3190597
UAE_123,2025-09,325,130,65,10,2491859
UAE_123,2025-10,402,160,80,15,3248419
UAE_123,2025-11,176,70,35,6,1404240
UAE_123,2025-12,265,106,53,6,1888041
UAE_124,2023-01,29,11,5,1,22055
UAE_124,2023-02,21,8,4,1,13351
UAE_124,2023-03,14,5,2,1,6903
UAE_124,2023-04,34,13,6,1,10684
UAE_124,2023-05,31,12,6,1,28867
UAE_124,2023-06,27,10,5,1,19811
UAE_124,2023-07,47,18,9,1,30539
UAE_124,2023-08,17,6,3,1,9730
UAE_124,2023-09,52,20,10,2,27294
UAE_124,2023-10,20,8,4,1,23303
UAE_124,2023-11,11,4,2,1,3242
UAE_124,2023-12,12,4,2,1,11001
UAE_124,2024-01,28,11,5,1,14998
UAE_124,2024-02,46,18,9,1,22714
UAE_124,2024-03,27,10,5,1,18797
UAE_124,2024-04,45,18,9,1,18511
UAE_124,2024-05,25,10,5,1,14087
UAE_124,2024-06,71,28,14,1,35554
UAE_124,2024-07,44,17,8,1,25120
UAE_124,2024-08,56,22,11,1,58002
UAE_124,2024-09,64,25,12,1,67172
UAE_124,2024-10,24,9,4,1,12884
UAE_124,2024-11,42,16,8,1,18677
UAE_124,2024-12,11,4,2,1,6865
UAE_124,2025-01,26,10,5,1,18306
UAE_124,2025-02,69,27,13,2,46543
UAE_124,2025-03,11,4,2,1,8431
UAE_124,2025-04,13,5,2,1,8196
UAE_124,2025-05,40,16,8,1,45945
UAE_124,2025-06,19,7,3,1,15692
UAE_124,2025-07,37,14,7,1,30248
UAE_124,2025-08,28,11,5,1,24496
UAE_124,2025-09,39,15,7,1,18903
UAE_124,2025-10,79,31,15,2,65385
UAE_124,2025-11,11,4,2,1,11063
UAE_124,2025-12,30,12,6,1,32075
UAE_125,2023-01,47,18,9,1,34965
UAE_125,2023-02,14,5,2,1,5796
UAE_125,2023-03,20,8,4,1,10290
UAE_125,2023-04,62,24,12,1,55184
UAE_125,2023-05,37,14,7,1,17589
UAE_125,2023-06,57,22,11,2,63804
UAE_125,2023-07,79,31,15,3,56619
UAE_125,2023-08,39,15,7,1,32415
UAE_125,2023-09,60,24,12,1,56899
UAE_125,2023-10,22,8,4,1,7842
UAE_125,2023-11,35,14,7,1,35975
UAE_125,2023-12,51,20,10,1,46391
UAE_125,2024-01,20,8,4,1,13671
UAE_125,2024-02,26,10,5,1,26961
UAE_125,2024-03,51,20,10,1,41477
UAE_125,2024-04,37,14,7,1,19698
UAE_125,2024-05,104,41,20,1,73371
UAE_125,2024-06,79,31,15,3,84728
UAE_125,2024-07,62,24,12,2,32022
UAE_125,2024-08,22,8,4,1,17140
UAE_125,2024-09,40,16,8,1,39052
UAE_125,2024-10,64,25,12,2,19094
UAE_125,2024-11,16,6,3,1,10051
UAE_125,2024-12,30,12,6,1,23229
UAE_125,2025-01,75,30,15,1,75725
UAE_125,2025-02,62,24,12,1,19481
UAE_125,2025-03,32,12,6,1,15463
UAE_125,2025-04,36,14,7,1,14123
UAE_125,2025-05,19,7,3,1,18479
UAE_125,2025-06,45,18,9,1,41001
UAE_125,2025-07,90,36,18,3,103213
UAE_125,2025-08,32,12,6,1,14123
UAE_125,2025-09,80,32,16,2,59074
UAE_125,2025-10,37,14,7,1,19159
UAE_125,2025-11,66,26,13,1,24351
UAE_125,2025-12,50,20,10,1,39461
UAE_126,2023-01,73,29,14,2,67378
UAE_126,2023-02,60,24,12,1,80747
UAE_126,2023-03,69,27,13,1,104718
UAE_126,2023-04,23,9,4,1,28407
UAE_126,2023-05,118,47,23,1,150670
UAE_126,2023-06,113,45,22,2,240172
UAE_126,2023-07,139,55,27,3,79983
UAE_126,2023-08,70,28,14,2,66664
UAE_126,2023-09,50,20,10,1,63449
UAE_126,2023-10,47,18,9,1,62829
UAE_126,2023-11,196,78,39,6,309884
UAE_126,2023-12,37,14,7,1,58828
UAE_126,2024-01,24,9,4,1,26288
UAE_126,2024-02,90,36,18,2,71811
UAE_126,2024-03,49,19,9,1,53591
UAE_126,2024-04,76,30,15,2,105159
UAE_126,2024-05,27,10,5,1,43299
UAE_126,2024-06,59,23,11,2,44467
UAE_126,2024-07,206,82,41,5,241048
UAE_126,2024-08,86,34,17,3,139574
UAE_126,2024-09,121,48,24,2,164853
UAE_126,2024-10,71,28,14,1,93982
UAE_126,2024-11,54,21,10,1,63870
UAE_126,2024-12,22,8,4,1,23147
UAE_126,2025-01,27,10,5,1,50024
UAE_126,2025-02,23,9,4,1,44365
UAE_126,2025-03,34,13,6,1,30502
UAE_126,2025-04,76,30,15,2,116642
UAE_126,2025-05,28,11,5,1,28742
UAE_126,2025-06,110,44,22,3,181429
UAE_126,2025-07,50,20,10,1,43160
UAE_126,2025-08,113,45,22,3,138055
UAE_126,2025-09,114,45,22,1,199266
UAE_126,2025-10,99,39,19,1,113509
UAE_126,2025-11,98,39,19,2,53787
UAE_126,2025-12,89,35,17,2,49945
UAE_127,2023-01,105,42,21,3,104909
UAE_127,2023-02,119,47,23,3,86106
UAE_127,2023-03,85,34,17,2,92265
UAE_127,2023-04,35,14,7,1,26890
UAE_127,2023-05,100,40,20,2,153409
UAE_127,2023-06,55,22,11,1,72330
UAE_127,2023-07,92,36,18,2,150020
UAE_127,2023-08,45,18,9,1,55516
UAE_127,2023-09,72,28,14,2,97443
UAE_127,2023-10,39,15,7,1,57037
UAE_127,2023-11,28,11,5,1,56578
UAE_127,2023-12,52,20,10,1,85841
UAE_127,2024-01,101,40,20,2,164130
UAE_127,2024-02,59,23,11,2,66903
UAE_127,2024-03,32,12,6,1,36114
UAE_127,2024-04,125,50,25,4,212673
UAE_127,2024-05,177,70,35,3,119617
UAE_127,2024-06,86,34,17,1,48377
UAE_127,2024-07,37,14,7,1,23675
UAE_127,2024-08,105,42,21,2,201967
UAE_127,2024-09,37,14,7,1,67792
UAE_127,2024-10,47,18,9,1,89796
UAE_127,2024-11,50,20,10,1,68510
UAE_127,2024-12,97,38,19,2,134040
UAE_127,2025-01,64,25,12,1,100398
UAE_127,2025-02,86,34,17,3,175466
UAE_127,2025-03,36,14,7,1,23311
UAE_127,2025-04,50,20,10,1,65306
UAE_127,2025-05,131,52,26,2,176771
UAE_127,2025-06,86,34,17,1,155947
UAE_127,2025-07,116,46,23,2,127917
UAE_127,2025-08,108,43,21,2,154769
UAE_127,2025-09,82,32,16,2,126266
UAE_127,2025-10,121,48,24,2,164361
UAE_127,2025-11,104,41,20,3,98439
UAE_127,2025-12,44,17,8,1,40853
UAE_128,2023-01,114,45,22,4,305264
UAE_128,2023-02,82,32,16,2,71904
UAE_128,2023-03,88,35,17,1,191922
UAE_128,2023-04,40,16,8,1,81832
UAE_128,2023-05,151,60,30,6,498958
UAE_128,2023-06,81,32,16,2,137370
UAE_128,2023-07,111,44,22,2,252442
UAE_128,2023-08,90,36,18,1,273107
UAE_128,2023-09,245,98,49,6,302587
UAE_128,2023-10,130,52,26,3,335341
UAE_128,2023-11,74,29,14,1,201882
UAE_128,2023-12,199,79,39,3,368087
UAE_128,2024-01,125,50,25,3,149855
UAE_128,2024-02,24,9,4,1,45968
UAE_128,2024-03,94,37,18,2,147075
UAE_128,2024-04,122,48,24,4,201329
UAE_128,2024-05,77,30,15,2,134546
UAE_128,2024-06,201,80,40,6,624242
UAE_128,2024-07,161,64,32,4,328928
UAE_128,2024-08,63,25,12,1,100466
UAE_128,2024-09,155,62,31,2,183289
UAE_128,2024-10,101,40,20,2,103538
UAE_128,2024-11,50,20,10,1,101796
UAE_128,2024-12,98,39,19,1,124440
UAE_128,2025-01,112,44,22,2,187091
UAE_128,2025-02,68,27,13,1,172615
UAE_128,2025-03,45,18,9,1,49292
UAE_128,2025-04,84,33,16,2,170281
UAE_128,2025-05,119,47,23,1,139281
UAE_128,2025-06,178,71,35,5,272427
UAE_128,2025-07,190,76,38,6,179445
UAE_128,2025-08,172,68,34,3,167073
UAE_128,2025-09,111,44,22,3,293978
UAE_128,2025-10,90,36,18,2,301839
UAE_128,2025-11,86,34,17,2,104937
UAE_128,2025-12,60,24,12,1,93567
UAE_129,2023-01,17,6,3,1,9080
UAE_129,2023-02,44,17,8,1,42366
UAE_129,2023-03,34,13,6,1,18697
UAE_129,2023-04,18,7,3,1,9975
UAE_129,2023-05,43,17,8,1,44746
UAE_129,2023-06,32,12,6,1,24527
UAE_129,2023-07,61,24,12,2,53185
UAE_129,2023-08,76,30,15,1,33872
UAE_129,2023-09,51,20,10,1,45265
UAE_129,2023-10,27,10,5,1,17467
UAE_129,2023-11,60,24,12,1,50434
UAE_129,2023-12,46,18,9,1,25775
UAE_129,2024-01,22,8,4,1,15647
UAE_129,2024-02,38,15,7,1,22848
UAE_129,2024-03,52,20,10,1,33577
UAE_129,2024-04,38,15,7,1,43420
UAE_129,2024-05,26,10,5,1,22401
UAE_129,2024-06,35,14,7,1,34054
UAE_129,2024-07,51,20,10,1,52662
UAE_129,2024-08,56,22,11,1,59551
UAE_129,2024-09,33,13,6,1,25282
UAE_129,2024-10,64,25,12,1,33596
UAE_129,2024-11,17,6,3,1,9062
UAE_129,2024-12,25,10,5,1,17777
UAE_129,2025-01,24,9,4,1,26124
UAE_129,2025-02,26,10,5,1,16063
UAE_129,2025-03,25,10,5,1,26488
UAE_129,2025-04,65,26,13,1,49860
UAE_129,2025-05,35,14,7,1,15838
UAE_129,2025-06,54,21,10,1,41239
UAE_129,2025-07,26,10,5,1,24539
UAE_129,2025-08,32,12,6,1,32754
UAE_129,2025-09,69,27,13,1,41992
UAE_129,2025-10,44,17,8,1,41535
UAE_129,2025-11,10,4,2,1,11680
UAE_129,2025-12,43,17,8,1,29213
UAE_130,2023-01,28,11,5,1,18108
UAE_130,2023-02,16,6,3,1,7253
UAE_130,2023-03,19,7,3,1,10237
UAE_130,2023-04,28,11,5,1,32610
UAE_130,2023-05,31,12,6,1,31961
UAE_130,2023-06,58,23,11,1,58962
UAE_130,2023-07,56,22,11,2,40893
UAE_130,2023-08,61,24,12,1,31375
UAE_130,2023-09,45,18,9,1,38397
UAE_130,2023-10,14,5,2,1,11450
UAE_130,2023-11,32,12,6,1,20723
UAE_130,2023-12,23,9,4,1,26251
UAE_130,2024-01,27,10,5,1,15397
UAE_130,2024-02,46,18,9,1,16700
UAE_130,2024-03,84,33,16,1,73181
UAE_130,2024-04,23,9,4,1,18272
UAE_130,2024-05,63,25,12,1,63838
UAE_130,2024-06,29,11,5,1,29172
UAE_130,2024-07,29,11,5,1,27702
UAE_130,2024-08,87,34,17,1,49848
UAE_130,2024-09,67,26,13,2,47038
UAE_130,2024-10,13,5,2,1,6073
UAE_130,2024-11,36,14,7,1,32653
UAE_130,2024-12,32,12,6,1,28436
UAE_130,2025-01,15,6,3,1,11147
UAE_130,2025-02,23,9,4,1,25996
UAE_130,2025-03,33,13,6,1,31334
UAE_130,2025-04,53,21,10,1,25901
UAE_130,2025-05,66,26,13,1,32300
UAE_130,2025-06,64,25,12,1,48317
UAE_130,2025-07,110,44,22,3,124160
UAE_130,2025-08,67,26,13,1,45460
UAE_130,2025-09,23,9,4,1,10581
UAE_130,2025-10,33,13,6,1,15846
UAE_130,2025-11,26,10,5,1,18265
UAE_130,2025-12,36,14,7,1,26214
UAE_131,2023-01,67,26,13,1,46776
UAE_131,2023-02,57,22,11,1,58100
UAE_131,2023-03,20,8,4,1,10753
UAE_131,2023-04,41,16,8,1,33913
UAE_131,2023-05,53,21,10,1,79729
UAE_131,2023-06,118,47,23,2,183691
UAE_131,2023-07,37,14,7,1,36839
UAE_131,2023-08,60,24,12,1,53325
UAE_131,2023-09,49,19,9,1,32522
UAE_131,2023-10,58,23,11,1,59265
UAE_131,2023-11,28,11,5,1,32452
UAE_131,2023-12,33,13,6,1,36467
UAE_131,2024-01,85,34,17,1,106367
UAE_131,2024-02,19,7,3,1,20299
UAE_131,2024-03,31,12,6,1,38680
UAE_131,2024-04,27,10,5,1,13215
UAE_131,2024-05,22,8,4,1,13587
UAE_131,2024-06,29,11,5,1,14452
UAE_131,2024-07,27,10,5,1,32707
UAE_131,2024-08,79,31,15,1,70153
UAE_131,2024-09,136,54,27,3,161449
UAE_131,2024-10,28,11,5,1,40244
UAE_131,2024-11,23,9,4,1,32908
UAE_131,2024-12,77,30,15,2,55217
UAE_131,2025-01,47,18,9,1,53336
UAE_131,2025-02,11,4,2,1,12447
UAE_131,2025-03,49,19,9,1,35016
UAE_131,2025-04,36,14,7,1,19857
UAE_131,2025-05,49,19,9,1,70088
UAE_131,2025-06,69,27,13,2,98319
UAE_131,2025-07,126,50,25,2,147439
UAE_131,2025-08,91,36,18,1,72442
UAE_131,2025-09,138,55,27,4,86185
UAE_131,2025-10,53,21,10,1,45681
UAE_131,2025-11,17,6,3,1,8392
UAE_131,2025-12,24,9,4,1,23195
UAE_132,2023-01,118,47,23,2,58060
UAE_132,2023-02,42,16,8,1,69033
UAE_132,2023-03,50,20,10,1,91678
UAE_132,2023-04,69,27,13,1,81781
UAE_132,2023-05,44,17,8,1,66454
UAE_132,2023-06,32,12,6,1,27831
UAE_132,2023-07,86,34,17,3,115399
UAE_132,2023-08,50,20,10,1,86411
UAE_132,2023-09,104,41,20,2,158525
UAE_132,2023-10,60,24,12,1,89490
UAE_132,2023-11,115,46,23,3,165940
UAE_132,2023-12,87,34,17,2,47061
UAE_132,2024-01,45,18,9,1,69230
UAE_132,2024-02,86,34,17,3,135222
UAE_132,2024-03,42,16,8,1,63972
UAE_132,2024-04,83,33,16,1,149717
UAE_132,2024-05,96,38,19,2,112739
UAE_132,2024-06,128,51,25,2,144875
UAE_132,2024-07,92,36,18,2,55005
UAE_132,2024-08,48,19,9,1,61054
UAE_132,2024-09,28,11,5,1,28278
UAE_132,2024-10,73,29,14,1,39066
UAE_132,2024-11,28,11,5,1,21736
UAE_132,2024-12,27,10,5,1,15984
UAE_132,2025-01,93,37,18,3,126305
UAE_132,2025-02,109,43,21,2,95676
UAE_132,2025-03,62,24,12,1,111701
UAE_132,2025-04,63,25,12,2,70457
UAE_132,2025-05,80,32,16,2,71223
UAE_132,2025-06,95,38,19,3,69313
UAE_132,2025-07,135,54,27,5,109555
UAE_132,2025-08,33,13,6,1,28361
UAE_132,2025-09,95,38,19,3,116046
UAE_132,2025-10,89,35,17,2,98375
UAE_132,2025-11,91,36,18,2,63109
UAE_132,2025-12,108,43,21,2,83181
UAE_133,2023-01,41,16,8,1,12431
UAE_133,2023-02,33,13,6,1,15422
UAE_133,2023-03,30,12,6,1,32025
UAE_133,2023-04,34,13,6,1,21441
UAE_133,2023-05,41,16,8,1,28843
UAE_133,2023-06,19,7,3,1,5469
UAE_133,2023-07,46,18,9,1,44501
UAE_133,2023-08,63,25,12,1,42601
UAE_133,2023-09,45,18,9,1,45801
UAE_133,2023-10,12,4,2,1,7666
UAE_133,2023-11,66,26,13,1,39132
UAE_133,2023-12,15,6,3,1,9603
UAE_133,2024-01,68,27,13,2,55304
UAE_133,2024-02,27,10,5,1,11399
UAE_133,2024-03,16,6,3,1,5322
UAE_133,2024-04,27,10,5,1,11919
UAE_133,2024-05,32,12,6,1,23900
UAE_133,2024-06,46,18,9,1,41703
UAE_133,2024-07,40,16,8,1,44692
UAE_133,2024-08,66,26,13,2,32084
UAE_133,2024-09,21,8,4,1,21789
UAE_133,2024-10,20,8,4,1,23664
UAE_133,2024-11,54,21,10,1,39760
UAE_133,2024-12,13,5,2,1,5012
UAE_133,2025-01,45,18,9,1,34816
UAE_133,2025-02,26,10,5,1,26968
UAE_133,2025-03,23,9,4,1,9613
UAE_133,2025-04,51,20,10,1,31885
UAE_133,2025-05,35,14,7,1,39111
UAE_133,2025-06,17,6,3,1,13140
UAE_133,2025-07,26,10,5,1,13605
UAE_133,2025-08,12,4,2,1,10514
UAE_133,2025-09,61,24,12,1,25642
UAE_133,2025-10,35,14,7,1,32398
UAE_133,2025-11,53,21,10,1,20154
UAE_133,2025-12,36,14,7,1,34265
UAE_134,2023-01,30,12,6,1,41146
UAE_134,2023-02,75,30,15,1,92787
UAE_134,2023-03,85,34,17,1,154632
UAE_134,2023-04,57,22,11,1,67425
UAE_134,2023-05,121,48,24,4,144275
UAE_134,2023-06,33,13,6,1,54705
UAE_134,2023-07,39,15,7,1,38237
UAE_134,2023-08,146,58,29,2,78692
UAE_134,2023-09,126,50,25,2,71374
UAE_134,2023-10,43,17,8,1,66645
UAE_134,2023-11,71,28,14,1,95482
UAE_134,2023-12,30,12,6,1,35894
UAE_134,2024-01,35,14,7,1,64759
UAE_134,2024-02,77,30,15,2,104488
UAE_134,2024-03,87,34,17,2,63477
UAE_134,2024-04,29,11,5,1,34266
UAE_134,2024-05,96,38,19,3,49366
UAE_134,2024-06,25,10,5,1,26484
UAE_134,2024-07,87,34,17,2,79943
UAE_134,2024-08,25,10,5,1,47315
UAE_134,2024-09,102,40,20,4,85400
UAE_134,2024-10,88,35,17,2,145013
UAE_134,2024-11,25,10,5,1,40073
UAE_134,2024-12,113,45,22,2,94526
UAE_134,2025-01,102,40,20,3,178254
UAE_134,2025-02,29,11,5,1,47975
UAE_134,2025-03,53,21,10,1,43737
UAE_134,2025-04,53,21,10,1,97524
UAE_134,2025-05,59,23,11,1,71591
UAE_134,2025-06,41,16,8,1,38327
UAE_134,2025-07,129,51,25,5,141021
UAE_134,2025-08,32,12,6,1,52713
UAE_134,2025-09,92,36,18,2,142008
UAE_134,2025-10,45,18,9,1,49418
UAE_134,2025-11,31,12,6,1,32652
UAE_134,2025-12,36,14,7,1,66824
UAE_135,2023-01,60,24,12,1,57612
UAE_135,2023-02,16,6,3,1,12728
UAE_135,2023-03,66,26,13,2,62200
UAE_135,2023-04,32,12,6,1,12099
UAE_135,2023-05,26,10,5,1,18070
UAE_135,2023-06,24,9,4,1,14099
UAE_135,2023-07,19,7,3,1,14748
UAE_135,2023-08,17,6,3,1,16686
UAE_135,2023-09,30,12,6,1,13061
UAE_135,2023-10,49,19,9,1,38667
UAE_135,2023-11,60,24,12,1,62544
UAE_135,2023-12,19,7,3,1,20116
UAE_135,2024-01,31,12,6,1,27804
UAE_135,2024-02,35,14,7,1,11372
UAE_135,2024-03,34,13,6,1,34957
UAE_135,2024-04,39,15,7,1,41096
UAE_135,2024-05,28,11,5,1,8399
UAE_135,2024-06,47,18,9,1,44666
UAE_135,2024-07,77,30,15,1,41873
UAE_135,2024-08,19,7,3,1,20157
UAE_135,2024-09,33,13,6,1,31099
UAE_135,2024-10,45,18,9,1,20241
UAE_135,2024-11,40,16,8,1,17608
UAE_135,2024-12,31,12,6,1,12855
UAE_135,2025-01,17,6,3,1,16143
UAE_135,2025-02,10,4,2,1,7270
UAE_135,2025-03,37,14,7,1,39732
UAE_135,2025-04,47,18,9,1,47840
UAE_135,2025-05,33,13,6,1,37313
UAE_135,2025-06,61,24,12,1,42528
UAE_135,2025-07,33,13,6,1,36421
UAE_135,2025-08,18,7,3,1,15117
UAE_135,2025-09,21,8,4,1,9797
UAE_135,2025-10,22,8,4,1,12463
UAE_135,2025-11,39,15,7,1,15171
UAE_135,2025-12,16,6,3,1,17632
UAE_136,2023-01,35,14,7,1,29486
UAE_136,2023-02,42,16,8,1,44444
UAE_136,2023-03,101,40,20,2,69943
UAE_136,2023-04,26,10,5,1,20584
UAE_136,2023-05,31,12,6,1,11739
UAE_136,2023-06,65,26,13,2,30247
UAE_136,2023-07,98,39,19,1,43355
UAE_136,2023-08,93,37,18,3,63294
UAE_136,2023-09,26,10,5,1,26817
UAE_136,2023-10,83,33,16,2,86725
UAE_136,2023-11,21,8,4,1,12605
UAE_136,2023-12,25,10,5,1,21425
UAE_136,2024-01,20,8,4,1,22062
UAE_136,2024-02,22,8,4,1,18061
UAE_136,2024-03,40,16,8,1,36153
UAE_136,2024-04,45,18,9,1,49513
UAE_136,2024-05,68,27,13,2,60242
UAE_136,2024-06,94,37,18,1,86461
UAE_136,2024-07,15,6,3,1,7611
UAE_136,2024-08,24,9,4,1,26065
UAE_136,2024-09,33,13,6,1,30585
UAE_136,2024-10,51,20,10,1,51611
UAE_136,2024-11,18,7,3,1,13740
UAE_136,2024-12,45,18,9,1,40337
UAE_136,2025-01,10,4,2,1,3627
UAE_136,2025-02,13,5,2,1,10018
UAE_136,2025-03,26,10,5,1,28451
UAE_136,2025-04,32,12,6,1,13531
UAE_136,2025-05,21,8,4,1,10000
UAE_136,2025-06,46,18,9,1,32985
UAE_136,2025-07,47,18,9,1,31944
UAE_136,2025-08,70,28,14,1,23632
UAE_136,2025-09,50,20,10,1,26753
UAE_136,2025-10,58,23,11,1,38096
UAE_136,2025-11,44,17,8,1,39073
UAE_136,2025-12,56,22,11,1,59713
UAE_137,2023-01,653,261,130,10,10968128
UAE_137,2023-02,1798,719,359,54,17438798
UAE_137,2023-03,764,305,152,24,10147691
UAE_137,2023-04,450,180,90,15,11004006
UAE_137,2023-05,1036,414,207,16,22182053
UAE_137,2023-06,1197,478,239,40,13886148
UAE_137,2023-07,1635,654,327,38,21404340
UAE_137,2023-08,1764,705,352,63,36633844
UAE_137,2023-09,587,234,117,20,4818677
UAE_137,2023-10,797,318,159,21,18447723
UAE_137,2023-11,1379,551,275,37,39765267
UAE_137,2023-12,517,206,103,10,13531390
UAE_137,2024-01,937,374,187,24,25222732
UAE_137,2024-02,324,129,64,7,8449948
UAE_137,2024-03,1342,536,268,43,33572402
UAE_137,2024-04,714,285,142,27,6977047
UAE_137,2024-05,524,209,104,19,14521531
UAE_137,2024-06,771,308,154,30,12731940
UAE_137,2024-07,530,212,106,11,8429898
UAE_137,2024-08,2396,958,479,54,51820547
UAE_137,2024-09,1797,718,359,69,28045546
UAE_137,2024-10,732,292,146,27,10610955
UAE_137,2024-11,1242,496,248,37,17168544
UAE_137,2024-12,1635,654,327,39,26350536
UAE_137,2025-01,1226,490,245,28,20066994
UAE_137,2025-02,705,282,141,23,16652170
UAE_137,2025-03,986,394,197,28,23821854
UAE_137,2025-04,380,152,76,7,10192151
UAE_137,2025-05,1020,408,204,25,21444671
UAE_137,2025-06,2326,930,465,38,32236134
UAE_137,2025-07,615,246,123,17,13280302
UAE_137,2025-08,1642,656,328,63,50021817
UAE_137,2025-09,734,293,146,18,21841433
UAE_137,2025-10,387,154,77,12,7335446
UAE_137,2025-11,538,215,107,10,10135960
UAE_137,2025-12,905,362,181,22,17086870
UAE_138,2023-01,10,4,2,1,3649
UAE_138,2023-02,22,8,4,1,20272
UAE_138,2023-03,28,11,5,1,24210
UAE_138,2023-04,40,16,8,1,20488
UAE_138,2023-05,67,26,13,1,29235
UAE_138,2023-06,30,12,6,1,19754
UAE_138,2023-07,65,26,13,1,62364
UAE_138,2023-08,37,14,7,1,13599
UAE_138,2023-09,77,30,15,1,36805
UAE_138,2023-10,38,15,7,1,40860
UAE_138,2023-11,45,18,9,1,28763
UAE_138,2023-12,14,5,2,1,5000
UAE_138,2024-01,16,6,3,1,9262
UAE_138,2024-02,35,14,7,1,36031
UAE_138,2024-03,28,11,5,1,24630
UAE_138,2024-04,57,22,11,1,27464
UAE_138,2024-05,57,22,11,1,47661
UAE_138,2024-06,33,13,6,1,28121
UAE_138,2024-07,19,7,3,1,13142
UAE_138,2024-08,57,22,11,1,20277
UAE_138,2024-09,27,10,5,1,29743
UAE_138,2024-10,47,18,9,1,16291
UAE_138,2024-11,25,10,5,1,29918
UAE_138,2024-12,28,11,5,1,28935
UAE_138,2025-01,39,15,7,1,15715
UAE_138,2025-02,60,24,12,2,57347
UAE_138,2025-03,37,14,7,1,34610
UAE_138,2025-04,33,13,6,1,19448
UAE_138,2025-05,20,8,4,1,18218
UAE_138,2025-06,29,11,5,1,20202
UAE_138,2025-07,54,21,10,2,19905
UAE_138,2025-08,64,25,12,2,29538
UAE_138,2025-09,20,8,4,1,19613
UAE_138,2025-10,27,10,5,1,9792
UAE_138,2025-11,54,21,10,1,25473
UAE_138,2025-12,24,9,4,1,20973
UAE_139,2023-01,59,23,11,1,114745
UAE_139,2023-02,72,28,14,2,108210
UAE_139,2023-03,35,14,7,1,25622
UAE_139,2023-04,96,38,19,2,157014
UAE_139,2023-05,60,24,12,1,86817
UAE_139,2023-06,43,17,8,1,83549
UAE_139,2023-07,60,24,12,2,52437
UAE_139,2023-08,123,49,24,3,258743
UAE_139,2023-09,71,28,14,1,140183
UAE_139,2023-10,89,35,17,1,58143
UAE_139,2023-11,77,30,15,1,61311
UAE_139,2023-12,23,9,4,1,27702
UAE_139,2024-01,90,36,18,2,65912
UAE_139,2024-02,27,10,5,1,23363
UAE_139,2024-03,95,38,19,2,84546
UAE_139,2024-04,26,10,5,1,25600
UAE_139,2024-05,54,21,10,1,39877
UAE_139,2024-06,124,49,24,4,169754
UAE_139,2024-07,108,43,21,3,204722
UAE_139,2024-08,26,10,5,1,45678
UAE_139,2024-09,77,30,15,2,133179
UAE_139,2024-10,74,29,14,2,76987
UAE_139,2024-11,65,26,13,2,113347
UAE_139,2024-12,99,39,19,2,82641
UAE_139,2025-01,55,22,11,2,116593
UAE_139,2025-02,56,22,11,1,96529
UAE_139,2025-03,105,42,21,3,224554
UAE_139,2025-04,25,10,5,1,19965
UAE_139,2025-05,93,37,18,3,93190
UAE_139,2025-06,111,44,22,4,134907
UAE_139,2025-07,85,34,17,2,113234
UAE_139,2025-08,92,36,18,1,79553
UAE_139,2025-09,110,44,22,4,214393
UAE_139,2025-10,43,17,8,1,65064
UAE_139,2025-11,67,26,13,1,52682
UAE_139,2025-12,46,18,9,1,68310
UAE_140,2023-01,26,10,5,1,39322
UAE_140,2023-02,82,32,16,3,107176
UAE_140,2023-03,81,32,16,3,118766
UAE_140,2023-04,104,41,20,3,43424
UAE_140,2023-05,64,25,12,2,86368
UAE_140,2023-06,103,41,20,1,158164
UAE_140,2023-07,19,7,3,1,25123
UAE_140,2023-08,69,27,13,1,72847
UAE_140,2023-09,76,30,15,1,38826
UAE_140,2023-10,154,61,30,4,155311
UAE_140,2023-11,53,21,10,2,34297
UAE_140,2023-12,86,34,17,3,77985
UAE_140,2024-01,67,26,13,1,52445
UAE_140,2024-02,66,26,13,1,56173
UAE_140,2024-03,67,26,13,2,106538
UAE_140,2024-04,124,49,24,2,117813
UAE_140,2024-05,98,39,19,1,117532
UAE_140,2024-06,42,16,8,1,49902
UAE_140,2024-07,44,17,8,1,27606
UAE_140,2024-08,61,24,12,1,35822
UAE_140,2024-09,66,26,13,1,48351
UAE_140,2024-10,63,25,12,1,88224
UAE_140,2024-11,57,22,11,1,31983
UAE_140,2024-12,49,19,9,1,54376
UAE_140,2025-01,32,12,6,1,41916
UAE_140,2025-02,47,18,9,1,27715
UAE_140,2025-03,41,16,8,1,51883
UAE_140,2025-04,22,8,4,1,31075
UAE_140,2025-05,116,46,23,3,59926
UAE_140,2025-06,31,12,6,1,19926
UAE_140,2025-07,56,22,11,2,85790
UAE_140,2025-08,79,31,15,2,53504
UAE_140,2025-09,30,12,6,1,49914
UAE_140,2025-10,90,36,18,2,57196
UAE_140,2025-11,46,18,9,1,73924
UAE_140,2025-12,68,27,13,1,34136
UAE_141,2023-01,37,14,7,1,39038
UAE_141,2023-02,32,12,6,1,34319
UAE_141,2023-03,12,4,2,1,6720
UAE_141,2023-04,37,14,7,1,16425
UAE_141,2023-05,69,27,13,2,71121
UAE_141,2023-06,16,6,3,1,10926
UAE_141,2023-07,47,18,9,1,43711
UAE_141,2023-08,50,20,10,1,28348
UAE_141,2023-09,54,21,10,1,32202
UAE_141,2023-10,38,15,7,1,17968
UAE_141,2023-11,49,19,9,1,22717
UAE_141,2023-12,40,16,8,1,41350
UAE_141,2024-01,24,9,4,1,24149
UAE_141,2024-02,23,9,4,1,12374
UAE_141,2024-03,15,6,3,1,9298
UAE_141,2024-04,51,20,10,1,18806
UAE_141,2024-05,39,15,7,1,34710
UAE_141,2024-06,20,8,4,1,11890
UAE_141,2024-07,58,23,11,2,26821
UAE_141,2024-08,41,16,8,1,44429
UAE_141,2024-09,34,13,6,1,30690
UAE_141,2024-10,33,13,6,1,14766
UAE_141,2024-11,29,11,5,1,25571
UAE_141,2024-12,13,5,2,1,10993
UAE_141,2025-01,73,29,14,1,42610
UAE_141,2025-02,44,17,8,1,28994
UAE_141,2025-03,70,28,14,1,23215
UAE_141,2025-04,33,13,6,1,23191
UAE_141,2025-05,28,11,5,1,10203
UAE_141,2025-06,29,11,5,1,22813
UAE_141,2025-07,71,28,14,1,33548
UAE_141,2025-08,49,19,9,1,18158
UAE_141,2025-09,61,24,12,1,46537
UAE_141,2025-10,45,18,9,1,47224
UAE_141,2025-11,68,27,13,2,66471
UAE_141,2025-12,19,7,3,1,7717
UAE_142,2023-01,53,21,10,1,187222
UAE_142,2023-02,192,76,38,4,224438
UAE_142,2023-03,82,32,16,2,257102
UAE_142,2023-04,74,29,14,1,121410
UAE_142,2023-05,57,22,11,1,132496
UAE_142,2023-06,115,46,23,1,381971
UAE_142,2023-07,232,92,46,4,285369
UAE_142,2023-08,192,76,38,3,565035
UAE_142,2023-09,105,42,21,1,186790
UAE_142,2023-10,197,78,39,3,756951
UAE_142,2023-11,91,36,18,2,107275
UAE_142,2023-12,117,46,23,3,345526
UAE_142,2024-01,57,22,11,1,191126
UAE_142,2024-02,69,27,13,2,214929
UAE_142,2024-03,97,38,19,1,325281
UAE_142,2024-04,183,73,36,3,475673
UAE_142,2024-05,89,35,17,1,238835
UAE_142,2024-06,107,42,21,2,432016
UAE_142,2024-07,241,96,48,8,779947
UAE_142,2024-08,63,25,12,2,103044
UAE_142,2024-09,244,97,48,5,494323
UAE_142,2024-10,276,110,55,4,384564
UAE_142,2024-11,184,73,36,6,555554
UAE_142,2024-12,102,40,20,3,144264
UAE_142,2025-01,119,47,23,2,166785
UAE_142,2025-02,154,61,30,2,285398
UAE_142,2025-03,35,14,7,1,125442
UAE_142,2025-04,62,24,12,2,208957
UAE_142,2025-05,303,121,60,11,711788
UAE_142,2025-06,279,111,55,5,799022
UAE_142,2025-07,176,70,35,5,581067
UAE_142,2025-08,318,127,63,7,600264
UAE_142,2025-09,231,92,46,4,798988
UAE_142,2025-10,230,92,46,8,619690
UAE_142,2025-11,207,82,41,5,649877
UAE_142,2025-12,108,43,21,2,334053
UAE_143,2023-01,112,44,22,3,310816
UAE_143,2023-02,561,224,112,18,3761636
UAE_143,2023-03,349,139,69,8,1708638
UAE_143,2023-04,557,222,111,21,2938736
UAE_143,2023-05,748,299,149,13,4267824
UAE_143,2023-06,557,222,111,18,3948896
UAE_143,2023-07,307,122,61,5,2291407
UAE_143,2023-08,560,224,112,10,3203002
UAE_143,2023-09,420,168,84,13,3314151
UAE_143,2023-10,519,207,103,14,4516518
UAE_143,2023-11,331,132,66,7,1831187
UAE_143,2023-12,325,130,65,12,2052801
UAE_143,2024-01,401,160,80,12,2131100
UAE_143,2024-02,160,64,32,3,948617
UAE_143,2024-03,75,30,15,1,466941
UAE_143,2024-04,580,232,116,21,2606404
UAE_143,2024-05,335,134,67,12,1634332
UAE_143,2024-06,345,138,69,12,2683367
UAE_143,2024-07,306,122,61,7,1491204
UAE_143,2024-08,121,48,24,2,875306
UAE_143,2024-09,442,176,88,14,2316756
UAE_143,2024-10,295,118,59,9,982307
UAE_143,2024-11,339,135,67,10,3384936
UAE_143,2024-12,407,162,81,8,3541933
UAE_143,2025-01,275,110,55,8,2727246
UAE_143,2025-02,306,122,61,9,2316317
UAE_143,2025-03,560,224,112,8,2260370
UAE_143,2025-04,399,159,79,13,1866485
UAE_143,2025-05,440,176,88,8,3576216
UAE_143,2025-06,405,162,81,10,3414044
UAE_143,2025-07,432,172,86,16,1755387
UAE_143,2025-08,722,288,144,14,6100727
UAE_143,2025-09,493,197,98,14,3883490
UAE_143,2025-10,239,95,47,5,1173332
UAE_143,2025-11,129,51,25,3,382365
UAE_143,2025-12,303,121,60,5,3003129
UAE_144,2023-01,64,25,12,1,81331
UAE_144,2023-02,12,4,2,1,10822
UAE_144,2023-03,116,46,23,3,210468
UAE_144,2023-04,41,16,8,1,21906
UAE_144,2023-05,85,34,17,1,144301
UAE_144,2023-06,67,26,13,1,62365
UAE_144,2023-07,112,44,22,4,165018
UAE_144,2023-08,37,14,7,1,24001
UAE_144,2023-09,93,37,18,2,150832
UAE_144,2023-10,38,15,7,1,45910
UAE_144,2023-11,38,15,7,1,56800
UAE_144,2023-12,27,10,5,1,40351
UAE_144,2024-01,28,11,5,1,34789
UAE_144,2024-02,57,22,11,1,64876
UAE_144,2024-03,65,26,13,1,33603
UAE_144,2024-04,62,24,12,1,77921
UAE_144,2024-05,74,29,14,2,63837
UAE_144,2024-06,89,35,17,2,126157
UAE_144,2024-07,78,31,15,1,51725
UAE_144,2024-08,243,97,48,5,146284
UAE_144,2024-09,67,26,13,1,118640
UAE_144,2024-10,70,28,14,1,52333
UAE_144,2024-11,80,32,16,1,86585
UAE_144,2024-12,61,24,12,1,69806
UAE_144,2025-01,13,5,2,1,19617
UAE_144,2025-02,83,33,16,2,80987
UAE_144,2025-03,101,40,20,3,157869
UAE_144,2025-04,72,28,14,2,74196
UAE_144,2025-05,93,37,18,2,71147
UAE_144,2025-06,30,12,6,1,28771
UAE_144,2025-07,75,30,15,2,68580
UAE_144,2025-08,92,36,18,2,99731
UAE_144,2025-09,23,9,4,1,16719
UAE_144,2025-10,20,8,4,1,20682
UAE_144,2025-11,83,33,16,1,155363
UAE_144,2025-12,56,22,11,1,94983
UAE_145,2023-01,38,15,7,1,21256
UAE_145,2023-02,20,8,4,1,22584
UAE_145,2023-03,42,16,8,1,47564
UAE_145,2023-04,24,9,4,1,19738
UAE_145,2023-05,40,16,8,1,31535
UAE_145,2023-06,20,8,4,1,14636
UAE_145,2023-07,86,34,17,2,27457
UAE_145,2023-08,64,25,12,1,46912
UAE_145,2023-09,22,8,4,1,6918
UAE_145,2023-10,45,18,9,1,25377
UAE_145,2023-11,47,18,9,1,38759
UAE_145,2023-12,65,26,13,2,52320
UAE_145,2024-01,12,4,2,1,3470
UAE_145,2024-02,36,14,7,1,18019
UAE_145,2024-03,21,8,4,1,17184
UAE_145,2024-04,30,12,6,1,28805
UAE_145,2024-05,73,29,14,2,52307
UAE_145,2024-06,57,22,11,1,46566
UAE_145,2024-07,38,15,7,1,27191
UAE_145,2024-08,73,29,14,1,54380
UAE_145,2024-09,20,8,4,1,9310
UAE_145,2024-10,28,11,5,1,16641
UAE_145,2024-11,48,19,9,1,22870
UAE_145,2024-12,53,21,10,1,37563
UAE_145,2025-01,36,14,7,1,36803
UAE_145,2025-02,20,8,4,1,21373
UAE_145,2025-03,21,8,4,1,23175
UAE_145,2025-04,37,14,7,1,21035
UAE_145,2025-05,43,17,8,1,50927
UAE_145,2025-06,78,31,15,2,68140
UAE_145,2025-07,34,13,6,1,29007
UAE_145,2025-08,26,10,5,1,21379
UAE_145,2025-09,56,22,11,1,44134
UAE_145,2025-10,18,7,3,1,13145
UAE_145,2025-11,35,14,7,1,36734
UAE_145,2025-12,26,10,5,1,14317
UAE_146,2023-01,60,24,12,2,67090
UAE_146,2023-02,24,9,4,1,8184
UAE_146,2023-03,14,5,2,1,5179
UAE_146,2023-04,28,11,5,1,16120
UAE_146,2023-05,34,13,6,1,15238
UAE_146,2023-06,56,22,11,1,32214
UAE_146,2023-07,65,26,13,1,60538
UAE_146,2023-08,63,25,12,1,61399
UAE_146,2023-09,78,31,15,2,54299
UAE_146,2023-10,28,11,5,1,19168
UAE_146,2023-11,37,14,7,1,20728
UAE_146,2023-12,13,5,2,1,14063
UAE_146,2024-01,39,15,7,1,20839
UAE_146,2024-02,45,18,9,1,25174
UAE_146,2024-03,37,14,7,1,11244
UAE_146,2024-04,35,14,7,1,25949
UAE_146,2024-05,17,6,3,1,14740
UAE_146,2024-06,51,20,10,1,40586
UAE_146,2024-07,31,12,6,1,30371
UAE_146,2024-08,70,28,14,1,63648
UAE_146,2024-09,59,23,11,1,35030
UAE_146,2024-10,19,7,3,1,15511
UAE_146,2024-11,48,19,9,1,26117
UAE_146,2024-12,69,27,13,1,29657
UAE_146,2025-01,60,24,12,1,61017
UAE_146,2025-02,67,26,13,1,23455
UAE_146,2025-03,39,15,7,1,22139
UAE_146,2025-04,22,8,4,1,17501
UAE_146,2025-05,36,14,7,1,36727
UAE_146,2025-06,36,14,7,1,33362
UAE_146,2025-07,35,14,7,1,21952
UAE_146,2025-08,79,31,15,1,39946
UAE_146,2025-09,22,8,4,1,20398
UAE_146,2025-10,30,12,6,1,24490
UAE_146,2025-11,57,22,11,1,59792
UAE_146,2025-12,55,22,11,1,29273
UAE_147,2023-01,30,12,6,1,22142
UAE_147,2023-02,32,12,6,1,14292
UAE_147,2023-03,42,16,8,1,43770
UAE_147,2023-04,57,22,11,2,61015
UAE_147,2023-05,33,13,6,1,26859
UAE_147,2023-06,47,18,9,1,14447
UAE_147,2023-07,26,10,5,1,23422
UAE_147,2023-08,30,12,6,1,18716
UAE_147,2023-09,14,5,2,1,10144
UAE_147,2023-10,30,12,6,1,13824
UAE_147,2023-11,28,11,5,1,27869
UAE_147,2023-12,38,15,7,1,13032
UAE_147,2024-01,13,5,2,1,10893
UAE_147,2024-02,39,15,7,1,18727
UAE_147,2024-03,25,10,5,1,9708
UAE_147,2024-04,31,12,6,1,25238
UAE_147,2024-05,54,21,10,1,26706
UAE_147,2024-06,78,31,15,1,53199
UAE_147,2024-07,79,31,15,1,90601
UAE_147,2024-08,25,10,5,1,9324
UAE_147,2024-09,36,14,7,1,22022
UAE_147,2024-10,20,8,4,1,11466
UAE_147,2024-11,16,6,3,1,11874
UAE_147,2024-12,40,16,8,1,42680
UAE_147,2025-01,29,11,5,1,18454
UAE_147,2025-02,60,24,12,2,24698
UAE_147,2025-03,40,16,8,1,38530
UAE_147,2025-04,17,6,3,1,7923
UAE_147,2025-05,20,8,4,1,21403
UAE_147,2025-06,34,13,6,1,21426
UAE_147,2025-07,31,12,6,1,11837
UAE_147,2025-08,55,22,11,1,44167
UAE_147,2025-09,46,18,9,1,29823
UAE_147,2025-10,30,12,6,1,9959
UAE_147,2025-11,61,24,12,1,39611
UAE_147,2025-12,51,20,10,1,39352
UAE_148,2023-01,77,30,15,1,58607
UAE_148,2023-02,49,19,9,1,74400
UAE_148,2023-03,11,4,2,1,8604
UAE_148,2023-04,88,35,17,2,82806
UAE_148,2023-05,105,42,21,2,100678
UAE_148,2023-06,34,13,6,1,54763
UAE_148,2023-07,77,30,15,3,136919
UAE_148,2023-08,46,18,9,1,59964
UAE_148,2023-09,130,52,26,4,84468
UAE_148,2023-10,65,26,13,1,47197
UAE_148,2023-11,61,24,12,1,48270
UAE_148,2023-12,74,29,14,1,48973
UAE_148,2024-01,51,20,10,1,26130
UAE_148,2024-02,27,10,5,1,37656
UAE_148,2024-03,106,42,21,2,186012
UAE_148,2024-04,32,12,6,1,30717
UAE_148,2024-05,65,26,13,2,108258
UAE_148,2024-06,120,48,24,4,58569
UAE_148,2024-07,91,36,18,3,47373
UAE_148,2024-08,110,44,22,3,157933
UAE_148,2024-09,96,38,19,1,144066
UAE_148,2024-10,90,36,18,2,132690
UAE_148,2024-11,63,25,12,1,73193
UAE_148,2024-12,33,13,6,1,41251
UAE_148,2025-01,31,12,6,1,27424
UAE_148,2025-02,83,33,16,1,50166
UAE_148,2025-03,78,31,15,1,118165
UAE_148,2025-04,113,45,22,2,144325
UAE_148,2025-05,43,17,8,1,45897
UAE_148,2025-06,120,48,24,3,125926
UAE_148,2025-07,60,24,12,1,49940
UAE_148,2025-08,90,36,18,3,141893
UAE_148,2025-09,89,35,17,2,132918
UAE_148,2025-10,86,34,17,1,90448
UAE_148,2025-11,33,13,6,1,58054
UAE_148,2025-12,89,35,17,3,153840
UAE_149,2023-01,344,137,68,12,2056735
UAE_149,2023-02,262,104,52,5,874076
UAE_149,2023-03,170,68,34,4,572404
UAE_149,2023-04,205,82,41,6,689006
UAE_149,2023-05,295,118,59,8,1476530
UAE_149,2023-06,157,62,31,2,486128
UAE_149,2023-07,72,28,14,2,181879
UAE_149,2023-08,374,149,74,13,2184742
UAE_149,2023-09,389,155,77,8,1388514
UAE_149,2023-10,93,37,18,2,440621
UAE_149,2023-11,397,158,79,10,748937
UAE_149,2023-12,225,90,45,7,1005291
UAE_149,2024-01,333,133,66,11,1272033
UAE_149,2024-02,243,97,48,8,1408526
UAE_149,2024-03,147,58,29,5,779187
UAE_149,2024-04,217,86,43,7,1044341
UAE_149,2024-05,107,42,21,3,422332
UAE_149,2024-06,340,136,68,11,901639
UAE_149,2024-07,382,152,76,6,2522424
UAE_149,2024-08,216,86,43,4,672191
UAE_149,2024-09,541,216,108,14,2251838
UAE_149,2024-10,355,142,71,10,892631
UAE_149,2024-11,102,40,20,2,372358
UAE_149,2024-12,151,60,30,5,648009
UAE_149,2025-01,255,102,51,6,732510
UAE_149,2025-02,108,43,21,2,222491
UAE_149,2025-03,99,39,19,3,467399
UAE_149,2025-04,211,84,42,7,564399
UAE_149,2025-05,395,158,79,14,1774935
UAE_149,2025-06,454,181,90,7,1006640
UAE_149,2025-07,191,76,38,5,1139107
UAE_149,2025-08,245,98,49,8,1558457
UAE_149,2025-09,402,160,80,12,1446387
UAE_149,2025-10,140,56,28,5,447639
UAE_149,2025-11,281,112,56,9,1471799
UAE_149,2025-12,239,95,47,7,936158
UAE_150,2023-01,50,20,10,1,91425
UAE_150,2023-02,70,28,14,1,92948
UAE_150,2023-03,40,16,8,1,39554
UAE_150,2023-04,86,34,17,1,136456
UAE_150,2023-05,66,26,13,2,68975
UAE_150,2023-06,52,20,10,1,55868
UAE_150,2023-07,98,39,19,3,97293
UAE_150,2023-08,60,24,12,1,44555
UAE_150,2023-09,36,14,7,1,62018
UAE_150,2023-10,44,17,8,1,55842
UAE_150,2023-11,77,30,15,2,71434
UAE_150,2023-12,25,10,5,1,24249
UAE_150,2024-01,88,35,17,2,117688
UAE_150,2024-02,23,9,4,1,18007
UAE_150,2024-03,39,15,7,1,62190
UAE_150,2024-04,47,18,9,1,68059
UAE_150,2024-05,95,38,19,1,55883
UAE_150,2024-06,107,42,21,3,116983
UAE_150,2024-07,47,18,9,1,25803
UAE_150,2024-08,65,26,13,2,43663
UAE_150,2024-09,73,29,14,1,122237
UAE_150,2024-10,72,28,14,2,35350
UAE_150,2024-11,27,10,5,1,24197
UAE_150,2024-12,51,20,10,1,38226
UAE_150,2025-01,38,15,7,1,67829
UAE_150,2025-02,40,16,8,1,57415
UAE_150,2025-03,44,17,8,1,24728
UAE_150,2025-04,61,24,12,1,30408
UAE_150,2025-05,75,30,15,1,46890
UAE_150,2025-06,30,12,6,1,24759
UAE_150,2025-07,29,11,5,1,48404
UAE_150,2025-08,127,50,25,4,156545
UAE_150,2025-09,117,46,23,2,189445
UAE_150,2025-10,52,20,10,1,80542
UAE_150,2025-11,62,24,12,2,66519
UAE_150,2025-12,50,20,10,1,74034
UAE_151,2023-01,18,7,3,1,25752
UAE_151,2023-02,52,20,10,1,55943
UAE_151,2023-03,17,6,3,1,13417
UAE_151,2023-04,115,46,23,1,147509
UAE_151,2023-05,76,30,15,2,104553
UAE_151,2023-06,89,35,17,3,133586
UAE_151,2023-07,69,27,13,2,62179
UAE_151,2023-08,137,54,27,3,68351
UAE_151,2023-09,75,30,15,2,104608
UAE_151,2023-10,25,10,5,1,31396
UAE_151,2023-11,20,8,4,1,17429
UAE_151,2023-12,51,20,10,1,76639
UAE_151,2024-01,42,16,8,1,56075
UAE_151,2024-02,42,16,8,1,60170
UAE_151,2024-03,106,42,21,2,93268
UAE_151,2024-04,93,37,18,2,81500
UAE_151,2024-05,68,27,13,2,48245
UAE_151,2024-06,98,39,19,1,59725
UAE_151,2024-07,75,30,15,2,102908
UAE_151,2024-08,46,18,9,1,28808
UAE_151,2024-09,32,12,6,1,40734
UAE_151,2024-10,37,14,7,1,17312
UAE_151,2024-11,63,25,12,2,58024
UAE_151,2024-12,71,28,14,1,34517
UAE_151,2025-01,87,34,17,2,128064
UAE_151,2025-02,16,6,3,1,18635
UAE_151,2025-03,64,25,12,1,46931
UAE_151,2025-04,19,7,3,1,25071
UAE_151,2025-05,84,33,16,2,55273
UAE_151,2025-06,32,12,6,1,35748
UAE_151,2025-07,144,57,28,4,114335
UAE_151,2025-08,92,36,18,3,43944
UAE_151,2025-09,74,29,14,2,48172
UAE_151,2025-10,73,29,14,1,36114
UAE_151,2025-11,69,27,13,1,60593
UAE_151,2025-12,68,27,13,1,91392
UAE_152,2023-01,1006,402,201,25,25151491
UAE_152,2023-02,2345,938,469,70,70124917
UAE_152,2023-03,934,373,186,17,32073579
UAE_152,2023-04,2164,865,432,86,76581451
UAE_152,2023-05,956,382,191,15,20270726
UAE_152,2023-06,587,234,117,12,12331172
UAE_152,2023-07,3359,1343,671,120,50779850
UAE_152,2023-08,1068,427,213,16,19783947
UAE_152,2023-09,1209,483,241,19,35714087
UAE_152,2023-10,1654,661,330,36,54336480
UAE_152,2023-11,1903,761,380,75,53251248
UAE_152,2023-12,1095,438,219,20,35916626
UAE_152,2024-01,1379,551,275,52,31469494
UAE_152,2024-02,498,199,99,7,10537660
UAE_152,2024-03,1857,742,371,64,21521494
UAE_152,2024-04,1367,546,273,22,15840382
UAE_152,2024-05,785,314,157,12,19382130
UAE_152,2024-06,635,254,127,14,8978003
UAE_152,2024-07,2362,944,472,65,88392648
UAE_152,2024-08,2550,1020,510,45,54228157
UAE_152,2024-09,1969,787,393,72,22429633
UAE_152,2024-10,1567,626,313,32,34357321
UAE_152,2024-11,690,276,138,21,20832618
UAE_152,2024-12,1439,575,287,46,43706118
UAE_152,2025-01,529,211,105,10,5954348
UAE_152,2025-02,578,231,115,20,17451814
UAE_152,2025-03,1762,704,352,35,56617221
UAE_152,2025-04,673,269,134,11,15860398
UAE_152,2025-05,714,285,142,12,11950263
UAE_152,2025-06,2271,908,454,43,39629532
UAE_152,2025-07,753,301,150,20,24063192
UAE_152,2025-08,1463,585,292,22,41939334
UAE_152,2025-09,1229,491,245,28,31713120
UAE_152,2025-10,1021,408,204,17,23842965
UAE_152,2025-11,1654,661,330,55,55324225
UAE_152,2025-12,940,376,188,16,27038272
UAE_153,2023-01,25,10,5,1,17359
UAE_153,2023-02,50,20,10,1,46886
UAE_153,2023-03,34,13,6,1,38363
UAE_153,2023-04,18,7,3,1,7265
UAE_153,2023-05,19,7,3,1,11383
UAE_153,2023-06,25,10,5,1,26969
UAE_153,2023-07,42,16,8,1,13588
UAE_153,2023-08,41,16,8,1,32082
UAE_153,2023-09,44,17,8,1,41315
UAE_153,2023-10,82,32,16,1,43941
UAE_153,2023-11,33,13,6,1,10300
UAE_153,2023-12,37,14,7,1,18197
UAE_153,2024-01,43,17,8,1,27592
UAE_153,2024-02,22,8,4,1,9999
UAE_153,2024-03,56,22,11,1,32617
UAE_153,2024-04,39,15,7,1,41255
UAE_153,2024-05,85,34,17,2,63921
UAE_153,2024-06,129,51,25,3,44974
UAE_153,2024-07,29,11,5,1,24962
UAE_153,2024-08,65,26,13,2,64856
UAE_153,2024-09,33,13,6,1,11374
UAE_153,2024-10,27,10,5,1,26093
UAE_153,2024-11,49,19,9,1,32292
UAE_153,2024-12,12,4,2,1,11787
UAE_153,2025-01,38,15,7,1,40361
UAE_153,2025-02,33,13,6,1,15725
UAE_153,2025-03,29,11,5,1,10342
UAE_153,2025-04,76,30,15,2,89496
UAE_153,2025-05,36,14,7,1,16284
UAE_153,2025-06,36,14,7,1,28895
UAE_153,2025-07,17,6,3,1,8851
UAE_153,2025-08,30,12,6,1,17774
UAE_153,2025-09,31,12,6,1,16838
UAE_153,2025-10,56,22,11,1,35107
UAE_153,2025-11,15,6,3,1,11011
UAE_153,2025-12,32,12,6,1,17973
UAE_154,2023-01,22,8,4,1,18840
UAE_154,2023-02,78,31,15,1,32058
UAE_154,2023-03,43,17,8,1,45524
UAE_154,2023-04,29,11,5,1,17969
UAE_154,2023-05,21,8,4,1,17054
UAE_154,2023-06,44,17,8,1,20965
UAE_154,2023-07,95,38,19,1,32586
UAE_154,2023-08,65,26,13,2,33361
UAE_154,2023-09,46,18,9,1,32732
UAE_154,2023-10,51,20,10,2,58999
UAE_154,2023-11,51,20,10,1,22113
UAE_154,2023-12,31,12,6,1,29354
UAE_154,2024-01,25,10,5,1,23871
UAE_154,2024-02,49,19,9,1,24260
UAE_154,2024-03,50,20,10,1,48103
UAE_154,2024-04,63,25,12,1,44118
UAE_154,2024-05,72,28,14,1,30375
UAE_154,2024-06,24,9,4,1,25792
UAE_154,2024-07,31,12,6,1,9374
UAE_154,2024-08,44,17,8,1,39919
UAE_154,2024-09,41,16,8,1,20159
UAE_154,2024-10,32,12,6,1,22237
UAE_154,2024-11,47,18,9,1,48970
UAE_154,2024-12,36,14,7,1,12705
UAE_154,2025-01,14,5,2,1,6946
UAE_154,2025-02,23,9,4,1,22043
UAE_154,2025-03,24,9,4,1,24515
UAE_154,2025-04,68,27,13,1,27583
UAE_154,2025-05,66,26,13,1,36884
UAE_154,2025-06,63,25,12,1,49783
UAE_154,2025-07,17,6,3,1,5821
UAE_154,2025-08,46,18,9,1,31831
UAE_154,2025-09,45,18,9,1,43040
UAE_154,2025-10,45,18,9,1,16196
UAE_154,2025-11,44,17,8,1,45633
UAE_154,2025-12,35,14,7,1,25947
UAE_155,2023-01,147,58,29,2,362425
UAE_155,2023-02,119,47,23,4,186367
UAE_155,2023-03,150,60,30,2,713457
UAE_155,2023-04,231,92,46,8,484645
UAE_155,2023-05,323,129,64,5,1376218
UAE_155,2023-06,343,137,68,5,664365
UAE_155,2023-07,74,29,14,2,146295
UAE_155,2023-08,233,93,46,7,1109909
UAE_155,2023-09,112,44,22,4,148419
UAE_155,2023-10,269,107,53,8,462613
UAE_155,2023-11,289,115,57,8,1385623
UAE_155,2023-12,256,102,51,10,859916
UAE_155,2024-01,64,25,12,1,248426
UAE_155,2024-02,331,132,66,9,809738
UAE_155,2024-03,66,26,13,2,286738
UAE_155,2024-04,72,28,14,2,297346
UAE_155,2024-05,181,72,36,4,747619
UAE_155,2024-06,245,98,49,7,422672
UAE_155,2024-07,212,84,42,8,915846
UAE_155,2024-08,208,83,41,4,351368
UAE_155,2024-09,471,188,94,11,1727802
UAE_155,2024-10,274,109,54,5,724336
UAE_155,2024-11,86,34,17,2,405492
UAE_155,2024-12,292,116,58,5,1406827
UAE_155,2025-01,219,87,43,4,1008203
UAE_155,2025-02,305,122,61,5,1271120
UAE_155,2025-03,136,54,27,2,199575
UAE_155,2025-04,71,28,14,1,122814
UAE_155,2025-05,95,38,19,1,296960
UAE_155,2025-06,303,121,60,8,508748
UAE_155,2025-07,194,77,38,4,519263
UAE_155,2025-08,147,58,29,4,518120
UAE_155,2025-09,80,32,16,1,181670
UAE_155,2025-10,107,42,21,2,430442
UAE_155,2025-11,169,67,33,3,583023
UAE_155,2025-12,113,45,22,1,228947
UAE_156,2023-01,12,4,2,1,10444
UAE_156,2023-02,82,32,16,2,100287
UAE_156,2023-03,41,16,8,1,59498
UAE_156,2023-04,33,13,6,1,33336
UAE_156,2023-05,53,21,10,1,75330
UAE_156,2023-06,23,9,4,1,32308
UAE_156,2023-07,90,36,18,2,109231
UAE_156,2023-08,34,13,6,1,48344
UAE_156,2023-09,66,26,13,2,98770
UAE_156,2023-10,46,18,9,1,66718
UAE_156,2023-11,48,19,9,1,60207
UAE_156,2023-12,20,8,4,1,22573
UAE_156,2024-01,38,15,7,1,29157
UAE_156,2024-02,29,11,5,1,44886
UAE_156,2024-03,83,33,16,1,75720
UAE_156,2024-04,74,29,14,1,77670
UAE_156,2024-05,55,22,11,1,69336
UAE_156,2024-06,73,29,14,2,110200
UAE_156,2024-07,156,62,31,4,134012
UAE_156,2024-08,68,27,13,1,112359
UAE_156,2024-09,29,11,5,1,45155
UAE_156,2024-10,72,28,14,1,106529
UAE_156,2024-11,69,27,13,2,61584
UAE_156,2024-12,84,33,16,2,111211
UAE_156,2025-01,20,8,4,1,25781
UAE_156,2025-02,46,18,9,1,60886
UAE_156,2025-03,64,25,12,1,45067
UAE_156,2025-04,90,36,18,3,64788
UAE_156,2025-05,83,33,16,1,120576
UAE_156,2025-06,39,15,7,1,39451
UAE_156,2025-07,43,17,8,1,44392
UAE_156,2025-08,59,23,11,1,94774
UAE_156,2025-09,82,32,16,1,119343
UAE_156,2025-10,61,24,12,1,89875
UAE_156,2025-11,64,25,12,2,90820
UAE_156,2025-12,61,24,12,1,85373
UAE_157,2023-01,69,27,13,2,314328
UAE_157,2023-02,323,129,64,9,1924447
UAE_157,2023-03,348,139,69,8,1352638
UAE_157,2023-04,381,152,76,6,1626059
UAE_157,2023-05,243,97,48,7,986151
UAE_157,2023-06,261,104,52,5,1624720
UAE_157,2023-07,328,131,65,11,829354
UAE_157,2023-08,606,242,121,20,1504925
UAE_157,2023-09,258,103,51,3,1869061
UAE_157,2023-10,273,109,54,8,1691753
UAE_157,2023-11,348,139,69,13,1632521
UAE_157,2023-12,228,91,45,6,1691735
UAE_157,2024-01,214,85,42,5,1243395
UAE_157,2024-02,293,117,58,5,1924401
UAE_157,2024-03,312,124,62,12,670202
UAE_157,2024-04,379,151,75,14,1646783
UAE_157,2024-05,117,46,23,3,691127
UAE_157,2024-06,256,102,51,5,1057694
UAE_157,2024-07,564,225,112,20,1449045
UAE_157,2024-08,419,167,83,13,994376
UAE_157,2024-09,361,144,72,10,2658038
UAE_157,2024-10,385,154,77,6,1840084
UAE_157,2024-11,416,166,83,10,3036931
UAE_157,2024-12,190,76,38,4,982489
UAE_157,2025-01,361,144,72,9,2630924
UAE_157,2025-02,174,69,34,4,1109043
UAE_157,2025-03,299,119,59,5,1929160
UAE_157,2025-04,199,79,39,5,1421864
UAE_157,2025-05,243,97,48,5,1669578
UAE_157,2025-06,211,84,42,7,1480788
UAE_157,2025-07,238,95,47,5,837430
UAE_157,2025-08,539,215,107,11,3211566
UAE_157,2025-09,186,74,37,4,947866
UAE_157,2025-10,449,179,89,16,2314267
UAE_157,2025-11,166,66,33,3,1033154
UAE_157,2025-12,339,135,67,12,1308028
UAE_158,2023-01,232,92,46,7,852787
UAE_158,2023-02,81,32,16,1,148226
UAE_158,2023-03,47,18,9,1,168943
UAE_158,2023-04,120,48,24,4,387013
UAE_158,2023-05,283,113,56,9,301332
UAE_158,2023-06,153,61,30,4,518925
UAE_158,2023-07,77,30,15,2,104781
UAE_158,2023-08,90,36,18,3,299059
UAE_158,2023-09,242,96,48,8,668134
UAE_158,2023-10,141,56,28,2,230800
UAE_158,2023-11,154,61,30,2,596021
UAE_158,2023-12,178,71,35,5,355847
UAE_158,2024-01,136,54,27,4,384189
UAE_158,2024-02,157,62,31,4,558073
UAE_158,2024-03,210,84,42,3,454610
UAE_158,2024-04,43,17,8,1,76405
UAE_158,2024-05,52,20,10,1,160393
UAE_158,2024-06,234,93,46,4,444222
UAE_158,2024-07,229,91,45,6,675179
UAE_158,2024-08,215,86,43,4,770916
UAE_158,2024-09,111,44,22,3,270819
UAE_158,2024-10,139,55,27,3,208880
UAE_158,2024-11,79,31,15,1,224980
UAE_158,2024-12,67,26,13,1,119768
UAE_158,2025-01,113,45,22,3,244867
UAE_158,2025-02,195,78,39,3,368438
UAE_158,2025-03,164,65,32,4,389749
UAE_158,2025-04,222,88,44,8,540202
UAE_158,2025-05,46,18,9,1,82443
UAE_158,2025-06,181,72,36,4,524076
UAE_158,2025-07,396,158,79,13,1179792
UAE_158,2025-08,108,43,21,1,291423
UAE_158,2025-09,93,37,18,1,304033
UAE_158,2025-10,164,65,32,4,204495
UAE_158,2025-11,105,42,21,3,180048
UAE_158,2025-12,88,35,17,3,123229
UAE_159,2023-01,50,20,10,1,40208
UAE_159,2023-02,42,16,8,1,39428
UAE_159,2023-03,28,11,5,1,30404
UAE_159,2023-04,41,16,8,1,19064
UAE_159,2023-05,57,22,11,1,33375
UAE_159,2023-06,68,27,13,2,56895
UAE_159,2023-07,70,28,14,2,70038
UAE_159,2023-08,27,10,5,1,24814
UAE_159,2023-09,40,16,8,1,46655
UAE_159,2023-10,67,26,13,1,76896
UAE_159,2023-11,56,22,11,1,35500
UAE_159,2023-12,17,6,3,1,4893
UAE_159,2024-01,66,26,13,2,61773
UAE_159,2024-02,48,19,9,1,50838
UAE_159,2024-03,52,20,10,1,49195
UAE_159,2024-04,74,29,14,2,82535
UAE_159,2024-05,65,26,13,2,73425
UAE_159,2024-06,91,36,18,2,41437
UAE_159,2024-07,63,25,12,2,58745
UAE_159,2024-08,51,20,10,1,32966
UAE_159,2024-09,61,24,12,1,31338
UAE_159,2024-10,77,30,15,2,46366
UAE_159,2024-11,24,9,4,1,9583
UAE_159,2024-12,29,11,5,1,27650
UAE_159,2025-01,55,22,11,1,47575
UAE_159,2025-02,54,21,10,1,55670
UAE_159,2025-03,16,6,3,1,17643
UAE_159,2025-04,58,23,11,1,45478
UAE_159,2025-05,66,26,13,1,76450
UAE_159,2025-06,27,10,5,1,8777
UAE_159,2025-07,47,18,9,1,43974
UAE_159,2025-08,30,12,6,1,31910
UAE_159,2025-09,67,26,13,1,73604
UAE_159,2025-10,16,6,3,1,14572
UAE_159,2025-11,13,5,2,1,14629
UAE_159,2025-12,29,11,5,1,10503
UAE_160,2023-01,282,112,56,8,1694193
UAE_160,2023-02,257,102,51,8,1675956
UAE_160,2023-03,432,172,86,15,2628134
UAE_160,2023-04,488,195,97,17,1247350
UAE_160,2023-05,118,47,23,3,1015502
UAE_160,2023-06,437,174,87,11,4041108
UAE_160,2023-07,174,69,34,5,700398
UAE_160,2023-08,630,252,126,21,4450020
UAE_160,2023-09,258,103,51,6,1882331
UAE_160,2023-10,199,79,39,3,1427539
UAE_160,2023-11,458,183,91,12,1579196
UAE_160,2023-12,169,67,33,6,1530343
UAE_160,2024-01,226,90,45,3,1425683
UAE_160,2024-02,301,120,60,5,1964437
UAE_160,2024-03,158,63,31,4,954976
UAE_160,2024-04,166,66,33,4,1327235
UAE_160,2024-05,318,127,63,6,1954683
UAE_160,2024-06,457,182,91,10,3542093
UAE_160,2024-07,607,242,121,19,4083897
UAE_160,2024-08,249,99,49,9,1923541
UAE_160,2024-09,182,72,36,5,535563
UAE_160,2024-10,182,72,36,7,1098725
UAE_160,2024-11,121,48,24,1,554566
UAE_160,2024-12,221,88,44,3,1898899
UAE_160,2025-01,199,79,39,6,1483758
UAE_160,2025-02,415,166,83,11,2287689
UAE_160,2025-03,125,50,25,3,469966
UAE_160,2025-04,455,182,91,16,3947299
UAE_160,2025-05,219,87,43,3,1129012
UAE_160,2025-06,151,60,30,4,1286332
UAE_160,2025-07,170,68,34,3,1132351
UAE_160,2025-08,468,187,93,12,2511387
UAE_160,2025-09,265,106,53,8,1437246
UAE_160,2025-10,220,88,44,5,1971291
UAE_160,2025-11,335,134,67,6,1102338
UAE_160,2025-12,459,183,91,8,2916716
UAE_161,2023-01,16,6,3,1,17380
UAE_161,2023-02,42,16,8,1,26836
UAE_161,2023-03,11,4,2,1,10540
UAE_161,2023-04,61,24,12,1,32814
UAE_161,2023-05,37,14,7,1,21667
UAE_161,2023-06,43,17,8,1,28953
UAE_161,2023-07,15,6,3,1,9981
UAE_161,2023-08,98,39,19,2,74833
UAE_161,2023-09,45,18,9,1,53744
UAE_161,2023-10,49,19,9,1,40976
UAE_161,2023-11,37,14,7,1,36338
UAE_161,2023-12,21,8,4,1,10191
UAE_161,2024-01,35,14,7,1,21872
UAE_161,2024-02,53,21,10,1,54045
UAE_161,2024-03,22,8,4,1,14365
UAE_161,2024-04,29,11,5,1,17050
UAE_161,2024-05,25,10,5,1,14366
UAE_161,2024-06,21,8,4,1,13464
UAE_161,2024-07,72,28,14,2,55434
UAE_161,2024-08,13,5,2,1,4531
UAE_161,2024-09,73,29,14,1,81599
UAE_161,2024-10,15,6,3,1,13291
UAE_161,2024-11,12,4,2,1,9032
UAE_161,2024-12,67,26,13,1,30499
UAE_161,2025-01,38,15,7,1,43803
UAE_161,2025-02,63,25,12,2,42313
UAE_161,2025-03,57,22,11,1,54950
UAE_161,2025-04,23,9,4,1,24960
UAE_161,2025-05,14,5,2,1,7867
UAE_161,2025-06,68,27,13,2,73959
UAE_161,2025-07,49,19,9,1,17960
UAE_161,2025-08,71,28,14,1,40993
UAE_161,2025-09,52,20,10,1,56083
UAE_161,2025-10,66,26,13,1,52905
UAE_161,2025-11,50,20,10,1,32190
UAE_161,2025-12,28,11,5,1,13796
UAE_162,2023-01,61,24,12,1,74133
UAE_162,2023-02,45,18,9,1,63712
UAE_162,2023-03,30,12,6,1,10946
UAE_162,2023-04,49,19,9,1,44025
UAE_162,2023-05,40,16,8,1,36011
UAE_162,2023-06,99,39,19,2,129930
UAE_162,2023-07,37,14,7,1,21188
UAE_162,2023-08,25,10,5,1,28308
UAE_162,2023-09,27,10,5,1,23180
UAE_162,2023-10,48,19,9,1,20805
UAE_162,2023-11,29,11,5,1,34265
UAE_162,2023-12,49,19,9,1,24751
UAE_162,2024-01,48,19,9,1,38197
UAE_162,2024-02,21,8,4,1,26022
UAE_162,2024-03,86,34,17,2,77775
UAE_162,2024-04,47,18,9,1,56575
UAE_162,2024-05,25,10,5,1,23634
UAE_162,2024-06,31,12,6,1,19494
UAE_162,2024-07,30,12,6,1,26610
UAE_162,2024-08,38,15,7,1,52334
UAE_162,2024-09,48,19,9,1,43696
UAE_162,2024-10,44,17,8,1,50827
UAE_162,2024-11,70,28,14,2,40971
UAE_162,2024-12,27,10,5,1,34532
UAE_162,2025-01,55,22,11,1,73630
UAE_162,2025-02,54,21,10,2,68339
UAE_162,2025-03,51,20,10,1,58129
UAE_162,2025-04,39,15,7,1,14339
UAE_162,2025-05,59,23,11,1,52857
UAE_162,2025-06,55,22,11,1,26780
UAE_162,2025-07,73,29,14,2,50843
UAE_162,2025-08,48,19,9,1,30801
UAE_162,2025-09,56,22,11,2,42281
UAE_162,2025-10,28,11,5,1,30091
UAE_162,2025-11,82,32,16,2,65515
UAE_162,2025-12,74,29,14,1,59991
UAE_163,2023-01,27,10,5,1,9914
UAE_163,2023-02,25,10,5,1,18406
UAE_163,2023-03,25,10,5,1,28639
UAE_163,2023-04,11,4,2,1,5301
UAE_163,2023-05,20,8,4,1,13651
UAE_163,2023-06,24,9,4,1,23648
UAE_163,2023-07,40,16,8,1,46913
UAE_163,2023-08,65,26,13,1,65345
UAE_163,2023-09,21,8,4,1,22641
UAE_163,2023-10,22,8,4,1,8691
UAE_163,2023-11,36,14,7,1,16307
UAE_163,2023-12,42,16,8,1,12700
UAE_163,2024-01,38,15,7,1,29475
UAE_163,2024-02,15,6,3,1,4531
UAE_163,2024-03,29,11,5,1,23927
UAE_163,2024-04,50,20,10,1,34009
UAE_163,2024-05,68,27,13,1,79031
UAE_163,2024-06,81,32,16,2,32504
UAE_163,2024-07,14,5,2,1,14782
UAE_163,2024-08,38,15,7,1,27366
UAE_163,2024-09,61,24,12,1,31350
UAE_163,2024-10,35,14,7,1,39329
UAE_163,2024-11,30,12,6,1,26440
UAE_163,2024-12,12,4,2,1,6456
UAE_163,2025-01,62,24,12,1,49656
UAE_163,2025-02,20,8,4,1,22720
UAE_163,2025-03,13,5,2,1,12230
UAE_163,2025-04,10,4,2,1,5355
UAE_163,2025-05,29,11,5,1,25005
UAE_163,2025-06,36,14,7,1,36536
UAE_163,2025-07,58,23,11,1,66363
UAE_163,2025-08,19,7,3,1,6619
UAE_163,2025-09,98,39,19,2,74032
UAE_163,2025-10,91,36,18,3,56475
UAE_163,2025-11,37,14,7,1,36788
UAE_163,2025-12,49,19,9,1,45161
UAE_164,2023-01,32,12,6,1,10246
UAE_164,2023-02,33,13,6,1,27821
UAE_164,2023-03,40,16,8,1,20106
UAE_164,2023-04,18,7,3,1,10288
UAE_164,2023-05,19,7,3,1,16998
UAE_164,2023-06,11,4,2,1,3872
UAE_164,2023-07,38,15,7,1,15669
UAE_164,2023-08,37,14,7,1,12117
UAE_164,2023-09,43,17,8,1,32751
UAE_164,2023-10,28,11,5,1,28491
UAE_164,2023-11,58,23,11,2,25437
UAE_164,2023-12,55,22,11,1,58542
UAE_164,2024-01,10,4,2,1,7323
UAE_164,2024-02,48,19,9,1,35404
UAE_164,2024-03,25,10,5,1,16334
UAE_164,2024-04,55,22,11,1,29467
UAE_164,2024-05,51,20,10,1,28905
UAE_164,2024-06,72,28,14,2,67280
UAE_164,2024-07,45,18,9,1,48621
UAE_164,2024-08,50,20,10,1,35075
UAE_164,2024-09,102,40,20,2,70457
UAE_164,2024-10,21,8,4,1,20345
UAE_164,2024-11,49,19,9,1,22463
UAE_164,2024-12,48,19,9,1,34340
UAE_164,2025-01,66,26,13,1,51909
UAE_164,2025-02,28,11,5,1,12122
UAE_164,2025-03,47,18,9,1,33435
UAE_164,2025-04,62,24,12,1,23334
UAE_164,2025-05,44,17,8,1,26312
UAE_164,2025-06,45,18,9,1,22006
UAE_164,2025-07,52,20,10,2,23100
UAE_164,2025-08,70,28,14,2,80936
UAE_164,2025-09,13,5,2,1,10806
UAE_164,2025-10,30,12,6,1,32976
UAE_164,2025-11,30,12,6,1,24538
UAE_164,2025-12,38,15,7,1,12104
UAE_165,2023-01,33,13,6,1,14115
UAE_165,2023-02,69,27,13,1,56539
UAE_165,2023-03,51,20,10,1,19480
UAE_165,2023-04,79,31,15,2,72773
UAE_165,2023-05,49,19,9,1,50459
UAE_165,2023-06,37,14,7,1,17973
UAE_165,2023-07,82,32,16,3,80387
UAE_165,2023-08,43,17,8,1,26526
UAE_165,2023-09,14,5,2,1,8648
UAE_165,2023-10,37,14,7,1,40414
UAE_165,2023-11,32,12,6,1,29404
UAE_165,2023-12,25,10,5,1,24860
UAE_165,2024-01,35,14,7,1,32080
UAE_165,2024-02,12,4,2,1,4286
UAE_165,2024-03,20,8,4,1,7236
UAE_165,2024-04,50,20,10,1,54032
UAE_165,2024-05,30,12,6,1,16548
UAE_165,2024-06,21,8,4,1,14353
UAE_165,2024-07,21,8,4,1,7291
UAE_165,2024-08,27,10,5,1,9671
UAE_165,2024-09,40,16,8,1,18739
UAE_165,2024-10,78,31,15,2,24615
UAE_165,2024-11,13,5,2,1,14908
UAE_165,2024-12,20,8,4,1,7604
UAE_165,2025-01,18,7,3,1,14034
UAE_165,2025-02,45,18,9,1,15078
UAE_165,2025-03,71,28,14,1,23322
UAE_165,2025-04,57,22,11,1,21853
UAE_165,2025-05,26,10,5,1,15370
UAE_165,2025-06,97,38,19,2,97615
UAE_165,2025-07,75,30,15,1,79871
UAE_165,2025-08,44,17,8,1,15966
UAE_165,2025-09,74,29,14,2,45795
UAE_165,2025-10,90,36,18,1,79758
UAE_165,2025-11,45,18,9,1,35144
UAE_165,2025-12,17,6,3,1,5934
UAE_166,2023-01,43,17,8,1,30352
UAE_166,2023-02,28,11,5,1,20521
UAE_166,2023-03,14,5,2,1,14629
UAE_166,2023-04,59,23,11,2,52553
UAE_166,2023-05,43,17,8,1,38855
UAE_166,2023-06,37,14,7,1,11408
UAE_166,2023-07,15,6,3,1,8799
UAE_166,2023-08,25,10,5,1,21357
UAE_166,2023-09,69,27,13,1,46369
UAE_166,2023-10,31,12,6,1,15230
UAE_166,2023-11,61,24,12,2,19627
UAE_166,2023-12,49,19,9,1,35683
UAE_166,2024-01,33,13,6,1,21317
UAE_166,2024-02,45,18,9,1,43437
UAE_166,2024-03,65,26,13,1,47678
UAE_166,2024-04,21,8,4,1,17906
UAE_166,2024-05,43,17,8,1,20857
UAE_166,2024-06,60,24,12,1,28282
UAE_166,2024-07,39,15,7,1,18997
UAE_166,2024-08,57,22,11,1,53756
UAE_166,2024-09,44,17,8,1,30443
UAE_166,2024-10,48,19,9,1,38250
UAE_166,2024-11,25,10,5,1,10437
UAE_166,2024-12,15,6,3,1,16512
UAE_166,2025-01,34,13,6,1,11784
UAE_166,2025-02,92,36,18,2,39094
UAE_166,2025-03,31,12,6,1,24840
UAE_166,2025-04,32,12,6,1,29547
UAE_166,2025-05,44,17,8,1,21123
UAE_166,2025-06,44,17,8,1,21148
UAE_166,2025-07,86,34,17,2,91835
UAE_166,2025-08,34,13,6,1,11721
UAE_166,2025-09,17,6,3,1,14496
UAE_166,2025-10,49,19,9,1,19252
UAE_166,2025-11,11,4,2,1,11696
UAE_166,2025-12,43,17,8,1,37052
UAE_167,2023-01,45,18,9,1,35884
UAE_167,2023-02,50,20,10,1,53424
UAE_167,2023-03,60,24,12,2,125439
UAE_167,2023-04,83,33,16,2,133487
UAE_167,2023-05,82,32,16,1,134459
UAE_167,2023-06,114,45,22,2,101812
UAE_167,2023-07,64,25,12,2,119242
UAE_167,2023-08,61,24,12,1,118342
UAE_167,2023-09,140,56,28,2,173286
UAE_167,2023-10,68,27,13,2,80278
UAE_167,2023-11,80,32,16,1,157138
UAE_167,2023-12,39,15,7,1,23433
UAE_167,2024-01,74,29,14,2,100141
UAE_167,2024-02,55,22,11,2,45750
UAE_167,2024-03,30,12,6,1,59654
UAE_167,2024-04,31,12,6,1,29548
UAE_167,2024-05,24,9,4,1,47866
UAE_167,2024-06,21,8,4,1,28595
UAE_167,2024-07,139,55,27,3,125535
UAE_167,2024-08,38,15,7,1,56100
UAE_167,2024-09,91,36,18,2,105889
UAE_167,2024-10,105,42,21,2,142970
UAE_167,2024-11,55,22,11,1,94122
UAE_167,2024-12,37,14,7,1,27449
UAE_167,2025-01,36,14,7,1,55403
UAE_167,2025-02,127,50,25,4,138829
UAE_167,2025-03,107,42,21,2,80432
UAE_167,2025-04,42,16,8,1,50307
UAE_167,2025-05,50,20,10,1,82671
UAE_167,2025-06,33,13,6,1,46270
UAE_167,2025-07,28,11,5,1,44407
UAE_167,2025-08,31,12,6,1,36538
UAE_167,2025-09,32,12,6,1,44007
UAE_167,2025-10,24,9,4,1,48496
UAE_167,2025-11,23,9,4,1,12435
UAE_167,2025-12,68,27,13,2,97894
UAE_168,2023-01,110,44,22,3,270321
UAE_168,2023-02,268,107,53,5,1072581
UAE_168,2023-03,234,93,46,4,727998
UAE_168,2023-04,193,77,38,3,1182489
UAE_168,2023-05,186,74,37,3,715910
UAE_168,2023-06,149,59,29,2,482922
UAE_168,2023-07,356,142,71,9,2149887
UAE_168,2023-08,182,72,36,6,852432
UAE_168,2023-09,383,153,76,10,1213262
UAE_168,2023-10,221,88,44,4,1323298
UAE_168,2023-11,215,86,43,6,772130
UAE_168,2023-12,326,130,65,12,749569
UAE_168,2024-01,326,130,65,10,524110
UAE_168,2024-02,103,41,20,2,620358
UAE_168,2024-03,117,46,23,2,675857
UAE_168,2024-04,276,110,55,4,751813
UAE_168,2024-05,257,102,51,8,418203
UAE_168,2024-06,276,110,55,5,1016309
UAE_168,2024-07,417,166,83,14,1501999
UAE_168,2024-08,300,120,60,10,1695462
UAE_168,2024-09,249,99,49,3,1285856
UAE_168,2024-10,166,66,33,2,515542
UAE_168,2024-11,215,86,43,5,1318168
UAE_168,2024-12,138,55,27,4,700027
UAE_168,2025-01,315,126,63,9,758564
UAE_168,2025-02,194,77,38,7,465069
UAE_168,2025-03,116,46,23,3,352599
UAE_168,2025-04,310,124,62,12,818900
UAE_168,2025-05,85,34,17,1,191118
UAE_168,2025-06,213,85,42,6,565884
UAE_168,2025-07,222,88,44,4,1037204
UAE_168,2025-08,290,116,58,6,1190263
UAE_168,2025-09,415,166,83,6,1028879
UAE_168,2025-10,99,39,19,2,488494
UAE_168,2025-11,124,49,24,4,201345
UAE_168,2025-12,65,26,13,1,192535
UAE_169,2023-01,12,4,2,1,3529
UAE_169,2023-02,56,22,11,1,47903
UAE_169,2023-03,47,18,9,1,24451
UAE_169,2023-04,19,7,3,1,10119
UAE_169,2023-05,44,17,8,1,28312
UAE_169,2023-06,25,10,5,1,18286
UAE_169,2023-07,63,25,12,2,55208
UAE_169,2023-08,23,9,4,1,15752
UAE_169,2023-09,38,15,7,1,38853
UAE_169,2023-10,55,22,11,1,32388
UAE_169,2023-11,21,8,4,1,19846
UAE_169,2023-12,27,10,5,1,18499
UAE_169,2024-01,31,12,6,1,26789
UAE_169,2024-02,22,8,4,1,15851
UAE_169,2024-03,33,13,6,1,32319
UAE_169,2024-04,77,30,15,2,76272
UAE_169,2024-05,34,13,6,1,35821
UAE_169,2024-06,34,13,6,1,28862
UAE_169,2024-07,20,8,4,1,13427
UAE_169,2024-08,11,4,2,1,11946
UAE_169,2024-09,42,16,8,1,20461
UAE_169,2024-10,10,4,2,1,7226
UAE_169,2024-11,23,9,4,1,23485
UAE_169,2024-12,57,22,11,2,20331
UAE_169,2025-01,89,35,17,2,102624
UAE_169,2025-02,24,9,4,1,16345
UAE_169,2025-03,18,7,3,1,6411
UAE_169,2025-04,58,23,11,1,46054
UAE_169,2025-05,59,23,11,1,60473
UAE_169,2025-06,11,4,2,1,6903
UAE_169,2025-07,25,10,5,1,17329
UAE_169,2025-08,42,16,8,1,33711
UAE_169,2025-09,19,7,3,1,10076
UAE_169,2025-10,11,4,2,1,9160
UAE_169,2025-11,52,20,10,1,26856
UAE_169,2025-12,49,19,9,1,47842
UAE_170,2023-01,237,94,47,7,679047
UAE_170,2023-02,488,195,97,12,3146401
UAE_170,2023-03,470,188,94,16,1685688
UAE_170,2023-04,262,104,52,9,839329
UAE_170,2023-05,457,182,91,16,2862885
UAE_170,2023-06,347,138,69,9,1660947
UAE_170,2023-07,481,192,96,8,2414054
UAE_170,2023-08,414,165,82,12,888822
UAE_170,2023-09,368,147,73,11,2474627
UAE_170,2023-10,230,92,46,3,1183827
UAE_170,2023-11,411,164,82,13,1543077
UAE_170,2023-12,188,75,37,3,382788
UAE_170,2024-01,201,80,40,7,1445944
UAE_170,2024-02,283,113,56,10,1592342
UAE_170,2024-03,180,72,36,3,1102289
UAE_170,2024-04,442,176,88,8,1281667
UAE_170,2024-05,421,168,84,14,3111766
UAE_170,2024-06,242,96,48,5,1382786
UAE_170,2024-07,360,144,72,8,1577363
UAE_170,2024-08,324,129,64,10,1236604
UAE_170,2024-09,307,122,61,5,2111920
UAE_170,2024-10,173,69,34,4,336297
UAE_170,2024-11,195,78,39,7,1165437
UAE_170,2024-12,268,107,53,4,637140
UAE_170,2025-01,168,67,33,4,366321
UAE_170,2025-02,505,202,101,16,1711867
UAE_170,2025-03,158,63,31,4,405180
UAE_170,2025-04,115,46,23,2,568895
UAE_170,2025-05,133,53,26,2,811828
UAE_170,2025-06,295,118,59,5,1026165
UAE_170,2025-07,339,135,67,5,1216838
UAE_170,2025-08,374,149,74,13,785663
UAE_170,2025-09,326,130,65,6,762866
UAE_170,2025-10,237,94,47,6,914573
UAE_170,2025-11,429,171,85,13,1197391
UAE_170,2025-12,294,117,58,6,693332
UAE_171,2023-01,101,40,20,3,269307
UAE_171,2023-02,99,39,19,2,366053
UAE_171,2023-03,61,24,12,2,148551
UAE_171,2023-04,37,14,7,1,134528
UAE_171,2023-05,61,24,12,2,197451
UAE_171,2023-06,221,88,44,6,419092
UAE_171,2023-07,330,132,66,6,1099206
UAE_171,2023-08,160,64,32,4,582537
UAE_171,2023-09,104,41,20,3,363084
UAE_171,2023-10,87,34,17,3,346119
UAE_171,2023-11,162,64,32,4,191514
UAE_171,2023-12,332,132,66,10,1120771
UAE_171,2024-01,118,47,23,3,450159
UAE_171,2024-02,69,27,13,2,98205
UAE_171,2024-03,227,90,45,3,780275
UAE_171,2024-04,140,56,28,5,170614
UAE_171,2024-05,187,74,37,5,399058
UAE_171,2024-06,84,33,16,2,147077
UAE_171,2024-07,254,101,50,8,508145
UAE_171,2024-08,186,74,37,7,687948
UAE_171,2024-09,49,19,9,1,174499
UAE_171,2024-10,149,59,29,3,217901
UAE_171,2024-11,184,73,36,5,756483
UAE_171,2024-12,207,82,41,4,836960
UAE_171,2025-01,123,49,24,2,521716
UAE_171,2025-02,108,43,21,2,226418
UAE_171,2025-03,155,62,31,4,382717
UAE_171,2025-04,246,98,49,6,426069
UAE_171,2025-05,179,71,35,6,552963
UAE_171,2025-06,226,90,45,5,488931
UAE_171,2025-07,250,100,50,7,586611
UAE_171,2025-08,130,52,26,3,335171
UAE_171,2025-09,148,59,29,3,161013
UAE_171,2025-10,88,35,17,2,214443
UAE_171,2025-11,55,22,11,1,231883
UAE_171,2025-12,68,27,13,1,174226
UAE_172,2023-01,133,53,26,4,120443
UAE_172,2023-02,37,14,7,1,57766
UAE_172,2023-03,75,30,15,1,47659
UAE_172,2023-04,41,16,8,1,33734
UAE_172,2023-05,104,41,20,3,50633
UAE_172,2023-06,62,24,12,1,81123
UAE_172,2023-07,57,22,11,1,86396
UAE_172,2023-08,127,50,25,3,198138
UAE_172,2023-09,35,14,7,1,18130
UAE_172,2023-10,27,10,5,1,45292
UAE_172,2023-11,18,7,3,1,26690
UAE_172,2023-12,37,14,7,1,31458
UAE_172,2024-01,70,28,14,1,112103
UAE_172,2024-02,66,26,13,1,90771
UAE_172,2024-03,55,22,11,1,60325
UAE_172,2024-04,79,31,15,1,68931
UAE_172,2024-05,91,36,18,2,85749
UAE_172,2024-06,45,18,9,1,72023
UAE_172,2024-07,126,50,25,3,192448
UAE_172,2024-08,52,20,10,1,45297
UAE_172,2024-09,170,68,34,3,91690
UAE_172,2024-10,32,12,6,1,25861
UAE_172,2024-11,25,10,5,1,24529
UAE_172,2024-12,102,40,20,3,68088
UAE_172,2025-01,44,17,8,1,45500
UAE_172,2025-02,118,47,23,2,208012
UAE_172,2025-03,23,9,4,1,38026
UAE_172,2025-04,79,31,15,2,138020
UAE_172,2025-05,125,50,25,3,232198
UAE_172,2025-06,20,8,4,1,34946
UAE_172,2025-07,62,24,12,1,89416
UAE_172,2025-08,118,47,23,3,186917
UAE_172,2025-09,128,51,25,4,97774
UAE_172,2025-10,42,16,8,1,22700
UAE_172,2025-11,90,36,18,2,61462
UAE_172,2025-12,41,16,8,1,40084
UAE_173,2023-01,45,18,9,1,26498
UAE_173,2023-02,62,24,12,2,121266
UAE_173,2023-03,21,8,4,1,39329
UAE_173,2023-04,162,64,32,3,318958
UAE_173,2023-05,84,33,16,1,99613
UAE_173,2023-06,75,30,15,1,100529
UAE_173,2023-07,61,24,12,2,43216
UAE_173,2023-08,109,43,21,2,171050
UAE_173,2023-09,128,51,25,4,80273
UAE_173,2023-10,59,23,11,1,69708
UAE_173,2023-11,107,42,21,2,108133
UAE_173,2023-12,75,30,15,1,157020
UAE_173,2024-01,70,28,14,1,138984
UAE_173,2024-02,95,38,19,3,203551
UAE_173,2024-03,152,60,30,5,91738
UAE_173,2024-04,59,23,11,1,112008
UAE_173,2024-05,67,26,13,1,78147
UAE_173,2024-06,146,58,29,2,270181
UAE_173,2024-07,68,27,13,2,138156
UAE_173,2024-08,159,63,31,4,286694
UAE_173,2024-09,28,11,5,1,30580
UAE_173,2024-10,90,36,18,3,100823
UAE_173,2024-11,52,20,10,1,54330
UAE_173,2024-12,73,29,14,2,89374
UAE_173,2025-01,83,33,16,2,101830
UAE_173,2025-02,72,28,14,1,97109
UAE_173,2025-03,79,31,15,3,103333
UAE_173,2025-04,42,16,8,1,53492
UAE_173,2025-05,115,46,23,4,215402
UAE_173,2025-06,85,34,17,2,122435
UAE_173,2025-07,152,60,30,4,99178
UAE_173,2025-08,86,34,17,3,62774
UAE_173,2025-09,50,20,10,1,42868
UAE_173,2025-10,103,41,20,3,180620
UAE_173,2025-11,51,20,10,1,34693
UAE_173,2025-12,115,46,23,2,202432
UAE_174,2023-01,31,12,6,1,20367
UAE_174,2023-02,39,15,7,1,79033
UAE_174,2023-03,56,22,11,1,56557
UAE_174,2023-04,45,18,9,1,86118
UAE_174,2023-05,66,26,13,1,123076
UAE_174,2023-06,39,15,7,1,76549
UAE_174,2023-07,193,77,38,3,128392
UAE_174,2023-08,142,56,28,5,267879
UAE_174,2023-09,118,47,23,3,100361
UAE_174,2023-10,201,80,40,5,294608
UAE_174,2023-11,81,32,16,3,47252
UAE_174,2023-12,14,5,2,1,26651
UAE_174,2024-01,65,26,13,1,124837
UAE_174,2024-02,50,20,10,1,30933
UAE_174,2024-03,24,9,4,1,34786
UAE_174,2024-04,30,12,6,1,28247
UAE_174,2024-05,146,58,29,4,194877
UAE_174,2024-06,18,7,3,1,17102
UAE_174,2024-07,79,31,15,1,143440
UAE_174,2024-08,62,24,12,1,97715
UAE_174,2024-09,104,41,20,3,157981
UAE_174,2024-10,81,32,16,1,163190
UAE_174,2024-11,78,31,15,1,82812
UAE_174,2024-12,90,36,18,1,96779
UAE_174,2025-01,30,12,6,1,58736
UAE_174,2025-02,73,29,14,2,142398
UAE_174,2025-03,67,26,13,2,40792
UAE_174,2025-04,86,34,17,1,92623
UAE_174,2025-05,79,31,15,2,118274
UAE_174,2025-06,135,54,27,3,273943
UAE_174,2025-07,58,23,11,2,109407
UAE_174,2025-08,122,48,24,4,143299
UAE_174,2025-09,58,23,11,1,42500
UAE_174,2025-10,101,40,20,3,201173
UAE_174,2025-11,27,10,5,1,23955
UAE_174,2025-12,35,14,7,1,30008
UAE_175,2023-01,47,18,9,1,22685
UAE_175,2023-02,75,30,15,2,85059
UAE_175,2023-03,100,40,20,1,156375
UAE_175,2023-04,52,20,10,1,62919
UAE_175,2023-05,71,28,14,1,42328
UAE_175,2023-06,25,10,5,1,14675
UAE_175,2023-07,70,28,14,2,40250
UAE_175,2023-08,57,22,11,1,52561
UAE_175,2023-09,33,13,6,1,26301
UAE_175,2023-10,45,18,9,1,31202
UAE_175,2023-11,92,36,18,3,129286
UAE_175,2023-12,72,28,14,2,91581
UAE_175,2024-01,63,25,12,1,90954
UAE_175,2024-02,70,28,14,2,108986
UAE_175,2024-03,95,38,19,1,94068
UAE_175,2024-04,89,35,17,3,46976
UAE_175,2024-05,107,42,21,3,142159
UAE_175,2024-06,110,44,22,3,163007
UAE_175,2024-07,30,12,6,1,23838
UAE_175,2024-08,23,9,4,1,22209
UAE_175,2024-09,76,30,15,1,32159
UAE_175,2024-10,76,30,15,1,50631
UAE_175,2024-11,45,18,9,1,42479
UAE_175,2024-12,78,31,15,2,39136
UAE_175,2025-01,56,22,11,1,78889
UAE_175,2025-02,17,6,3,1,8660
UAE_175,2025-03,37,14,7,1,58308
UAE_175,2025-04,31,12,6,1,14714
UAE_175,2025-05,84,33,16,2,129729
UAE_175,2025-06,29,11,5,1,39379
UAE_175,2025-07,55,22,11,1,53235
UAE_175,2025-08,23,9,4,1,16539
UAE_175,2025-09,49,19,9,1,39739
UAE_175,2025-10,23,9,4,1,23126
UAE_175,2025-11,49,19,9,1,38794
UAE_175,2025-12,77,30,15,2,123391
UAE_176,2023-01,69,27,13,2,111365
UAE_176,2023-02,50,20,10,1,43398
UAE_176,2023-03,83,33,16,2,35949
UAE_176,2023-04,77,30,15,1,43008
UAE_176,2023-05,58,23,11,1,58493
UAE_176,2023-06,28,11,5,1,26774
UAE_176,2023-07,57,22,11,1,59889
UAE_176,2023-08,96,38,19,3,42967
UAE_176,2023-09,27,10,5,1,41001
UAE_176,2023-10,33,13,6,1,18534
UAE_176,2023-11,47,18,9,1,48083
UAE_176,2023-12,28,11,5,1,30143
UAE_176,2024-01,25,10,5,1,31735
UAE_176,2024-02,61,24,12,1,39812
UAE_176,2024-03,25,10,5,1,30147
UAE_176,2024-04,95,38,19,3,97945
UAE_176,2024-05,35,14,7,1,31299
UAE_176,2024-06,47,18,9,1,38904
UAE_176,2024-07,24,9,4,1,30731
UAE_176,2024-08,35,14,7,1,47180
UAE_176,2024-09,80,32,16,3,64902
UAE_176,2024-10,88,35,17,2,130410
UAE_176,2024-11,94,37,18,2,147476
UAE_176,2024-12,36,14,7,1,30319
UAE_176,2025-01,63,25,12,2,61871
UAE_176,2025-02,35,14,7,1,48996
UAE_176,2025-03,27,10,5,1,10591
UAE_176,2025-04,50,20,10,1,61740
UAE_176,2025-05,39,15,7,1,47396
UAE_176,2025-06,63,25,12,1,88269
UAE_176,2025-07,64,25,12,1,31938
UAE_176,2025-08,82,32,16,2,87664
UAE_176,2025-09,11,4,2,1,8558
UAE_176,2025-10,48,19,9,1,20450
UAE_176,2025-11,48,19,9,1,65683
UAE_176,2025-12,58,23,11,1,64112
UAE_177,2023-01,101,40,20,3,154055
UAE_177,2023-02,115,46,23,4,399761
UAE_177,2023-03,173,69,34,4,788575
UAE_177,2023-04,118,47,23,3,336625
UAE_177,2023-05,111,44,22,3,165248
UAE_177,2023-06,317,126,63,10,720914
UAE_177,2023-07,463,185,92,7,793241
UAE_177,2023-08,263,105,52,9,1211248
UAE_177,2023-09,231,92,46,5,874548
UAE_177,2023-10,206,82,41,3,363027
UAE_177,2023-11,228,91,45,7,826277
UAE_177,2023-12,320,128,64,8,1408638
UAE_177,2024-01,72,28,14,2,158262
UAE_177,2024-02,166,66,33,5,547171
UAE_177,2024-03,204,81,40,5,969362
UAE_177,2024-04,170,68,34,3,774371
UAE_177,2024-05,427,170,85,8,2141566
UAE_177,2024-06,279,111,55,4,1195370
UAE_177,2024-07,69,27,13,2,141921
UAE_177,2024-08,286,114,57,4,1520959
UAE_177,2024-09,117,46,23,2,412550
UAE_177,2024-10,173,69,34,2,306668
UAE_177,2024-11,158,63,31,6,584817
UAE_177,2024-12,81,32,16,1,163169
UAE_177,2025-01,58,23,11,2,237501
UAE_177,2025-02,149,59,29,5,510182
UAE_177,2025-03,149,59,29,3,276706
UAE_177,2025-04,360,144,72,5,1982800
UAE_177,2025-05,62,24,12,1,165193
UAE_177,2025-06,277,110,55,8,1375937
UAE_177,2025-07,64,25,12,2,267209
UAE_177,2025-08,111,44,22,4,561948
UAE_177,2025-09,316,126,63,4,1138229
UAE_177,2025-10,455,182,91,14,1774949
UAE_177,2025-11,80,32,16,1,162857
UAE_177,2025-12,244,97,48,9,382469
UAE_178,2023-01,41,16,8,1,38036
UAE_178,2023-02,10,4,2,1,7838
UAE_178,2023-03,51,20,10,1,44650
UAE_178,2023-04,28,11,5,1,13648
UAE_178,2023-05,17,6,3,1,16768
UAE_178,2023-06,31,12,6,1,35439
UAE_178,2023-07,55,22,11,1,43462
UAE_178,2023-08,57,22,11,1,48694
UAE_178,2023-09,12,4,2,1,6539
UAE_178,2023-10,37,14,7,1,18860
UAE_178,2023-11,37,14,7,1,25536
UAE_178,2023-12,51,20,10,1,24218
UAE_178,2024-01,55,22,11,1,24610
UAE_178,2024-02,40,16,8,1,14389
UAE_178,2024-03,36,14,7,1,18071
UAE_178,2024-04,39,15,7,1,33690
UAE_178,2024-05,26,10,5,1,7596
UAE_178,2024-06,71,28,14,1,33557
UAE_178,2024-07,90,36,18,2,56551
UAE_178,2024-08,27,10,5,1,13967
UAE_178,2024-09,70,28,14,2,48176
UAE_178,2024-10,45,18,9,1,25833
UAE_178,2024-11,32,12,6,1,9748
UAE_178,2024-12,47,18,9,1,53814
UAE_178,2025-01,83,33,16,1,75946
UAE_178,2025-02,14,5,2,1,5745
UAE_178,2025-03,51,20,10,1,37366
UAE_178,2025-04,28,11,5,1,31743
UAE_178,2025-05,37,14,7,1,34503
UAE_178,2025-06,24,9,4,1,21701
UAE_178,2025-07,67,26,13,2,57535
UAE_178,2025-08,39,15,7,1,33225
UAE_178,2025-09,63,25,12,1,30767
UAE_178,2025-10,41,16,8,1,42837
UAE_178,2025-11,47,18,9,1,15201
UAE_178,2025-12,36,14,7,1,18116
UAE_179,2023-01,47,18,9,1,73786
UAE_179,2023-02,55,22,11,2,91867
UAE_179,2023-03,45,18,9,1,27595
UAE_179,2023-04,40,16,8,1,20185
UAE_179,2023-05,84,33,16,2,114038
UAE_179,2023-06,107,42,21,2,59220
UAE_179,2023-07,67,26,13,2,116006
UAE_179,2023-08,147,58,29,3,143338
UAE_179,2023-09,124,49,24,2,75900
UAE_179,2023-10,162,64,32,4,208729
UAE_179,2023-11,130,52,26,2,234613
UAE_179,2023-12,54,21,10,1,94609
UAE_179,2024-01,100,40,20,3,134127
UAE_179,2024-02,63,25,12,1,30621
UAE_179,2024-03,65,26,13,2,98118
UAE_179,2024-04,47,18,9,1,39471
UAE_179,2024-05,31,12,6,1,52835
UAE_179,2024-06,47,18,9,1,38935
UAE_179,2024-07,117,46,23,2,170677
UAE_179,2024-08,37,14,7,1,19497
UAE_179,2024-09,98,39,19,2,114942
UAE_179,2024-10,52,20,10,1,53947
UAE_179,2024-11,53,21,10,1,69879
UAE_179,2024-12,19,7,3,1,24917
UAE_179,2025-01,50,20,10,1,91199
UAE_179,2025-02,83,33,16,2,95625
UAE_179,2025-03,76,30,15,2,124126
UAE_179,2025-04,42,16,8,1,19581
UAE_179,2025-05,51,20,10,1,57761
UAE_179,2025-06,86,34,17,1,44560
UAE_179,2025-07,89,35,17,2,46374
UAE_179,2025-08,97,38,19,2,128005
UAE_179,2025-09,98,39,19,3,167919
UAE_179,2025-10,37,14,7,1,26540
UAE_179,2025-11,62,24,12,2,111581
UAE_179,2025-12,18,7,3,1,30213
UAE_180,2023-01,62,24,12,2,77112
UAE_180,2023-02,50,20,10,1,24853
UAE_180,2023-03,97,38,19,2,50772
UAE_180,2023-04,60,24,12,1,44601
UAE_180,2023-05,92,36,18,3,65867
UAE_180,2023-06,65,26,13,1,23530
UAE_180,2023-07,89,35,17,2,41565
UAE_180,2023-08,100,40,20,2,43187
UAE_180,2023-09,59,23,11,1,75331
UAE_180,2023-10,22,8,4,1,26162
UAE_180,2023-11,42,16,8,1,22423
UAE_180,2023-12,63,25,12,1,56970
UAE_180,2024-01,51,20,10,1,70228
UAE_180,2024-02,51,20,10,1,28258
UAE_180,2024-03,102,40,20,2,52511
UAE_180,2024-04,45,18,9,1,23987
UAE_180,2024-05,62,24,12,1,67886
UAE_180,2024-06,27,10,5,1,9280
UAE_180,2024-07,95,38,19,2,95096
UAE_180,2024-08,112,44,22,3,40376
UAE_180,2024-09,23,9,4,1,13182
UAE_180,2024-10,76,30,15,2,27416
UAE_180,2024-11,24,9,4,1,22595
UAE_180,2024-12,67,26,13,1,54140
UAE_180,2025-01,27,10,5,1,22687
UAE_180,2025-02,11,4,2,1,6954
UAE_180,2025-03,55,22,11,1,27535
UAE_180,2025-04,62,24,12,2,54078
UAE_180,2025-05,32,12,6,1,26912
UAE_180,2025-06,14,5,2,1,5453
UAE_180,2025-07,98,39,19,1,100215
UAE_180,2025-08,77,30,15,1,31596
UAE_180,2025-09,84,33,16,1,40601
UAE_180,2025-10,50,20,10,1,67400
UAE_180,2025-11,26,10,5,1,23865
UAE_180,2025-12,56,22,11,1,59683
UAE_181,2023-01,17,6,3,1,13221
UAE_181,2023-02,49,19,9,1,31908
UAE_181,2023-03,52,20,10,1,26437
UAE_181,2023-04,44,17,8,1,49360
UAE_181,2023-05,45,18,9,1,47562
UAE_181,2023-06,98,39,19,2,29645
UAE_181,2023-07,17,6,3,1,15988
UAE_181,2023-08,49,19,9,1,24061
UAE_181,2023-09,11,4,2,1,4877
UAE_181,2023-10,56,22,11,2,36518
UAE_181,2023-11,41,16,8,1,28330
UAE_181,2023-12,15,6,3,1,13687
UAE_181,2024-01,44,17,8,1,22892
UAE_181,2024-02,24,9,4,1,22356
UAE_181,2024-03,24,9,4,1,11490
UAE_181,2024-04,71,28,14,2,61529
UAE_181,2024-05,26,10,5,1,19198
UAE_181,2024-06,34,13,6,1,13031
UAE_181,2024-07,56,22,11,1,17852
UAE_181,2024-08,74,29,14,2,43683
UAE_181,2024-09,54,21,10,1,53588
UAE_181,2024-10,68,27,13,1,31506
UAE_181,2024-11,50,20,10,1,30701
UAE_181,2024-12,46,18,9,1,16673
UAE_181,2025-01,39,15,7,1,14025
UAE_181,2025-02,59,23,11,1,67281
UAE_181,2025-03,52,20,10,1,16809
UAE_181,2025-04,65,26,13,1,71630
UAE_181,2025-05,34,13,6,1,30118
UAE_181,2025-06,84,33,16,1,37208
UAE_181,2025-07,80,32,16,1,56683
UAE_181,2025-08,16,6,3,1,17011
UAE_181,2025-09,31,12,6,1,13130
UAE_181,2025-10,55,22,11,1,65748
UAE_181,2025-11,44,17,8,1,40338
UAE_181,2025-12,23,9,4,1,22063
UAE_182,2023-01,45,18,9,1,25976
UAE_182,2023-02,49,19,9,1,52373
UAE_182,2023-03,73,29,14,2,37979
UAE_182,2023-04,51,20,10,1,24196
UAE_182,2023-05,71,28,14,2,48776
UAE_182,2023-06,68,27,13,2,34888
UAE_182,2023-07,13,5,2,1,10292
UAE_182,2023-08,18,7,3,1,19592
UAE_182,2023-09,75,30,15,1,35239
UAE_182,2023-10,26,10,5,1,19545
UAE_182,2023-11,86,34,17,2,94540
UAE_182,2023-12,64,25,12,1,28740
UAE_182,2024-01,43,17,8,1,33941
UAE_182,2024-02,14,5,2,1,12246
UAE_182,2024-03,43,17,8,1,17362
UAE_182,2024-04,22,8,4,1,7581
UAE_182,2024-05,17,6,3,1,13679
UAE_182,2024-06,87,34,17,1,76080
UAE_182,2024-07,57,22,11,1,43574
UAE_182,2024-08,72,28,14,1,22970
UAE_182,2024-09,54,21,10,1,41814
UAE_182,2024-10,78,31,15,2,46676
UAE_182,2024-11,20,8,4,1,17811
UAE_182,2024-12,31,12,6,1,29447
UAE_182,2025-01,41,16,8,1,18502
UAE_182,2025-02,35,14,7,1,20450
UAE_182,2025-03,25,10,5,1,15798
UAE_182,2025-04,41,16,8,1,26364
UAE_182,2025-05,33,13,6,1,29804
UAE_182,2025-06,57,22,11,1,25472
UAE_182,2025-07,28,11,5,1,16698
UAE_182,2025-08,65,26,13,2,65385
UAE_182,2025-09,48,19,9,1,40618
UAE_182,2025-10,16,6,3,1,9854
UAE_182,2025-11,21,8,4,1,11738
UAE_182,2025-12,39,15,7,1,44676
UAE_183,2023-01,251,100,50,4,1732705
UAE_183,2023-02,227,90,45,7,976178
UAE_183,2023-03,290,116,58,8,674143
UAE_183,2023-04,137,54,27,5,942685
UAE_183,2023-05,568,227,113,18,1421158
UAE_183,2023-06,412,164,82,9,1860699
UAE_183,2023-07,341,136,68,7,2737534
UAE_183,2023-08,155,62,31,4,1086922
UAE_183,2023-09,517,206,103,20,2317539
UAE_183,2023-10,650,260,130,24,1815686
UAE_183,2023-11,115,46,23,1,814484
UAE_183,2023-12,254,101,50,7,1759413
UAE_183,2024-01,213,85,42,5,1504341
UAE_183,2024-02,152,60,30,5,849741
UAE_183,2024-03,457,182,91,14,1169342
UAE_183,2024-04,204,81,40,6,674661
UAE_183,2024-05,509,203,101,8,4044277
UAE_183,2024-06,597,238,119,13,4124006
UAE_183,2024-07,486,194,97,19,1568697
UAE_183,2024-08,594,237,118,11,1536442
UAE_183,2024-09,534,213,106,15,2548800
UAE_183,2024-10,225,90,45,8,772509
UAE_183,2024-11,517,206,103,16,1375906
UAE_183,2024-12,219,87,43,5,1102177
UAE_183,2025-01,295,118,59,10,822444
UAE_183,2025-02,134,53,26,5,549529
UAE_183,2025-03,411,164,82,9,3027799
UAE_183,2025-04,235,94,47,8,1806705
UAE_183,2025-05,268,107,53,7,979135
UAE_183,2025-06,228,91,45,5,1354907
UAE_183,2025-07,506,202,101,7,2420709
UAE_183,2025-08,485,194,97,9,1397616
UAE_183,2025-09,138,55,27,2,1038935
UAE_183,2025-10,123,49,24,4,580919
UAE_183,2025-11,164,65,32,3,598760
UAE_183,2025-12,159,63,31,4,559050
UAE_184,2023-01,68,27,13,1,209862
UAE_184,2023-02,204,81,40,6,740191
UAE_184,2023-03,126,50,25,4,221871
UAE_184,2023-04,121,48,24,4,177475
UAE_184,2023-05,151,60,30,2,374107
UAE_184,2023-06,256,102,51,9,595300
UAE_184,2023-07,221,88,44,4,258177
UAE_184,2023-08,443,177,88,16,1828298
UAE_184,2023-09,75,30,15,2,271163
UAE_184,2023-10,39,15,7,1,128333
UAE_184,2023-11,260,104,52,5,1001609
UAE_184,2023-12,167,66,33,5,560043
UAE_184,2024-01,198,79,39,4,515898
UAE_184,2024-02,47,18,9,1,54542
UAE_184,2024-03,99,39,19,1,286961
UAE_184,2024-04,88,35,17,1,195529
UAE_184,2024-05,84,33,16,2,335881
UAE_184,2024-06,308,123,61,5,1135575
UAE_184,2024-07,51,20,10,1,71116
UAE_184,2024-08,234,93,46,6,860928
UAE_184,2024-09,104,41,20,3,217176
UAE_184,2024-10,98,39,19,3,193410
UAE_184,2024-11,316,126,63,12,821898
UAE_184,2024-12,105,42,21,2,261498
UAE_184,2025-01,145,58,29,3,613921
UAE_184,2025-02,129,51,25,4,337713
UAE_184,2025-03,215,86,43,5,351886
UAE_184,2025-04,182,72,36,6,271946
UAE_184,2025-05,123,49,24,2,454427
UAE_184,2025-06,188,75,37,5,594836
UAE_184,2025-07,152,60,30,3,452240
UAE_184,2025-08,221,88,44,5,320000
UAE_184,2025-09,86,34,17,1,286645
UAE_184,2025-10,287,114,57,6,727729
UAE_184,2025-11,67,26,13,1,227162
UAE_184,2025-12,128,51,25,2,190762
UAE_185,2023-01,44,17,8,1,62330
UAE_185,2023-02,54,21,10,1,48368
UAE_185,2023-03,74,29,14,2,95133
UAE_185,2023-04,28,11,5,1,29661
UAE_185,2023-05,23,9,4,1,22346
UAE_185,2023-06,42,16,8,1,30390
UAE_185,2023-07,94,37,18,2,153762
UAE_185,2023-08,23,9,4,1,20608
UAE_185,2023-09,75,30,15,1,61146
UAE_185,2023-10,26,10,5,1,22857
UAE_185,2023-11,84,33,16,3,77751
UAE_185,2023-12,30,12,6,1,41165
UAE_185,2024-01,38,15,7,1,17840
UAE_185,2024-02,43,17,8,1,53382
UAE_185,2024-03,19,7,3,1,27394
UAE_185,2024-04,62,24,12,1,44649
UAE_185,2024-05,31,12,6,1,21836
UAE_185,2024-06,73,29,14,1,65791
UAE_185,2024-07,77,30,15,1,37437
UAE_185,2024-08,38,15,7,1,19293
UAE_185,2024-09,18,7,3,1,16384
UAE_185,2024-10,33,13,6,1,20406
UAE_185,2024-11,50,20,10,1,70262
UAE_185,2024-12,87,34,17,3,111931
UAE_185,2025-01,18,7,3,1,16878
UAE_185,2025-02,26,10,5,1,28323
UAE_185,2025-03,31,12,6,1,44161
UAE_185,2025-04,56,22,11,2,75102
UAE_185,2025-05,52,20,10,1,44128
UAE_185,2025-06,126,50,25,4,83349
UAE_185,2025-07,71,28,14,2,79224
UAE_185,2025-08,67,26,13,2,87756
UAE_185,2025-09,41,16,8,1,58175
UAE_185,2025-10,63,25,12,1,56634
UAE_185,2025-11,42,16,8,1,53967
UAE_185,2025-12,74,29,14,2,33255
UAE_186,2023-01,53,21,10,1,48731
UAE_186,2023-02,24,9,4,1,9416
UAE_186,2023-03,63,25,12,1,46733
UAE_186,2023-04,16,6,3,1,14748
UAE_186,2023-05,45,18,9,1,52646
UAE_186,2023-06,84,33,16,1,26803
UAE_186,2023-07,14,5,2,1,4396
UAE_186,2023-08,36,14,7,1,13067
UAE_186,2023-09,45,18,9,1,27629
UAE_186,2023-10,24,9,4,1,16954
UAE_186,2023-11,62,24,12,1,32586
UAE_186,2023-12,33,13,6,1,21188
UAE_186,2024-01,36,14,7,1,39501
UAE_186,2024-02,34,13,6,1,16514
UAE_186,2024-03,33,13,6,1,17218
UAE_186,2024-04,15,6,3,1,15107
UAE_186,2024-05,67,26,13,2,38761
UAE_186,2024-06,49,19,9,1,41256
UAE_186,2024-07,85,34,17,1,100332
UAE_186,2024-08,37,14,7,1,41634
UAE_186,2024-09,71,28,14,2,64204
UAE_186,2024-10,39,15,7,1,21503
UAE_186,2024-11,56,22,11,1,23184
UAE_186,2024-12,45,18,9,1,26808
UAE_186,2025-01,16,6,3,1,13017
UAE_186,2025-02,38,15,7,1,19882
UAE_186,2025-03,17,6,3,1,6074
UAE_186,2025-04,48,19,9,1,39371
UAE_186,2025-05,40,16,8,1,13791
UAE_186,2025-06,46,18,9,1,53458
UAE_186,2025-07,29,11,5,1,11857
UAE_186,2025-08,24,9,4,1,17610
UAE_186,2025-09,23,9,4,1,24863
UAE_186,2025-10,15,6,3,1,10488
UAE_186,2025-11,48,19,9,1,42595
UAE_186,2025-12,25,10,5,1,11493
UAE_187,2023-01,10,4,2,1,7487
UAE_187,2023-02,23,9,4,1,13738
UAE_187,2023-03,18,7,3,1,15402
UAE_187,2023-04,33,13,6,1,29069
UAE_187,2023-05,41,16,8,1,16085
UAE_187,2023-06,61,24,12,1,71867
UAE_187,2023-07,96,38,19,3,87354
UAE_187,2023-08,13,5,2,1,7075
UAE_187,2023-09,24,9,4,1,15543
UAE_187,2023-10,52,20,10,1,39153
UAE_187,2023-11,19,7,3,1,9305
UAE_187,2023-12,36,14,7,1,34225
UAE_187,2024-01,24,9,4,1,9614
UAE_187,2024-02,49,19,9,1,21989
UAE_187,2024-03,34,13,6,1,10734
UAE_187,2024-04,32,12,6,1,11996
UAE_187,2024-05,38,15,7,1,36867
UAE_187,2024-06,45,18,9,1,45776
UAE_187,2024-07,42,16,8,1,41779
UAE_187,2024-08,26,10,5,1,28262
UAE_187,2024-09,57,22,11,1,57358
UAE_187,2024-10,87,34,17,2,45181
UAE_187,2024-11,32,12,6,1,23662
UAE_187,2024-12,67,26,13,1,45133
UAE_187,2025-01,24,9,4,1,20107
UAE_187,2025-02,36,14,7,1,33351
UAE_187,2025-03,43,17,8,1,23266
UAE_187,2025-04,39,15,7,1,11528
UAE_187,2025-05,61,24,12,2,35389
UAE_187,2025-06,37,14,7,1,16302
UAE_187,2025-07,73,29,14,1,30450
UAE_187,2025-08,35,14,7,1,23661
UAE_187,2025-09,37,14,7,1,19084
UAE_187,2025-10,47,18,9,1,23905
UAE_187,2025-11,16,6,3,1,8221
UAE_187,2025-12,12,4,2,1,4532
UAE_188,2023-01,115,46,23,2,465654
UAE_188,2023-02,280,112,56,4,1056524
UAE_188,2023-03,184,73,36,4,1146268
UAE_188,2023-04,91,36,18,2,166614
UAE_188,2023-05,341,136,68,7,1024233
UAE_188,2023-06,569,227,113,14,1722816
UAE_188,2023-07,95,38,19,2,210581
UAE_188,2023-08,473,189,94,12,2096344
UAE_188,2023-09,176,70,35,5,592959
UAE_188,2023-10,142,56,28,3,670680
UAE_188,2023-11,90,36,18,2,292202
UAE_188,2023-12,212,84,42,3,590016
UAE_188,2024-01,266,106,53,9,1419685
UAE_188,2024-02,189,75,37,5,428088
UAE_188,2024-03,220,88,44,8,425641
UAE_188,2024-04,341,136,68,13,2097787
UAE_188,2024-05,75,30,15,2,475824
UAE_188,2024-06,183,73,36,6,1156796
UAE_188,2024-07,368,147,73,12,695596
UAE_188,2024-08,141,56,28,2,466450
UAE_188,2024-09,418,167,83,15,2258092
UAE_188,2024-10,292,116,58,9,1671411
UAE_188,2024-11,270,108,54,9,917865
UAE_188,2024-12,219,87,43,3,399771
UAE_188,2025-01,250,100,50,9,1041146
UAE_188,2025-02,212,84,42,6,856697
UAE_188,2025-03,306,122,61,6,1108187
UAE_188,2025-04,146,58,29,4,613867
UAE_188,2025-05,474,189,94,14,1010904
UAE_188,2025-06,300,120,60,4,655051
UAE_188,2025-07,719,287,143,15,4103419
UAE_188,2025-08,396,158,79,10,1581941
UAE_188,2025-09,185,74,37,6,998321
UAE_188,2025-10,117,46,23,4,648694
UAE_188,2025-11,396,158,79,6,1420073
UAE_188,2025-12,91,36,18,2,275614
UAE_189,2023-01,125,50,25,2,688174
UAE_189,2023-02,606,242,121,11,3226043
UAE_189,2023-03,210,84,42,3,845583
UAE_189,2023-04,382,152,76,12,837357
UAE_189,2023-05,147,58,29,4,894142
UAE_189,2023-06,577,230,115,12,3206922
UAE_189,2023-07,529,211,105,9,2199029
UAE_189,2023-08,355,142,71,12,1776689
UAE_189,2023-09,500,200,100,17,2032852
UAE_189,2023-10,262,104,52,8,2125902
UAE_189,2023-11,127,50,25,4,760151
UAE_189,2023-12,120,48,24,2,698909
UAE_189,2024-01,164,65,32,5,440347
UAE_189,2024-02,434,173,86,7,1719545
UAE_189,2024-03,462,184,92,17,1125539
UAE_189,2024-04,564,225,112,16,3287236
UAE_189,2024-05,306,122,61,10,1425606
UAE_189,2024-06,683,273,136,24,2295050
UAE_189,2024-07,409,163,81,15,2484569
UAE_189,2024-08,174,69,34,5,1402985
UAE_189,2024-09,450,180,90,14,1164609
UAE_189,2024-10,434,173,86,16,2464708
UAE_189,2024-11,519,207,103,14,3362754
UAE_189,2024-12,558,223,111,20,3888839
UAE_189,2025-01,420,168,84,7,3184732
UAE_189,2025-02,208,83,41,6,1193401
UAE_189,2025-03,320,128,64,6,2129783
UAE_189,2025-04,178,71,35,6,1188503
UAE_189,2025-05,311,124,62,10,723118
UAE_189,2025-06,322,128,64,10,1745258
UAE_189,2025-07,564,225,112,15,1795104
UAE_189,2025-08,495,198,99,13,1775307
UAE_189,2025-09,482,192,96,14,2191697
UAE_189,2025-10,330,132,66,8,1048291
UAE_189,2025-11,207,82,41,3,1045085
UAE_189,2025-12,341,136,68,6,1151182
UAE_190,2023-01,30,12,6,1,22864
UAE_190,2023-02,57,22,11,1,78549
UAE_190,2023-03,119,47,23,3,246100
UAE_190,2023-04,102,40,20,1,84038
UAE_190,2023-05,112,44,22,4,158367
UAE_190,2023-06,72,28,14,2,125631
UAE_190,2023-07,161,64,32,2,109816
UAE_190,2023-08,32,12,6,1,47636
UAE_190,2023-09,121,48,24,2,176019
UAE_190,2023-10,53,21,10,1,82355
UAE_190,2023-11,106,42,21,2,116454
UAE_190,2023-12,35,14,7,1,50442
UAE_190,2024-01,82,32,16,2,117967
UAE_190,2024-02,47,18,9,1,80420
UAE_190,2024-03,65,26,13,1,86755
UAE_190,2024-04,97,38,19,3,118724
UAE_190,2024-05,44,17,8,1,64872
UAE_190,2024-06,35,14,7,1,61264
UAE_190,2024-07,80,32,16,1,71918
UAE_190,2024-08,186,74,37,3,326636
UAE_190,2024-09,57,22,11,1,82519
UAE_190,2024-10,42,16,8,1,21801
UAE_190,2024-11,67,26,13,1,125093
UAE_190,2024-12,117,46,23,3,244746
UAE_190,2025-01,94,37,18,2,81013
UAE_190,2025-02,36,14,7,1,67253
UAE_190,2025-03,29,11,5,1,34233
UAE_190,2025-04,67,26,13,1,139211
UAE_190,2025-05,148,59,29,5,196966
UAE_190,2025-06,89,35,17,3,68515
UAE_190,2025-07,104,41,20,3,202532
UAE_190,2025-08,120,48,24,2,178220
UAE_190,2025-09,26,10,5,1,21807
UAE_190,2025-10,92,36,18,3,101657
UAE_190,2025-11,52,20,10,1,72198
UAE_190,2025-12,77,30,15,1,141253
UAE_191,2023-01,117,46,23,3,211720
UAE_191,2023-02,69,27,13,1,126370
UAE_191,2023-03,195,78,39,6,561071
UAE_191,2023-04,108,43,21,3,480307
UAE_191,2023-05,157,62,31,4,375263
UAE_191,2023-06,317,126,63,8,744118
UAE_191,2023-07,139,55,27,2,488319
UAE_191,2023-08,110,44,22,1,463112
UAE_191,2023-09,137,54,27,3,232637
UAE_191,2023-10,206,82,41,7,480800
UAE_191,2023-11,141,56,28,3,388655
UAE_191,2023-12,235,94,47,6,702088
UAE_191,2024-01,144,57,28,2,344523
UAE_191,2024-02,205,82,41,4,501382
UAE_191,2024-03,155,62,31,3,664284
UAE_191,2024-04,214,85,42,4,829866
UAE_191,2024-05,243,97,48,8,404813
UAE_191,2024-06,202,80,40,7,888514
UAE_191,2024-07,213,85,42,6,281446
UAE_191,2024-08,102,40,20,2,239614
UAE_191,2024-09,160,64,32,3,289084
UAE_191,2024-10,185,74,37,4,277580
UAE_191,2024-11,234,93,46,4,1043970
UAE_191,2024-12,161,64,32,5,447459
UAE_191,2025-01,190,76,38,6,251828
UAE_191,2025-02,50,20,10,1,83006
UAE_191,2025-03,281,112,56,5,542971
UAE_191,2025-04,166,66,33,4,679139
UAE_191,2025-05,177,70,35,2,281841
UAE_191,2025-06,195,78,39,6,710832
UAE_191,2025-07,125,50,25,4,332559
UAE_191,2025-08,150,60,30,4,499087
UAE_191,2025-09,239,95,47,9,364272
UAE_191,2025-10,289,115,57,8,642984
UAE_191,2025-11,221,88,44,7,587424
UAE_191,2025-12,143,57,28,2,504697
UAE_192,2023-01,30,12,6,1,28226
UAE_192,2023-02,52,20,10,2,15747
UAE_192,2023-03,30,12,6,1,34953
UAE_192,2023-04,54,21,10,1,36211
UAE_192,2023-05,41,16,8,1,26250
UAE_192,2023-06,31,12,6,1,9234
UAE_192,2023-07,27,10,5,1,12017
UAE_192,2023-08,65,26,13,1,45833
UAE_192,2023-09,72,28,14,2,76178
UAE_192,2023-10,12,4,2,1,9975
UAE_192,2023-11,43,17,8,1,34545
UAE_192,2023-12,15,6,3,1,17821
UAE_192,2024-01,49,19,9,1,20606
UAE_192,2024-02,61,24,12,1,60778
UAE_192,2024-03,64,25,12,1,61578
UAE_192,2024-04,21,8,4,1,8226
UAE_192,2024-05,16,6,3,1,5740
UAE_192,2024-06,33,13,6,1,24172
UAE_192,2024-07,18,7,3,1,10782
UAE_192,2024-08,12,4,2,1,9342
UAE_192,2024-09,69,27,13,2,59888
UAE_192,2024-10,19,7,3,1,20622
UAE_192,2024-11,42,16,8,1,14687
UAE_192,2024-12,36,14,7,1,15722
UAE_192,2025-01,39,15,7,1,44733
UAE_192,2025-02,24,9,4,1,23625
UAE_192,2025-03,51,20,10,1,22977
UAE_192,2025-04,88,35,17,3,55887
UAE_192,2025-05,92,36,18,1,31833
UAE_192,2025-06,28,11,5,1,32488
UAE_192,2025-07,29,11,5,1,15494
UAE_192,2025-08,16,6,3,1,6853
UAE_192,2025-09,59,23,11,2,34695
UAE_192,2025-10,35,14,7,1,27613
UAE_192,2025-11,10,4,2,1,9521
UAE_192,2025-12,10,4,2,1,3789
UAE_193,2023-01,42,16,8,1,63582
UAE_193,2023-02,17,6,3,1,18865
UAE_193,2023-03,25,10,5,1,41790
UAE_193,2023-04,48,19,9,1,78910
UAE_193,2023-05,49,19,9,1,27245
UAE_193,2023-06,31,12,6,1,38245
UAE_193,2023-07,113,45,22,2,113894
UAE_193,2023-08,50,20,10,1,50177
UAE_193,2023-09,37,14,7,1,51771
UAE_193,2023-10,34,13,6,1,53500
UAE_193,2023-11,21,8,4,1,22404
UAE_193,2023-12,52,20,10,1,39838
UAE_193,2024-01,19,7,3,1,15090
UAE_193,2024-02,52,20,10,1,23782
UAE_193,2024-03,52,20,10,1,74232
UAE_193,2024-04,107,42,21,1,61057
UAE_193,2024-05,76,30,15,2,53850
UAE_193,2024-06,33,13,6,1,28731
UAE_193,2024-07,98,39,19,2,89457
UAE_193,2024-08,97,38,19,3,151142
UAE_193,2024-09,80,32,16,1,107320
UAE_193,2024-10,49,19,9,1,50002
UAE_193,2024-11,45,18,9,1,56804
UAE_193,2024-12,22,8,4,1,13372
UAE_193,2025-01,36,14,7,1,17749
UAE_193,2025-02,66,26,13,1,104791
UAE_193,2025-03,43,17,8,1,38112
UAE_193,2025-04,28,11,5,1,39593
UAE_193,2025-05,41,16,8,1,19868
UAE_193,2025-06,35,14,7,1,32110
UAE_193,2025-07,128,51,25,2,117238
UAE_193,2025-08,92,36,18,2,44255
UAE_193,2025-09,73,29,14,1,36035
UAE_193,2025-10,42,16,8,1,17460
UAE_193,2025-11,57,22,11,2,82752
UAE_193,2025-12,43,17,8,1,60366
UAE_194,2023-01,50,20,10,1,35817
UAE_194,2023-02,34,13,6,1,15567
UAE_194,2023-03,32,12,6,1,23189
UAE_194,2023-04,70,28,14,2,57391
UAE_194,2023-05,18,7,3,1,14542
UAE_194,2023-06,106,42,21,1,87794
UAE_194,2023-07,49,19,9,1,56219
UAE_194,2023-08,22,8,4,1,18411
UAE_194,2023-09,22,8,4,1,6283
UAE_194,2023-10,54,21,10,1,37270
UAE_194,2023-11,45,18,9,1,40588
UAE_194,2023-12,34,13,6,1,28571
UAE_194,2024-01,40,16,8,1,47624
UAE_194,2024-02,77,30,15,2,24014
UAE_194,2024-03,44,17,8,1,47283
UAE_194,2024-04,45,18,9,1,14043
UAE_194,2024-05,53,21,10,1,48742
UAE_194,2024-06,86,34,17,1,99905
UAE_194,2024-07,24,9,4,1,23783
UAE_194,2024-08,71,28,14,2,24166
UAE_194,2024-09,85,34,17,2,42474
UAE_194,2024-10,63,25,12,2,64592
UAE_194,2024-11,62,24,12,1,33740
UAE_194,2024-12,39,15,7,1,33300
UAE_194,2025-01,52,20,10,1,31737
UAE_194,2025-02,14,5,2,1,4524
UAE_194,2025-03,17,6,3,1,15610
UAE_194,2025-04,27,10,5,1,15653
UAE_194,2025-05,38,15,7,1,36669
UAE_194,2025-06,54,21,10,1,35237
UAE_194,2025-07,14,5,2,1,12482
UAE_194,2025-08,18,7,3,1,13005
UAE_194,2025-09,44,17,8,1,44212
UAE_194,2025-10,21,8,4,1,19556
UAE_194,2025-11,16,6,3,1,9355
UAE_194,2025-12,18,7,3,1,6331
UAE_195,2023-01,179,71,35,4,625019
UAE_195,2023-02,487,194,97,17,1659266
UAE_195,2023-03,353,141,70,5,1790529
UAE_195,2023-04,119,47,23,3,464005
UAE_195,2023-05,371,148,74,6,2443259
UAE_195,2023-06,440,176,88,10,2211542
UAE_195,2023-07,350,140,70,7,2502028
UAE_195,2023-08,365,146,73,9,1517589
UAE_195,2023-09,796,318,159,23,5471845
UAE_195,2023-10,264,105,52,6,676687
UAE_195,2023-11,170,68,34,5,1094088
UAE_195,2023-12,465,186,93,7,2629515
UAE_195,2024-01,320,128,64,10,916052
UAE_195,2024-02,268,107,53,5,1291052
UAE_195,2024-03,315,126,63,11,2797147
UAE_195,2024-04,274,109,54,10,1414893
UAE_195,2024-05,674,269,134,14,1802028
UAE_195,2024-06,654,261,130,25,1473553
UAE_195,2024-07,207,82,41,7,1541075
UAE_195,2024-08,347,138,69,8,2247462
UAE_195,2024-09,768,307,153,16,3917461
UAE_195,2024-10,558,223,111,8,2951701
UAE_195,2024-11,177,70,35,3,1453951
UAE_195,2024-12,341,136,68,6,2620650
UAE_195,2025-01,324,129,64,11,1171718
UAE_195,2025-02,174,69,34,6,1091183
UAE_195,2025-03,404,161,80,13,3497082
UAE_195,2025-04,274,109,54,6,756794
UAE_195,2025-05,395,158,79,14,3052956
UAE_195,2025-06,377,150,75,14,2788579
UAE_195,2025-07,630,252,126,11,2454026
UAE_195,2025-08,176,70,35,4,441808
UAE_195,2025-09,178,71,35,5,1045153
UAE_195,2025-10,312,124,62,9,2604855
UAE_195,2025-11,524,209,104,17,4305669
UAE_195,2025-12,152,60,30,3,1061491
UAE_196,2023-01,18,7,3,1,17287
UAE_196,2023-02,11,4,2,1,10018
UAE_196,2023-03,58,23,11,1,61621
UAE_196,2023-04,38,15,7,1,14326
UAE_196,2023-05,10,4,2,1,6688
UAE_196,2023-06,55,22,11,1,55843
UAE_196,2023-07,31,12,6,1,9172
UAE_196,2023-08,39,15,7,1,22782
UAE_196,2023-09,90,36,18,1,49056
UAE_196,2023-10,79,31,15,1,74141
UAE_196,2023-11,29,11,5,1,23635
UAE_196,2023-12,18,7,3,1,17698
UAE_196,2024-01,40,16,8,1,41896
UAE_196,2024-02,65,26,13,2,56459
UAE_196,2024-03,47,18,9,1,17477
UAE_196,2024-04,65,26,13,1,23935
UAE_196,2024-05,26,10,5,1,29135
UAE_196,2024-06,25,10,5,1,11832
UAE_196,2024-07,22,8,4,1,6156
UAE_196,2024-08,56,22,11,1,53544
UAE_196,2024-09,14,5,2,1,7124
UAE_196,2024-10,21,8,4,1,23002
UAE_196,2024-11,74,29,14,1,29454
UAE_196,2024-12,56,22,11,1,46913
UAE_196,2025-01,12,4,2,1,9953
UAE_196,2025-02,18,7,3,1,8120
UAE_196,2025-03,51,20,10,1,15822
UAE_196,2025-04,40,16,8,1,16765
UAE_196,2025-05,18,7,3,1,16626
UAE_196,2025-06,23,9,4,1,20722
UAE_196,2025-07,81,32,16,2,86374
UAE_196,2025-08,67,26,13,1,26554
UAE_196,2025-09,49,19,9,1,45957
UAE_196,2025-10,32,12,6,1,19732
UAE_196,2025-11,86,34,17,3,78110
UAE_196,2025-12,70,28,14,1,38103
UAE_197,2023-01,531,212,106,14,5177917
UAE_197,2023-02,289,115,57,7,1571676
UAE_197,2023-03,557,222,111,10,4116375
UAE_197,2023-04,504,201,100,11,4480939
UAE_197,2023-05,167,66,33,5,918179
UAE_197,2023-06,1359,543,271,35,14565480
UAE_197,2023-07,793,317,158,20,7717498
UAE_197,2023-08,119,47,23,3,592403
UAE_197,2023-09,400,160,80,14,3968547
UAE_197,2023-10,428,171,85,11,4630820
UAE_197,2023-11,523,209,104,9,2748377
UAE_197,2023-12,311,124,62,5,2298676
UAE_197,2024-01,167,66,33,6,1317643
UAE_197,2024-02,721,288,144,23,4232013
UAE_197,2024-03,217,86,43,5,2255911
UAE_197,2024-04,411,164,82,13,3761095
UAE_197,2024-05,706,282,141,27,5240628
UAE_197,2024-06,665,266,133,26,7062220
UAE_197,2024-07,332,132,66,12,2188344
UAE_197,2024-08,840,336,168,23,2635765
UAE_197,2024-09,606,242,121,12,4832103
UAE_197,2024-10,297,118,59,11,2303588
UAE_197,2024-11,315,126,63,12,1755033
UAE_197,2024-12,397,158,79,11,1866365
UAE_197,2025-01,235,94,47,7,1836586
UAE_197,2025-02,160,64,32,5,795776
UAE_197,2025-03,599,239,119,23,3933232
UAE_197,2025-04,394,157,78,11,1560715
UAE_197,2025-05,186,74,37,4,640265
UAE_197,2025-06,267,106,53,10,1595719
UAE_197,2025-07,976,390,195,37,5269586
UAE_197,2025-08,271,108,54,5,1966060
UAE_197,2025-09,408,163,81,9,1844982
UAE_197,2025-10,551,220,110,8,4615507
UAE_197,2025-11,508,203,101,8,2298445
UAE_197,2025-12,428,171,85,12,2004359
UAE_198,2023-01,193,77,38,3,535518
UAE_198,2023-02,165,66,33,4,1272613
UAE_198,2023-03,371,148,74,12,1791434
UAE_198,2023-04,367,146,73,7,1318917
UAE_198,2023-05,358,143,71,6,1769722
UAE_198,2023-06,332,132,66,9,1246015
UAE_198,2023-07,383,153,76,15,2390273
UAE_198,2023-08,401,160,80,8,2612075
UAE_198,2023-09,638,255,127,16,2725595
UAE_198,2023-10,539,215,107,13,1457547
UAE_198,2023-11,90,36,18,1,285776
UAE_198,2023-12,82,32,16,1,629315
UAE_198,2024-01,159,63,31,3,768870
UAE_198,2024-02,406,162,81,14,1554694
UAE_198,2024-03,107,42,21,2,396584
UAE_198,2024-04,294,117,58,7,2307022
UAE_198,2024-05,355,142,71,9,1578149
UAE_198,2024-06,385,154,77,11,2712597
UAE_198,2024-07,168,67,33,4,458731
UAE_198,2024-08,257,102,51,10,646793
UAE_198,2024-09,454,181,90,13,2696747
UAE_198,2024-10,328,131,65,7,2451666
UAE_198,2024-11,120,48,24,2,694656
UAE_198,2024-12,330,132,66,9,1213755
UAE_198,2025-01,252,100,50,5,1037637
UAE_198,2025-02,361,144,72,9,1770985
UAE_198,2025-03,186,74,37,6,1386035
UAE_198,2025-04,427,170,85,14,1256147
UAE_198,2025-05,176,70,35,6,584110
UAE_198,2025-06,477,190,95,8,1197431
UAE_198,2025-07,391,156,78,12,1937069
UAE_198,2025-08,751,300,150,23,2959653
UAE_198,2025-09,176,70,35,3,597672
UAE_198,2025-10,340,136,68,13,2087115
UAE_198,2025-11,502,200,100,9,2537106
UAE_198,2025-12,90,36,18,2,711448
UAE_199,2023-01,567,226,113,12,2896052
UAE_199,2023-02,381,152,76,14,1499369
UAE_199,2023-03,380,152,76,13,1467138
UAE_199,2023-04,707,282,141,16,6332676
UAE_199,2023-05,672,268,134,22,5478648
UAE_199,2023-06,312,124,62,9,2759135
UAE_199,2023-07,229,91,45,9,2271716
UAE_199,2023-08,121,48,24,2,341514
UAE_199,2023-09,387,154,77,7,2439252
UAE_199,2023-10,289,115,57,11,2278951
UAE_199,2023-11,372,148,74,10,3922853
UAE_199,2023-12,602,240,120,15,3444782
UAE_199,2024-01,506,202,101,12,4579109
UAE_199,2024-02,743,297,148,26,5354485
UAE_199,2024-03,632,252,126,17,5941295
UAE_199,2024-04,514,205,102,17,2468868
UAE_199,2024-05,520,208,104,15,3525381
UAE_199,2024-06,225,90,45,8,1290742
UAE_199,2024-07,786,314,157,13,3234008
UAE_199,2024-08,406,162,81,12,3057894
UAE_199,2024-09,719,287,143,23,5438497
UAE_199,2024-10,291,116,58,6,2500810
UAE_199,2024-11,351,140,70,7,3791813
UAE_199,2024-12,418,167,83,6,4159425
UAE_199,2025-01,302,120,60,10,2702872
UAE_199,2025-02,244,97,48,5,1887500
UAE_199,2025-03,295,118,59,6,1208618
UAE_199,2025-04,341,136,68,12,2094272
UAE_199,2025-05,309,123,61,5,2865580
UAE_199,2025-06,525,210,105,10,5295891
UAE_199,2025-07,352,140,70,9,3304870
UAE_199,2025-08,351,140,70,9,1962399
UAE_199,2025-09,496,198,99,11,2038819
UAE_199,2025-10,407,162,81,10,2065154
UAE_199,2025-11,377,150,75,11,1302597
UAE_199,2025-12,552,220,110,13,3866108
UAE_200,2023-01,30,12,6,1,38181
UAE_200,2023-02,38,15,7,1,61157
UAE_200,2023-03,55,22,11,1,60786
UAE_200,2023-04,146,58,29,3,292329
UAE_200,2023-05,96,38,19,2,148013
UAE_200,2023-06,56,22,11,1,32066
UAE_200,2023-07,71,28,14,2,144533
UAE_200,2023-08,36,14,7,1,39604
UAE_200,2023-09,48,19,9,1,78877
UAE_200,2023-10,75,30,15,2,119485
UAE_200,2023-11,37,14,7,1,19818
UAE_200,2023-12,101,40,20,2,61247
UAE_200,2024-01,53,21,10,1,53003
UAE_200,2024-02,104,41,20,2,121271
UAE_200,2024-03,29,11,5,1,54716
UAE_200,2024-04,130,52,26,4,122249
UAE_200,2024-05,76,30,15,1,137817
UAE_200,2024-06,82,32,16,1,69536
UAE_200,2024-07,56,22,11,2,41002
UAE_200,2024-08,88,35,17,2,120618
UAE_200,2024-09,99,39,19,2,134926
UAE_200,2024-10,176,70,35,6,331127
UAE_200,2024-11,98,39,19,3,67991
UAE_200,2024-12,98,39,19,2,71740
UAE_200,2025-01,66,26,13,2,79276
UAE_200,2025-02,106,42,21,2,106943
UAE_200,2025-03,24,9,4,1,25456
UAE_200,2025-04,170,68,34,6,339264
UAE_200,2025-05,38,15,7,1,29406
UAE_200,2025-06,190,76,38,5,384291
UAE_200,2025-07,106,42,21,3,63805
UAE_200,2025-08,150,60,30,4,123873
UAE_200,2025-09,158,63,31,5,155748
UAE_200,2025-10,32,12,6,1,52892
UAE_200,2025-11,37,14,7,1,74163
UAE_200,2025-12,69,27,13,2,142478
UAE_201,2023-01,120,48,24,4,285132
UAE_201,2023-02,338,135,67,7,745131
UAE_201,2023-03,147,58,29,3,932717
UAE_201,2023-04,132,52,26,4,482816
UAE_201,2023-05,375,150,75,8,2112903
UAE_201,2023-06,529,211,105,16,1430421
UAE_201,2023-07,297,118,59,9,1717919
UAE_201,2023-08,415,166,83,8,1226071
UAE_201,2023-09,273,109,54,9,1699586
UAE_201,2023-10,123,49,24,2,668373
UAE_201,2023-11,633,253,126,24,1504995
UAE_201,2023-12,108,43,21,2,681375
UAE_201,2024-01,292,116,58,11,1242300
UAE_201,2024-02,356,142,71,8,1669711
UAE_201,2024-03,224,89,44,8,1316651
UAE_201,2024-04,282,112,56,10,618595
UAE_201,2024-05,597,238,119,22,2649649
UAE_201,2024-06,631,252,126,23,2992157
UAE_201,2024-07,135,54,27,2,288469
UAE_201,2024-08,427,170,85,12,1822889
UAE_201,2024-09,125,50,25,4,881269
UAE_201,2024-10,253,101,50,6,1591380
UAE_201,2024-11,211,84,42,4,1336454
UAE_201,2024-12,387,154,77,15,1296319
UAE_201,2025-01,229,91,45,4,769028
UAE_201,2025-02,272,108,54,4,1237944
UAE_201,2025-03,283,113,56,10,1977196
UAE_201,2025-04,105,42,21,2,587186
UAE_201,2025-05,206,82,41,7,725433
UAE_201,2025-06,403,161,80,7,2662489
UAE_201,2025-07,703,281,140,17,4382759
UAE_201,2025-08,472,188,94,14,1273662
UAE_201,2025-09,393,157,78,10,2609644
UAE_201,2025-10,366,146,73,13,1765396
UAE_201,2025-11,124,49,24,4,992257
UAE_201,2025-12,127,50,25,3,706945
UAE_202,2023-01,12,4,2,1,3147
UAE_202,2023-02,15,6,3,1,16311
UAE_202,2023-03,14,5,2,1,12427
UAE_202,2023-04,19,7,3,1,19136
UAE_202,2023-05,72,28,14,1,33356
UAE_202,2023-06,20,8,4,1,22261
UAE_202,2023-07,84,33,16,1,57449
UAE_202,2023-08,47,18,9,1,16220
UAE_202,2023-09,39,15,7,1,20826
UAE_202,2023-10,59,23,11,1,26338
UAE_202,2023-11,23,9,4,1,8488
UAE_202,2023-12,19,7,3,1,18942
UAE_202,2024-01,25,10,5,1,21961
UAE_202,2024-02,38,15,7,1,14908
UAE_202,2024-03,41,16,8,1,14326
UAE_202,2024-04,62,24,12,1,60749
UAE_202,2024-05,58,23,11,1,44084
UAE_202,2024-06,51,20,10,1,35858
UAE_202,2024-07,56,22,11,1,26353
UAE_202,2024-08,43,17,8,1,19289
UAE_202,2024-09,59,23,11,1,60080
UAE_202,2024-10,50,20,10,1,23034
UAE_202,2024-11,41,16,8,1,43122
UAE_202,2024-12,56,22,11,1,26631
UAE_202,2025-01,74,29,14,1,51970
UAE_202,2025-02,19,7,3,1,14019
UAE_202,2025-03,45,18,9,1,42239
UAE_202,2025-04,32,12,6,1,35601
UAE_202,2025-05,67,26,13,1,28803
UAE_202,2025-06,42,16,8,1,24987
UAE_202,2025-07,42,16,8,1,29281
UAE_202,2025-08,60,24,12,1,45472
UAE_202,2025-09,117,46,23,4,74753
UAE_202,2025-10,15,6,3,1,5736
UAE_202,2025-11,17,6,3,1,13789
UAE_202,2025-12,15,6,3,1,8272
UAE_203,2023-01,29,11,5,1,17314
UAE_203,2023-02,91,36,18,2,111543
UAE_203,2023-03,38,15,7,1,30499
UAE_203,2023-04,68,27,13,2,102602
UAE_203,2023-05,100,40,20,3,128770
UAE_203,2023-06,44,17,8,1,21601
UAE_203,2023-07,121,48,24,4,175850
UAE_203,2023-08,65,26,13,2,72790
UAE_203,2023-09,82,32,16,2,54758
UAE_203,2023-10,52,20,10,1,44258
UAE_203,2023-11,79,31,15,1,97658
UAE_203,2023-12,93,37,18,2,48319
UAE_203,2024-01,59,23,11,1,76752
UAE_203,2024-02,35,14,7,1,27165
UAE_203,2024-03,68,27,13,2,57790
UAE_203,2024-04,91,36,18,1,102997
UAE_203,2024-05,78,31,15,2,87384
UAE_203,2024-06,85,34,17,3,55482
UAE_203,2024-07,35,14,7,1,28603
UAE_203,2024-08,44,17,8,1,27403
UAE_203,2024-09,42,16,8,1,53319
UAE_203,2024-10,65,26,13,1,80069
UAE_203,2024-11,95,38,19,3,54074
UAE_203,2024-12,35,14,7,1,36236
UAE_203,2025-01,51,20,10,2,44181
UAE_203,2025-02,27,10,5,1,22074
UAE_203,2025-03,67,26,13,1,102962
UAE_203,2025-04,25,10,5,1,25659
UAE_203,2025-05,74,29,14,1,95081
UAE_203,2025-06,71,28,14,2,80807
UAE_203,2025-07,68,27,13,1,37662
UAE_203,2025-08,103,41,20,1,112326
UAE_203,2025-09,20,8,4,1,22064
UAE_203,2025-10,47,18,9,1,59861
UAE_203,2025-11,51,20,10,1,80989
UAE_203,2025-12,21,8,4,1,14917
UAE_204,2023-01,54,21,10,2,36514
UAE_204,2023-02,50,20,10,1,19105
UAE_204,2023-03,47,18,9,1,21327
UAE_204,2023-04,52,20,10,1,32443
UAE_204,2023-05,38,15,7,1,42447
UAE_204,2023-06,76,30,15,1,84593
UAE_204,2023-07,93,37,18,3,60836
UAE_204,2023-08,21,8,4,1,13953
UAE_204,2023-09,57,22,11,1,31733
UAE_204,2023-10,20,8,4,1,6806
UAE_204,2023-11,75,30,15,2,45768
UAE_204,2023-12,66,26,13,1,19556
UAE_204,2024-01,37,14,7,1,21489
UAE_204,2024-02,53,21,10,1,29908
UAE_204,2024-03,19,7,3,1,12032
UAE_204,2024-04,32,12,6,1,24029
UAE_204,2024-05,54,21,10,1,27448
UAE_204,2024-06,30,12,6,1,14796
UAE_204,2024-07,57,22,11,1,62904
UAE_204,2024-08,28,11,5,1,29334
UAE_204,2024-09,28,11,5,1,16007
UAE_204,2024-10,27,10,5,1,11734
UAE_204,2024-11,20,8,4,1,19779
UAE_204,2024-12,11,4,2,1,5641
UAE_204,2025-01,26,10,5,1,25870
UAE_204,2025-02,24,9,4,1,25058
UAE_204,2025-03,53,21,10,1,54714
UAE_204,2025-04,63,25,12,1,34228
UAE_204,2025-05,45,18,9,1,16781
UAE_204,2025-06,26,10,5,1,27235
UAE_204,2025-07,32,12,6,1,25729
UAE_204,2025-08,24,9,4,1,14628
UAE_204,2025-09,58,23,11,1,62587
UAE_204,2025-10,52,20,10,1,59594
UAE_204,2025-11,31,12,6,1,19263
UAE_204,2025-12,10,4,2,1,4236
UAE_205,2023-01,384,153,76,13,7229578
UAE_205,2023-02,646,258,129,10,12713102
UAE_205,2023-03,1184,473,236,45,17304738
UAE_205,2023-04,1210,484,242,31,12188402
UAE_205,2023-05,613,245,122,11,5762466
UAE_205,2023-06,1431,572,286,21,29516670
UAE_205,2023-07,1280,512,256,36,22374983
UAE_205,2023-08,529,211,105,20,9347589
UAE_205,2023-09,1034,413,206,20,8978301
UAE_205,2023-10,1086,434,217,32,7044254
UAE_205,2023-11,449,179,89,8,7244532
UAE_205,2023-12,834,333,166,22,10859253
UAE_205,2024-01,401,160,80,8,4592491
UAE_205,2024-02,338,135,67,9,3390403
UAE_205,2024-03,1696,678,339,33,16076566
UAE_205,2024-04,834,333,166,25,8811952
UAE_205,2024-05,829,331,165,14,15220637
UAE_205,2024-06,1142,456,228,39,18736570
UAE_205,2024-07,911,364,182,27,9791956
UAE_205,2024-08,1366,546,273,28,18957933
UAE_205,2024-09,1157,462,231,25,8605059
UAE_205,2024-10,1171,468,234,28,21538319
UAE_205,2024-11,425,170,85,8,8919888
UAE_205,2024-12,503,201,100,18,5589986
UAE_205,2025-01,704,281,140,27,15522077
UAE_205,2025-02,1147,458,229,45,15454582
UAE_205,2025-03,1141,456,228,30,13575968
UAE_205,2025-04,619,247,123,22,6603125
UAE_205,2025-05,718,287,143,26,6442306
UAE_205,2025-06,1386,554,277,53,32962357
UAE_205,2025-07,833,333,166,20,15527037
UAE_205,2025-08,664,265,132,11,13931574
UAE_205,2025-09,926,370,185,21,16212800
UAE_205,2025-10,1246,498,249,34,28392658
UAE_205,2025-11,1313,525,262,25,26992812
UAE_205,2025-12,947,378,189,22,9976814
UAE_206,2023-01,42,16,8,1,14042
UAE_206,2023-02,50,20,10,1,29962
UAE_206,2023-03,58,23,11,2,22839
UAE_206,2023-04,36,14,7,1,28649
UAE_206,2023-05,21,8,4,1,7591
UAE_206,2023-06,62,24,12,1,36600
UAE_206,2023-07,61,24,12,2,52904
UAE_206,2023-08,25,10,5,1,19933
UAE_206,2023-09,36,14,7,1,14734
UAE_206,2023-10,10,4,2,1,6370
UAE_206,2023-11,56,22,11,1,63468
UAE_206,2023-12,31,12,6,1,32999
UAE_206,2024-01,58,23,11,1,30959
UAE_206,2024-02,38,15,7,1,39531
UAE_206,2024-03,57,22,11,1,23640
UAE_206,2024-04,49,19,9,1,42409
UAE_206,2024-05,20,8,4,1,9441
UAE_206,2024-06,25,10,5,1,27928
UAE_206,2024-07,46,18,9,1,39305
UAE_206,2024-08,52,20,10,1,29775
UAE_206,2024-09,53,21,10,1,48878
UAE_206,2024-10,60,24,12,1,19874
UAE_206,2024-11,34,13,6,1,34115
UAE_206,2024-12,19,7,3,1,17875
UAE_206,2025-01,42,16,8,1,42610
UAE_206,2025-02,104,41,20,2,120184
UAE_206,2025-03,52,20,10,1,21989
UAE_206,2025-04,58,23,11,2,38071
UAE_206,2025-05,42,16,8,1,12927
UAE_206,2025-06,70,28,14,1,23775
UAE_206,2025-07,51,20,10,1,28038
UAE_206,2025-08,52,20,10,1,34686
UAE_206,2025-09,18,7,3,1,15394
UAE_206,2025-10,46,18,9,1,42050
UAE_206,2025-11,15,6,3,1,16508
UAE_206,2025-12,10,4,2,1,8098
UAE_207,2023-01,25,10,5,1,15361
UAE_207,2023-02,53,21,10,1,38703
UAE_207,2023-03,89,35,17,2,114789
UAE_207,2023-04,107,42,21,1,199407
UAE_207,2023-05,40,16,8,1,46756
UAE_207,2023-06,59,23,11,1,46341
UAE_207,2023-07,112,44,22,4,126449
UAE_207,2023-08,89,35,17,2,160798
UAE_207,2023-09,51,20,10,1,51912
UAE_207,2023-10,38,15,7,1,51203
UAE_207,2023-11,69,27,13,1,114533
UAE_207,2023-12,36,14,7,1,31724
UAE_207,2024-01,72,28,14,1,85256
UAE_207,2024-02,83,33,16,2,79382
UAE_207,2024-03,74,29,14,2,105072
UAE_207,2024-04,87,34,17,1,60804
UAE_207,2024-05,66,26,13,2,43889
UAE_207,2024-06,118,47,23,4,207713
UAE_207,2024-07,33,13,6,1,50246
UAE_207,2024-08,79,31,15,2,144270
UAE_207,2024-09,28,11,5,1,37141
UAE_207,2024-10,93,37,18,1,65076
UAE_207,2024-11,49,19,9,1,40832
UAE_207,2024-12,40,16,8,1,63933
UAE_207,2025-01,58,23,11,1,61061
UAE_207,2025-02,100,40,20,2,71355
UAE_207,2025-03,85,34,17,2,144627
UAE_207,2025-04,79,31,15,3,71663
UAE_207,2025-05,69,27,13,1,97205
UAE_207,2025-06,116,46,23,2,192971
UAE_207,2025-07,140,56,28,3,113397
UAE_207,2025-08,33,13,6,1,23354
UAE_207,2025-09,64,25,12,2,72581
UAE_207,2025-10,91,36,18,3,69387
UAE_207,2025-11,94,37,18,2,146986
UAE_207,2025-12,64,25,12,1,116464
UAE_208,2023-01,18,7,3,1,7871
UAE_208,2023-02,21,8,4,1,17129
UAE_208,2023-03,81,32,16,3,34072
UAE_208,2023-04,45,18,9,1,31894
UAE_208,2023-05,32,12,6,1,15087
UAE_208,2023-06,28,11,5,1,32318
UAE_208,2023-07,65,26,13,1,38509
UAE_208,2023-08,38,15,7,1,36321
UAE_208,2023-09,77,30,15,2,73990
UAE_208,2023-10,48,19,9,1,14416
UAE_208,2023-11,66,26,13,2,49179
UAE_208,2023-12,36,14,7,1,30949
UAE_208,2024-01,19,7,3,1,7441
UAE_208,2024-02,45,18,9,1,47453
UAE_208,2024-03,54,21,10,1,16876
UAE_208,2024-04,47,18,9,1,15680
UAE_208,2024-05,68,27,13,1,44615
UAE_208,2024-06,22,8,4,1,16115
UAE_208,2024-07,96,38,19,3,90822
UAE_208,2024-08,51,20,10,1,56276
UAE_208,2024-09,52,20,10,1,33590
UAE_208,2024-10,47,18,9,1,53172
UAE_208,2024-11,29,11,5,1,24469
UAE_208,2024-12,48,19,9,1,40224
UAE_208,2025-01,33,13,6,1,10442
UAE_208,2025-02,35,14,7,1,19144
UAE_208,2025-03,37,14,7,1,20485
UAE_208,2025-04,54,21,10,1,23924
UAE_208,2025-05,26,10,5,1,28099
UAE_208,2025-06,23,9,4,1,13429
UAE_208,2025-07,18,7,3,1,5517
UAE_208,2025-08,13,5,2,1,10687
UAE_208,2025-09,68,27,13,2,80521
UAE_208,2025-10,27,10,5,1,22464
UAE_208,2025-11,23,9,4,1,11284
UAE_208,2025-12,36,14,7,1,10644
UAE_209,2023-01,246,98,49,8,651953
UAE_209,2023-02,89,35,17,1,258182
UAE_209,2023-03,203,81,40,3,325438
UAE_209,2023-04,112,44,22,3,431683
UAE_209,2023-05,398,159,79,14,996031
UAE_209,2023-06,435,174,87,14,639324
UAE_209,2023-07,110,44,22,3,289945
UAE_209,2023-08,123,49,24,4,570337
UAE_209,2023-09,194,77,38,2,679371
UAE_209,2023-10,250,100,50,9,569656
UAE_209,2023-11,123,49,24,2,600218
UAE_209,2023-12,97,38,19,2,381192
UAE_209,2024-01,75,30,15,1,315343
UAE_209,2024-02,195,78,39,4,846470
UAE_209,2024-03,143,57,28,4,317572
UAE_209,2024-04,58,23,11,1,282387
UAE_209,2024-05,238,95,47,4,982040
UAE_209,2024-06,263,105,52,4,514129
UAE_209,2024-07,240,96,48,8,979488
UAE_209,2024-08,81,32,16,3,132777
UAE_209,2024-09,171,68,34,2,752468
UAE_209,2024-10,65,26,13,1,177172
UAE_209,2024-11,343,137,68,9,553289
UAE_209,2024-12,110,44,22,4,530999
UAE_209,2025-01,138,55,27,2,294636
UAE_209,2025-02,140,56,28,2,288299
UAE_209,2025-03,250,100,50,6,648180
UAE_209,2025-04,93,37,18,1,315570
UAE_209,2025-05,163,65,32,5,458610
UAE_209,2025-06,262,104,52,5,437727
UAE_209,2025-07,320,128,64,10,1574754
UAE_209,2025-08,115,46,23,2,249755
UAE_209,2025-09,99,39,19,1,386337
UAE_209,2025-10,320,128,64,9,704505
UAE_209,2025-11,240,96,48,8,333019
UAE_209,2025-12,255,102,51,4,497843
UAE_210,2023-01,742,296,148,29,11507174
UAE_210,2023-02,1761,704,352,59,30131024
UAE_210,2023-03,1193,477,238,19,35395994
UAE_210,2023-04,1143,457,228,26,30419926
UAE_210,2023-05,1300,520,260,36,13888066
UAE_210,2023-06,1114,445,222,20,14857094
UAE_210,2023-07,1446,578,289,30,21499449
UAE_210,2023-08,1005,402,201,18,9520875
UAE_210,2023-09,1588,635,317,31,44026359
UAE_210,2023-10,537,214,107,18,5184038
UAE_210,2023-11,1448,579,289,41,23479966
UAE_210,2023-12,509,203,101,18,8838283
UAE_210,2024-01,532,212,106,12,5213771
UAE_210,2024-02,1349,539,269,33,11924334
UAE_210,2024-03,344,137,68,8,7022569
UAE_210,2024-04,1027,410,205,36,16717803
UAE_210,2024-05,661,264,132,11,19472558
UAE_210,2024-06,1720,688,344,43,41137205
UAE_210,2024-07,1277,510,255,50,17380218
UAE_210,2024-08,847,338,169,30,15872523
UAE_210,2024-09,836,334,167,19,22022072
UAE_210,2024-10,335,134,67,11,9789317
UAE_210,2024-11,1383,553,276,50,28590487
UAE_210,2024-12,1497,598,299,25,17008914
UAE_210,2025-01,1483,593,296,36,34231891
UAE_210,2025-02,912,364,182,17,22626917
UAE_210,2025-03,1162,464,232,40,32277153
UAE_210,2025-04,493,197,98,11,13511499
UAE_210,2025-05,1110,444,222,18,25623901
UAE_210,2025-06,1102,440,220,16,34459453
UAE_210,2025-07,820,328,164,16,8793007
UAE_210,2025-08,509,203,101,18,11015553
UAE_210,2025-09,666,266,133,21,6445743
UAE_210,2025-10,711,284,142,20,13307382
UAE_210,2025-11,675,270,135,26,20076757
UAE_210,2025-12,481,192,96,15,9505800
UAE_211,2023-01,27,10,5,1,32236
UAE_211,2023-02,87,34,17,2,126884
UAE_211,2023-03,118,47,23,2,134693
UAE_211,2023-04,158,63,31,2,162742
UAE_211,2023-05,117,46,23,2,210508
UAE_211,2023-06,102,40,20,1,189772
UAE_211,2023-07,35,14,7,1,56975
UAE_211,2023-08,58,23,11,2,39345
UAE_211,2023-09,92,36,18,3,155634
UAE_211,2023-10,79,31,15,2,42638
UAE_211,2023-11,77,30,15,1,86394
UAE_211,2023-12,49,19,9,1,59925
UAE_211,2024-01,51,20,10,1,64054
UAE_211,2024-02,66,26,13,2,77445
UAE_211,2024-03,36,14,7,1,48753
UAE_211,2024-04,53,21,10,1,78870
UAE_211,2024-05,174,69,34,6,159776
UAE_211,2024-06,100,40,20,2,72362
UAE_211,2024-07,51,20,10,2,73297
UAE_211,2024-08,89,35,17,2,152323
UAE_211,2024-09,68,27,13,2,119938
UAE_211,2024-10,56,22,11,1,36976
UAE_211,2024-11,56,22,11,1,70870
UAE_211,2024-12,49,19,9,1,56175
UAE_211,2025-01,33,13,6,1,61490
UAE_211,2025-02,51,20,10,1,94553
UAE_211,2025-03,83,33,16,3,154640
UAE_211,2025-04,34,13,6,1,16550
UAE_211,2025-05,54,21,10,1,36525
UAE_211,2025-06,53,21,10,1,97358
UAE_211,2025-07,66,26,13,1,50866
UAE_211,2025-08,101,40,20,3,140275
UAE_211,2025-09,105,42,21,1,165813
UAE_211,2025-10,33,13,6,1,32232
UAE_211,2025-11,114,45,22,3,70056
UAE_211,2025-12,79,31,15,3,142743
UAE_212,2023-01,137,54,27,3,118808
UAE_212,2023-02,53,21,10,1,134062
UAE_212,2023-03,175,70,35,3,448272
UAE_212,2023-04,44,17,8,1,105292
UAE_212,2023-05,173,69,34,2,370060
UAE_212,2023-06,175,70,35,6,152135
UAE_212,2023-07,133,53,26,2,307052
UAE_212,2023-08,137,54,27,3,133342
UAE_212,2023-09,49,19,9,1,81861
UAE_212,2023-10,67,26,13,2,51874
UAE_212,2023-11,62,24,12,1,48061
UAE_212,2023-12,110,44,22,2,188901
UAE_212,2024-01,120,48,24,2,179138
UAE_212,2024-02,114,45,22,4,193637
UAE_212,2024-03,112,44,22,3,101126
UAE_212,2024-04,59,23,11,1,74600
UAE_212,2024-05,164,65,32,3,204974
UAE_212,2024-06,95,38,19,3,105632
UAE_212,2024-07,50,20,10,1,68234
UAE_212,2024-08,83,33,16,3,111466
UAE_212,2024-09,100,40,20,2,175200
UAE_212,2024-10,43,17,8,1,40184
UAE_212,2024-11,43,17,8,1,71029
UAE_212,2024-12,27,10,5,1,65189
UAE_212,2025-01,22,8,4,1,22444
UAE_212,2025-02,101,40,20,2,148788
UAE_212,2025-03,45,18,9,1,118519
UAE_212,2025-04,87,34,17,2,159827
UAE_212,2025-05,125,50,25,2,105222
UAE_212,2025-06,39,15,7,1,42939
UAE_212,2025-07,121,48,24,2,313431
UAE_212,2025-08,139,55,27,4,310545
UAE_212,2025-09,59,23,11,1,113244
UAE_212,2025-10,133,53,26,2,285327
UAE_212,2025-11,28,11,5,1,29038
UAE_212,2025-12,65,26,13,1,92382
UAE_213,2023-01,56,22,11,1,66609
UAE_213,2023-02,59,23,11,1,63189
UAE_213,2023-03,41,16,8,1,53633
UAE_213,2023-04,29,11,5,1,53621
UAE_213,2023-05,99,39,19,3,168159
UAE_213,2023-06,19,7,3,1,13825
UAE_213,2023-07,64,25,12,1,133283
UAE_213,2023-08,37,14,7,1,74730
UAE_213,2023-09,121,48,24,2,229729
UAE_213,2023-10,27,10,5,1,36924
UAE_213,2023-11,60,24,12,1,40968
UAE_213,2023-12,48,19,9,1,87668
UAE_213,2024-01,129,51,25,5,147142
UAE_213,2024-02,27,10,5,1,21337
UAE_213,2024-03,33,13,6,1,56694
UAE_213,2024-04,79,31,15,1,129723
UAE_213,2024-05,80,32,16,1,91195
UAE_213,2024-06,118,47,23,3,83275
UAE_213,2024-07,92,36,18,2,173667
UAE_213,2024-08,41,16,8,1,83734
UAE_213,2024-09,121,48,24,4,134457
UAE_213,2024-10,47,18,9,1,42111
UAE_213,2024-11,75,30,15,2,96802
UAE_213,2024-12,65,26,13,2,133725
UAE_213,2025-01,97,38,19,1,188280
UAE_213,2025-02,68,27,13,1,114460
UAE_213,2025-03,108,43,21,2,199485
UAE_213,2025-04,88,35,17,3,83021
UAE_213,2025-05,47,18,9,1,44875
UAE_213,2025-06,168,67,33,3,222495
UAE_213,2025-07,42,16,8,1,22355
UAE_213,2025-08,45,18,9,1,59807
UAE_213,2025-09,90,36,18,2,181672
UAE_213,2025-10,54,21,10,1,72703
UAE_213,2025-11,79,31,15,1,133611
UAE_213,2025-12,61,24,12,1,105364
UAE_214,2023-01,33,13,6,1,59466
UAE_214,2023-02,104,41,20,2,87742
UAE_214,2023-03,88,35,17,2,121518
UAE_214,2023-04,197,78,39,5,195115
UAE_214,2023-05,118,47,23,2,74243
UAE_214,2023-06,110,44,22,1,112500
UAE_214,2023-07,92,36,18,2,131854
UAE_214,2023-08,54,21,10,1,66799
UAE_214,2023-09,69,27,13,1,139025
UAE_214,2023-10,113,45,22,3,87516
UAE_214,2023-11,109,43,21,2,160646
UAE_214,2023-12,78,31,15,1,104349
UAE_214,2024-01,79,31,15,1,159059
UAE_214,2024-02,81,32,16,1,159566
UAE_214,2024-03,105,42,21,2,206143
UAE_214,2024-04,78,31,15,2,98200
UAE_214,2024-05,124,49,24,3,122734
UAE_214,2024-06,57,22,11,1,30493
UAE_214,2024-07,61,24,12,1,42404
UAE_214,2024-08,48,19,9,1,48646
UAE_214,2024-09,137,54,27,4,270028
UAE_214,2024-10,93,37,18,1,139111
UAE_214,2024-11,129,51,25,3,126265
UAE_214,2024-12,23,9,4,1,19695
UAE_214,2025-01,71,28,14,1,145726
UAE_214,2025-02,123,49,24,4,241749
UAE_214,2025-03,145,58,29,4,287977
UAE_214,2025-04,115,46,23,3,135965
UAE_214,2025-05,78,31,15,2,109906
UAE_214,2025-06,67,26,13,1,70878
UAE_214,2025-07,100,40,20,3,81910
UAE_214,2025-08,198,79,39,7,342767
UAE_214,2025-09,30,12,6,1,22331
UAE_214,2025-10,87,34,17,1,51641
UAE_214,2025-11,101,40,20,3,183227
UAE_214,2025-12,94,37,18,3,55682
UAE_215,2023-01,162,64,32,2,647720
UAE_215,2023-02,63,25,12,1,108794
UAE_215,2023-03,217,86,43,7,835745
UAE_215,2023-04,54,21,10,1,131728
UAE_215,2023-05,362,144,72,12,1226456
UAE_215,2023-06,305,122,61,6,860502
UAE_215,2023-07,203,81,40,5,523528
UAE_215,2023-08,121,48,24,3,293498
UAE_215,2023-09,147,58,29,5,527018
UAE_215,2023-10,63,25,12,1,149000
UAE_215,2023-11,186,74,37,6,689812
UAE_215,2023-12,168,67,33,2,319033
UAE_215,2024-01,178,71,35,6,680206
UAE_215,2024-02,246,98,49,3,984698
UAE_215,2024-03,109,43,21,2,350198
UAE_215,2024-04,274,109,54,6,491593
UAE_215,2024-05,295,118,59,5,645555
UAE_215,2024-06,194,77,38,7,517716
UAE_215,2024-07,339,135,67,12,353278
UAE_215,2024-08,107,42,21,2,141778
UAE_215,2024-09,69,27,13,2,180131
UAE_215,2024-10,73,29,14,1,148875
UAE_215,2024-11,144,57,28,3,408794
UAE_215,2024-12,147,58,29,2,254140
UAE_215,2025-01,284,113,56,9,1036469
UAE_215,2025-02,121,48,24,3,178036
UAE_215,2025-03,83,33,16,2,110150
UAE_215,2025-04,134,53,26,5,334160
UAE_215,2025-05,131,52,26,5,325368
UAE_215,2025-06,122,48,24,3,262724
UAE_215,2025-07,67,26,13,1,231863
UAE_215,2025-08,184,73,36,4,649816
UAE_215,2025-09,129,51,25,4,287491
UAE_215,2025-10,117,46,23,2,369797
UAE_215,2025-11,179,71,35,6,260490
UAE_215,2025-12,257,102,51,6,866093
UAE_216,2023-01,24,9,4,1,64022
UAE_216,2023-02,57,22,11,1,125712
UAE_216,2023-03,115,46,23,4,164654
UAE_216,2023-04,235,94,47,8,405524
UAE_216,2023-05,226,90,45,3,497937
UAE_216,2023-06,76,30,15,1,190130
UAE_216,2023-07,121,48,24,4,218186
UAE_216,2023-08,141,56,28,3,137929
UAE_216,2023-09,178,71,35,3,208816
UAE_216,2023-10,79,31,15,1,85612
UAE_216,2023-11,70,28,14,1,183293
UAE_216,2023-12,47,18,9,1,130965
UAE_216,2024-01,29,11,5,1,55397
UAE_216,2024-02,76,30,15,1,65085
UAE_216,2024-03,119,47,23,3,361389
UAE_216,2024-04,73,29,14,2,210221
UAE_216,2024-05,113,45,22,1,145004
UAE_216,2024-06,113,45,22,2,272502
UAE_216,2024-07,60,24,12,1,105710
UAE_216,2024-08,140,56,28,4,356231
UAE_216,2024-09,100,40,20,3,107218
UAE_216,2024-10,122,48,24,2,248414
UAE_216,2024-11,62,24,12,1,71144
UAE_216,2024-12,86,34,17,3,187614
UAE_216,2025-01,263,105,52,8,512884
UAE_216,2025-02,142,56,28,4,377726
UAE_216,2025-03,126,50,25,1,288997
UAE_216,2025-04,207,82,41,3,167310
UAE_216,2025-05,254,101,50,5,518708
UAE_216,2025-06,47,18,9,1,51102
UAE_216,2025-07,55,22,11,1,147679
UAE_216,2025-08,49,19,9,1,97451
UAE_216,2025-09,215,86,43,8,249202
UAE_216,2025-10,72,28,14,1,194937
UAE_216,2025-11,247,98,49,5,594385
UAE_216,2025-12,106,42,21,2,320642
UAE_217,2023-01,66,26,13,2,71265
UAE_217,2023-02,10,4,2,1,9074
UAE_217,2023-03,24,9,4,1,24152
UAE_217,2023-04,55,22,11,1,50397
UAE_217,2023-05,73,29,14,1,49868
UAE_217,2023-06,27,10,5,1,14197
UAE_217,2023-07,61,24,12,2,71213
UAE_217,2023-08,35,14,7,1,17759
UAE_217,2023-09,47,18,9,1,19391
UAE_217,2023-10,18,7,3,1,7843
UAE_217,2023-11,62,24,12,2,40924
UAE_217,2023-12,11,4,2,1,7770
UAE_217,2024-01,46,18,9,1,45094
UAE_217,2024-02,25,10,5,1,27716
UAE_217,2024-03,37,14,7,1,33357
UAE_217,2024-04,13,5,2,1,11401
UAE_217,2024-05,18,7,3,1,19716
UAE_217,2024-06,49,19,9,1,27230
UAE_217,2024-07,53,21,10,1,57278
UAE_217,2024-08,15,6,3,1,12323
UAE_217,2024-09,71,28,14,2,40273
UAE_217,2024-10,40,16,8,1,34230
UAE_217,2024-11,50,20,10,1,37064
UAE_217,2024-12,68,27,13,1,45878
UAE_217,2025-01,33,13,6,1,25069
UAE_217,2025-02,47,18,9,1,52028
UAE_217,2025-03,49,19,9,1,45671
UAE_217,2025-04,48,19,9,1,44421
UAE_217,2025-05,23,9,4,1,21332
UAE_217,2025-06,94,37,18,3,99804
UAE_217,2025-07,43,17,8,1,43232
UAE_217,2025-08,22,8,4,1,11886
UAE_217,2025-09,42,16,8,1,21929
UAE_217,2025-10,56,22,11,2,46609
UAE_217,2025-11,25,10,5,1,9513
UAE_217,2025-12,44,17,8,1,36684
UAE_218,2023-01,26,10,5,1,40031
UAE_218,2023-02,63,25,12,1,78916
UAE_218,2023-03,60,24,12,1,30931
UAE_218,2023-04,56,22,11,1,44280
UAE_218,2023-05,80,32,16,2,47684
UAE_218,2023-06,74,29,14,1,85459
UAE_218,2023-07,22,8,4,1,23461
UAE_218,2023-08,105,42,21,2,127499
UAE_218,2023-09,99,39,19,3,132976
UAE_218,2023-10,112,44,22,2,50334
UAE_218,2023-11,57,22,11,1,92117
UAE_218,2023-12,19,7,3,1,10492
UAE_218,2024-01,25,10,5,1,13625
UAE_218,2024-02,62,24,12,1,47336
UAE_218,2024-03,56,22,11,1,63571
UAE_218,2024-04,60,24,12,1,99067
UAE_218,2024-05,113,45,22,2,90053
UAE_218,2024-06,39,15,7,1,31241
UAE_218,2024-07,124,49,24,4,100925
UAE_218,2024-08,82,32,16,1,121740
UAE_218,2024-09,33,13,6,1,33769
UAE_218,2024-10,42,16,8,1,35698
UAE_218,2024-11,82,32,16,2,128712
UAE_218,2024-12,118,47,23,2,50402
UAE_218,2025-01,30,12,6,1,17561
UAE_218,2025-02,40,16,8,1,44706
UAE_218,2025-03,44,17,8,1,40171
UAE_218,2025-04,53,21,10,1,86241
UAE_218,2025-05,91,36,18,2,96600
UAE_218,2025-06,46,18,9,1,67470
UAE_218,2025-07,98,39,19,3,109643
UAE_218,2025-08,76,30,15,2,70178
UAE_218,2025-09,23,9,4,1,19650
UAE_218,2025-10,64,25,12,1,39484
UAE_218,2025-11,15,6,3,1,8283
UAE_218,2025-12,87,34,17,2,40624
UAE_219,2023-01,60,24,12,1,38541
UAE_219,2023-02,44,17,8,1,36861
UAE_219,2023-03,91,36,18,3,78164
UAE_219,2023-04,46,18,9,1,27552
UAE_219,2023-05,38,15,7,1,52694
UAE_219,2023-06,95,38,19,3,107185
UAE_219,2023-07,42,16,8,1,49259
UAE_219,2023-08,58,23,11,1,24890
UAE_219,2023-09,18,7,3,1,8080
UAE_219,2023-10,55,22,11,1,61440
UAE_219,2023-11,51,20,10,1,46412
UAE_219,2023-12,56,22,11,1,72038
UAE_219,2024-01,27,10,5,1,11281
UAE_219,2024-02,42,16,8,1,49104
UAE_219,2024-03,32,12,6,1,22608
UAE_219,2024-04,77,30,15,1,106995
UAE_219,2024-05,95,38,19,2,110725
UAE_219,2024-06,54,21,10,1,49097
UAE_219,2024-07,60,24,12,1,68780
UAE_219,2024-08,41,16,8,1,23752
UAE_219,2024-09,75,30,15,1,83972
UAE_219,2024-10,50,20,10,1,52759
UAE_219,2024-11,17,6,3,1,16449
UAE_219,2024-12,46,18,9,1,43101
UAE_219,2025-01,40,16,8,1,26768
UAE_219,2025-02,56,22,11,1,41022
UAE_219,2025-03,28,11,5,1,13749
UAE_219,2025-04,16,6,3,1,12318
UAE_219,2025-05,21,8,4,1,27763
UAE_219,2025-06,90,36,18,3,50979
UAE_219,2025-07,32,12,6,1,40429
UAE_219,2025-08,86,34,17,2,50237
UAE_219,2025-09,31,12,6,1,26048
UAE_219,2025-10,112,44,22,1,60660
UAE_219,2025-11,43,17,8,1,44656
UAE_219,2025-12,67,26,13,1,59960
UAE_220,2023-01,155,62,31,2,2363410
UAE_220,2023-02,796,318,159,28,9749183
UAE_220,2023-03,400,160,80,9,3968216
UAE_220,2023-04,604,241,120,10,3452057
UAE_220,2023-05,1035,414,207,16,14974558
UAE_220,2023-06,539,215,107,20,6861828
UAE_220,2023-07,1454,581,290,38,9356842
UAE_220,2023-08,769,307,153,22,15230641
UAE_220,2023-09,531,212,106,17,9994801
UAE_220,2023-10,645,258,129,9,7562163
UAE_220,2023-11,1197,478,239,21,15327911
UAE_220,2023-12,435,174,87,11,7730802
UAE_220,2024-01,1278,511,255,26,8436630
UAE_220,2024-02,787,314,157,30,13885456
UAE_220,2024-03,876,350,175,20,17315018
UAE_220,2024-04,1093,437,218,43,18367713
UAE_220,2024-05,296,118,59,11,2276964
UAE_220,2024-06,943,377,188,25,12405124
UAE_220,2024-07,594,237,118,21,4897884
UAE_220,2024-08,809,323,161,30,14460632
UAE_220,2024-09,1132,452,226,24,16949959
UAE_220,2024-10,880,352,176,14,5417815
UAE_220,2024-11,369,147,73,12,5752650
UAE_220,2024-12,669,267,133,17,9621171
UAE_220,2025-01,498,199,99,10,2498234
UAE_220,2025-02,944,377,188,15,8793377
UAE_220,2025-03,730,292,146,28,11780223
UAE_220,2025-04,1192,476,238,20,21577546
UAE_220,2025-05,1071,428,214,38,14848283
UAE_220,2025-06,1476,590,295,39,26447534
UAE_220,2025-07,1284,513,256,47,18453328
UAE_220,2025-08,901,360,180,13,15063692
UAE_220,2025-09,367,146,73,14,7045422
UAE_220,2025-10,834,333,166,19,10359403
UAE_220,2025-11,439,175,87,17,8023050
UAE_220,2025-12,862,344,172,18,16198371
UAE_221,2023-01,27,10,5,1,27515
UAE_221,2023-02,56,22,11,1,56563
UAE_221,2023-03,35,14,7,1,15279
UAE_221,2023-04,31,12,6,1,14042
UAE_221,2023-05,62,24,12,1,20406
UAE_221,2023-06,77,30,15,2,56406
UAE_221,2023-07,28,11,5,1,28375
UAE_221,2023-08,42,16,8,1,21475
UAE_221,2023-09,21,8,4,1,18547
UAE_221,2023-10,37,14,7,1,28408
UAE_221,2023-11,58,23,11,1,63829
UAE_221,2023-12,27,10,5,1,23285
UAE_221,2024-01,59,23,11,2,39810
UAE_221,2024-02,12,4,2,1,3769
UAE_221,2024-03,51,20,10,1,24221
UAE_221,2024-04,51,20,10,1,51542
UAE_221,2024-05,75,30,15,2,65105
UAE_221,2024-06,84,33,16,1,24821
UAE_221,2024-07,39,15,7,1,34106
UAE_221,2024-08,49,19,9,1,24791
UAE_221,2024-09,29,11,5,1,25724
UAE_221,2024-10,55,22,11,1,20844
UAE_221,2024-11,19,7,3,1,16558
UAE_221,2024-12,61,24,12,1,26170
UAE_221,2025-01,25,10,5,1,12780
UAE_221,2025-02,10,4,2,1,6429
UAE_221,2025-03,27,10,5,1,13036
UAE_221,2025-04,59,23,11,1,29224
UAE_221,2025-05,27,10,5,1,20740
UAE_221,2025-06,41,16,8,1,34173
UAE_221,2025-07,55,22,11,2,21108
UAE_221,2025-08,58,23,11,1,51731
UAE_221,2025-09,26,10,5,1,27086
UAE_221,2025-10,18,7,3,1,20373
UAE_221,2025-11,65,26,13,1,76245
UAE_221,2025-12,50,20,10,1,18317
UAE_222,2023-01,79,31,15,2,146683
UAE_222,2023-02,34,13,6,1,32413
UAE_222,2023-03,56,22,11,2,66768
UAE_222,2023-04,85,34,17,2,110811
UAE_222,2023-05,161,64,32,3,88225
UAE_222,2023-06,157,62,31,2,85648
UAE_222,2023-07,28,11,5,1,40554
UAE_222,2023-08,103,41,20,2,193834
UAE_222,2023-09,79,31,15,1,86466
UAE_222,2023-10,80,32,16,3,128687
UAE_222,2023-11,51,20,10,1,34124
UAE_222,2023-12,87,34,17,2,141491
UAE_222,2024-01,131,52,26,3,215561
UAE_222,2024-02,55,22,11,1,52563
UAE_222,2024-03,80,32,16,1,102735
UAE_222,2024-04,90,36,18,1,82813
UAE_222,2024-05,103,41,20,2,145325
UAE_222,2024-06,74,29,14,1,85847
UAE_222,2024-07,53,21,10,1,104719
UAE_222,2024-08,83,33,16,1,165402
UAE_222,2024-09,68,27,13,2,141436
UAE_222,2024-10,85,34,17,3,95942
UAE_222,2024-11,50,20,10,1,78694
UAE_222,2024-12,77,30,15,2,124806
UAE_222,2025-01,75,30,15,2,74752
UAE_222,2025-02,13,5,2,1,25340
UAE_222,2025-03,97,38,19,2,149069
UAE_222,2025-04,59,23,11,2,57741
UAE_222,2025-05,36,14,7,1,45644
UAE_222,2025-06,55,22,11,1,105455
UAE_222,2025-07,71,28,14,1,103973
UAE_222,2025-08,149,59,29,4,272887
UAE_222,2025-09,39,15,7,1,24174
UAE_222,2025-10,111,44,22,3,226829
UAE_222,2025-11,130,52,26,2,163167
UAE_222,2025-12,48,19,9,1,40806
UAE_223,2023-01,34,13,6,1,27601
UAE_223,2023-02,17,6,3,1,15714
UAE_223,2023-03,44,17,8,1,21536
UAE_223,2023-04,25,10,5,1,9329
UAE_223,2023-05,73,29,14,1,26519
UAE_223,2023-06,31,12,6,1,35618
UAE_223,2023-07,74,29,14,2,60570
UAE_223,2023-08,36,14,7,1,19359
UAE_223,2023-09,59,23,11,1,34012
UAE_223,2023-10,18,7,3,1,9165
UAE_223,2023-11,40,16,8,1,24438
UAE_223,2023-12,30,12,6,1,15181
UAE_223,2024-01,44,17,8,1,33258
UAE_223,2024-02,62,24,12,1,18979
UAE_223,2024-03,43,17,8,1,37934
UAE_223,2024-04,14,5,2,1,9792
UAE_223,2024-05,38,15,7,1,12574
UAE_223,2024-06,14,5,2,1,10959
UAE_223,2024-07,61,24,12,2,53664
UAE_223,2024-08,14,5,2,1,4623
UAE_223,2024-09,55,22,11,1,37156
UAE_223,2024-10,27,10,5,1,19725
UAE_223,2024-11,44,17,8,1,33484
UAE_223,2024-12,53,21,10,1,15988
UAE_223,2025-01,23,9,4,1,9649
UAE_223,2025-02,65,26,13,2,45844
UAE_223,2025-03,39,15,7,1,31112
UAE_223,2025-04,28,11,5,1,15280
UAE_223,2025-05,31,12,6,1,17071
UAE_223,2025-06,32,12,6,1,16542
UAE_223,2025-07,16,6,3,1,15821
UAE_223,2025-08,61,24,12,2,71739
UAE_223,2025-09,58,23,11,1,19975
UAE_223,2025-10,70,28,14,2,77560
UAE_223,2025-11,43,17,8,1,33193
UAE_223,2025-12,50,20,10,1,41178
UAE_224,2023-01,24,9,4,1,13837
UAE_224,2023-02,50,20,10,1,36395
UAE_224,2023-03,65,26,13,2,26192
UAE_224,2023-04,28,11,5,1,33271
UAE_224,2023-05,41,16,8,1,47020
UAE_224,2023-06,56,22,11,2,68985
UAE_224,2023-07,87,34,17,3,101429
UAE_224,2023-08,93,37,18,3,77375
UAE_224,2023-09,41,16,8,1,51847
UAE_224,2023-10,26,10,5,1,32351
UAE_224,2023-11,86,34,17,2,62722
UAE_224,2023-12,37,14,7,1,20494
UAE_224,2024-01,67,26,13,2,65699
UAE_224,2024-02,37,14,7,1,44622
UAE_224,2024-03,11,4,2,1,11864
UAE_224,2024-04,43,17,8,1,46143
UAE_224,2024-05,25,10,5,1,18975
UAE_224,2024-06,62,24,12,1,46088
UAE_224,2024-07,48,19,9,1,45159
UAE_224,2024-08,28,11,5,1,17911
UAE_224,2024-09,51,20,10,1,43735
UAE_224,2024-10,33,13,6,1,28183
UAE_224,2024-11,52,20,10,1,64247
UAE_224,2024-12,49,19,9,1,44327
UAE_224,2025-01,50,20,10,1,22920
UAE_224,2025-02,62,24,12,1,56003
UAE_224,2025-03,79,31,15,2,28240
UAE_224,2025-04,103,41,20,2,86138
UAE_224,2025-05,55,22,11,1,49116
UAE_224,2025-06,66,26,13,2,57681
UAE_224,2025-07,20,8,4,1,23314
UAE_224,2025-08,74,29,14,1,81354
UAE_224,2025-09,65,26,13,2,89799
UAE_224,2025-10,34,13,6,1,25493
UAE_224,2025-11,80,32,16,2,97320
UAE_224,2025-12,33,13,6,1,29085
UAE_225,2023-01,25,10,5,1,18909
UAE_225,2023-02,15,6,3,1,6964
UAE_225,2023-03,13,5,2,1,9955
UAE_225,2023-04,60,24,12,1,23040
UAE_225,2023-05,17,6,3,1,12330
UAE_225,2023-06,49,19,9,1,38387
UAE_225,2023-07,18,7,3,1,18603
UAE_225,2023-08,25,10,5,1,8389
UAE_225,2023-09,61,24,12,1,54167
UAE_225,2023-10,53,21,10,1,57158
UAE_225,2023-11,23,9,4,1,17487
UAE_225,2023-12,44,17,8,1,30241
UAE_225,2024-01,47,18,9,1,30959
UAE_225,2024-02,14,5,2,1,7039
UAE_225,2024-03,21,8,4,1,23771
UAE_225,2024-04,64,25,12,1,43764
UAE_225,2024-05,30,12,6,1,17791
UAE_225,2024-06,16,6,3,1,15667
UAE_225,2024-07,58,23,11,1,25985
UAE_225,2024-08,66,26,13,1,27427
UAE_225,2024-09,33,13,6,1,27098
UAE_225,2024-10,25,10,5,1,8252
UAE_225,2024-11,20,8,4,1,9655
UAE_225,2024-12,40,16,8,1,33366
UAE_225,2025-01,13,5,2,1,12449
UAE_225,2025-02,41,16,8,1,24938
UAE_225,2025-03,43,17,8,1,50392
UAE_225,2025-04,21,8,4,1,7947
UAE_225,2025-05,33,13,6,1,30006
UAE_225,2025-06,79,31,15,2,49768
UAE_225,2025-07,59,23,11,1,48635
UAE_225,2025-08,22,8,4,1,15354
UAE_225,2025-09,40,16,8,1,22227
UAE_225,2025-10,82,32,16,2,95094
UAE_225,2025-11,22,8,4,1,18734
UAE_225,2025-12,17,6,3,1,9100
UAE_226,2023-01,189,75,37,5,663830
UAE_226,2023-02,151,60,30,5,479445
UAE_226,2023-03,99,39,19,3,247231
UAE_226,2023-04,112,44,22,4,392326
UAE_226,2023-05,99,39,19,1,371558
UAE_226,2023-06,180,72,36,3,422089
UAE_226,2023-07,88,35,17,3,322495
UAE_226,2023-08,325,130,65,5,389446
UAE_226,2023-09,88,35,17,2,147040
UAE_226,2023-10,101,40,20,1,186205
UAE_226,2023-11,166,66,33,4,319396
UAE_226,2023-12,66,26,13,2,248662
UAE_226,2024-01,107,42,21,3,388515
UAE_226,2024-02,49,19,9,1,148271
UAE_226,2024-03,75,30,15,2,217097
UAE_226,2024-04,152,60,30,5,158136
UAE_226,2024-05,54,21,10,1,122431
UAE_226,2024-06,208,83,41,3,239904
UAE_226,2024-07,243,97,48,4,850399
UAE_226,2024-08,313,125,62,11,399362
UAE_226,2024-09,157,62,31,5,165915
UAE_226,2024-10,167,66,33,4,492591
UAE_226,2024-11,71,28,14,1,218239
UAE_226,2024-12,74,29,14,2,257208
UAE_226,2025-01,190,76,38,5,307221
UAE_226,2025-02,62,24,12,2,161688
UAE_226,2025-03,114,45,22,2,307864
UAE_226,2025-04,186,74,37,3,329492
UAE_226,2025-05,255,102,51,4,247509
UAE_226,2025-06,242,96,48,3,445202
UAE_226,2025-07,144,57,28,4,440089
UAE_226,2025-08,242,96,48,4,716998
UAE_226,2025-09,181,72,36,5,377210
UAE_226,2025-10,128,51,25,2,368974
UAE_226,2025-11,82,32,16,2,101759
UAE_226,2025-12,45,18,9,1,104487
UAE_227,2023-01,211,84,42,4,508797
UAE_227,2023-02,107,42,21,3,360030
UAE_227,2023-03,154,61,30,5,745954
UAE_227,2023-04,231,92,46,5,649931
UAE_227,2023-05,316,126,63,11,1305526
UAE_227,2023-06,424,169,84,9,1543424
UAE_227,2023-07,305,122,61,12,1358038
UAE_227,2023-08,294,117,58,5,1440626
UAE_227,2023-09,169,67,33,5,622446
UAE_227,2023-10,132,52,26,4,621212
UAE_227,2023-11,210,84,42,6,737677
UAE_227,2023-12,279,111,55,9,1423391
UAE_227,2024-01,177,70,35,3,797922
UAE_227,2024-02,145,58,29,4,455923
UAE_227,2024-03,89,35,17,3,264548
UAE_227,2024-04,110,44,22,2,438709
UAE_227,2024-05,265,106,53,4,885584
UAE_227,2024-06,257,102,51,3,442919
UAE_227,2024-07,209,83,41,4,885599
UAE_227,2024-08,127,50,25,2,442274
UAE_227,2024-09,209,83,41,6,771682
UAE_227,2024-10,271,108,54,9,996041
UAE_227,2024-11,118,47,23,3,294433
UAE_227,2024-12,158,63,31,5,562783
UAE_227,2025-01,237,94,47,7,601805
UAE_227,2025-02,166,66,33,5,549392
UAE_227,2025-03,336,134,67,10,1598535
UAE_227,2025-04,222,88,44,7,636732
UAE_227,2025-05,90,36,18,1,470592
UAE_227,2025-06,263,105,52,6,592658
UAE_227,2025-07,86,34,17,2,268102
UAE_227,2025-08,284,113,56,5,478507
UAE_227,2025-09,82,32,16,3,321064
UAE_227,2025-10,54,21,10,1,252808
UAE_227,2025-11,240,96,48,4,664027
UAE_227,2025-12,191,76,38,2,343267
UAE_228,2023-01,72,28,14,2,34631
UAE_228,2023-02,45,18,9,1,52269
UAE_228,2023-03,94,37,18,1,166659
UAE_228,2023-04,76,30,15,1,48226
UAE_228,2023-05,143,57,28,5,155607
UAE_228,2023-06,90,36,18,2,171076
UAE_228,2023-07,58,23,11,2,87770
UAE_228,2023-08,106,42,21,2,114767
UAE_228,2023-09,97,38,19,3,131168
UAE_228,2023-10,31,12,6,1,48318
UAE_228,2023-11,67,26,13,2,51874
UAE_228,2023-12,65,26,13,1,102826
UAE_228,2024-01,20,8,4,1,21069
UAE_228,2024-02,86,34,17,2,91793
UAE_228,2024-03,51,20,10,1,45883
UAE_228,2024-04,96,38,19,3,173381
UAE_228,2024-05,133,53,26,4,176867
UAE_228,2024-06,61,24,12,2,32834
UAE_228,2024-07,117,46,23,4,206865
UAE_228,2024-08,94,37,18,3,72033
UAE_228,2024-09,118,47,23,4,144063
UAE_228,2024-10,101,40,20,2,148294
UAE_228,2024-11,106,42,21,3,77230
UAE_228,2024-12,18,7,3,1,33198
UAE_228,2025-01,77,30,15,2,90910
UAE_228,2025-02,63,25,12,1,108620
UAE_228,2025-03,93,37,18,2,81730
UAE_228,2025-04,30,12,6,1,54690
UAE_228,2025-05,49,19,9,1,35757
UAE_228,2025-06,135,54,27,5,220590
UAE_228,2025-07,69,27,13,1,48735
UAE_228,2025-08,46,18,9,1,37958
UAE_228,2025-09,94,37,18,2,149987
UAE_228,2025-10,95,38,19,1,171512
UAE_228,2025-11,88,35,17,2,156686
UAE_228,2025-12,101,40,20,2,159954
UAE_229,2023-01,46,18,9,1,45763
UAE_229,2023-02,112,44,22,3,96060
UAE_229,2023-03,66,26,13,2,65610
UAE_229,2023-04,33,13,6,1,22935
UAE_229,2023-05,79,31,15,1,110645
UAE_229,2023-06,139,55,27,2,249667
UAE_229,2023-07,70,28,14,1,45347
UAE_229,2023-08,55,22,11,1,78471
UAE_229,2023-09,99,39,19,3,62749
UAE_229,2023-10,86,34,17,1,124364
UAE_229,2023-11,40,16,8,1,21158
UAE_229,2023-12,46,18,9,1,43620
UAE_229,2024-01,41,16,8,1,56590
UAE_229,2024-02,81,32,16,2,54367
UAE_229,2024-03,31,12,6,1,28068
UAE_229,2024-04,68,27,13,2,84266
UAE_229,2024-05,60,24,12,1,98203
UAE_229,2024-06,51,20,10,1,50028
UAE_229,2024-07,197,78,39,5,244746
UAE_229,2024-08,160,64,32,6,81603
UAE_229,2024-09,40,16,8,1,26488
UAE_229,2024-10,66,26,13,2,78772
UAE_229,2024-11,74,29,14,1,99253
UAE_229,2024-12,57,22,11,1,93911
UAE_229,2025-01,38,15,7,1,30060
UAE_229,2025-02,139,55,27,3,78037
UAE_229,2025-03,79,31,15,1,138476
UAE_229,2025-04,58,23,11,1,44578
UAE_229,2025-05,80,32,16,2,140299
UAE_229,2025-06,115,46,23,2,161105
UAE_229,2025-07,103,41,20,2,58204
UAE_229,2025-08,87,34,17,2,47931
UAE_229,2025-09,73,29,14,2,65382
UAE_229,2025-10,44,17,8,1,62301
UAE_229,2025-11,57,22,11,1,49019
UAE_229,2025-12,134,53,26,5,182535
UAE_230,2023-01,24,9,4,1,11403
UAE_230,2023-02,51,20,10,1,82466
UAE_230,2023-03,28,11,5,1,18313
UAE_230,2023-04,60,24,12,1,32021
UAE_230,2023-05,20,8,4,1,18713
UAE_230,2023-06,22,8,4,1,16463
UAE_230,2023-07,47,18,9,1,48238
UAE_230,2023-08,148,59,29,4,241871
UAE_230,2023-09,28,11,5,1,31454
UAE_230,2023-10,57,22,11,1,31942
UAE_230,2023-11,21,8,4,1,16382
UAE_230,2023-12,20,8,4,1,14586
UAE_230,2024-01,59,23,11,1,51050
UAE_230,2024-02,38,15,7,1,29467
UAE_230,2024-03,27,10,5,1,20402
UAE_230,2024-04,46,18,9,1,33368
UAE_230,2024-05,75,30,15,1,97242
UAE_230,2024-06,47,18,9,1,49772
UAE_230,2024-07,74,29,14,2,34998
UAE_230,2024-08,36,14,7,1,39234
UAE_230,2024-09,63,25,12,1,56801
UAE_230,2024-10,72,28,14,1,29903
UAE_230,2024-11,79,31,15,2,104227
UAE_230,2024-12,41,16,8,1,46571
UAE_230,2025-01,29,11,5,1,29471
UAE_230,2025-02,35,14,7,1,49181
UAE_230,2025-03,100,40,20,3,81021
UAE_230,2025-04,40,16,8,1,25928
UAE_230,2025-05,27,10,5,1,17438
UAE_230,2025-06,125,50,25,4,100792
UAE_230,2025-07,63,25,12,1,101160
UAE_230,2025-08,58,23,11,1,56614
UAE_230,2025-09,119,47,23,2,137993
UAE_230,2025-10,113,45,22,1,136766
UAE_230,2025-11,23,9,4,1,25387
UAE_230,2025-12,51,20,10,1,49564
UAE_231,2023-01,106,42,21,2,957571
UAE_231,2023-02,310,124,62,10,1983748
UAE_231,2023-03,250,100,50,4,2700809
UAE_231,2023-04,198,79,39,3,1682736
UAE_231,2023-05,424,169,84,11,3101222
UAE_231,2023-06,565,226,113,11,3952236
UAE_231,2023-07,216,86,43,8,781933
UAE_231,2023-08,224,89,44,7,1367653
UAE_231,2023-09,373,149,74,10,2357378
UAE_231,2023-10,684,273,136,21,3877970
UAE_231,2023-11,217,86,43,3,1811948
UAE_231,2023-12,313,125,62,9,919670
UAE_231,2024-01,249,99,49,5,2330757
UAE_231,2024-02,346,138,69,12,2630420
UAE_231,2024-03,548,219,109,9,1531355
UAE_231,2024-04,267,106,53,4,2456697
UAE_231,2024-05,407,162,81,10,3395251
UAE_231,2024-06,204,81,40,5,1674021
UAE_231,2024-07,274,109,54,7,924438
UAE_231,2024-08,437,174,87,17,2206930
UAE_231,2024-09,545,218,109,15,5577107
UAE_231,2024-10,282,112,56,6,1949423
UAE_231,2024-11,155,62,31,5,1009939
UAE_231,2024-12,333,133,66,11,3461195
UAE_231,2025-01,516,206,103,8,4947508
UAE_231,2025-02,87,34,17,2,529198
UAE_231,2025-03,545,218,109,10,5478466
UAE_231,2025-04,522,208,104,14,3925968
UAE_231,2025-05,723,289,144,28,3773949
UAE_231,2025-06,686,274,137,17,3499610
UAE_231,2025-07,545,218,109,18,2809819
UAE_231,2025-08,661,264,132,21,2970095
UAE_231,2025-09,339,135,67,8,2351605
UAE_231,2025-10,283,113,56,10,2294234
UAE_231,2025-11,931,372,186,28,3574254
UAE_231,2025-12,218,87,43,5,2096811
UAE_232,2023-01,41,16,8,1,47056
UAE_232,2023-02,68,27,13,2,54629
UAE_232,2023-03,30,12,6,1,16290
UAE_232,2023-04,92,36,18,3,43076
UAE_232,2023-05,27,10,5,1,18613
UAE_232,2023-06,41,16,8,1,23069
UAE_232,2023-07,27,10,5,1,18053
UAE_232,2023-08,86,34,17,1,40092
UAE_232,2023-09,67,26,13,1,20803
UAE_232,2023-10,30,12,6,1,17792
UAE_232,2023-11,27,10,5,1,22202
UAE_232,2023-12,42,16,8,1,47833
UAE_232,2024-01,52,20,10,1,18139
UAE_232,2024-02,21,8,4,1,21433
UAE_232,2024-03,29,11,5,1,21258
UAE_232,2024-04,45,18,9,1,52475
UAE_232,2024-05,31,12,6,1,14661
UAE_232,2024-06,84,33,16,1,78453
UAE_232,2024-07,51,20,10,1,34717
UAE_232,2024-08,18,7,3,1,19782
UAE_232,2024-09,44,17,8,1,17040
UAE_232,2024-10,48,19,9,1,36230
UAE_232,2024-11,28,11,5,1,24685
UAE_232,2024-12,47,18,9,1,22025
UAE_232,2025-01,23,9,4,1,11774
UAE_232,2025-02,33,13,6,1,31797
UAE_232,2025-03,47,18,9,1,38178
UAE_232,2025-04,22,8,4,1,9588
UAE_232,2025-05,49,19,9,1,55681
UAE_232,2025-06,37,14,7,1,15541
UAE_232,2025-07,74,29,14,2,59638
UAE_232,2025-08,92,36,18,2,65853
UAE_232,2025-09,27,10,5,1,25551
UAE_232,2025-10,50,20,10,1,44019
UAE_232,2025-11,54,21,10,1,53483
UAE_232,2025-12,19,7,3,1,18107
UAE_233,2023-01,68,27,13,1,42520
UAE_233,2023-02,49,19,9,1,31560
UAE_233,2023-03,22,8,4,1,16334
UAE_233,2023-04,34,13,6,1,35310
UAE_233,2023-05,65,26,13,1,43086
UAE_233,2023-06,31,12,6,1,10729
UAE_233,2023-07,25,10,5,1,21556
UAE_233,2023-08,86,34,17,2,66581
UAE_233,2023-09,81,32,16,1,36114
UAE_233,2023-10,19,7,3,1,7245
UAE_233,2023-11,27,10,5,1,22303
UAE_233,2023-12,22,8,4,1,15712
UAE_233,2024-01,35,14,7,1,22348
UAE_233,2024-02,19,7,3,1,7031
UAE_233,2024-03,40,16,8,1,22848
UAE_233,2024-04,37,14,7,1,13673
UAE_233,2024-05,91,36,18,1,46948
UAE_233,2024-06,28,11,5,1,30261
UAE_233,2024-07,56,22,11,2,40623
UAE_233,2024-08,103,41,20,1,86243
UAE_233,2024-09,34,13,6,1,15071
UAE_233,2024-10,35,14,7,1,11620
UAE_233,2024-11,16,6,3,1,6787
UAE_233,2024-12,51,20,10,1,53356
UAE_233,2025-01,57,22,11,1,64232
UAE_233,2025-02,68,27,13,1,25413
UAE_233,2025-03,32,12,6,1,12096
UAE_233,2025-04,38,15,7,1,29103
UAE_233,2025-05,16,6,3,1,7622
UAE_233,2025-06,14,5,2,1,14923
UAE_233,2025-07,43,17,8,1,41231
UAE_233,2025-08,39,15,7,1,16356
UAE_233,2025-09,33,13,6,1,12289
UAE_233,2025-10,54,21,10,1,54884
UAE_233,2025-11,21,8,4,1,15588
UAE_233,2025-12,42,16,8,1,22384
UAE_234,2023-01,91,36,18,3,309232
UAE_234,2023-02,118,47,23,1,192964
UAE_234,2023-03,154,61,30,4,600605
UAE_234,2023-04,285,114,57,8,861604
UAE_234,2023-05,258,103,51,5,456620
UAE_234,2023-06,556,222,111,21,1689717
UAE_234,2023-07,163,65,32,5,443337
UAE_234,2023-08,341,136,68,7,1127499
UAE_234,2023-09,258,103,51,5,1166683
UAE_234,2023-10,203,81,40,5,916455
UAE_234,2023-11,236,94,47,9,691135
UAE_234,2023-12,187,74,37,5,635637
UAE_234,2024-01,221,88,44,5,1036222
UAE_234,2024-02,156,62,31,4,566142
UAE_234,2024-03,199,79,39,7,474280
UAE_234,2024-04,209,83,41,3,1067609
UAE_234,2024-05,217,86,43,3,357341
UAE_234,2024-06,372,148,74,9,934769
UAE_234,2024-07,430,172,86,12,2041529
UAE_234,2024-08,113,45,22,3,221715
UAE_234,2024-09,109,43,21,2,261758
UAE_234,2024-10,219,87,43,5,668823
UAE_234,2024-11,188,75,37,5,449628
UAE_234,2024-12,223,89,44,5,887859
UAE_234,2025-01,251,100,50,5,841998
UAE_234,2025-02,193,77,38,5,603393
UAE_234,2025-03,239,95,47,5,961551
UAE_234,2025-04,100,40,20,1,302537
UAE_234,2025-05,63,25,12,2,319210
UAE_234,2025-06,258,103,51,6,1034845
UAE_234,2025-07,101,40,20,3,269310
UAE_234,2025-08,313,125,62,12,890842
UAE_234,2025-09,166,66,33,3,318972
UAE_234,2025-10,181,72,36,5,293512
UAE_234,2025-11,236,94,47,3,1088819
UAE_234,2025-12,193,77,38,6,416380
UAE_235,2023-01,55,22,11,1,65868
UAE_235,2023-02,39,15,7,1,28850
UAE_235,2023-03,42,16,8,1,17025
UAE_235,2023-04,73,29,14,2,44586
UAE_235,2023-05,71,28,14,1,43421
UAE_235,2023-06,49,19,9,1,45737
UAE_235,2023-07,45,18,9,1,23484
UAE_235,2023-08,32,12,6,1,9965
UAE_235,2023-09,67,26,13,2,59921
UAE_235,2023-10,22,8,4,1,16889
UAE_235,2023-11,23,9,4,1,18236
UAE_235,2023-12,14,5,2,1,13114
UAE_235,2024-01,47,18,9,1,23666
UAE_235,2024-02,47,18,9,1,46852
UAE_235,2024-03,30,12,6,1,13600
UAE_235,2024-04,29,11,5,1,14294
UAE_235,2024-05,15,6,3,1,5626
UAE_235,2024-06,46,18,9,1,38916
UAE_235,2024-07,29,11,5,1,11134
UAE_235,2024-08,30,12,6,1,24586
UAE_235,2024-09,42,16,8,1,39257
UAE_235,2024-10,15,6,3,1,12616
UAE_235,2024-11,29,11,5,1,14906
UAE_235,2024-12,52,20,10,1,44375
UAE_235,2025-01,30,12,6,1,11790
UAE_235,2025-02,45,18,9,1,46600
UAE_235,2025-03,23,9,4,1,10067
UAE_235,2025-04,51,20,10,1,41397
UAE_235,2025-05,33,13,6,1,24999
UAE_235,2025-06,49,19,9,1,56420
UAE_235,2025-07,63,25,12,1,73472
UAE_235,2025-08,39,15,7,1,19229
UAE_235,2025-09,31,12,6,1,27970
UAE_235,2025-10,55,22,11,1,32751
UAE_235,2025-11,35,14,7,1,20275
UAE_235,2025-12,61,24,12,2,28052
UAE_236,2023-01,38,15,7,1,21518
UAE_236,2023-02,16,6,3,1,6981
UAE_236,2023-03,52,20,10,1,58230
UAE_236,2023-04,20,8,4,1,22192
UAE_236,2023-05,28,11,5,1,14845
UAE_236,2023-06,101,40,20,3,91290
UAE_236,2023-07,49,19,9,1,19760
UAE_236,2023-08,72,28,14,1,49832
UAE_236,2023-09,37,14,7,1,24723
UAE_236,2023-10,10,4,2,1,4778
UAE_236,2023-11,48,19,9,1,27543
UAE_236,2023-12,33,13,6,1,17814
UAE_236,2024-01,17,6,3,1,13005
UAE_236,2024-02,69,27,13,2,65743
UAE_236,2024-03,43,17,8,1,14360
UAE_236,2024-04,60,24,12,1,70998
UAE_236,2024-05,52,20,10,1,38618
UAE_236,2024-06,84,33,16,1,51316
UAE_236,2024-07,97,38,19,2,99053
UAE_236,2024-08,29,11,5,1,31200
UAE_236,2024-09,29,11,5,1,8698
UAE_236,2024-10,53,21,10,2,25936
UAE_236,2024-11,36,14,7,1,18489
UAE_236,2024-12,10,4,2,1,4127
UAE_236,2025-01,30,12,6,1,33262
UAE_236,2025-02,21,8,4,1,19893
UAE_236,2025-03,24,9,4,1,10886
UAE_236,2025-04,43,17,8,1,42327
UAE_236,2025-05,18,7,3,1,17870
UAE_236,2025-06,20,8,4,1,19253
UAE_236,2025-07,67,26,13,1,70977
UAE_236,2025-08,48,19,9,1,55275
UAE_236,2025-09,65,26,13,1,39332
UAE_236,2025-10,15,6,3,1,11301
UAE_236,2025-11,38,15,7,1,30166
UAE_236,2025-12,43,17,8,1,17765
UAE_237,2023-01,34,13,6,1,18548
UAE_237,2023-02,32,12,6,1,12665
UAE_237,2023-03,77,30,15,2,35906
UAE_237,2023-04,40,16,8,1,28446
UAE_237,2023-05,37,14,7,1,14224
UAE_237,2023-06,24,9,4,1,11636
UAE_237,2023-07,50,20,10,1,57647
UAE_237,2023-08,25,10,5,1,18063
UAE_237,2023-09,78,31,15,3,40031
UAE_237,2023-10,32,12,6,1,11617
UAE_237,2023-11,54,21,10,1,21555
UAE_237,2023-12,25,10,5,1,12554
UAE_237,2024-01,28,11,5,1,13848
UAE_237,2024-02,67,26,13,2,36888
UAE_237,2024-03,21,8,4,1,16509
UAE_237,2024-04,42,16,8,1,39518
UAE_237,2024-05,72,28,14,1,79472
UAE_237,2024-06,50,20,10,1,42705
UAE_237,2024-07,17,6,3,1,12504
UAE_237,2024-08,23,9,4,1,8956
UAE_237,2024-09,23,9,4,1,10438
UAE_237,2024-10,70,28,14,1,57016
UAE_237,2024-11,29,11,5,1,18914
UAE_237,2024-12,19,7,3,1,8503
UAE_237,2025-01,28,11,5,1,28872
UAE_237,2025-02,10,4,2,1,4570
UAE_237,2025-03,15,6,3,1,11985
UAE_237,2025-04,72,28,14,2,37524
UAE_237,2025-05,44,17,8,1,38415
UAE_237,2025-06,75,30,15,2,80229
UAE_237,2025-07,75,30,15,2,58203
UAE_237,2025-08,35,14,7,1,31617
UAE_237,2025-09,20,8,4,1,21905
UAE_237,2025-10,16,6,3,1,8199
UAE_237,2025-11,28,11,5,1,26363
UAE_237,2025-12,68,27,13,2,46343
UAE_238,2023-01,24,9,4,1,16022
UAE_238,2023-02,43,17,8,1,22665
UAE_238,2023-03,24,9,4,1,31969
UAE_238,2023-04,66,26,13,1,82309
UAE_238,2023-05,41,16,8,1,29204
UAE_238,2023-06,47,18,9,1,52108
UAE_238,2023-07,32,12,6,1,11736
UAE_238,2023-08,114,45,22,1,153095
UAE_238,2023-09,57,22,11,1,35377
UAE_238,2023-10,63,25,12,2,53864
UAE_238,2023-11,22,8,4,1,27737
UAE_238,2023-12,24,9,4,1,26393
UAE_238,2024-01,50,20,10,1,59481
UAE_238,2024-02,23,9,4,1,30422
UAE_238,2024-03,53,21,10,1,21460
UAE_238,2024-04,65,26,13,2,50045
UAE_238,2024-05,59,23,11,1,43197
UAE_238,2024-06,62,24,12,2,83461
UAE_238,2024-07,51,20,10,1,39358
UAE_238,2024-08,88,35,17,1,66642
UAE_238,2024-09,87,34,17,2,61544
UAE_238,2024-10,49,19,9,1,59810
UAE_238,2024-11,46,18,9,1,26810
UAE_238,2024-12,16,6,3,1,14126
UAE_238,2025-01,31,12,6,1,21110
UAE_238,2025-02,64,25,12,1,75195
UAE_238,2025-03,72,28,14,1,71413
UAE_238,2025-04,89,35,17,1,70172
UAE_238,2025-05,65,26,13,2,80547
UAE_238,2025-06,42,16,8,1,52001
UAE_238,2025-07,79,31,15,1,50659
UAE_238,2025-08,65,26,13,1,27465
UAE_238,2025-09,32,12,6,1,31704
UAE_238,2025-10,48,19,9,1,52597
UAE_238,2025-11,67,26,13,1,81390
UAE_238,2025-12,15,6,3,1,12494
UAE_239,2023-01,34,13,6,1,18086
UAE_239,2023-02,72,28,14,1,82215
UAE_239,2023-03,17,6,3,1,13312
UAE_239,2023-04,19,7,3,1,16758
UAE_239,2023-05,28,11,5,1,9687
UAE_239,2023-06,17,6,3,1,10480
UAE_239,2023-07,76,30,15,1,83639
UAE_239,2023-08,38,15,7,1,16005
UAE_239,2023-09,33,13,6,1,35611
UAE_239,2023-10,30,12,6,1,32922
UAE_239,2023-11,13,5,2,1,4941
UAE_239,2023-12,43,17,8,1,24893
UAE_239,2024-01,65,26,13,2,52092
UAE_239,2024-02,17,6,3,1,9051
UAE_239,2024-03,32,12,6,1,17499
UAE_239,2024-04,24,9,4,1,24870
UAE_239,2024-05,40,16,8,1,43920
UAE_239,2024-06,33,13,6,1,25401
UAE_239,2024-07,57,22,11,2,44337
UAE_239,2024-08,36,14,7,1,31322
UAE_239,2024-09,39,15,7,1,41173
UAE_239,2024-10,27,10,5,1,9813
UAE_239,2024-11,28,11,5,1,15674
UAE_239,2024-12,17,6,3,1,8357
UAE_239,2025-01,36,14,7,1,37009
UAE_239,2025-02,27,10,5,1,21179
UAE_239,2025-03,13,5,2,1,12881
UAE_239,2025-04,68,27,13,1,58261
UAE_239,2025-05,21,8,4,1,12086
UAE_239,2025-06,66,26,13,1,27039
UAE_239,2025-07,57,22,11,1,29916
UAE_239,2025-08,49,19,9,1,25389
UAE_239,2025-09,10,4,2,1,3818
UAE_239,2025-10,63,25,12,2,53051
UAE_239,2025-11,11,4,2,1,11471
UAE_239,2025-12,18,7,3,1,5400
UAE_240,2023-01,66,26,13,2,46150
UAE_240,2023-02,143,57,28,2,195986
UAE_240,2023-03,89,35,17,1,146773
UAE_240,2023-04,84,33,16,3,128971
UAE_240,2023-05,56,22,11,1,31694
UAE_240,2023-06,138,55,27,2,62059
UAE_240,2023-07,33,13,6,1,24838
UAE_240,2023-08,60,24,12,1,58180
UAE_240,2023-09,31,12,6,1,32334
UAE_240,2023-10,78,31,15,1,37661
UAE_240,2023-11,36,14,7,1,29408
UAE_240,2023-12,19,7,3,1,19745
UAE_240,2024-01,119,47,23,4,143220
UAE_240,2024-02,61,24,12,2,89036
UAE_240,2024-03,36,14,7,1,27826
UAE_240,2024-04,52,20,10,1,37251
UAE_240,2024-05,85,34,17,1,78904
UAE_240,2024-06,39,15,7,1,48945
UAE_240,2024-07,64,25,12,1,47747
UAE_240,2024-08,74,29,14,1,44448
UAE_240,2024-09,56,22,11,1,28227
UAE_240,2024-10,123,49,24,1,184787
UAE_240,2024-11,67,26,13,1,28173
UAE_240,2024-12,54,21,10,2,23842
UAE_240,2025-01,71,28,14,1,113577
UAE_240,2025-02,40,16,8,1,56625
UAE_240,2025-03,57,22,11,1,24545
UAE_240,2025-04,96,38,19,1,114298
UAE_240,2025-05,77,30,15,2,91092
UAE_240,2025-06,122,48,24,3,185742
UAE_240,2025-07,132,52,26,4,192136
UAE_240,2025-08,110,44,22,2,97285
UAE_240,2025-09,63,25,12,2,39024
UAE_240,2025-10,77,30,15,1,35555
UAE_240,2025-11,57,22,11,1,75099
UAE_240,2025-12,45,18,9,1,57952
UAE_241,2023-01,23,9,4,1,12685
UAE_241,2023-02,35,14,7,1,18566
UAE_241,2023-03,45,18,9,1,45037
UAE_241,2023-04,119,47,23,4,129618
UAE_241,2023-05,25,10,5,1,32189
UAE_241,2023-06,37,14,7,1,49867
UAE_241,2023-07,24,9,4,1,21355
UAE_241,2023-08,62,24,12,1,96602
UAE_241,2023-09,51,20,10,1,72964
UAE_241,2023-10,64,25,12,1,38478
UAE_241,2023-11,88,35,17,2,128628
UAE_241,2023-12,20,8,4,1,19007
UAE_241,2024-01,75,30,15,1,109124
UAE_241,2024-02,16,6,3,1,12996
UAE_241,2024-03,23,9,4,1,30753
UAE_241,2024-04,34,13,6,1,20667
UAE_241,2024-05,77,30,15,2,74679
UAE_241,2024-06,122,48,24,3,178669
UAE_241,2024-07,53,21,10,2,49133
UAE_241,2024-08,57,22,11,1,90992
UAE_241,2024-09,126,50,25,2,121196
UAE_241,2024-10,39,15,7,1,47274
UAE_241,2024-11,57,22,11,1,60974
UAE_241,2024-12,63,25,12,2,31968
UAE_241,2025-01,57,22,11,1,69393
UAE_241,2025-02,67,26,13,1,100622
UAE_241,2025-03,45,18,9,1,48469
UAE_241,2025-04,76,30,15,1,120915
UAE_241,2025-05,39,15,7,1,53619
UAE_241,2025-06,86,34,17,1,70411
UAE_241,2025-07,42,16,8,1,34089
UAE_241,2025-08,64,25,12,1,29850
UAE_241,2025-09,52,20,10,1,38799
UAE_241,2025-10,26,10,5,1,25950
UAE_241,2025-11,75,30,15,1,109308
UAE_241,2025-12,33,13,6,1,17244
UAE_242,2023-01,615,246,123,10,3899326
UAE_242,2023-02,129,51,25,3,1147438
UAE_242,2023-03,348,139,69,11,2994785
UAE_242,2023-04,258,103,51,10,812573
UAE_242,2023-05,259,103,51,5,1663894
UAE_242,2023-06,496,198,99,9,1832820
UAE_242,2023-07,268,107,53,8,1810259
UAE_242,2023-08,347,138,69,12,1916063
UAE_242,2023-09,297,118,59,7,2121688
UAE_242,2023-10,449,179,89,10,3288027
UAE_242,2023-11,397,158,79,10,2190777
UAE_242,2023-12,269,107,53,9,1330148
UAE_242,2024-01,391,156,78,6,3289547
UAE_242,2024-02,548,219,109,15,3155851
UAE_242,2024-03,120,48,24,3,707173
UAE_242,2024-04,266,106,53,8,1536556
UAE_242,2024-05,345,138,69,6,1437006
UAE_242,2024-06,562,224,112,13,2112129
UAE_242,2024-07,426,170,85,15,986826
UAE_242,2024-08,288,115,57,9,2112116
UAE_242,2024-09,260,104,52,8,1557785
UAE_242,2024-10,396,158,79,8,975152
UAE_242,2024-11,493,197,98,13,4314971
UAE_242,2024-12,241,96,48,4,1628485
UAE_242,2025-01,278,111,55,9,2366542
UAE_242,2025-02,241,96,48,6,2020358
UAE_242,2025-03,88,35,17,2,472982
UAE_242,2025-04,149,59,29,3,1143978
UAE_242,2025-05,161,64,32,4,1018587
UAE_242,2025-06,323,129,64,8,1835679
UAE_242,2025-07,323,129,64,10,1379682
UAE_242,2025-08,78,31,15,2,427481
UAE_242,2025-09,666,266,133,20,5024386
UAE_242,2025-10,130,52,26,2,660440
UAE_242,2025-11,133,53,26,4,504229
UAE_242,2025-12,205,82,41,4,468297
UAE_243,2023-01,62,24,12,1,32481
UAE_243,2023-02,70,28,14,2,35739
UAE_243,2023-03,61,24,12,1,60313
UAE_243,2023-04,31,12,6,1,27313
UAE_243,2023-05,53,21,10,1,37861
UAE_243,2023-06,61,24,12,1,29352
UAE_243,2023-07,76,30,15,1,54209
UAE_243,2023-08,34,13,6,1,22414
UAE_243,2023-09,39,15,7,1,37459
UAE_243,2023-10,22,8,4,1,23621
UAE_243,2023-11,34,13,6,1,32914
UAE_243,2023-12,22,8,4,1,19327
UAE_243,2024-01,46,18,9,1,41684
UAE_243,2024-02,16,6,3,1,11560
UAE_243,2024-03,33,13,6,1,20108
UAE_243,2024-04,26,10,5,1,27580
UAE_243,2024-05,58,23,11,2,21050
UAE_243,2024-06,42,16,8,1,43638
UAE_243,2024-07,58,23,11,1,30852
UAE_243,2024-08,45,18,9,1,45616
UAE_243,2024-09,56,22,11,1,58111
UAE_243,2024-10,28,11,5,1,24098
UAE_243,2024-11,44,17,8,1,46231
UAE_243,2024-12,65,26,13,1,49285
UAE_243,2025-01,37,14,7,1,34184
UAE_243,2025-02,19,7,3,1,12823
UAE_243,2025-03,56,22,11,1,46274
UAE_243,2025-04,27,10,5,1,17247
UAE_243,2025-05,36,14,7,1,23942
UAE_243,2025-06,54,21,10,1,60814
UAE_243,2025-07,23,9,4,1,9414
UAE_243,2025-08,39,15,7,1,14141
UAE_243,2025-09,35,14,7,1,28689
UAE_243,2025-10,46,18,9,1,15994
UAE_243,2025-11,24,9,4,1,19812
UAE_243,2025-12,16,6,3,1,7442
UAE_244,2023-01,48,19,9,1,25850
UAE_244,2023-02,42,16,8,1,24655
UAE_244,2023-03,83,33,16,1,86581
UAE_244,2023-04,25,10,5,1,17961
UAE_244,2023-05,49,19,9,1,62371
UAE_244,2023-06,25,10,5,1,41877
UAE_244,2023-07,91,36,18,2,98760
UAE_244,2023-08,31,12,6,1,34816
UAE_244,2023-09,101,40,20,3,122450
UAE_244,2023-10,77,30,15,1,79372
UAE_244,2023-11,41,16,8,1,47227
UAE_244,2023-12,44,17,8,1,43021
UAE_244,2024-01,49,19,9,1,76987
UAE_244,2024-02,21,8,4,1,17895
UAE_244,2024-03,51,20,10,1,78668
UAE_244,2024-04,127,50,25,4,125744
UAE_244,2024-05,36,14,7,1,26026
UAE_244,2024-06,92,36,18,3,144336
UAE_244,2024-07,76,30,15,2,64923
UAE_244,2024-08,29,11,5,1,28320
UAE_244,2024-09,103,41,20,2,161682
UAE_244,2024-10,58,23,11,2,72744
UAE_244,2024-11,71,28,14,2,78853
UAE_244,2024-12,71,28,14,2,75123
UAE_244,2025-01,48,19,9,1,79553
UAE_244,2025-02,68,27,13,1,84981
UAE_244,2025-03,47,18,9,1,19870
UAE_244,2025-04,33,13,6,1,37023
UAE_244,2025-05,57,22,11,1,46036
UAE_244,2025-06,45,18,9,1,45968
UAE_244,2025-07,40,16,8,1,29138
UAE_244,2025-08,79,31,15,3,35852
UAE_244,2025-09,46,18,9,1,73270
UAE_244,2025-10,70,28,14,1,105093
UAE_244,2025-11,45,18,9,1,39809
UAE_244,2025-12,54,21,10,1,37085
UAE_245,2023-01,47,18,9,1,26803
UAE_245,2023-02,33,13,6,1,17238
UAE_245,2023-03,57,22,11,1,50367
UAE_245,2023-04,36,14,7,1,26834
UAE_245,2023-05,49,19,9,1,38468
UAE_245,2023-06,13,5,2,1,8588
UAE_245,2023-07,60,24,12,1,59005
UAE_245,2023-08,41,16,8,1,22046
UAE_245,2023-09,27,10,5,1,29528
UAE_245,2023-10,16,6,3,1,17544
UAE_245,2023-11,77,30,15,3,62232
UAE_245,2023-12,42,16,8,1,47351
UAE_245,2024-01,29,11,5,1,9406
UAE_245,2024-02,36,14,7,1,20992
UAE_245,2024-03,52,20,10,1,19050
UAE_245,2024-04,77,30,15,1,35025
UAE_245,2024-05,61,24,12,1,33624
UAE_245,2024-06,35,14,7,1,14886
UAE_245,2024-07,20,8,4,1,17718
UAE_245,2024-08,77,30,15,2,44054
UAE_245,2024-09,19,7,3,1,8942
UAE_245,2024-10,78,31,15,2,36715
UAE_245,2024-11,29,11,5,1,24936
UAE_245,2024-12,20,8,4,1,7771
UAE_245,2025-01,19,7,3,1,6132
UAE_245,2025-02,34,13,6,1,24703
UAE_245,2025-03,22,8,4,1,18391
UAE_245,2025-04,27,10,5,1,29011
UAE_245,2025-05,37,14,7,1,39949
UAE_245,2025-06,54,21,10,1,55927
UAE_245,2025-07,68,27,13,2,39850
UAE_245,2025-08,32,12,6,1,16469
UAE_245,2025-09,51,20,10,1,50260
UAE_245,2025-10,46,18,9,1,23680
UAE_245,2025-11,22,8,4,1,9975
UAE_245,2025-12,29,11,5,1,27565
UAE_246,2023-01,48,19,9,1,62794
UAE_246,2023-02,28,11,5,1,39094
UAE_246,2023-03,62,24,12,1,59650
UAE_246,2023-04,31,12,6,1,47070
UAE_246,2023-05,39,15,7,1,61251
UAE_246,2023-06,109,43,21,1,153019
UAE_246,2023-07,29,11,5,1,44153
UAE_246,2023-08,59,23,11,1,53023
UAE_246,2023-09,43,17,8,1,42289
UAE_246,2023-10,86,34,17,3,142567
UAE_246,2023-11,69,27,13,2,31220
UAE_246,2023-12,82,32,16,2,122810
UAE_246,2024-01,18,7,3,1,10607
UAE_246,2024-02,61,24,12,1,54817
UAE_246,2024-03,72,28,14,2,46773
UAE_246,2024-04,73,29,14,2,85492
UAE_246,2024-05,47,18,9,1,39630
UAE_246,2024-06,62,24,12,2,49380
UAE_246,2024-07,65,26,13,1,96670
UAE_246,2024-08,115,46,23,2,101116
UAE_246,2024-09,80,32,16,2,131545
UAE_246,2024-10,56,22,11,2,46072
UAE_246,2024-11,75,30,15,2,42737
UAE_246,2024-12,79,31,15,2,82131
UAE_246,2025-01,14,5,2,1,16615
UAE_246,2025-02,91,36,18,2,42538
UAE_246,2025-03,47,18,9,1,42417
UAE_246,2025-04,33,13,6,1,54589
UAE_246,2025-05,96,38,19,3,49580
UAE_246,2025-06,69,27,13,1,54283
UAE_246,2025-07,46,18,9,1,53829
UAE_246,2025-08,94,37,18,3,88782
UAE_246,2025-09,30,12,6,1,29071
UAE_246,2025-10,95,38,19,2,155697
UAE_246,2025-11,114,45,22,2,102211
UAE_246,2025-12,30,12,6,1,45263
UAE_247,2023-01,320,128,64,8,2553667
UAE_247,2023-02,168,67,33,4,1063453
UAE_247,2023-03,420,168,84,10,2491792
UAE_247,2023-04,603,241,120,22,2297243
UAE_247,2023-05,405,162,81,11,1345307
UAE_247,2023-06,330,132,66,12,1009668
UAE_247,2023-07,625,250,125,24,4014840
UAE_247,2023-08,150,60,30,5,1085865
UAE_247,2023-09,277,110,55,9,817842
UAE_247,2023-10,78,31,15,1,274507
UAE_247,2023-11,348,139,69,5,2987025
UAE_247,2023-12,179,71,35,6,945886
UAE_247,2024-01,316,126,63,7,1038757
UAE_247,2024-02,207,82,41,6,902692
UAE_247,2024-03,98,39,19,1,395807
UAE_247,2024-04,561,224,112,21,3368386
UAE_247,2024-05,182,72,36,6,747110
UAE_247,2024-06,265,106,53,8,2306668
UAE_247,2024-07,431,172,86,6,2276788
UAE_247,2024-08,134,53,26,4,588625
UAE_247,2024-09,231,92,46,6,1664176
UAE_247,2024-10,396,158,79,13,2645373
UAE_247,2024-11,192,76,38,6,1354754
UAE_247,2024-12,175,70,35,3,1368320
UAE_247,2025-01,391,156,78,15,1809158
UAE_247,2025-02,324,129,64,6,1504140
UAE_247,2025-03,530,212,106,13,3025265
UAE_247,2025-04,179,71,35,3,1478755
UAE_247,2025-05,283,113,56,4,2475685
UAE_247,2025-06,294,117,58,11,1940728
UAE_247,2025-07,424,169,84,13,3636214
UAE_247,2025-08,164,65,32,5,974755
UAE_247,2025-09,175,70,35,6,1326053
UAE_247,2025-10,414,165,82,7,1276543
UAE_247,2025-11,118,47,23,3,353234
UAE_247,2025-12,236,94,47,5,712737
UAE_248,2023-01,45,18,9,1,49385
UAE_248,2023-02,12,4,2,1,7268
UAE_248,2023-03,72,28,14,1,76515
UAE_248,2023-04,29,11,5,1,11754
UAE_248,2023-05,14,5,2,1,6971
UAE_248,2023-06,39,15,7,1,21857
UAE_248,2023-07,87,34,17,3,66060
UAE_248,2023-08,24,9,4,1,21122
UAE_248,2023-09,68,27,13,2,63708
UAE_248,2023-10,60,24,12,2,40518
UAE_248,2023-11,10,4,2,1,11140
UAE_248,2023-12,44,17,8,1,40112
UAE_248,2024-01,33,13,6,1,35416
UAE_248,2024-02,25,10,5,1,18503
UAE_248,2024-03,51,20,10,1,50237
UAE_248,2024-04,15,6,3,1,8090
UAE_248,2024-05,108,43,21,2,39223
UAE_248,2024-06,21,8,4,1,15435
UAE_248,2024-07,77,30,15,1,74981
UAE_248,2024-08,42,16,8,1,19328
UAE_248,2024-09,75,30,15,2,84171
UAE_248,2024-10,11,4,2,1,7825
UAE_248,2024-11,35,14,7,1,25543
UAE_248,2024-12,47,18,9,1,27818
UAE_248,2025-01,25,10,5,1,24751
UAE_248,2025-02,23,9,4,1,11302
UAE_248,2025-03,26,10,5,1,22864
UAE_248,2025-04,49,19,9,1,40206
UAE_248,2025-05,22,8,4,1,12007
UAE_248,2025-06,52,20,10,1,23961
UAE_248,2025-07,79,31,15,2,84619
UAE_248,2025-08,42,16,8,1,36137
UAE_248,2025-09,50,20,10,1,58947
UAE_248,2025-10,55,22,11,1,57948
UAE_248,2025-11,44,17,8,1,36027
UAE_248,2025-12,65,26,13,1,55854
UAE_249,2023-01,39,15,7,1,42105
UAE_249,2023-02,16,6,3,1,16515
UAE_249,2023-03,52,20,10,1,31407
UAE_249,2023-04,42,16,8,1,31892
UAE_249,2023-05,22,8,4,1,9354
UAE_249,2023-06,71,28,14,1,83756
UAE_249,2023-07,59,23,11,1,31372
UAE_249,2023-08,34,13,6,1,28602
UAE_249,2023-09,68,27,13,2,27936
UAE_249,2023-10,84,33,16,2,55514
UAE_249,2023-11,15,6,3,1,12158
UAE_249,2023-12,35,14,7,1,17893
UAE_249,2024-01,54,21,10,1,38937
UAE_249,2024-02,27,10,5,1,14055
UAE_249,2024-03,51,20,10,1,23988
UAE_249,2024-04,19,7,3,1,5658
UAE_249,2024-05,27,10,5,1,28539
UAE_249,2024-06,95,38,19,2,46691
UAE_249,2024-07,67,26,13,2,24168
UAE_249,2024-08,64,25,12,1,73109
UAE_249,2024-09,37,14,7,1,21848
UAE_249,2024-10,20,8,4,1,15164
UAE_249,2024-11,53,21,10,1,19612
UAE_249,2024-12,34,13,6,1,20550
UAE_249,2025-01,12,4,2,1,6320
UAE_249,2025-02,47,18,9,1,28619
UAE_249,2025-03,26,10,5,1,28529
UAE_249,2025-04,69,27,13,1,21877
UAE_249,2025-05,36,14,7,1,15817
UAE_249,2025-06,26,10,5,1,20795
UAE_249,2025-07,68,27,13,2,21031
UAE_249,2025-08,19,7,3,1,17420
UAE_249,2025-09,62,24,12,1,64808
UAE_249,2025-10,28,11,5,1,24436
UAE_249,2025-11,42,16,8,1,31884
UAE_249,2025-12,21,8,4,1,15262
UAE_250,2023-01,72,28,14,1,67498
UAE_250,2023-02,29,11,5,1,10670
UAE_250,2023-03,13,5,2,1,12222
UAE_250,2023-04,47,18,9,1,24575
UAE_250,2023-05,41,16,8,1,39907
UAE_250,2023-06,63,25,12,2,38918
UAE_250,2023-07,65,26,13,1,42719
UAE_250,2023-08,76,30,15,1,25121
UAE_250,2023-09,47,18,9,1,49586
UAE_250,2023-10,38,15,7,1,24244
UAE_250,2023-11,37,14,7,1,34314
UAE_250,2023-12,13,5,2,1,6551
UAE_250,2024-01,21,8,4,1,7127
UAE_250,2024-02,62,24,12,1,64674
UAE_250,2024-03,24,9,4,1,12081
UAE_250,2024-04,60,24,12,1,19190
UAE_250,2024-05,27,10,5,1,13752
UAE_250,2024-06,31,12,6,1,32024
UAE_250,2024-07,68,27,13,1,47436
UAE_250,2024-08,60,24,12,1,59640
UAE_250,2024-09,49,19,9,1,29655
UAE_250,2024-10,27,10,5,1,16116
UAE_250,2024-11,14,5,2,1,11980
UAE_250,2024-12,37,14,7,1,29894
UAE_250,2025-01,59,23,11,2,25265
UAE_250,2025-02,51,20,10,1,23129
UAE_250,2025-03,40,16,8,1,12310
UAE_250,2025-04,76,30,15,2,82449
UAE_250,2025-05,72,28,14,1,24837
UAE_250,2025-06,52,20,10,1,24541
UAE_250,2025-07,42,16,8,1,23902
UAE_250,2025-08,43,17,8,1,50417
UAE_250,2025-09,61,24,12,2,49889
UAE_250,2025-10,22,8,4,1,9519
UAE_250,2025-11,46,18,9,1,51874
UAE_250,2025-12,28,11,5,1,22322
UAE_251,2023-01,88,35,17,2,44641
UAE_251,2023-02,54,21,10,1,25248
UAE_251,2023-03,124,49,24,4,217466
UAE_251,2023-04,28,11,5,1,35656
UAE_251,2023-05,144,57,28,5,149247
UAE_251,2023-06,103,41,20,3,181301
UAE_251,2023-07,110,44,22,4,201477
UAE_251,2023-08,41,16,8,1,22854
UAE_251,2023-09,86,34,17,2,125582
UAE_251,2023-10,108,43,21,1,64164
UAE_251,2023-11,47,18,9,1,48230
UAE_251,2023-12,42,16,8,1,65250
UAE_251,2024-01,86,34,17,2,78681
UAE_251,2024-02,41,16,8,1,53632
UAE_251,2024-03,118,47,23,2,142024
UAE_251,2024-04,75,30,15,2,39145
UAE_251,2024-05,102,40,20,2,117088
UAE_251,2024-06,47,18,9,1,44863
UAE_251,2024-07,42,16,8,1,46654
UAE_251,2024-08,113,45,22,3,55331
UAE_251,2024-09,123,49,24,4,85645
UAE_251,2024-10,67,26,13,1,77295
UAE_251,2024-11,54,21,10,1,49470
UAE_251,2024-12,17,6,3,1,11353
UAE_251,2025-01,72,28,14,1,72222
UAE_251,2025-02,80,32,16,2,66668
UAE_251,2025-03,13,5,2,1,20557
UAE_251,2025-04,61,24,12,1,42328
UAE_251,2025-05,153,61,30,4,85792
UAE_251,2025-06,74,29,14,2,54417
UAE_251,2025-07,57,22,11,2,31248
UAE_251,2025-08,24,9,4,1,29220
UAE_251,2025-09,68,27,13,1,32410
UAE_251,2025-10,82,32,16,2,87192
UAE_251,2025-11,111,44,22,3,92638
UAE_251,2025-12,132,52,26,3,168281
UAE_252,2023-01,22,8,4,1,24671
UAE_252,2023-02,38,15,7,1,72709
UAE_252,2023-03,170,68,34,4,246360
UAE_252,2023-04,81,32,16,2,156903
UAE_252,2023-05,91,36,18,1,189882
UAE_252,2023-06,41,16,8,1,84301
UAE_252,2023-07,91,36,18,3,187061
UAE_252,2023-08,105,42,21,2,121342
UAE_252,2023-09,76,30,15,1,40908
UAE_252,2023-10,89,35,17,1,100374
UAE_252,2023-11,32,12,6,1,46484
UAE_252,2023-12,21,8,4,1,32670
UAE_252,2024-01,68,27,13,2,108953
UAE_252,2024-02,32,12,6,1,51985
UAE_252,2024-03,65,26,13,2,93189
UAE_252,2024-04,43,17,8,1,70608
UAE_252,2024-05,69,27,13,2,134281
UAE_252,2024-06,136,54,27,4,179965
UAE_252,2024-07,150,60,30,3,276316
UAE_252,2024-08,195,78,39,4,312041
UAE_252,2024-09,66,26,13,1,79492
UAE_252,2024-10,70,28,14,2,63727
UAE_252,2024-11,75,30,15,1,141724
UAE_252,2024-12,169,67,33,6,360822
UAE_252,2025-01,54,21,10,1,96509
UAE_252,2025-02,85,34,17,1,166705
UAE_252,2025-03,95,38,19,2,133478
UAE_252,2025-04,77,30,15,1,51283
UAE_252,2025-05,79,31,15,1,62600
UAE_252,2025-06,59,23,11,1,39255
UAE_252,2025-07,91,36,18,3,168221
UAE_252,2025-08,78,31,15,2,82116
UAE_252,2025-09,187,74,37,3,374378
UAE_252,2025-10,47,18,9,1,70424
UAE_252,2025-11,65,26,13,1,128084
UAE_252,2025-12,27,10,5,1,27071
UAE_253,2023-01,52,20,10,1,51762
UAE_253,2023-02,50,20,10,1,22762
UAE_253,2023-03,93,37,18,3,122066
UAE_253,2023-04,64,25,12,1,64238
UAE_253,2023-05,35,14,7,1,15639
UAE_253,2023-06,26,10,5,1,9376
UAE_253,2023-07,79,31,15,2,31191
UAE_253,2023-08,85,34,17,1,113905
UAE_253,2023-09,84,33,16,2,99128
UAE_253,2023-10,46,18,9,1,17408
UAE_253,2023-11,106,42,21,2,99643
UAE_253,2023-12,26,10,5,1,35564
UAE_253,2024-01,68,27,13,1,44719
UAE_253,2024-02,54,21,10,1,53696
UAE_253,2024-03,39,15,7,1,45326
UAE_253,2024-04,41,16,8,1,24156
UAE_253,2024-05,77,30,15,3,44560
UAE_253,2024-06,17,6,3,1,15151
UAE_253,2024-07,21,8,4,1,7633
UAE_253,2024-08,55,22,11,1,51649
UAE_253,2024-09,42,16,8,1,21747
UAE_253,2024-10,23,9,4,1,25541
UAE_253,2024-11,31,12,6,1,12678
UAE_253,2024-12,58,23,11,1,51495
UAE_253,2025-01,16,6,3,1,8893
UAE_253,2025-02,29,11,5,1,22497
UAE_253,2025-03,38,15,7,1,43918
UAE_253,2025-04,77,30,15,2,101671
UAE_253,2025-05,36,14,7,1,22577
UAE_253,2025-06,95,38,19,2,80184
UAE_253,2025-07,23,9,4,1,19772
UAE_253,2025-08,70,28,14,1,94820
UAE_253,2025-09,28,11,5,1,24028
UAE_253,2025-10,54,21,10,1,65143
UAE_253,2025-11,82,32,16,1,82318
UAE_253,2025-12,53,21,10,1,54799
UAE_254,2023-01,101,40,20,3,598151
UAE_254,2023-02,176,70,35,3,1038496
UAE_254,2023-03,321,128,64,11,825219
UAE_254,2023-04,374,149,74,12,1929080
UAE_254,2023-05,279,111,55,7,1325266
UAE_254,2023-06,576,230,115,9,1602681
UAE_254,2023-07,277,110,55,8,877783
UAE_254,2023-08,199,79,39,7,1092667
UAE_254,2023-09,261,104,52,4,943519
UAE_254,2023-10,265,106,53,7,1007599
UAE_254,2023-11,127,50,25,3,223573
UAE_254,2023-12,337,134,67,8,1365752
UAE_254,2024-01,191,76,38,7,524312
UAE_254,2024-02,376,150,75,10,1020937
UAE_254,2024-03,166,66,33,5,465847
UAE_254,2024-04,420,168,84,15,2016989
UAE_254,2024-05,330,132,66,7,875157
UAE_254,2024-06,312,124,62,7,742829
UAE_254,2024-07,239,95,47,7,1082351
UAE_254,2024-08,321,128,64,12,1415763
UAE_254,2024-09,388,155,77,10,2100253
UAE_254,2024-10,482,192,96,12,950323
UAE_254,2024-11,319,127,63,10,1601428
UAE_254,2024-12,106,42,21,2,656415
UAE_254,2025-01,176,70,35,6,817125
UAE_254,2025-02,217,86,43,6,891211
UAE_254,2025-03,83,33,16,2,453357
UAE_254,2025-04,475,190,95,14,2966766
UAE_254,2025-05,95,38,19,3,390828
UAE_254,2025-06,298,119,59,7,951762
UAE_254,2025-07,243,97,48,4,656815
UAE_254,2025-08,107,42,21,2,595231
UAE_254,2025-09,455,182,91,17,2057914
UAE_254,2025-10,165,66,33,5,649804
UAE_254,2025-11,292,116,58,7,1141689
UAE_254,2025-12,298,119,59,11,1114111
UAE_255,2023-01,50,20,10,1,31739
UAE_255,2023-02,31,12,6,1,10590
UAE_255,2023-03,63,25,12,1,27536
UAE_255,2023-04,41,16,8,1,20236
UAE_255,2023-05,40,16,8,1,22011
UAE_255,2023-06,20,8,4,1,11597
UAE_255,2023-07,29,11,5,1,22850
UAE_255,2023-08,39,15,7,1,18524
UAE_255,2023-09,49,19,9,1,25861
UAE_255,2023-10,55,22,11,1,52438
UAE_255,2023-11,23,9,4,1,8874
UAE_255,2023-12,43,17,8,1,34563
UAE_255,2024-01,30,12,6,1,23895
UAE_255,2024-02,38,15,7,1,40414
UAE_255,2024-03,38,15,7,1,33940
UAE_255,2024-04,57,22,11,1,62655
UAE_255,2024-05,82,32,16,3,89749
UAE_255,2024-06,24,9,4,1,8237
UAE_255,2024-07,20,8,4,1,20614
UAE_255,2024-08,20,8,4,1,12928
UAE_255,2024-09,52,20,10,1,54715
UAE_255,2024-10,35,14,7,1,11471
UAE_255,2024-11,38,15,7,1,21035
UAE_255,2024-12,16,6,3,1,6039
UAE_255,2025-01,40,16,8,1,15786
UAE_255,2025-02,35,14,7,1,33151
UAE_255,2025-03,77,30,15,2,63330
UAE_255,2025-04,82,32,16,3,42776
UAE_255,2025-05,45,18,9,1,24667
UAE_255,2025-06,38,15,7,1,17249
UAE_255,2025-07,49,19,9,1,38934
UAE_255,2025-08,72,28,14,1,82028
UAE_255,2025-09,14,5,2,1,12649
UAE_255,2025-10,81,32,16,1,91745
UAE_255,2025-11,54,21,10,1,45368
UAE_255,2025-12,45,18,9,1,34050
UAE_256,2023-01,126,50,25,2,123360
UAE_256,2023-02,80,32,16,2,159618
UAE_256,2023-03,53,21,10,1,77883
UAE_256,2023-04,90,36,18,2,54133
UAE_256,2023-05,69,27,13,2,61842
UAE_256,2023-06,107,42,21,4,186295
UAE_256,2023-07,132,52,26,3,246906
UAE_256,2023-08,80,32,16,1,127869
UAE_256,2023-09,164,65,32,4,149496
UAE_256,2023-10,15,6,3,1,13304
UAE_256,2023-11,75,30,15,2,107086
UAE_256,2023-12,96,38,19,2,204760
UAE_256,2024-01,127,50,25,4,118286
UAE_256,2024-02,67,26,13,1,108187
UAE_256,2024-03,46,18,9,1,45495
UAE_256,2024-04,88,35,17,2,183826
UAE_256,2024-05,103,41,20,2,124598
UAE_256,2024-06,96,38,19,1,77909
UAE_256,2024-07,58,23,11,1,82116
UAE_256,2024-08,219,87,43,8,320186
UAE_256,2024-09,116,46,23,4,237790
UAE_256,2024-10,76,30,15,1,42822
UAE_256,2024-11,55,22,11,2,80622
UAE_256,2024-12,44,17,8,1,26538
UAE_256,2025-01,81,32,16,2,113557
UAE_256,2025-02,46,18,9,1,81157
UAE_256,2025-03,86,34,17,1,90380
UAE_256,2025-04,62,24,12,1,51145
UAE_256,2025-05,59,23,11,2,36287
UAE_256,2025-06,50,20,10,1,106989
UAE_256,2025-07,64,25,12,1,98411
UAE_256,2025-08,30,12,6,1,21291
UAE_256,2025-09,34,13,6,1,40271
UAE_256,2025-10,86,34,17,2,63570
UAE_256,2025-11,20,8,4,1,27359
UAE_256,2025-12,36,14,7,1,31107
UAE_257,2023-01,691,276,138,15,9163567
UAE_257,2023-02,487,194,97,15,4243759
UAE_257,2023-03,747,298,149,18,10960329
UAE_257,2023-04,955,382,191,25,12995521
UAE_257,2023-05,1000,400,200,18,26713220
UAE_257,2023-06,1244,497,248,41,15639605
UAE_257,2023-07,1082,432,216,26,9839728
UAE_257,2023-08,622,248,124,22,5980299
UAE_257,2023-09,1173,469,234,23,23192898
UAE_257,2023-10,636,254,127,23,14339704
UAE_257,2023-11,390,156,78,12,9759402
UAE_257,2023-12,331,132,66,12,6189514
UAE_257,2024-01,605,242,121,18,14533556
UAE_257,2024-02,531,212,106,15,8990279
UAE_257,2024-03,405,162,81,7,9208779
UAE_257,2024-04,1777,710,355,30,16704397
UAE_257,2024-05,2370,948,474,84,47025976
UAE_257,2024-06,590,236,118,19,11223546
UAE_257,2024-07,903,361,180,14,14403603
UAE_257,2024-08,441,176,88,13,7804047
UAE_257,2024-09,1936,774,387,51,44681959
UAE_257,2024-10,833,333,166,33,21131833
UAE_257,2024-11,847,338,169,16,9245229
UAE_257,2024-12,1024,409,204,21,21261963
UAE_257,2025-01,402,160,80,11,2999817
UAE_257,2025-02,731,292,146,23,6866610
UAE_257,2025-03,1617,646,323,64,39622849
UAE_257,2025-04,501,200,100,12,9037480
UAE_257,2025-05,2208,883,441,69,47267431
UAE_257,2025-06,1422,568,284,33,20804965
UAE_257,2025-07,341,136,68,9,3456391
UAE_257,2025-08,1100,440,220,38,21621028
UAE_257,2025-09,1349,539,269,32,24168016
UAE_257,2025-10,1461,584,292,52,31905566
UAE_257,2025-11,346,138,69,8,2557028
UAE_257,2025-12,1288,515,257,45,13605352
UAE_258,2023-01,33,13,6,1,32159
UAE_258,2023-02,43,17,8,1,33535
UAE_258,2023-03,56,22,11,2,41480
UAE_258,2023-04,52,20,10,1,17628
UAE_258,2023-05,47,18,9,1,32886
UAE_258,2023-06,34,13,6,1,26960
UAE_258,2023-07,33,13,6,1,36383
UAE_258,2023-08,89,35,17,1,91838
UAE_258,2023-09,76,30,15,2,32532
UAE_258,2023-10,40,16,8,1,42294
UAE_258,2023-11,27,10,5,1,12838
UAE_258,2023-12,10,4,2,1,11969
UAE_258,2024-01,37,14,7,1,32503
UAE_258,2024-02,40,16,8,1,19978
UAE_258,2024-03,21,8,4,1,16696
UAE_258,2024-04,68,27,13,1,34402
UAE_258,2024-05,55,22,11,1,65737
UAE_258,2024-06,48,19,9,1,50984
UAE_258,2024-07,21,8,4,1,23190
UAE_258,2024-08,84,33,16,1,93798
UAE_258,2024-09,97,38,19,2,34220
UAE_258,2024-10,77,30,15,1,43886
UAE_258,2024-11,47,18,9,1,15899
UAE_258,2024-12,56,22,11,1,65286
UAE_258,2025-01,21,8,4,1,21402
UAE_258,2025-02,52,20,10,1,38357
UAE_258,2025-03,50,20,10,1,19941
UAE_258,2025-04,12,4,2,1,5461
UAE_258,2025-05,23,9,4,1,18873
UAE_258,2025-06,68,27,13,2,62902
UAE_258,2025-07,44,17,8,1,44595
UAE_258,2025-08,72,28,14,2,62612
UAE_258,2025-09,67,26,13,2,50769
UAE_258,2025-10,90,36,18,3,87062
UAE_258,2025-11,54,21,10,1,16114
UAE_258,2025-12,35,14,7,1,28144
UAE_259,2023-01,179,71,35,3,410056
UAE_259,2023-02,151,60,30,4,529099
UAE_259,2023-03,47,18,9,1,124908
UAE_259,2023-04,136,54,27,3,226309
UAE_259,2023-05,81,32,16,2,134566
UAE_259,2023-06,218,87,43,4,321021
UAE_259,2023-07,183,73,36,6,316052
UAE_259,2023-08,105,42,21,2,396373
UAE_259,2023-09,82,32,16,2,291895
UAE_259,2023-10,187,74,37,3,530202
UAE_259,2023-11,125,50,25,2,130797
UAE_259,2023-12,100,40,20,3,300795
UAE_259,2024-01,108,43,21,3,327144
UAE_259,2024-02,41,16,8,1,98023
UAE_259,2024-03,139,55,27,4,315478
UAE_259,2024-04,88,35,17,1,143398
UAE_259,2024-05,112,44,22,2,285343
UAE_259,2024-06,111,44,22,3,365458
UAE_259,2024-07,130,52,26,3,307156
UAE_259,2024-08,197,78,39,4,289265
UAE_259,2024-09,87,34,17,1,120914
UAE_259,2024-10,177,70,35,6,655889
UAE_259,2024-11,107,42,21,1,112402
UAE_259,2024-12,46,18,9,1,44360
UAE_259,2025-01,136,54,27,3,311146
UAE_259,2025-02,165,66,33,5,253692
UAE_259,2025-03,199,79,39,4,231055
UAE_259,2025-04,64,25,12,2,135978
UAE_259,2025-05,119,47,23,2,297689
UAE_259,2025-06,113,45,22,2,333882
UAE_259,2025-07,138,55,27,2,225214
UAE_259,2025-08,131,52,26,3,375365
UAE_259,2025-09,116,46,23,4,394753
UAE_259,2025-10,86,34,17,1,216119
UAE_259,2025-11,57,22,11,2,157788
UAE_259,2025-12,56,22,11,1,179453
UAE_260,2023-01,41,16,8,1,30974
UAE_260,2023-02,59,23,11,1,59332
UAE_260,2023-03,26,10,5,1,28966
UAE_260,2023-04,26,10,5,1,15365
UAE_260,2023-05,25,10,5,1,23720
UAE_260,2023-06,18,7,3,1,8753
UAE_260,2023-07,21,8,4,1,10759
UAE_260,2023-08,69,27,13,2,54942
UAE_260,2023-09,19,7,3,1,18623
UAE_260,2023-10,37,14,7,1,16413
UAE_260,2023-11,63,25,12,2,20951
UAE_260,2023-12,51,20,10,1,57911
UAE_260,2024-01,27,10,5,1,24215
UAE_260,2024-02,30,12,6,1,20222
UAE_260,2024-03,51,20,10,1,38767
UAE_260,2024-04,52,20,10,1,28053
UAE_260,2024-05,29,11,5,1,15401
UAE_260,2024-06,56,22,11,1,63067
UAE_260,2024-07,15,6,3,1,6559
UAE_260,2024-08,40,16,8,1,24904
UAE_260,2024-09,78,31,15,1,64671
UAE_260,2024-10,22,8,4,1,23284
UAE_260,2024-11,36,14,7,1,30894
UAE_260,2024-12,28,11,5,1,16296
UAE_260,2025-01,13,5,2,1,8623
UAE_260,2025-02,16,6,3,1,11464
UAE_260,2025-03,22,8,4,1,7113
UAE_260,2025-04,47,18,9,1,46276
UAE_260,2025-05,80,32,16,2,50928
UAE_260,2025-06,34,13,6,1,26002
UAE_260,2025-07,47,18,9,1,53338
UAE_260,2025-08,44,17,8,1,27350
UAE_260,2025-09,57,22,11,1,26557
UAE_260,2025-10,41,16,8,1,13558
UAE_260,2025-11,24,9,4,1,24289
UAE_260,2025-12,22,8,4,1,6539
UAE_261,2023-01,21,8,4,1,10648
UAE_261,2023-02,23,9,4,1,13103
UAE_261,2023-03,27,10,5,1,17373
UAE_261,2023-04,45,18,9,1,47466
UAE_261,2023-05,53,21,10,1,33290
UAE_261,2023-06,122,48,24,3,72861
UAE_261,2023-07,42,16,8,1,12629
UAE_261,2023-08,11,4,2,1,6974
UAE_261,2023-09,59,23,11,1,61364
UAE_261,2023-10,37,14,7,1,14735
UAE_261,2023-11,15,6,3,1,13282
UAE_261,2023-12,19,7,3,1,19852
UAE_261,2024-01,14,5,2,1,10857
UAE_261,2024-02,38,15,7,1,12607
UAE_261,2024-03,24,9,4,1,8121
UAE_261,2024-04,45,18,9,1,28483
UAE_261,2024-05,53,21,10,1,36308
UAE_261,2024-06,23,9,4,1,16761
UAE_261,2024-07,46,18,9,1,36912
UAE_261,2024-08,94,37,18,2,57649
UAE_261,2024-09,19,7,3,1,20144
UAE_261,2024-10,68,27,13,1,51686
UAE_261,2024-11,75,30,15,1,85024
UAE_261,2024-12,33,13,6,1,17305
UAE_261,2025-01,29,11,5,1,11670
UAE_261,2025-02,19,7,3,1,8290
UAE_261,2025-03,46,18,9,1,51124
UAE_261,2025-04,77,30,15,2,23857
UAE_261,2025-05,37,14,7,1,31858
UAE_261,2025-06,65,26,13,2,21260
UAE_261,2025-07,73,29,14,1,62471
UAE_261,2025-08,64,25,12,1,22973
UAE_261,2025-09,15,6,3,1,9055
UAE_261,2025-10,25,10,5,1,17038
UAE_261,2025-11,19,7,3,1,12198
UAE_261,2025-12,18,7,3,1,19454
UAE_262,2023-01,16,6,3,1,5830
UAE_262,2023-02,50,20,10,1,58709
UAE_262,2023-03,42,16,8,1,34885
UAE_262,2023-04,45,18,9,1,25602
UAE_262,2023-05,29,11,5,1,10060
UAE_262,2023-06,31,12,6,1,35082
UAE_262,2023-07,67,26,13,1,74980
UAE_262,2023-08,87,34,17,1,62471
UAE_262,2023-09,94,37,18,2,49957
UAE_262,2023-10,58,23,11,1,52156
UAE_262,2023-11,53,21,10,1,25100
UAE_262,2023-12,18,7,3,1,11473
UAE_262,2024-01,18,7,3,1,5468
UAE_262,2024-02,55,22,11,1,60659
UAE_262,2024-03,39,15,7,1,14646
UAE_262,2024-04,31,12,6,1,19680
UAE_262,2024-05,39,15,7,1,16408
UAE_262,2024-06,41,16,8,1,30524
UAE_262,2024-07,17,6,3,1,13463
UAE_262,2024-08,70,28,14,1,46198
UAE_262,2024-09,31,12,6,1,33961
UAE_262,2024-10,43,17,8,1,13160
UAE_262,2024-11,31,12,6,1,15934
UAE_262,2024-12,36,14,7,1,16649
UAE_262,2025-01,35,14,7,1,14032
UAE_262,2025-02,34,13,6,1,29837
UAE_262,2025-03,44,17,8,1,18943
UAE_262,2025-04,27,10,5,1,21870
UAE_262,2025-05,61,24,12,1,41522
UAE_262,2025-06,91,36,18,2,36263
UAE_262,2025-07,45,18,9,1,43160
UAE_262,2025-08,31,12,6,1,10572
UAE_262,2025-09,17,6,3,1,12170
UAE_262,2025-10,28,11,5,1,11707
UAE_262,2025-11,61,24,12,2,54270
UAE_262,2025-12,48,19,9,1,17695
UAE_263,2023-01,75,30,15,1,180354
UAE_263,2023-02,99,39,19,2,239362
UAE_263,2023-03,133,53,26,2,316133
UAE_263,2023-04,93,37,18,1,235891
UAE_263,2023-05,342,136,68,5,722982
UAE_263,2023-06,377,150,75,7,784660
UAE_263,2023-07,208,83,41,5,569209
UAE_263,2023-08,151,60,30,2,458129
UAE_263,2023-09,341,136,68,13,1169075
UAE_263,2023-10,82,32,16,2,269630
UAE_263,2023-11,101,40,20,3,566318
UAE_263,2023-12,65,26,13,1,291559
UAE_263,2024-01,163,65,32,3,647408
UAE_263,2024-02,360,144,72,13,712117
UAE_263,2024-03,218,87,43,7,1192443
UAE_263,2024-04,166,66,33,3,364738
UAE_263,2024-05,183,73,36,2,538216
UAE_263,2024-06,290,116,58,9,1240426
UAE_263,2024-07,395,158,79,10,1380558
UAE_263,2024-08,267,106,53,5,1089526
UAE_263,2024-09,253,101,50,4,1435630
UAE_263,2024-10,87,34,17,1,478528
UAE_263,2024-11,258,103,51,8,779433
UAE_263,2024-12,88,35,17,1,126823
UAE_263,2025-01,83,33,16,1,183278
UAE_263,2025-02,142,56,28,2,230369
UAE_263,2025-03,190,76,38,7,583205
UAE_263,2025-04,418,167,83,9,1589678
UAE_263,2025-05,262,104,52,9,824056
UAE_263,2025-06,214,85,42,7,607488
UAE_263,2025-07,71,28,14,1,248132
UAE_263,2025-08,207,82,41,5,806003
UAE_263,2025-09,73,29,14,1,406438
UAE_263,2025-10,136,54,27,5,721607
UAE_263,2025-11,420,168,84,9,1657104
UAE_263,2025-12,138,55,27,5,443890
UAE_264,2023-01,34,13,6,1,56772
UAE_264,2023-02,114,45,22,1,267936
UAE_264,2023-03,124,49,24,2,320599
UAE_264,2023-04,112,44,22,4,234356
UAE_264,2023-05,76,30,15,1,139787
UAE_264,2023-06,160,64,32,2,190191
UAE_264,2023-07,118,47,23,2,116289
UAE_264,2023-08,49,19,9,1,44882
UAE_264,2023-09,104,41,20,4,134443
UAE_264,2023-10,162,64,32,3,337933
UAE_264,2023-11,113,45,22,3,216882
UAE_264,2023-12,90,36,18,1,148549
UAE_264,2024-01,127,50,25,2,160582
UAE_264,2024-02,105,42,21,2,179747
UAE_264,2024-03,120,48,24,4,233916
UAE_264,2024-04,111,44,22,1,302885
UAE_264,2024-05,152,60,30,3,366134
UAE_264,2024-06,88,35,17,1,118595
UAE_264,2024-07,139,55,27,5,202475
UAE_264,2024-08,63,25,12,2,154472
UAE_264,2024-09,178,71,35,4,317964
UAE_264,2024-10,100,40,20,2,112756
UAE_264,2024-11,123,49,24,3,276380
UAE_264,2024-12,66,26,13,1,62269
UAE_264,2025-01,114,45,22,1,215331
UAE_264,2025-02,48,19,9,1,58674
UAE_264,2025-03,53,21,10,1,103193
UAE_264,2025-04,42,16,8,1,91317
UAE_264,2025-05,35,14,7,1,57894
UAE_264,2025-06,217,86,43,8,485291
UAE_264,2025-07,91,36,18,1,211784
UAE_264,2025-08,136,54,27,2,162864
UAE_264,2025-09,77,30,15,2,104070
UAE_264,2025-10,65,26,13,1,115102
UAE_264,2025-11,48,19,9,1,126860
UAE_264,2025-12,55,22,11,1,81591
UAE_265,2023-01,23,9,4,1,43200
UAE_265,2023-02,86,34,17,3,180467
UAE_265,2023-03,32,12,6,1,57961
UAE_265,2023-04,84,33,16,2,141662
UAE_265,2023-05,59,23,11,1,36806
UAE_265,2023-06,92,36,18,2,135981
UAE_265,2023-07,123,49,24,3,77449
UAE_265,2023-08,52,20,10,1,71782
UAE_265,2023-09,71,28,14,1,86322
UAE_265,2023-10,68,27,13,1,129094
UAE_265,2023-11,85,34,17,1,93303
UAE_265,2023-12,42,16,8,1,39878
UAE_265,2024-01,91,36,18,1,111023
UAE_265,2024-02,105,42,21,3,96176
UAE_265,2024-03,87,34,17,2,147690
UAE_265,2024-04,92,36,18,1,122462
UAE_265,2024-05,79,31,15,1,146992
UAE_265,2024-06,143,57,28,2,210589
UAE_265,2024-07,107,42,21,2,59028
UAE_265,2024-08,121,48,24,4,65254
UAE_265,2024-09,51,20,10,1,97218
UAE_265,2024-10,94,37,18,2,144268
UAE_265,2024-11,99,39,19,2,101020
UAE_265,2024-12,80,32,16,1,101270
UAE_265,2025-01,69,27,13,1,68252
UAE_265,2025-02,135,54,27,2,140531
UAE_265,2025-03,76,30,15,1,50171
UAE_265,2025-04,52,20,10,1,92952
UAE_265,2025-05,88,35,17,2,63542
UAE_265,2025-06,119,47,23,2,139841
UAE_265,2025-07,53,21,10,2,45007
UAE_265,2025-08,48,19,9,1,52101
UAE_265,2025-09,128,51,25,4,143012
UAE_265,2025-10,77,30,15,1,161389
UAE_265,2025-11,106,42,21,1,63161
UAE_265,2025-12,67,26,13,2,73799
UAE_266,2023-01,18,7,3,1,16605
UAE_266,2023-02,112,44,22,2,178926
UAE_266,2023-03,88,35,17,3,75384
UAE_266,2023-04,103,41,20,1,108975
UAE_266,2023-05,26,10,5,1,20058
UAE_266,2023-06,111,44,22,3,166353
UAE_266,2023-07,147,58,29,4,197995
UAE_266,2023-08,47,18,9,1,46854
UAE_266,2023-09,83,33,16,2,138005
UAE_266,2023-10,69,27,13,1,31011
UAE_266,2023-11,41,16,8,1,49576
UAE_266,2023-12,42,16,8,1,43926
UAE_266,2024-01,40,16,8,1,63083
UAE_266,2024-02,65,26,13,1,75839
UAE_266,2024-03,21,8,4,1,33374
UAE_266,2024-04,65,26,13,2,71025
UAE_266,2024-05,63,25,12,1,85978
UAE_266,2024-06,28,11,5,1,21441
UAE_266,2024-07,73,29,14,1,40817
UAE_266,2024-08,88,35,17,2,132403
UAE_266,2024-09,51,20,10,1,48108
UAE_266,2024-10,47,18,9,1,72521
UAE_266,2024-11,122,48,24,4,123703
UAE_266,2024-12,95,38,19,2,142628
UAE_266,2025-01,66,26,13,1,33247
UAE_266,2025-02,25,10,5,1,26650
UAE_266,2025-03,107,42,21,3,123146
UAE_266,2025-04,40,16,8,1,42721
UAE_266,2025-05,86,34,17,3,127378
UAE_266,2025-06,107,42,21,2,94432
UAE_266,2025-07,82,32,16,3,65762
UAE_266,2025-08,77,30,15,2,118206
UAE_266,2025-09,90,36,18,3,104598
UAE_266,2025-10,24,9,4,1,30216
UAE_266,2025-11,46,18,9,1,56249
UAE_266,2025-12,39,15,7,1,19569
UAE_267,2023-01,27,10,5,1,10898
UAE_267,2023-02,35,14,7,1,24447
UAE_267,2023-03,69,27,13,1,44423
UAE_267,2023-04,75,30,15,2,83684
UAE_267,2023-05,41,16,8,1,19257
UAE_267,2023-06,28,11,5,1,20174
UAE_267,2023-07,30,12,6,1,35205
UAE_267,2023-08,31,12,6,1,21917
UAE_267,2023-09,55,22,11,1,43721
UAE_267,2023-10,59,23,11,1,49827
UAE_267,2023-11,32,12,6,1,21419
UAE_267,2023-12,57,22,11,2,65793
UAE_267,2024-01,14,5,2,1,10632
UAE_267,2024-02,37,14,7,1,25969
UAE_267,2024-03,29,11,5,1,29454
UAE_267,2024-04,42,16,8,1,44323
UAE_267,2024-05,79,31,15,2,37461
UAE_267,2024-06,22,8,4,1,19593
UAE_267,2024-07,28,11,5,1,30964
UAE_267,2024-08,100,40,20,1,87573
UAE_267,2024-09,51,20,10,1,43679
UAE_267,2024-10,78,31,15,1,83939
UAE_267,2024-11,64,25,12,1,58991
UAE_267,2024-12,24,9,4,1,24417
UAE_267,2025-01,43,17,8,1,36491
UAE_267,2025-02,41,16,8,1,18268
UAE_267,2025-03,22,8,4,1,10069
UAE_267,2025-04,10,4,2,1,9782
UAE_267,2025-05,15,6,3,1,16840
UAE_267,2025-06,23,9,4,1,17484
UAE_267,2025-07,12,4,2,1,11332
UAE_267,2025-08,15,6,3,1,7075
UAE_267,2025-09,91,36,18,2,31379
UAE_267,2025-10,64,25,12,1,59931
UAE_267,2025-11,36,14,7,1,26509
UAE_267,2025-12,59,23,11,1,44992
UAE_268,2023-01,14,5,2,1,14277
UAE_268,2023-02,35,14,7,1,22118
UAE_268,2023-03,17,6,3,1,13958
UAE_268,2023-04,27,10,5,1,28509
UAE_268,2023-05,59,23,11,2,18360
UAE_268,2023-06,32,12,6,1,16591
UAE_268,2023-07,20,8,4,1,15796
UAE_268,2023-08,79,31,15,2,54580
UAE_268,2023-09,63,25,12,1,60149
UAE_268,2023-10,90,36,18,3,29044
UAE_268,2023-11,42,16,8,1,34346
UAE_268,2023-12,39,15,7,1,16274
UAE_268,2024-01,24,9,4,1,7523
UAE_268,2024-02,25,10,5,1,9473
UAE_268,2024-03,53,21,10,2,54899
UAE_268,2024-04,39,15,7,1,26501
UAE_268,2024-05,31,12,6,1,18521
UAE_268,2024-06,72,28,14,1,56425
UAE_268,2024-07,36,14,7,1,15610
UAE_268,2024-08,28,11,5,1,18640
UAE_268,2024-09,29,11,5,1,30484
UAE_268,2024-10,23,9,4,1,24504
UAE_268,2024-11,61,24,12,2,34133
UAE_268,2024-12,19,7,3,1,17651
UAE_268,2025-01,30,12,6,1,14546
UAE_268,2025-02,38,15,7,1,17967
UAE_268,2025-03,53,21,10,1,42075
UAE_268,2025-04,53,21,10,1,48231
UAE_268,2025-05,42,16,8,1,14627
UAE_268,2025-06,27,10,5,1,17336
UAE_268,2025-07,38,15,7,1,27627
UAE_268,2025-08,44,17,8,1,50245
UAE_268,2025-09,46,18,9,1,32190
UAE_268,2025-10,90,36,18,3,70886
UAE_268,2025-11,39,15,7,1,25339
UAE_268,2025-12,41,16,8,1,25942
UAE_269,2023-01,11,4,2,1,14081
UAE_269,2023-02,73,29,14,1,100612
UAE_269,2023-03,29,11,5,1,11925
UAE_269,2023-04,86,34,17,2,67715
UAE_269,2023-05,51,20,10,1,25381
UAE_269,2023-06,44,17,8,1,28167
UAE_269,2023-07,74,29,14,2,88137
UAE_269,2023-08,21,8,4,1,20692
UAE_269,2023-09,17,6,3,1,20685
UAE_269,2023-10,53,21,10,1,47236
UAE_269,2023-11,71,28,14,2,99698
UAE_269,2023-12,24,9,4,1,13844
UAE_269,2024-01,87,34,17,2,50775
UAE_269,2024-02,60,24,12,2,36214
UAE_269,2024-03,88,35,17,3,97559
UAE_269,2024-04,75,30,15,1,52085
UAE_269,2024-05,69,27,13,1,65207
UAE_269,2024-06,58,23,11,1,47019
UAE_269,2024-07,18,7,3,1,18725
UAE_269,2024-08,71,28,14,2,44648
UAE_269,2024-09,11,4,2,1,9002
UAE_269,2024-10,49,19,9,1,67450
UAE_269,2024-11,19,7,3,1,20897
UAE_269,2024-12,31,12,6,1,32116
UAE_269,2025-01,48,19,9,1,56243
UAE_269,2025-02,32,12,6,1,36847
UAE_269,2025-03,50,20,10,1,60646
UAE_269,2025-04,43,17,8,1,49624
UAE_269,2025-05,27,10,5,1,18703
UAE_269,2025-06,48,19,9,1,51862
UAE_269,2025-07,112,44,22,4,42731
UAE_269,2025-08,48,19,9,1,36311
UAE_269,2025-09,58,23,11,1,44623
UAE_269,2025-10,32,12,6,1,17184
UAE_269,2025-11,75,30,15,2,72556
UAE_269,2025-12,26,10,5,1,25102
UAE_270,2023-01,159,63,31,4,344235
UAE_270,2023-02,79,31,15,1,242815
UAE_270,2023-03,139,55,27,2,386152
UAE_270,2023-04,240,96,48,8,1011750
UAE_270,2023-05,234,93,46,6,359161
UAE_270,2023-06,244,97,48,8,876749
UAE_270,2023-07,601,240,120,21,2738044
UAE_270,2023-08,261,104,52,7,542313
UAE_270,2023-09,166,66,33,3,736558
UAE_270,2023-10,221,88,44,6,859608
UAE_270,2023-11,231,92,46,4,653661
UAE_270,2023-12,158,63,31,5,291859
UAE_270,2024-01,113,45,22,3,489621
UAE_270,2024-02,237,94,47,7,404057
UAE_270,2024-03,195,78,39,5,593002
UAE_270,2024-04,103,41,20,3,557753
UAE_270,2024-05,184,73,36,5,903944
UAE_270,2024-06,77,30,15,2,377045
UAE_270,2024-07,194,77,38,6,497936
UAE_270,2024-08,422,168,84,10,1380200
UAE_270,2024-09,282,112,56,9,1324855
UAE_270,2024-10,242,96,48,5,941309
UAE_270,2024-11,186,74,37,2,884869
UAE_270,2024-12,213,85,42,6,977189
UAE_270,2025-01,82,32,16,2,223244
UAE_270,2025-02,154,61,30,2,256852
UAE_270,2025-03,164,65,32,4,823340
UAE_270,2025-04,274,109,54,6,1107692
UAE_270,2025-05,248,99,49,7,561432
UAE_270,2025-06,248,99,49,6,1180913
UAE_270,2025-07,236,94,47,7,1245913
UAE_270,2025-08,324,129,64,7,1070918
UAE_270,2025-09,251,100,50,7,1331681
UAE_270,2025-10,270,108,54,6,1024102
UAE_270,2025-11,276,110,55,8,1043748
UAE_270,2025-12,144,57,28,4,641178
UAE_271,2023-01,41,16,8,1,33830
UAE_271,2023-02,10,4,2,1,10884
UAE_271,2023-03,37,14,7,1,14221
UAE_271,2023-04,15,6,3,1,13914
UAE_271,2023-05,37,14,7,1,12355
UAE_271,2023-06,64,25,12,2,70326
UAE_271,2023-07,44,17,8,1,28772
UAE_271,2023-08,80,32,16,2,78395
UAE_271,2023-09,38,15,7,1,18306
UAE_271,2023-10,15,6,3,1,13969
UAE_271,2023-11,60,24,12,1,70986
UAE_271,2023-12,13,5,2,1,10392
UAE_271,2024-01,42,16,8,1,32048
UAE_271,2024-02,47,18,9,1,15822
UAE_271,2024-03,17,6,3,1,5369
UAE_271,2024-04,68,27,13,2,66069
UAE_271,2024-05,47,18,9,1,29101
UAE_271,2024-06,99,39,19,2,37542
UAE_271,2024-07,71,28,14,1,37985
UAE_271,2024-08,39,15,7,1,43712
UAE_271,2024-09,32,12,6,1,20491
UAE_271,2024-10,76,30,15,1,49913
UAE_271,2024-11,55,22,11,1,29357
UAE_271,2024-12,18,7,3,1,9519
UAE_271,2025-01,45,18,9,1,43932
UAE_271,2025-02,30,12,6,1,18109
UAE_271,2025-03,102,40,20,2,113819
UAE_271,2025-04,19,7,3,1,17521
UAE_271,2025-05,56,22,11,2,16639
UAE_271,2025-06,41,16,8,1,34925
UAE_271,2025-07,16,6,3,1,17423
UAE_271,2025-08,34,13,6,1,16275
UAE_271,2025-09,18,7,3,1,7658
UAE_271,2025-10,26,10,5,1,26418
UAE_271,2025-11,29,11,5,1,12738
UAE_271,2025-12,29,11,5,1,21329
UAE_272,2023-01,44,17,8,1,44654
UAE_272,2023-02,30,12,6,1,9756
UAE_272,2023-03,14,5,2,1,5996
UAE_272,2023-04,39,15,7,1,40259
UAE_272,2023-05,17,6,3,1,17121
UAE_272,2023-06,37,14,7,1,39016
UAE_272,2023-07,18,7,3,1,14550
UAE_272,2023-08,87,34,17,1,56791
UAE_272,2023-09,46,18,9,1,46177
UAE_272,2023-10,73,29,14,1,45956
UAE_272,2023-11,19,7,3,1,12289
UAE_272,2023-12,10,4,2,1,8079
UAE_272,2024-01,44,17,8,1,36065
UAE_272,2024-02,43,17,8,1,13003
UAE_272,2024-03,25,10,5,1,19119
UAE_272,2024-04,14,5,2,1,7668
UAE_272,2024-05,72,28,14,2,70393
UAE_272,2024-06,73,29,14,2,75087
UAE_272,2024-07,33,13,6,1,14121
UAE_272,2024-08,20,8,4,1,22060
UAE_272,2024-09,12,4,2,1,8498
UAE_272,2024-10,56,22,11,1,41002
UAE_272,2024-11,51,20,10,1,34415
UAE_272,2024-12,77,30,15,1,26580
UAE_272,2025-01,80,32,16,1,83275
UAE_272,2025-02,46,18,9,1,26345
UAE_272,2025-03,10,4,2,1,7073
UAE_272,2025-04,27,10,5,1,12986
UAE_272,2025-05,13,5,2,1,13742
UAE_272,2025-06,43,17,8,1,26450
UAE_272,2025-07,44,17,8,1,33460
UAE_272,2025-08,27,10,5,1,28943
UAE_272,2025-09,73,29,14,1,37457
UAE_272,2025-10,16,6,3,1,16659
UAE_272,2025-11,44,17,8,1,22923
UAE_272,2025-12,50,20,10,1,24620
UAE_273,2023-01,52,20,10,1,63899
UAE_273,2023-02,77,30,15,2,88377
UAE_273,2023-03,20,8,4,1,36055
UAE_273,2023-04,106,42,21,3,98995
UAE_273,2023-05,38,15,7,1,43488
UAE_273,2023-06,33,13,6,1,34459
UAE_273,2023-07,97,38,19,2,57440
UAE_273,2023-08,86,34,17,2,112600
UAE_273,2023-09,48,19,9,1,32874
UAE_273,2023-10,46,18,9,1,58728
UAE_273,2023-11,79,31,15,3,130065
UAE_273,2023-12,18,7,3,1,25484
UAE_273,2024-01,27,10,5,1,43681
UAE_273,2024-02,104,41,20,1,81580
UAE_273,2024-03,63,25,12,2,66579
UAE_273,2024-04,84,33,16,1,123837
UAE_273,2024-05,18,7,3,1,10516
UAE_273,2024-06,133,53,26,5,236704
UAE_273,2024-07,97,38,19,2,100571
UAE_273,2024-08,53,21,10,2,96975
UAE_273,2024-09,138,55,27,2,168776
UAE_273,2024-10,147,58,29,2,119585
UAE_273,2024-11,92,36,18,1,176974
UAE_273,2024-12,92,36,18,3,136402
UAE_273,2025-01,95,38,19,3,158431
UAE_273,2025-02,89,35,17,2,182831
UAE_273,2025-03,99,39,19,2,160472
UAE_273,2025-04,96,38,19,3,197171
UAE_273,2025-05,119,47,23,1,115465
UAE_273,2025-06,61,24,12,1,67375
UAE_273,2025-07,121,48,24,2,140095
UAE_273,2025-08,85,34,17,1,89112
UAE_273,2025-09,43,17,8,1,80918
UAE_273,2025-10,71,28,14,1,144088
UAE_273,2025-11,63,25,12,1,67269
UAE_273,2025-12,81,32,16,2,168544
UAE_274,2023-01,27,10,5,1,26314
UAE_274,2023-02,48,19,9,1,14285
UAE_274,2023-03,43,17,8,1,32581
UAE_274,2023-04,32,12,6,1,30900
UAE_274,2023-05,102,40,20,2,114742
UAE_274,2023-06,83,33,16,2,27970
UAE_274,2023-07,33,13,6,1,24004
UAE_274,2023-08,67,26,13,1,55105
UAE_274,2023-09,47,18,9,1,38616
UAE_274,2023-10,45,18,9,1,45374
UAE_274,2023-11,71,28,14,2,70707
UAE_274,2023-12,48,19,9,1,24715
UAE_274,2024-01,23,9,4,1,26120
UAE_274,2024-02,27,10,5,1,13018
UAE_274,2024-03,39,15,7,1,23379
UAE_274,2024-04,63,25,12,2,66629
UAE_274,2024-05,53,21,10,1,42980
UAE_274,2024-06,32,12,6,1,17587
UAE_274,2024-07,53,21,10,2,46254
UAE_274,2024-08,44,17,8,1,15402
UAE_274,2024-09,14,5,2,1,13009
UAE_274,2024-10,37,14,7,1,34511
UAE_274,2024-11,14,5,2,1,5297
UAE_274,2024-12,32,12,6,1,20106
UAE_274,2025-01,12,4,2,1,4592
UAE_274,2025-02,77,30,15,1,26079
UAE_274,2025-03,10,4,2,1,6797
UAE_274,2025-04,48,19,9,1,29180
UAE_274,2025-05,78,31,15,1,88739
UAE_274,2025-06,27,10,5,1,8611
UAE_274,2025-07,68,27,13,1,46707
UAE_274,2025-08,63,25,12,1,73192
UAE_274,2025-09,35,14,7,1,11599
UAE_274,2025-10,12,4,2,1,6662
UAE_274,2025-11,72,28,14,1,33442
UAE_274,2025-12,36,14,7,1,34973
UAE_275,2023-01,54,21,10,2,42641
UAE_275,2023-02,61,24,12,1,74756
UAE_275,2023-03,96,38,19,2,170931
UAE_275,2023-04,33,13,6,1,50981
UAE_275,2023-05,79,31,15,2,60561
UAE_275,2023-06,113,45,22,3,124716
UAE_275,2023-07,121,48,24,2,70824
UAE_275,2023-08,33,13,6,1,60294
UAE_275,2023-09,68,27,13,1,144432
UAE_275,2023-10,137,54,27,2,171628
UAE_275,2023-11,81,32,16,1,83312
UAE_275,2023-12,38,15,7,1,38898
UAE_275,2024-01,54,21,10,1,90351
UAE_275,2024-02,76,30,15,1,62273
UAE_275,2024-03,92,36,18,2,166742
UAE_275,2024-04,54,21,10,1,51251
UAE_275,2024-05,84,33,16,3,112680
UAE_275,2024-06,48,19,9,1,99729
UAE_275,2024-07,54,21,10,1,78487
UAE_275,2024-08,150,60,30,5,180372
UAE_275,2024-09,74,29,14,1,94570
UAE_275,2024-10,73,29,14,1,57651
UAE_275,2024-11,43,17,8,1,73411
UAE_275,2024-12,38,15,7,1,33070
UAE_275,2025-01,114,45,22,3,87254
UAE_275,2025-02,48,19,9,1,52016
UAE_275,2025-03,26,10,5,1,43571
UAE_275,2025-04,144,57,28,4,149243
UAE_275,2025-05,61,24,12,1,52627
UAE_275,2025-06,133,53,26,2,228543
UAE_275,2025-07,121,48,24,1,66448
UAE_275,2025-08,135,54,27,5,150560
UAE_275,2025-09,75,30,15,1,150348
UAE_275,2025-10,29,11,5,1,27229
UAE_275,2025-11,64,25,12,1,129764
UAE_275,2025-12,62,24,12,1,108420
UAE_276,2023-01,37,14,7,1,16853
UAE_276,2023-02,65,26,13,2,49646
UAE_276,2023-03,25,10,5,1,24266
UAE_276,2023-04,56,22,11,1,59547
UAE_276,2023-05,79,31,15,2,26393
UAE_276,2023-06,74,29,14,2,39002
UAE_276,2023-07,21,8,4,1,10507
UAE_276,2023-08,42,16,8,1,33797
UAE_276,2023-09,45,18,9,1,47350
UAE_276,2023-10,59,23,11,2,22468
UAE_276,2023-11,24,9,4,1,25434
UAE_276,2023-12,10,4,2,1,8510
UAE_276,2024-01,49,19,9,1,20945
UAE_276,2024-02,37,14,7,1,14210
UAE_276,2024-03,41,16,8,1,36460
UAE_276,2024-04,62,24,12,1,47541
UAE_276,2024-05,77,30,15,2,26665
UAE_276,2024-06,56,22,11,1,19516
UAE_276,2024-07,62,24,12,1,30528
UAE_276,2024-08,93,37,18,1,50742
UAE_276,2024-09,52,20,10,2,19016
UAE_276,2024-10,49,19,9,1,53079
UAE_276,2024-11,92,36,18,2,54831
UAE_276,2024-12,52,20,10,1,34310
UAE_276,2025-01,15,6,3,1,7652
UAE_276,2025-02,46,18,9,1,45160
UAE_276,2025-03,30,12,6,1,12964
UAE_276,2025-04,24,9,4,1,12207
UAE_276,2025-05,28,11,5,1,14061
UAE_276,2025-06,16,6,3,1,12000
UAE_276,2025-07,28,11,5,1,29737
UAE_276,2025-08,58,23,11,1,38152
UAE_276,2025-09,52,20,10,1,26700
UAE_276,2025-10,30,12,6,1,26673
UAE_276,2025-11,23,9,4,1,19496
UAE_276,2025-12,24,9,4,1,10647
UAE_277,2023-01,46,18,9,1,39712
UAE_277,2023-02,58,23,11,1,31070
UAE_277,2023-03,46,18,9,1,39825
UAE_277,2023-04,48,19,9,1,22826
UAE_277,2023-05,13,5,2,1,10435
UAE_277,2023-06,47,18,9,1,41024
UAE_277,2023-07,32,12,6,1,29535
UAE_277,2023-08,23,9,4,1,16753
UAE_277,2023-09,39,15,7,1,36877
UAE_277,2023-10,25,10,5,1,13829
UAE_277,2023-11,61,24,12,2,64030
UAE_277,2023-12,46,18,9,1,34826
UAE_277,2024-01,23,9,4,1,13190
UAE_277,2024-02,46,18,9,1,42424
UAE_277,2024-03,49,19,9,1,54251
UAE_277,2024-04,24,9,4,1,15443
UAE_277,2024-05,31,12,6,1,28716
UAE_277,2024-06,57,22,11,1,34022
UAE_277,2024-07,39,15,7,1,15569
UAE_277,2024-08,33,13,6,1,21057
UAE_277,2024-09,52,20,10,1,56479
UAE_277,2024-10,41,16,8,1,15576
UAE_277,2024-11,45,18,9,1,29914
UAE_277,2024-12,27,10,5,1,27780
UAE_277,2025-01,34,13,6,1,17911
UAE_277,2025-02,40,16,8,1,25372
UAE_277,2025-03,29,11,5,1,23048
UAE_277,2025-04,16,6,3,1,11415
UAE_277,2025-05,30,12,6,1,21734
UAE_277,2025-06,51,20,10,1,28720
UAE_277,2025-07,29,11,5,1,31053
UAE_277,2025-08,94,37,18,2,102075
UAE_277,2025-09,59,23,11,1,25591
UAE_277,2025-10,42,16,8,1,30593
UAE_277,2025-11,24,9,4,1,17965
UAE_277,2025-12,68,27,13,2,44563
UAE_278,2023-01,33,13,6,1,17575
UAE_278,2023-02,84,33,16,1,157166
UAE_278,2023-03,116,46,23,2,96708
UAE_278,2023-04,22,8,4,1,24791
UAE_278,2023-05,63,25,12,2,77562
UAE_278,2023-06,123,49,24,2,204134
UAE_278,2023-07,128,51,25,2,169079
UAE_278,2023-08,98,39,19,1,75030
UAE_278,2023-09,40,16,8,1,40164
UAE_278,2023-10,53,21,10,1,60757
UAE_278,2023-11,145,58,29,4,255841
UAE_278,2023-12,49,19,9,1,67179
UAE_278,2024-01,47,18,9,1,84427
UAE_278,2024-02,50,20,10,1,45640
UAE_278,2024-03,48,19,9,1,30389
UAE_278,2024-04,72,28,14,2,121350
UAE_278,2024-05,57,22,11,1,33463
UAE_278,2024-06,162,64,32,2,136444
UAE_278,2024-07,87,34,17,1,162316
UAE_278,2024-08,53,21,10,1,63167
UAE_278,2024-09,66,26,13,1,83509
UAE_278,2024-10,99,39,19,2,54029
UAE_278,2024-11,81,32,16,1,92911
UAE_278,2024-12,103,41,20,2,146901
UAE_278,2025-01,26,10,5,1,36267
UAE_278,2025-02,53,21,10,1,68735
UAE_278,2025-03,102,40,20,2,127026
UAE_278,2025-04,19,7,3,1,28741
UAE_278,2025-05,44,17,8,1,61055
UAE_278,2025-06,89,35,17,1,56881
UAE_278,2025-07,91,36,18,3,133797
UAE_278,2025-08,109,43,21,3,107423
UAE_278,2025-09,67,26,13,1,98036
UAE_278,2025-10,62,24,12,1,101856
UAE_278,2025-11,111,44,22,2,196895
UAE_278,2025-12,65,26,13,1,74204
UAE_279,2023-01,30,12,6,1,17839
UAE_279,2023-02,29,11,5,1,26378
UAE_279,2023-03,19,7,3,1,20059
UAE_279,2023-04,133,53,26,2,51502
UAE_279,2023-05,106,42,21,4,117356
UAE_279,2023-06,39,15,7,1,26817
UAE_279,2023-07,92,36,18,2,36159
UAE_279,2023-08,42,16,8,1,44742
UAE_279,2023-09,72,28,14,2,67676
UAE_279,2023-10,22,8,4,1,13507
UAE_279,2023-11,33,13,6,1,12519
UAE_279,2023-12,46,18,9,1,34609
UAE_279,2024-01,10,4,2,1,7111
UAE_279,2024-02,47,18,9,1,47824
UAE_279,2024-03,22,8,4,1,23588
UAE_279,2024-04,57,22,11,1,50811
UAE_279,2024-05,58,23,11,1,21411
UAE_279,2024-06,45,18,9,1,23567
UAE_279,2024-07,34,13,6,1,13417
UAE_279,2024-08,38,15,7,1,42959
UAE_279,2024-09,16,6,3,1,16761
UAE_279,2024-10,18,7,3,1,11198
UAE_279,2024-11,46,18,9,1,15848
UAE_279,2024-12,25,10,5,1,18430
UAE_279,2025-01,19,7,3,1,5393
UAE_279,2025-02,33,13,6,1,31504
UAE_279,2025-03,14,5,2,1,5610
UAE_279,2025-04,65,26,13,2,21917
UAE_279,2025-05,42,16,8,1,46671
UAE_279,2025-06,23,9,4,1,16044
UAE_279,2025-07,67,26,13,2,47330
UAE_279,2025-08,40,16,8,1,38299
UAE_279,2025-09,19,7,3,1,7395
UAE_279,2025-10,25,10,5,1,15591
UAE_279,2025-11,32,12,6,1,30436
UAE_279,2025-12,32,12,6,1,14245
UAE_280,2023-01,82,32,16,1,139530
UAE_280,2023-02,128,51,25,4,72750
UAE_280,2023-03,46,18,9,1,55908
UAE_280,2023-04,160,64,32,4,185808
UAE_280,2023-05,81,32,16,1,64602
UAE_280,2023-06,132,52,26,5,79959
UAE_280,2023-07,88,35,17,2,135786
UAE_280,2023-08,36,14,7,1,52285
UAE_280,2023-09,110,44,22,3,189688
UAE_280,2023-10,76,30,15,2,130869
UAE_280,2023-11,91,36,18,1,182527
UAE_280,2023-12,17,6,3,1,28798
UAE_280,2024-01,82,32,16,1,79981
UAE_280,2024-02,71,28,14,2,54454
UAE_280,2024-03,128,51,25,3,182445
UAE_280,2024-04,70,28,14,1,38410
UAE_280,2024-05,46,18,9,1,33887
UAE_280,2024-06,55,22,11,1,74475
UAE_280,2024-07,126,50,25,4,254749
UAE_280,2024-08,115,46,23,4,218544
UAE_280,2024-09,37,14,7,1,75318
UAE_280,2024-10,112,44,22,3,125382
UAE_280,2024-11,80,32,16,1,56751
UAE_280,2024-12,55,22,11,2,54698
UAE_280,2025-01,53,21,10,1,96165
UAE_280,2025-02,65,26,13,1,70955
UAE_280,2025-03,48,19,9,1,47906
UAE_280,2025-04,101,40,20,3,215698
UAE_280,2025-05,56,22,11,1,51809
UAE_280,2025-06,86,34,17,2,176593
UAE_280,2025-07,223,89,44,5,468162
UAE_280,2025-08,101,40,20,2,57642
UAE_280,2025-09,77,30,15,1,87491
UAE_280,2025-10,82,32,16,2,113748
UAE_280,2025-11,78,31,15,2,151253
UAE_280,2025-12,133,53,26,3,140487
UAE_281,2023-01,34,13,6,1,50013
UAE_281,2023-02,47,18,9,1,58300
UAE_281,2023-03,21,8,4,1,14383
UAE_281,2023-04,75,30,15,2,116577
UAE_281,2023-05,133,53,26,2,150955
UAE_281,2023-06,126,50,25,4,186675
UAE_281,2023-07,94,37,18,1,55115
UAE_281,2023-08,119,47,23,4,177700
UAE_281,2023-09,50,20,10,1,69494
UAE_281,2023-10,46,18,9,1,80011
UAE_281,2023-11,60,24,12,1,105601
UAE_281,2023-12,45,18,9,1,65648
UAE_281,2024-01,35,14,7,1,18534
UAE_281,2024-02,83,33,16,3,53289
UAE_281,2024-03,68,27,13,2,113636
UAE_281,2024-04,78,31,15,1,148565
UAE_281,2024-05,73,29,14,2,84735
UAE_281,2024-06,49,19,9,1,90939
UAE_281,2024-07,132,52,26,3,130845
UAE_281,2024-08,122,48,24,4,75341
UAE_281,2024-09,41,16,8,1,29363
UAE_281,2024-10,112,44,22,4,203308
UAE_281,2024-11,140,56,28,5,189505
UAE_281,2024-12,80,32,16,1,108589
UAE_281,2025-01,26,10,5,1,42834
UAE_281,2025-02,82,32,16,2,104827
UAE_281,2025-03,44,17,8,1,65804
UAE_281,2025-04,39,15,7,1,21770
UAE_281,2025-05,76,30,15,2,125651
UAE_281,2025-06,77,30,15,2,104529
UAE_281,2025-07,147,58,29,3,209152
UAE_281,2025-08,104,41,20,4,71832
UAE_281,2025-09,59,23,11,2,41917
UAE_281,2025-10,52,20,10,1,46877
UAE_281,2025-11,69,27,13,1,72545
UAE_281,2025-12,33,13,6,1,27878
UAE_282,2023-01,30,12,6,1,9291
UAE_282,2023-02,57,22,11,1,54728
UAE_282,2023-03,28,11,5,1,24413
UAE_282,2023-04,54,21,10,1,31400
UAE_282,2023-05,116,46,23,3,97418
UAE_282,2023-06,22,8,4,1,9650
UAE_282,2023-07,65,26,13,1,22361
UAE_282,2023-08,54,21,10,2,59235
UAE_282,2023-09,52,20,10,1,55545
UAE_282,2023-10,50,20,10,1,47986
UAE_282,2023-11,68,27,13,1,25303
UAE_282,2023-12,16,6,3,1,8164
UAE_282,2024-01,68,27,13,2,31251
UAE_282,2024-02,27,10,5,1,10778
UAE_282,2024-03,30,12,6,1,31889
UAE_282,2024-04,29,11,5,1,15214
UAE_282,2024-05,51,20,10,1,54933
UAE_282,2024-06,14,5,2,1,12224
UAE_282,2024-07,55,22,11,1,34589
UAE_282,2024-08,47,18,9,1,51320
UAE_282,2024-09,28,11,5,1,22217
UAE_282,2024-10,59,23,11,1,27399
UAE_282,2024-11,35,14,7,1,28827
UAE_282,2024-12,29,11,5,1,21743
UAE_282,2025-01,38,15,7,1,13982
UAE_282,2025-02,31,12,6,1,15578
UAE_282,2025-03,13,5,2,1,14134
UAE_282,2025-04,88,35,17,2,40308
UAE_282,2025-05,75,30,15,2,73283
UAE_282,2025-06,59,23,11,1,49641
UAE_282,2025-07,26,10,5,1,28698
UAE_282,2025-08,48,19,9,1,16856
UAE_282,2025-09,31,12,6,1,13079
UAE_282,2025-10,42,16,8,1,20037
UAE_282,2025-11,80,32,16,3,85419
UAE_282,2025-12,38,15,7,1,38785
UAE_283,2023-01,14,5,2,1,12261
UAE_283,2023-02,35,14,7,1,10725
UAE_283,2023-03,49,19,9,1,56811
UAE_283,2023-04,16,6,3,1,7433
UAE_283,2023-05,55,22,11,1,38117
UAE_283,2023-06,112,44,22,3,123364
UAE_283,2023-07,26,10,5,1,21151
UAE_283,2023-08,64,25,12,1,66487
UAE_283,2023-09,42,16,8,1,28173
UAE_283,2023-10,37,14,7,1,18067
UAE_283,2023-11,31,12,6,1,26255
UAE_283,2023-12,44,17,8,1,36331
UAE_283,2024-01,22,8,4,1,10030
UAE_283,2024-02,31,12,6,1,15169
UAE_283,2024-03,63,25,12,2,28423
UAE_283,2024-04,21,8,4,1,15597
UAE_283,2024-05,12,4,2,1,7909
UAE_283,2024-06,18,7,3,1,15697
UAE_283,2024-07,15,6,3,1,15855
UAE_283,2024-08,34,13,6,1,35770
UAE_283,2024-09,57,22,11,1,48942
UAE_283,2024-10,53,21,10,1,29442
UAE_283,2024-11,42,16,8,1,20669
UAE_283,2024-12,56,22,11,2,55524
UAE_283,2025-01,47,18,9,1,44444
UAE_283,2025-02,32,12,6,1,30680
UAE_283,2025-03,65,26,13,1,40374
UAE_283,2025-04,49,19,9,1,25857
UAE_283,2025-05,51,20,10,1,17454
UAE_283,2025-06,35,14,7,1,21622
UAE_283,2025-07,47,18,9,1,49442
UAE_283,2025-08,18,7,3,1,15075
UAE_283,2025-09,28,11,5,1,15050
UAE_283,2025-10,32,12,6,1,21934
UAE_283,2025-11,50,20,10,1,34425
UAE_283,2025-12,17,6,3,1,17272
UAE_284,2023-01,31,12,6,1,31740
UAE_284,2023-02,40,16,8,1,36744
UAE_284,2023-03,20,8,4,1,19407
UAE_284,2023-04,48,19,9,1,47038
UAE_284,2023-05,41,16,8,1,32936
UAE_284,2023-06,110,44,22,2,157314
UAE_284,2023-07,56,22,11,1,42777
UAE_284,2023-08,85,34,17,1,71918
UAE_284,2023-09,77,30,15,2,64511
UAE_284,2023-10,50,20,10,1,58372
UAE_284,2023-11,17,6,3,1,21083
UAE_284,2023-12,22,8,4,1,9922
UAE_284,2024-01,42,16,8,1,42079
UAE_284,2024-02,28,11,5,1,15855
UAE_284,2024-03,87,34,17,2,64091
UAE_284,2024-04,69,27,13,2,72055
UAE_284,2024-05,95,38,19,3,57208
UAE_284,2024-06,42,16,8,1,37673
UAE_284,2024-07,63,25,12,2,77091
UAE_284,2024-08,106,42,21,2,93112
UAE_284,2024-09,33,13,6,1,21131
UAE_284,2024-10,68,27,13,1,86914
UAE_284,2024-11,38,15,7,1,22600
UAE_284,2024-12,57,22,11,1,43128
UAE_284,2025-01,22,8,4,1,7560
UAE_284,2025-02,84,33,16,1,94379
UAE_284,2025-03,73,29,14,1,93908
UAE_284,2025-04,43,17,8,1,57073
UAE_284,2025-05,73,29,14,2,66487
UAE_284,2025-06,37,14,7,1,48053
UAE_284,2025-07,18,7,3,1,22171
UAE_284,2025-08,85,34,17,3,53679
UAE_284,2025-09,25,10,5,1,9052
UAE_284,2025-10,10,4,2,1,6911
UAE_284,2025-11,70,28,14,1,86721
UAE_284,2025-12,39,15,7,1,22639
UAE_285,2023-01,64,25,12,1,99584
UAE_285,2023-02,24,9,4,1,29547
UAE_285,2023-03,33,13,6,1,28480
UAE_285,2023-04,33,13,6,1,44083
UAE_285,2023-05,86,34,17,2,78056
UAE_285,2023-06,90,36,18,3,93092
UAE_285,2023-07,112,44,22,4,140158
UAE_285,2023-08,47,18,9,1,93677
UAE_285,2023-09,105,42,21,3,190194
UAE_285,2023-10,123,49,24,3,129448
UAE_285,2023-11,70,28,14,2,147617
UAE_285,2023-12,84,33,16,3,109312
UAE_285,2024-01,37,14,7,1,28140
UAE_285,2024-02,44,17,8,1,34857
UAE_285,2024-03,80,32,16,2,68774
UAE_285,2024-04,61,24,12,1,39013
UAE_285,2024-05,36,14,7,1,53066
UAE_285,2024-06,63,25,12,1,59409
UAE_285,2024-07,75,30,15,2,67705
UAE_285,2024-08,50,20,10,1,86066
UAE_285,2024-09,67,26,13,1,63122
UAE_285,2024-10,31,12,6,1,18551
UAE_285,2024-11,35,14,7,1,64984
UAE_285,2024-12,53,21,10,2,98355
UAE_285,2025-01,61,24,12,2,82107
UAE_285,2025-02,50,20,10,1,27980
UAE_285,2025-03,88,35,17,2,156043
UAE_285,2025-04,67,26,13,2,71250
UAE_285,2025-05,168,67,33,6,159104
UAE_285,2025-06,114,45,22,3,77539
UAE_285,2025-07,73,29,14,2,109713
UAE_285,2025-08,42,16,8,1,36799
UAE_285,2025-09,134,53,26,4,84482
UAE_285,2025-10,33,13,6,1,41654
UAE_285,2025-11,136,54,27,3,271015
UAE_285,2025-12,36,14,7,1,19663
UAE_286,2023-01,106,42,21,3,176579
UAE_286,2023-02,15,6,3,1,9072
UAE_286,2023-03,62,24,12,1,33534
UAE_286,2023-04,37,14,7,1,49657
UAE_286,2023-05,112,44,22,2,169746
UAE_286,2023-06,111,44,22,3,107056
UAE_286,2023-07,38,15,7,1,33893
UAE_286,2023-08,97,38,19,3,58181
UAE_286,2023-09,58,23,11,1,88045
UAE_286,2023-10,94,37,18,1,64219
UAE_286,2023-11,18,7,3,1,10541
UAE_286,2023-12,19,7,3,1,11657
UAE_286,2024-01,56,22,11,1,40485
UAE_286,2024-02,94,37,18,3,50357
UAE_286,2024-03,49,19,9,1,83132
UAE_286,2024-04,29,11,5,1,19091
UAE_286,2024-05,91,36,18,1,116404
UAE_286,2024-06,60,24,12,1,53513
UAE_286,2024-07,81,32,16,2,89336
UAE_286,2024-08,151,60,30,5,256932
UAE_286,2024-09,12,4,2,1,10415
UAE_286,2024-10,50,20,10,1,41579
UAE_286,2024-11,48,19,9,1,70777
UAE_286,2024-12,90,36,18,2,58664
UAE_286,2025-01,67,26,13,1,92072
UAE_286,2025-02,62,24,12,1,80845
UAE_286,2025-03,63,25,12,1,32039
UAE_286,2025-04,126,50,25,3,87815
UAE_286,2025-05,66,26,13,2,81663
UAE_286,2025-06,112,44,22,2,152487
UAE_286,2025-07,103,41,20,3,92551
UAE_286,2025-08,66,26,13,1,65479
UAE_286,2025-09,41,16,8,1,44619
UAE_286,2025-10,27,10,5,1,44936
UAE_286,2025-11,30,12,6,1,23323
UAE_286,2025-12,21,8,4,1,17659
UAE_287,2023-01,49,19,9,1,58367
UAE_287,2023-02,157,62,31,3,109553
UAE_287,2023-03,71,28,14,1,46877
UAE_287,2023-04,35,14,7,1,74498
UAE_287,2023-05,99,39,19,2,151546
UAE_287,2023-06,104,41,20,2,105221
UAE_287,2023-07,28,11,5,1,57677
UAE_287,2023-08,126,50,25,4,182656
UAE_287,2023-09,73,29,14,1,141743
UAE_287,2023-10,73,29,14,2,128239
UAE_287,2023-11,90,36,18,1,179228
UAE_287,2023-12,64,25,12,2,104676
UAE_287,2024-01,77,30,15,2,65121
UAE_287,2024-02,39,15,7,1,63116
UAE_287,2024-03,19,7,3,1,13593
UAE_287,2024-04,66,26,13,1,120888
UAE_287,2024-05,48,19,9,1,69881
UAE_287,2024-06,90,36,18,1,158614
UAE_287,2024-07,49,19,9,1,42262
UAE_287,2024-08,83,33,16,2,161198
UAE_287,2024-09,44,17,8,1,34835
UAE_287,2024-10,77,30,15,2,81195
UAE_287,2024-11,116,46,23,2,123948
UAE_287,2024-12,30,12,6,1,36152
UAE_287,2025-01,17,6,3,1,12891
UAE_287,2025-02,41,16,8,1,85209
UAE_287,2025-03,35,14,7,1,73794
UAE_287,2025-04,107,42,21,2,148000
UAE_287,2025-05,105,42,21,3,75235
UAE_287,2025-06,153,61,30,3,203655
UAE_287,2025-07,97,38,19,1,79674
UAE_287,2025-08,40,16,8,1,55923
UAE_287,2025-09,47,18,9,1,80446
UAE_287,2025-10,117,46,23,4,214212
UAE_287,2025-11,76,30,15,1,109225
UAE_287,2025-12,79,31,15,1,157422
UAE_288,2023-01,86,34,17,2,108183
UAE_288,2023-02,45,18,9,1,27682
UAE_288,2023-03,56,22,11,1,46946
UAE_288,2023-04,72,28,14,1,95921
UAE_288,2023-05,59,23,11,2,36395
UAE_288,2023-06,54,21,10,1,86346
UAE_288,2023-07,137,54,27,3,177075
UAE_288,2023-08,74,29,14,2,97914
UAE_288,2023-09,52,20,10,1,41838
UAE_288,2023-10,69,27,13,1,36727
UAE_288,2023-11,36,14,7,1,61670
UAE_288,2023-12,31,12,6,1,56190
UAE_288,2024-01,61,24,12,1,40995
UAE_288,2024-02,68,27,13,2,118891
UAE_288,2024-03,85,34,17,1,159673
UAE_288,2024-04,109,43,21,4,67922
UAE_288,2024-05,161,64,32,4,272539
UAE_288,2024-06,37,14,7,1,64797
UAE_288,2024-07,49,19,9,1,81677
UAE_288,2024-08,32,12,6,1,18356
UAE_288,2024-09,51,20,10,1,31917
UAE_288,2024-10,122,48,24,3,195384
UAE_288,2024-11,58,23,11,1,70749
UAE_288,2024-12,22,8,4,1,12749
UAE_288,2025-01,70,28,14,1,51496
UAE_288,2025-02,23,9,4,1,34345
UAE_288,2025-03,37,14,7,1,33407
UAE_288,2025-04,137,54,27,5,100672
UAE_288,2025-05,95,38,19,3,97830
UAE_288,2025-06,54,21,10,1,90176
UAE_288,2025-07,86,34,17,3,43694
UAE_288,2025-08,90,36,18,1,158114
UAE_288,2025-09,166,66,33,5,167136
UAE_288,2025-10,34,13,6,1,39408
UAE_288,2025-11,59,23,11,1,85949
UAE_288,2025-12,45,18,9,1,33065
UAE_289,2023-01,1881,752,376,68,42788469
UAE_289,2023-02,2181,872,436,52,41071967
UAE_289,2023-03,706,282,141,23,15264107
UAE_289,2023-04,2069,827,413,36,42026353
UAE_289,2023-05,2676,1070,535,58,46916878
UAE_289,2023-06,1215,486,243,21,45247537
UAE_289,2023-07,947,378,189,19,40168071
UAE_289,2023-08,1762,704,352,40,49883954
UAE_289,2023-09,2256,902,451,42,45474762
UAE_289,2023-10,3076,1230,615,86,120854388
UAE_289,2023-11,3105,1242,621,106,109242134
UAE_289,2023-12,1263,505,252,44,54378400
UAE_289,2024-01,1774,709,354,62,64447617
UAE_289,2024-02,2190,876,438,36,48506704
UAE_289,2024-03,908,363,181,25,15861030
UAE_289,2024-04,1200,480,240,20,18620174
UAE_289,2024-05,687,274,137,18,25197390
UAE_289,2024-06,1480,592,296,52,19381997
UAE_289,2024-07,3263,1305,652,100,141737054
UAE_289,2024-08,3615,1446,723,135,107722719
UAE_289,2024-09,2842,1136,568,102,53911413
UAE_289,2024-10,702,280,140,26,10273902
UAE_289,2024-11,656,262,131,21,7771889
UAE_289,2024-12,1294,517,258,21,17325026
UAE_289,2025-01,1536,614,307,58,56347737
UAE_289,2025-02,1572,628,314,37,29135362
UAE_289,2025-03,2110,844,422,66,90480260
UAE_289,2025-04,2132,852,426,52,75193771
UAE_289,2025-05,2197,878,439,83,62467794
UAE_289,2025-06,577,230,115,12,16180534
UAE_289,2025-07,2072,828,414,71,45639434
UAE_289,2025-08,2290,916,458,46,55771713
UAE_289,2025-09,1073,429,214,35,28975865
UAE_289,2025-10,3075,1230,615,57,136418574
UAE_289,2025-11,1889,755,377,59,33886717
UAE_289,2025-12,1466,586,293,23,53242963
UAE_290,2023-01,91,36,18,1,111042
UAE_290,2023-02,97,38,19,3,73075
UAE_290,2023-03,67,26,13,1,109539
UAE_290,2023-04,118,47,23,3,126146
UAE_290,2023-05,64,25,12,1,113425
UAE_290,2023-06,68,27,13,2,66930
UAE_290,2023-07,127,50,25,4,119881
UAE_290,2023-08,124,49,24,4,171410
UAE_290,2023-09,71,28,14,1,33820
UAE_290,2023-10,72,28,14,1,130000
UAE_290,2023-11,23,9,4,1,34099
UAE_290,2023-12,80,32,16,1,94843
UAE_290,2024-01,82,32,16,1,91469
UAE_290,2024-02,110,44,22,3,129321
UAE_290,2024-03,56,22,11,1,60376
UAE_290,2024-04,67,26,13,1,116965
UAE_290,2024-05,30,12,6,1,30469
UAE_290,2024-06,63,25,12,2,90025
UAE_290,2024-07,64,25,12,2,56115
UAE_290,2024-08,27,10,5,1,15173
UAE_290,2024-09,90,36,18,3,63033
UAE_290,2024-10,99,39,19,3,76276
UAE_290,2024-11,21,8,4,1,33119
UAE_290,2024-12,60,24,12,1,58444
UAE_290,2025-01,47,18,9,1,81070
UAE_290,2025-02,12,4,2,1,11999
UAE_290,2025-03,50,20,10,1,92153
UAE_290,2025-04,53,21,10,1,96795
UAE_290,2025-05,105,42,21,2,200688
UAE_290,2025-06,56,22,11,1,54561
UAE_290,2025-07,28,11,5,1,38486
UAE_290,2025-08,58,23,11,1,58829
UAE_290,2025-09,60,24,12,1,62686
UAE_290,2025-10,36,14,7,1,57608
UAE_290,2025-11,53,21,10,1,37910
UAE_290,2025-12,87,34,17,2,89515
UAE_291,2023-01,37,14,7,1,15715
UAE_291,2023-02,39,15,7,1,25458
UAE_291,2023-03,45,18,9,1,18684
UAE_291,2023-04,46,18,9,1,28648
UAE_291,2023-05,15,6,3,1,5034
UAE_291,2023-06,71,28,14,1,75335
UAE_291,2023-07,64,25,12,1,34057
UAE_291,2023-08,70,28,14,1,43075
UAE_291,2023-09,59,23,11,2,44383
UAE_291,2023-10,57,22,11,1,50729
UAE_291,2023-11,18,7,3,1,6730
UAE_291,2023-12,48,19,9,1,42516
UAE_291,2024-01,18,7,3,1,6827
UAE_291,2024-02,42,16,8,1,45775
UAE_291,2024-03,58,23,11,1,18910
UAE_291,2024-04,15,6,3,1,5894
UAE_291,2024-05,88,35,17,3,75712
UAE_291,2024-06,53,21,10,1,59042
UAE_291,2024-07,42,16,8,1,45094
UAE_291,2024-08,45,18,9,1,50067
UAE_291,2024-09,41,16,8,1,41761
UAE_291,2024-10,33,13,6,1,13994
UAE_291,2024-11,17,6,3,1,6408
UAE_291,2024-12,42,16,8,1,21100
UAE_291,2025-01,42,16,8,1,12087
UAE_291,2025-02,35,14,7,1,19474
UAE_291,2025-03,27,10,5,1,11656
UAE_291,2025-04,23,9,4,1,20127
UAE_291,2025-05,56,22,11,1,51050
UAE_291,2025-06,95,38,19,2,42125
UAE_291,2025-07,43,17,8,1,42738
UAE_291,2025-08,30,12,6,1,21566
UAE_291,2025-09,54,21,10,2,57755
UAE_291,2025-10,88,35,17,2,95858
UAE_291,2025-11,16,6,3,1,12232
UAE_291,2025-12,26,10,5,1,28921
UAE_292,2023-01,99,39,19,3,134168
UAE_292,2023-02,54,21,10,1,88538
UAE_292,2023-03,100,40,20,3,133041
UAE_292,2023-04,57,22,11,1,111199
UAE_292,2023-05,57,22,11,2,89522
UAE_292,2023-06,124,49,24,2,128703
UAE_292,2023-07,102,40,20,2,125323
UAE_292,2023-08,164,65,32,2,200684
UAE_292,2023-09,35,14,7,1,52922
UAE_292,2023-10,38,15,7,1,55828
UAE_292,2023-11,92,36,18,1,64826
UAE_292,2023-12,30,12,6,1,50406
UAE_292,2024-01,81,32,16,1,128671
UAE_292,2024-02,36,14,7,1,19459
UAE_292,2024-03,114,45,22,2,213845
UAE_292,2024-04,43,17,8,1,39869
UAE_292,2024-05,67,26,13,1,135745
UAE_292,2024-06,94,37,18,2,137985
UAE_292,2024-07,130,52,26,2,100142
UAE_292,2024-08,201,80,40,6,385036
UAE_292,2024-09,100,40,20,3,79092
UAE_292,2024-10,53,21,10,1,87175
UAE_292,2024-11,55,22,11,1,106746
UAE_292,2024-12,105,42,21,3,225307
UAE_292,2025-01,68,27,13,1,140609
UAE_292,2025-02,34,13,6,1,19383
UAE_292,2025-03,60,24,12,1,105261
UAE_292,2025-04,19,7,3,1,22258
UAE_292,2025-05,123,49,24,2,240067
UAE_292,2025-06,197,78,39,7,289341
UAE_292,2025-07,85,34,17,1,174984
UAE_292,2025-08,100,40,20,1,99814
UAE_292,2025-09,127,50,25,4,118952
UAE_292,2025-10,74,29,14,1,129267
UAE_292,2025-11,104,41,20,3,214400
UAE_292,2025-12,97,38,19,3,123978
UAE_293,2023-01,12,4,2,1,8769
UAE_293,2023-02,17,6,3,1,4988
UAE_293,2023-03,57,22,11,1,36547
UAE_293,2023-04,29,11,5,1,15579
UAE_293,2023-05,30,12,6,1,21007
UAE_293,2023-06,66,26,13,1,77211
UAE_293,2023-07,62,24,12,1,40112
UAE_293,2023-08,32,12,6,1,32566
UAE_293,2023-09,43,17,8,1,36526
UAE_293,2023-10,51,20,10,1,41222
UAE_293,2023-11,16,6,3,1,5389
UAE_293,2023-12,22,8,4,1,10695
UAE_293,2024-01,21,8,4,1,8235
UAE_293,2024-02,42,16,8,1,28019
UAE_293,2024-03,40,16,8,1,37832
UAE_293,2024-04,76,30,15,1,35491
UAE_293,2024-05,67,26,13,1,49235
UAE_293,2024-06,50,20,10,1,34505
UAE_293,2024-07,55,22,11,1,51997
UAE_293,2024-08,42,16,8,1,38970
UAE_293,2024-09,21,8,4,1,14059
UAE_293,2024-10,19,7,3,1,5723
UAE_293,2024-11,29,11,5,1,21549
UAE_293,2024-12,26,10,5,1,25866
UAE_293,2025-01,41,16,8,1,39485
UAE_293,2025-02,19,7,3,1,19827
UAE_293,2025-03,41,16,8,1,18518
UAE_293,2025-04,23,9,4,1,18494
UAE_293,2025-05,97,38,19,3,92373
UAE_293,2025-06,92,36,18,2,51176
UAE_293,2025-07,52,20,10,1,57923
UAE_293,2025-08,42,16,8,1,19548
UAE_293,2025-09,19,7,3,1,16433
UAE_293,2025-10,52,20,10,1,17099
UAE_293,2025-11,15,6,3,1,5062
UAE_293,2025-12,36,14,7,1,26369
UAE_294,2023-01,65,26,13,1,175281
UAE_294,2023-02,98,39,19,2,162700
UAE_294,2023-03,51,20,10,1,76401
UAE_294,2023-04,105,42,21,2,159982
UAE_294,2023-05,172,68,34,4,275994
UAE_294,2023-06,32,12,6,1,27221
UAE_294,2023-07,137,54,27,5,382775
UAE_294,2023-08,86,34,17,2,200059
UAE_294,2023-09,162,64,32,3,175378
UAE_294,2023-10,130,52,26,2,353231
UAE_294,2023-11,90,36,18,1,223842
UAE_294,2023-12,88,35,17,3,251437
UAE_294,2024-01,56,22,11,2,85290
UAE_294,2024-02,23,9,4,1,21360
UAE_294,2024-03,63,25,12,2,175889
UAE_294,2024-04,66,26,13,1,95752
UAE_294,2024-05,92,36,18,1,255311
UAE_294,2024-06,61,24,12,1,47802
UAE_294,2024-07,147,58,29,4,289273
UAE_294,2024-08,169,67,33,2,143804
UAE_294,2024-09,101,40,20,3,83227
UAE_294,2024-10,78,31,15,2,106857
UAE_294,2024-11,54,21,10,1,54064
UAE_294,2024-12,230,92,46,4,514464
UAE_294,2025-01,28,11,5,1,54734
UAE_294,2025-02,36,14,7,1,30634
UAE_294,2025-03,28,11,5,1,20161
UAE_294,2025-04,49,19,9,1,51413
UAE_294,2025-05,248,99,49,6,645062
UAE_294,2025-06,88,35,17,3,78658
UAE_294,2025-07,141,56,28,2,206538
UAE_294,2025-08,134,53,26,3,260562
UAE_294,2025-09,189,75,37,5,143514
UAE_294,2025-10,151,60,30,5,158558
UAE_294,2025-11,45,18,9,1,39109
UAE_294,2025-12,72,28,14,2,184405
UAE_295,2023-01,1471,588,294,25,62328958
UAE_295,2023-02,1347,538,269,40,54883521
UAE_295,2023-03,1717,686,343,68,53530295
UAE_295,2023-04,1275,510,255,46,26316464
UAE_295,2023-05,1191,476,238,40,54961735
UAE_295,2023-06,2180,872,436,78,95912762
UAE_295,2023-07,2059,823,411,57,80596603
UAE_295,2023-08,1912,764,382,62,87938019
UAE_295,2023-09,2372,948,474,82,82290666
UAE_295,2023-10,1089,435,217,22,13255894
UAE_295,2023-11,797,318,159,23,25238807
UAE_295,2023-12,1707,682,341,30,46074753
UAE_295,2024-01,1917,766,383,34,66170419
UAE_295,2024-02,1114,445,222,35,17080452
UAE_295,2024-03,2639,1055,527,98,75246746
UAE_295,2024-04,666,266,133,11,8196013
UAE_295,2024-05,2470,988,494,76,34712352
UAE_295,2024-06,1078,431,215,27,25995105
UAE_295,2024-07,1486,594,297,25,49971628
UAE_295,2024-08,2048,819,409,41,86338332
UAE_295,2024-09,3120,1248,624,49,52641264
UAE_295,2024-10,2642,1056,528,52,109813165
UAE_295,2024-11,2267,906,453,74,86428866
UAE_295,2024-12,1450,580,290,38,49253953
UAE_295,2025-01,508,203,101,10,19291753
UAE_295,2025-02,1176,470,235,39,44274032
UAE_295,2025-03,1537,614,307,50,52610583
UAE_295,2025-04,2203,881,440,81,76879487
UAE_295,2025-05,2988,1195,597,68,41596683
UAE_295,2025-06,1064,425,212,34,37439095
UAE_295,2025-07,1256,502,251,35,53230312
UAE_295,2025-08,2408,963,481,89,39134230
UAE_295,2025-09,2331,932,466,90,38515859
UAE_295,2025-10,2130,852,426,59,56514548
UAE_295,2025-11,785,314,157,17,25019438
UAE_295,2025-12,2184,873,436,38,92199232
UAE_296,2023-01,61,24,12,2,82280
UAE_296,2023-02,36,14,7,1,66816
UAE_296,2023-03,17,6,3,1,10939
UAE_296,2023-04,55,22,11,1,57293
UAE_296,2023-05,61,24,12,1,34305
UAE_296,2023-06,25,10,5,1,19957
UAE_296,2023-07,97,38,19,2,124483
UAE_296,2023-08,97,38,19,3,176372
UAE_296,2023-09,73,29,14,1,104578
UAE_296,2023-10,76,30,15,2,40211
UAE_296,2023-11,30,12,6,1,20935
UAE_296,2023-12,60,24,12,1,39600
UAE_296,2024-01,63,25,12,1,101231
UAE_296,2024-02,45,18,9,1,33737
UAE_296,2024-03,51,20,10,1,50857
UAE_296,2024-04,51,20,10,1,44947
UAE_296,2024-05,149,59,29,4,115163
UAE_296,2024-06,125,50,25,2,122566
UAE_296,2024-07,89,35,17,2,84793
UAE_296,2024-08,32,12,6,1,41474
UAE_296,2024-09,50,20,10,1,90309
UAE_296,2024-10,48,19,9,1,82060
UAE_296,2024-11,81,32,16,2,136886
UAE_296,2024-12,24,9,4,1,32063
UAE_296,2025-01,66,26,13,2,77305
UAE_296,2025-02,41,16,8,1,39794
UAE_296,2025-03,67,26,13,2,40388
UAE_296,2025-04,58,23,11,1,106369
UAE_296,2025-05,97,38,19,3,90725
UAE_296,2025-06,29,11,5,1,44132
UAE_296,2025-07,73,29,14,1,48576
UAE_296,2025-08,123,49,24,4,124992
UAE_296,2025-09,183,73,36,3,127614
UAE_296,2025-10,40,16,8,1,56170
UAE_296,2025-11,67,26,13,2,114721
UAE_296,2025-12,63,25,12,1,90407
UAE_297,2023-01,233,93,46,4,601989
UAE_297,2023-02,52,20,10,1,179163
UAE_297,2023-03,140,56,28,4,482170
UAE_297,2023-04,86,34,17,1,247064
UAE_297,2023-05,118,47,23,3,162947
UAE_297,2023-06,208,83,41,6,296346
UAE_297,2023-07,411,164,82,15,799022
UAE_297,2023-08,83,33,16,2,146157
UAE_297,2023-09,253,101,50,3,383924
UAE_297,2023-10,106,42,21,3,250015
UAE_297,2023-11,110,44,22,2,223238
UAE_297,2023-12,151,60,30,4,574998
UAE_297,2024-01,97,38,19,2,205606
UAE_297,2024-02,64,25,12,1,150447
UAE_297,2024-03,197,78,39,7,740305
UAE_297,2024-04,136,54,27,3,479153
UAE_297,2024-05,88,35,17,1,251378
UAE_297,2024-06,260,104,52,6,338218
UAE_297,2024-07,170,68,34,5,197709
UAE_297,2024-08,173,69,34,3,494715
UAE_297,2024-09,154,61,30,2,392268
UAE_297,2024-10,191,76,38,4,292470
UAE_297,2024-11,118,47,23,3,442625
UAE_297,2024-12,138,55,27,2,389463
UAE_297,2025-01,155,62,31,5,244335
UAE_297,2025-02,100,40,20,3,332579
UAE_297,2025-03,139,55,27,3,515448
UAE_297,2025-04,85,34,17,1,115586
UAE_297,2025-05,172,68,34,2,273935
UAE_297,2025-06,74,29,14,2,146711
UAE_297,2025-07,104,41,20,1,388931
UAE_297,2025-08,204,81,40,4,427339
UAE_297,2025-09,237,94,47,8,376080
UAE_297,2025-10,194,77,38,7,499699
UAE_297,2025-11,175,70,35,2,251809
UAE_297,2025-12,118,47,23,3,381131
UAE_298,2023-01,56,22,11,1,37845
UAE_298,2023-02,15,6,3,1,16922
UAE_298,2023-03,62,24,12,1,69666
UAE_298,2023-04,61,24,12,1,76316
UAE_298,2023-05,57,22,11,1,32796
UAE_298,2023-06,56,22,11,1,52822
UAE_298,2023-07,25,10,5,1,26223
UAE_298,2023-08,43,17,8,1,18539
UAE_298,2023-09,90,36,18,2,110527
UAE_298,2023-10,25,10,5,1,18891
UAE_298,2023-11,28,11,5,1,14041
UAE_298,2023-12,53,21,10,2,73717
UAE_298,2024-01,44,17,8,1,53785
UAE_298,2024-02,25,10,5,1,26603
UAE_298,2024-03,21,8,4,1,21650
UAE_298,2024-04,44,17,8,1,27800
UAE_298,2024-05,49,19,9,1,60465
UAE_298,2024-06,66,26,13,2,62149
UAE_298,2024-07,20,8,4,1,11924
UAE_298,2024-08,62,24,12,2,84148
UAE_298,2024-09,31,12,6,1,17053
UAE_298,2024-10,111,44,22,3,89318
UAE_298,2024-11,36,14,7,1,47341
UAE_298,2024-12,30,12,6,1,35792
UAE_298,2025-01,69,27,13,1,74308
UAE_298,2025-02,11,4,2,1,12711
UAE_298,2025-03,54,21,10,1,44280
UAE_298,2025-04,44,17,8,1,40186
UAE_298,2025-05,94,37,18,3,105500
UAE_298,2025-06,57,22,11,1,70301
UAE_298,2025-07,96,38,19,1,133450
UAE_298,2025-08,101,40,20,2,36602
UAE_298,2025-09,100,40,20,3,48009
UAE_298,2025-10,83,33,16,3,108177
UAE_298,2025-11,58,23,11,1,77586
UAE_298,2025-12,17,6,3,1,16449
UAE_299,2023-01,39,15,7,1,21766
UAE_299,2023-02,23,9,4,1,9997
UAE_299,2023-03,40,16,8,1,40034
UAE_299,2023-04,37,14,7,1,26851
UAE_299,2023-05,29,11,5,1,17488
UAE_299,2023-06,54,21,10,2,26558
UAE_299,2023-07,53,21,10,1,20735
UAE_299,2023-08,58,23,11,2,23920
UAE_299,2023-09,20,8,4,1,21688
UAE_299,2023-10,61,24,12,2,23440
UAE_299,2023-11,14,5,2,1,4472
UAE_299,2023-12,59,23,11,1,42817
UAE_299,2024-01,22,8,4,1,16382
UAE_299,2024-02,37,14,7,1,33456
UAE_299,2024-03,57,22,11,2,38051
UAE_299,2024-04,91,36,18,2,62773
UAE_299,2024-05,50,20,10,1,32730
UAE_299,2024-06,55,22,11,1,30309
UAE_299,2024-07,53,21,10,1,25240
UAE_299,2024-08,43,17,8,1,24753
UAE_299,2024-09,31,12,6,1,18754
UAE_299,2024-10,44,17,8,1,17293
UAE_299,2024-11,39,15,7,1,44993
UAE_299,2024-12,53,21,10,1,28591
UAE_299,2025-01,18,7,3,1,9747
UAE_299,2025-02,19,7,3,1,8823
UAE_299,2025-03,42,16,8,1,42138
UAE_299,2025-04,58,23,11,1,17328
UAE_299,2025-05,23,9,4,1,24278
UAE_299,2025-06,22,8,4,1,11811
UAE_299,2025-07,27,10,5,1,20466
UAE_299,2025-08,51,20,10,1,45941
UAE_299,2025-09,45,18,9,1,37584
UAE_299,2025-10,39,15,7,1,29370
UAE_299,2025-11,11,4,2,1,5445
UAE_299,2025-12,36,14,7,1,15283
UAE_300,2023-01,87,34,17,3,86141
UAE_300,2023-02,38,15,7,1,56497
UAE_300,2023-03,67,26,13,2,45133
UAE_300,2023-04,125,50,25,2,155636
UAE_300,2023-05,128,51,25,4,91936
UAE_300,2023-06,43,17,8,1,43551
UAE_300,2023-07,137,54,27,3,253704
UAE_300,2023-08,24,9,4,1,33624
UAE_300,2023-09,72,28,14,1,53506
UAE_300,2023-10,31,12,6,1,26820
UAE_300,2023-11,83,33,16,2,82772
UAE_300,2023-12,102,40,20,2,122648
UAE_300,2024-01,63,25,12,2,93062
UAE_300,2024-02,28,11,5,1,40572
UAE_300,2024-03,98,39,19,3,109536
UAE_300,2024-04,68,27,13,1,114114
UAE_300,2024-05,77,30,15,1,95649
UAE_300,2024-06,50,20,10,1,64639
UAE_300,2024-07,24,9,4,1,29034
UAE_300,2024-08,109,43,21,2,87557
UAE_300,2024-09,40,16,8,1,32777
UAE_300,2024-10,66,26,13,1,67367
UAE_300,2024-11,70,28,14,1,89647
UAE_300,2024-12,37,14,7,1,36626
UAE_300,2025-01,60,24,12,1,40087
UAE_300,2025-02,110,44,22,1,174890
UAE_300,2025-03,59,23,11,1,101681
UAE_300,2025-04,70,28,14,1,124843
UAE_300,2025-05,71,28,14,2,45419
UAE_300,2025-06,118,47,23,3,172840
UAE_300,2025-07,56,22,11,1,33410
UAE_300,2025-08,81,32,16,2,82653
UAE_300,2025-09,103,41,20,2,114543
UAE_300,2025-10,91,36,18,2,155857
UAE_300,2025-11,35,14,7,1,53806
UAE_300,2025-12,37,14,7,1,62898
UAE_301,2023-01,45,18,9,1,34935
UAE_301,2023-02,34,13,6,1,28575
UAE_301,2023-03,42,16,8,1,32041
UAE_301,2023-04,55,22,11,1,57212
UAE_301,2023-05,62,24,12,1,55942
UAE_301,2023-06,50,20,10,1,41150
UAE_301,2023-07,17,6,3,1,7146
UAE_301,2023-08,45,18,9,1,41500
UAE_301,2023-09,51,20,10,1,28871
UAE_301,2023-10,32,12,6,1,14415
UAE_301,2023-11,57,22,11,1,44852
UAE_301,2023-12,33,13,6,1,32089
UAE_301,2024-01,26,10,5,1,19079
UAE_301,2024-02,14,5,2,1,4332
UAE_301,2024-03,61,24,12,1,66640
UAE_301,2024-04,18,7,3,1,8687
UAE_301,2024-05,62,24,12,1,57396
UAE_301,2024-06,43,17,8,1,19279
UAE_301,2024-07,71,28,14,1,64013
UAE_301,2024-08,16,6,3,1,14005
UAE_301,2024-09,76,30,15,2,88410
UAE_301,2024-10,53,21,10,2,17436
UAE_301,2024-11,21,8,4,1,23165
UAE_301,2024-12,49,19,9,1,39003
UAE_301,2025-01,18,7,3,1,6389
UAE_301,2025-02,13,5,2,1,7962
UAE_301,2025-03,38,15,7,1,41781
UAE_301,2025-04,30,12,6,1,24124
UAE_301,2025-05,47,18,9,1,46500
UAE_301,2025-06,94,37,18,2,90200
UAE_301,2025-07,73,29,14,2,32852
UAE_301,2025-08,33,13,6,1,26399
UAE_301,2025-09,42,16,8,1,19183
UAE_301,2025-10,51,20,10,1,36127
UAE_301,2025-11,17,6,3,1,15446
UAE_301,2025-12,30,12,6,1,9585
UAE_302,2023-01,24,9,4,1,12353
UAE_302,2023-02,14,5,2,1,11847
UAE_302,2023-03,32,12,6,1,11123
UAE_302,2023-04,33,13,6,1,14472
UAE_302,2023-05,90,36,18,1,40247
UAE_302,2023-06,80,32,16,2,73723
UAE_302,2023-07,72,28,14,1,64323
UAE_302,2023-08,35,14,7,1,31740
UAE_302,2023-09,31,12,6,1,9332
UAE_302,2023-10,98,39,19,1,31759
UAE_302,2023-11,75,30,15,1,45098
UAE_302,2023-12,34,13,6,1,11323
UAE_302,2024-01,56,22,11,1,22147
UAE_302,2024-02,29,11,5,1,26480
UAE_302,2024-03,54,21,10,2,20010
UAE_302,2024-04,59,23,11,1,23858
UAE_302,2024-05,23,9,4,1,12297
UAE_302,2024-06,37,14,7,1,35768
UAE_302,2024-07,25,10,5,1,13790
UAE_302,2024-08,62,24,12,1,35561
UAE_302,2024-09,52,20,10,1,59178
UAE_302,2024-10,55,22,11,1,22733
UAE_302,2024-11,58,23,11,2,55402
UAE_302,2024-12,31,12,6,1,24577
UAE_302,2025-01,33,13,6,1,35247
UAE_302,2025-02,57,22,11,1,55384
UAE_302,2025-03,13,5,2,1,13409
UAE_302,2025-04,45,18,9,1,19088
UAE_302,2025-05,108,43,21,2,120798
UAE_302,2025-06,44,17,8,1,16552
UAE_302,2025-07,12,4,2,1,7427
UAE_302,2025-08,76,30,15,2,45276
UAE_302,2025-09,24,9,4,1,16824
UAE_302,2025-10,58,23,11,2,48930
UAE_302,2025-11,51,20,10,1,16310
UAE_302,2025-12,34,13,6,1,32944
UAE_303,2023-01,65,26,13,2,100491
UAE_303,2023-02,46,18,9,1,24953
UAE_303,2023-03,40,16,8,1,75076
UAE_303,2023-04,128,51,25,3,165013
UAE_303,2023-05,37,14,7,1,62060
UAE_303,2023-06,139,55,27,4,142255
UAE_303,2023-07,98,39,19,3,196177
UAE_303,2023-08,34,13,6,1,39252
UAE_303,2023-09,43,17,8,1,52007
UAE_303,2023-10,30,12,6,1,19870
UAE_303,2023-11,118,47,23,1,193174
UAE_303,2023-12,67,26,13,1,54936
UAE_303,2024-01,111,44,22,3,125381
UAE_303,2024-02,81,32,16,2,145033
UAE_303,2024-03,82,32,16,3,68717
UAE_303,2024-04,141,56,28,5,211745
UAE_303,2024-05,94,37,18,2,59936
UAE_303,2024-06,140,56,28,3,189592
UAE_303,2024-07,120,48,24,2,195847
UAE_303,2024-08,48,19,9,1,86653
UAE_303,2024-09,119,47,23,1,71873
UAE_303,2024-10,118,47,23,4,176170
UAE_303,2024-11,144,57,28,2,106185
UAE_303,2024-12,30,12,6,1,38023
UAE_303,2025-01,32,12,6,1,25732
UAE_303,2025-02,64,25,12,1,36849
UAE_303,2025-03,104,41,20,1,139258
UAE_303,2025-04,85,34,17,2,130965
UAE_303,2025-05,95,38,19,3,170284
UAE_303,2025-06,50,20,10,1,66649
UAE_303,2025-07,75,30,15,2,120486
UAE_303,2025-08,83,33,16,3,93879
UAE_303,2025-09,81,32,16,1,152272
UAE_303,2025-10,61,24,12,1,103953
UAE_303,2025-11,77,30,15,1,72771
UAE_303,2025-12,37,14,7,1,32820
UAE_304,2023-01,12,4,2,1,5824
UAE_304,2023-02,13,5,2,1,6927
UAE_304,2023-03,45,18,9,1,39288
UAE_304,2023-04,57,22,11,2,33291
UAE_304,2023-05,19,7,3,1,11096
UAE_304,2023-06,81,32,16,1,61221
UAE_304,2023-07,86,34,17,3,31676
UAE_304,2023-08,15,6,3,1,11061
UAE_304,2023-09,48,19,9,1,21092
UAE_304,2023-10,59,23,11,1,27927
UAE_304,2023-11,19,7,3,1,19825
UAE_304,2023-12,14,5,2,1,6265
UAE_304,2024-01,30,12,6,1,21407
UAE_304,2024-02,38,15,7,1,31360
UAE_304,2024-03,42,16,8,1,13500
UAE_304,2024-04,56,22,11,1,44755
UAE_304,2024-05,17,6,3,1,17040
UAE_304,2024-06,50,20,10,1,21493
UAE_304,2024-07,82,32,16,2,83485
UAE_304,2024-08,68,27,13,2,63351
UAE_304,2024-09,80,32,16,1,75508
UAE_304,2024-10,33,13,6,1,34216
UAE_304,2024-11,59,23,11,2,61004
UAE_304,2024-12,12,4,2,1,11507
UAE_304,2025-01,47,18,9,1,15188
UAE_304,2025-02,28,11,5,1,16529
UAE_304,2025-03,57,22,11,1,18802
UAE_304,2025-04,11,4,2,1,3118
UAE_304,2025-05,60,24,12,2,62490
UAE_304,2025-06,60,24,12,1,68563
UAE_304,2025-07,87,34,17,2,46112
UAE_304,2025-08,38,15,7,1,15263
UAE_304,2025-09,28,11,5,1,26849
UAE_304,2025-10,50,20,10,1,15738
UAE_304,2025-11,25,10,5,1,28312
UAE_304,2025-12,24,9,4,1,7599
UAE_305,2023-01,74,29,14,2,85716
UAE_305,2023-02,56,22,11,1,57197
UAE_305,2023-03,94,37,18,3,110508
UAE_305,2023-04,48,19,9,1,63410
UAE_305,2023-05,90,36,18,1,112514
UAE_305,2023-06,30,12,6,1,20322
UAE_305,2023-07,145,58,29,5,128402
UAE_305,2023-08,62,24,12,1,108278
UAE_305,2023-09,30,12,6,1,31786
UAE_305,2023-10,55,22,11,1,54218
UAE_305,2023-11,29,11,5,1,33878
UAE_305,2023-12,32,12,6,1,43772
UAE_305,2024-01,46,18,9,1,39298
UAE_305,2024-02,65,26,13,2,117015
UAE_305,2024-03,72,28,14,1,56293
UAE_305,2024-04,44,17,8,1,73451
UAE_305,2024-05,37,14,7,1,54829
UAE_305,2024-06,77,30,15,2,56852
UAE_305,2024-07,52,20,10,2,91447
UAE_305,2024-08,110,44,22,2,54348
UAE_305,2024-09,173,69,34,6,188948
UAE_305,2024-10,39,15,7,1,67385
UAE_305,2024-11,18,7,3,1,24491
UAE_305,2024-12,60,24,12,2,77722
UAE_305,2025-01,26,10,5,1,39702
UAE_305,2025-02,58,23,11,1,51097
UAE_305,2025-03,39,15,7,1,24963
UAE_305,2025-04,94,37,18,3,63380
UAE_305,2025-05,27,10,5,1,43694
UAE_305,2025-06,136,54,27,3,189521
UAE_305,2025-07,183,73,36,4,193156
UAE_305,2025-08,85,34,17,2,140278
UAE_305,2025-09,142,56,28,2,157646
UAE_305,2025-10,22,8,4,1,28400
UAE_305,2025-11,73,29,14,2,42054
UAE_305,2025-12,18,7,3,1,9510
UAE_306,2023-01,61,24,12,1,105856
UAE_306,2023-02,44,17,8,1,51588
UAE_306,2023-03,32,12,6,1,54957
UAE_306,2023-04,105,42,21,3,150238
UAE_306,2023-05,135,54,27,4,199666
UAE_306,2023-06,43,17,8,1,56479
UAE_306,2023-07,115,46,23,2,197654
UAE_306,2023-08,74,29,14,1,115024
UAE_306,2023-09,83,33,16,1,64751
UAE_306,2023-10,99,39,19,2,93963
UAE_306,2023-11,49,19,9,1,42539
UAE_306,2023-12,114,45,22,1,98299
UAE_306,2024-01,85,34,17,2,153085
UAE_306,2024-02,88,35,17,1,71051
UAE_306,2024-03,23,9,4,1,14948
UAE_306,2024-04,63,25,12,1,91060
UAE_306,2024-05,42,16,8,1,49961
UAE_306,2024-06,79,31,15,2,63736
UAE_306,2024-07,46,18,9,1,57747
UAE_306,2024-08,125,50,25,2,155215
UAE_306,2024-09,35,14,7,1,49017
UAE_306,2024-10,80,32,16,2,130786
UAE_306,2024-11,68,27,13,2,87345
UAE_306,2024-12,35,14,7,1,18662
UAE_306,2025-01,143,57,28,2,246563
UAE_306,2025-02,103,41,20,1,173235
UAE_306,2025-03,37,14,7,1,54702
UAE_306,2025-04,70,28,14,1,102429
UAE_306,2025-05,100,40,20,3,53003
UAE_306,2025-06,114,45,22,3,208519
UAE_306,2025-07,80,32,16,3,117906
UAE_306,2025-08,52,20,10,1,66275
UAE_306,2025-09,49,19,9,1,59349
UAE_306,2025-10,36,14,7,1,56155
UAE_306,2025-11,56,22,11,2,70872
UAE_306,2025-12,48,19,9,1,37177
UAE_307,2023-01,60,24,12,1,55278
UAE_307,2023-02,60,24,12,1,59053
UAE_307,2023-03,35,14,7,1,20004
UAE_307,2023-04,45,18,9,1,71148
UAE_307,2023-05,106,42,21,3,52461
UAE_307,2023-06,70,28,14,2,54397
UAE_307,2023-07,50,20,10,1,60894
UAE_307,2023-08,39,15,7,1,57366
UAE_307,2023-09,28,11,5,1,13774
UAE_307,2023-10,33,13,6,1,38319
UAE_307,2023-11,94,37,18,3,56715
UAE_307,2023-12,30,12,6,1,33998
UAE_307,2024-01,47,18,9,1,66354
UAE_307,2024-02,22,8,4,1,28832
UAE_307,2024-03,77,30,15,2,68205
UAE_307,2024-04,83,33,16,1,114952
UAE_307,2024-05,47,18,9,1,54792
UAE_307,2024-06,103,41,20,2,113404
UAE_307,2024-07,45,18,9,1,71791
UAE_307,2024-08,87,34,17,1,109098
UAE_307,2024-09,120,48,24,3,57756
UAE_307,2024-10,51,20,10,1,37125
UAE_307,2024-11,98,39,19,2,123642
UAE_307,2024-12,90,36,18,2,70515
UAE_307,2025-01,51,20,10,1,25602
UAE_307,2025-02,42,16,8,1,58963
UAE_307,2025-03,49,19,9,1,44841
UAE_307,2025-04,18,7,3,1,29250
UAE_307,2025-05,85,34,17,1,46398
UAE_307,2025-06,16,6,3,1,20347
UAE_307,2025-07,42,16,8,1,33389
UAE_307,2025-08,68,27,13,2,74376
UAE_307,2025-09,64,25,12,1,104973
UAE_307,2025-10,72,28,14,1,93778
UAE_307,2025-11,37,14,7,1,31441
UAE_307,2025-12,64,25,12,1,91653
UAE_308,2023-01,49,19,9,1,64163
UAE_308,2023-02,44,17,8,1,77122
UAE_308,2023-03,117,46,23,1,193652
UAE_308,2023-04,79,31,15,2,164619
UAE_308,2023-05,51,20,10,1,96537
UAE_308,2023-06,69,27,13,1,108791
UAE_308,2023-07,173,69,34,4,169339
UAE_308,2023-08,106,42,21,3,218015
UAE_308,2023-09,117,46,23,3,199362
UAE_308,2023-10,56,22,11,1,62496
UAE_308,2023-11,100,40,20,3,82524
UAE_308,2023-12,94,37,18,3,168857
UAE_308,2024-01,52,20,10,1,46703
UAE_308,2024-02,62,24,12,1,77897
UAE_308,2024-03,62,24,12,1,82853
UAE_308,2024-04,66,26,13,2,38088
UAE_308,2024-05,116,46,23,2,120417
UAE_308,2024-06,40,16,8,1,32060
UAE_308,2024-07,99,39,19,2,53119
UAE_308,2024-08,78,31,15,1,151510
UAE_308,2024-09,136,54,27,3,89361
UAE_308,2024-10,59,23,11,1,56782
UAE_308,2024-11,72,28,14,2,145255
UAE_308,2024-12,80,32,16,2,137628
UAE_308,2025-01,81,32,16,1,93134
UAE_308,2025-02,39,15,7,1,31068
UAE_308,2025-03,35,14,7,1,67586
UAE_308,2025-04,52,20,10,1,61211
UAE_308,2025-05,69,27,13,2,93288
UAE_308,2025-06,103,41,20,3,100771
UAE_308,2025-07,183,73,36,5,355906
UAE_308,2025-08,109,43,21,3,217906
UAE_308,2025-09,42,16,8,1,23768
UAE_308,2025-10,46,18,9,1,25186
UAE_308,2025-11,97,38,19,1,100049
UAE_308,2025-12,96,38,19,3,155750
UAE_309,2023-01,381,152,76,12,2364271
UAE_309,2023-02,194,77,38,6,770548
UAE_309,2023-03,208,83,41,5,2003529
UAE_309,2023-04,596,238,119,17,5910694
UAE_309,2023-05,407,162,81,11,3682347
UAE_309,2023-06,160,64,32,3,1127726
UAE_309,2023-07,967,386,193,37,9073632
UAE_309,2023-08,269,107,53,9,1536376
UAE_309,2023-09,495,198,99,14,4844814
UAE_309,2023-10,472,188,94,11,3806793
UAE_309,2023-11,690,276,138,13,2606999
UAE_309,2023-12,885,354,177,20,9089141
UAE_309,2024-01,582,232,116,20,4482309
UAE_309,2024-02,405,162,81,12,1952900
UAE_309,2024-03,333,133,66,8,2629101
UAE_309,2024-04,398,159,79,6,3127937
UAE_309,2024-05,208,83,41,6,2134319
UAE_309,2024-06,184,73,36,6,1386082
UAE_309,2024-07,244,97,48,8,2343974
UAE_309,2024-08,283,113,56,10,1573535
UAE_309,2024-09,318,127,63,10,1982085
UAE_309,2024-10,537,214,107,14,3061802
UAE_309,2024-11,487,194,97,14,2318949
UAE_309,2024-12,542,216,108,9,1717014
UAE_309,2025-01,558,223,111,15,4934920
UAE_309,2025-02,390,156,78,9,3717779
UAE_309,2025-03,493,197,98,11,5139944
UAE_309,2025-04,209,83,41,5,2388225
UAE_309,2025-05,284,113,56,6,1239503
UAE_309,2025-06,271,108,54,8,1476006
UAE_309,2025-07,205,82,41,7,1766667
UAE_309,2025-08,403,161,80,12,3642286
UAE_309,2025-09,418,167,83,14,1500540
UAE_309,2025-10,170,68,34,6,1772970
UAE_309,2025-11,454,181,90,15,3625562
UAE_309,2025-12,235,94,47,4,2196248
UAE_310,2023-01,24,9,4,1,12192
UAE_310,2023-02,48,19,9,1,19055
UAE_310,2023-03,29,11,5,1,17020
UAE_310,2023-04,19,7,3,1,17592
UAE_310,2023-05,26,10,5,1,13550
UAE_310,2023-06,50,20,10,1,52860
UAE_310,2023-07,117,46,23,4,70652
UAE_310,2023-08,73,29,14,1,22639
UAE_310,2023-09,43,17,8,1,45388
UAE_310,2023-10,79,31,15,2,34583
UAE_310,2023-11,36,14,7,1,34399
UAE_310,2023-12,51,20,10,1,53108
UAE_310,2024-01,54,21,10,1,57290
UAE_310,2024-02,61,24,12,1,71400
UAE_310,2024-03,24,9,4,1,10681
UAE_310,2024-04,10,4,2,1,7930
UAE_310,2024-05,21,8,4,1,23558
UAE_310,2024-06,33,13,6,1,31660
UAE_310,2024-07,16,6,3,1,5426
UAE_310,2024-08,57,22,11,1,41242
UAE_310,2024-09,17,6,3,1,17802
UAE_310,2024-10,54,21,10,1,56011
UAE_310,2024-11,26,10,5,1,9551
UAE_310,2024-12,64,25,12,2,65766
UAE_310,2025-01,12,4,2,1,5953
UAE_310,2025-02,18,7,3,1,11251
UAE_310,2025-03,27,10,5,1,8753
UAE_310,2025-04,69,27,13,1,62559
UAE_310,2025-05,67,26,13,1,28662
UAE_310,2025-06,24,9,4,1,25655
UAE_310,2025-07,57,22,11,1,32161
UAE_310,2025-08,51,20,10,1,43190
UAE_310,2025-09,31,12,6,1,14549
UAE_310,2025-10,23,9,4,1,11847
UAE_310,2025-11,18,7,3,1,7234
UAE_310,2025-12,11,4,2,1,10198
UAE_311,2023-01,22,8,4,1,12092
UAE_311,2023-02,30,12,6,1,35651
UAE_311,2023-03,26,10,5,1,23912
UAE_311,2023-04,67,26,13,1,81851
UAE_311,2023-05,47,18,9,1,40715
UAE_311,2023-06,33,13,6,1,27729
UAE_311,2023-07,96,38,19,2,46820
UAE_311,2023-08,75,30,15,2,80784
UAE_311,2023-09,23,9,4,1,22562
UAE_311,2023-10,32,12,6,1,16803
UAE_311,2023-11,47,18,9,1,49732
UAE_311,2023-12,54,21,10,1,66986
UAE_311,2024-01,69,27,13,1,88097
UAE_311,2024-02,36,14,7,1,19264
UAE_311,2024-03,90,36,18,1,38275
UAE_311,2024-04,60,24,12,1,63377
UAE_311,2024-05,35,14,7,1,13443
UAE_311,2024-06,54,21,10,1,27296
UAE_311,2024-07,105,42,21,3,81031
UAE_311,2024-08,80,32,16,3,107957
UAE_311,2024-09,59,23,11,2,21846
UAE_311,2024-10,11,4,2,1,11640
UAE_311,2024-11,24,9,4,1,11813
UAE_311,2024-12,62,24,12,1,79906
UAE_311,2025-01,52,20,10,1,20616
UAE_311,2025-02,36,14,7,1,26191
UAE_311,2025-03,52,20,10,1,40404
UAE_311,2025-04,85,34,17,1,119592
UAE_311,2025-05,51,20,10,1,41275
UAE_311,2025-06,34,13,6,1,25203
UAE_311,2025-07,33,13,6,1,44455
UAE_311,2025-08,29,11,5,1,36493
UAE_311,2025-09,70,28,14,1,49694
UAE_311,2025-10,47,18,9,1,20581
UAE_311,2025-11,53,21,10,1,46459
UAE_311,2025-12,19,7,3,1,13951
UAE_312,2023-01,33,13,6,1,31335
UAE_312,2023-02,38,15,7,1,12848
UAE_312,2023-03,40,16,8,1,41905
UAE_312,2023-04,25,10,5,1,21648
UAE_312,2023-05,38,15,7,1,39716
UAE_312,2023-06,39,15,7,1,43612
UAE_312,2023-07,18,7,3,1,17791
UAE_312,2023-08,61,24,12,1,44169
UAE_312,2023-09,18,7,3,1,17546
UAE_312,2023-10,29,11,5,1,31305
UAE_312,2023-11,32,12,6,1,20386
UAE_312,2023-12,44,17,8,1,29886
UAE_312,2024-01,34,13,6,1,29133
UAE_312,2024-02,30,12,6,1,9757
UAE_312,2024-03,22,8,4,1,7470
UAE_312,2024-04,13,5,2,1,9538
UAE_312,2024-05,50,20,10,1,38539
UAE_312,2024-06,54,21,10,1,59136
UAE_312,2024-07,80,32,16,2,29828
UAE_312,2024-08,61,24,12,2,44790
UAE_312,2024-09,26,10,5,1,21749
UAE_312,2024-10,27,10,5,1,14798
UAE_312,2024-11,63,25,12,1,42571
UAE_312,2024-12,11,4,2,1,11745
UAE_312,2025-01,22,8,4,1,6337
UAE_312,2025-02,11,4,2,1,9990
UAE_312,2025-03,14,5,2,1,9974
UAE_312,2025-04,32,12,6,1,15423
UAE_312,2025-05,55,22,11,1,31242
UAE_312,2025-06,51,20,10,1,25978
UAE_312,2025-07,79,31,15,1,80699
UAE_312,2025-08,96,38,19,2,70730
UAE_312,2025-09,18,7,3,1,6426
UAE_312,2025-10,51,20,10,1,57005
UAE_312,2025-11,49,19,9,1,32038
UAE_312,2025-12,56,22,11,1,51792
UAE_313,2023-01,40,16,8,1,13779
UAE_313,2023-02,19,7,3,1,14466
UAE_313,2023-03,21,8,4,1,15564
UAE_313,2023-04,49,19,9,1,23983
UAE_313,2023-05,57,22,11,1,33836
UAE_313,2023-06,56,22,11,1,37626
UAE_313,2023-07,32,12,6,1,19204
UAE_313,2023-08,29,11,5,1,29057
UAE_313,2023-09,38,15,7,1,28843
UAE_313,2023-10,31,12,6,1,10986
UAE_313,2023-11,25,10,5,1,22792
UAE_313,2023-12,18,7,3,1,17403
UAE_313,2024-01,36,14,7,1,38029
UAE_313,2024-02,40,16,8,1,12876
UAE_313,2024-03,55,22,11,1,36251
UAE_313,2024-04,20,8,4,1,10755
UAE_313,2024-05,42,16,8,1,20243
UAE_313,2024-06,74,29,14,2,24949
UAE_313,2024-07,55,22,11,1,18225
UAE_313,2024-08,22,8,4,1,12813
UAE_313,2024-09,16,6,3,1,6103
UAE_313,2024-10,30,12,6,1,30360
UAE_313,2024-11,50,20,10,1,57402
UAE_313,2024-12,44,17,8,1,39840
UAE_313,2025-01,21,8,4,1,19991
UAE_313,2025-02,50,20,10,1,53896
UAE_313,2025-03,15,6,3,1,7743
UAE_313,2025-04,20,8,4,1,13924
UAE_313,2025-05,54,21,10,1,50559
UAE_313,2025-06,36,14,7,1,11664
UAE_313,2025-07,113,45,22,4,123020
UAE_313,2025-08,121,48,24,3,50271
UAE_313,2025-09,64,25,12,2,58124
UAE_313,2025-10,13,5,2,1,8521
UAE_313,2025-11,61,24,12,1,70775
UAE_313,2025-12,15,6,3,1,9815
UAE_314,2023-01,120,48,24,2,193207
UAE_314,2023-02,120,48,24,3,480180
UAE_314,2023-03,50,20,10,1,206705
UAE_314,2023-04,120,48,24,3,483022
UAE_314,2023-05,328,131,65,7,807163
UAE_314,2023-06,243,97,48,7,427581
UAE_314,2023-07,307,122,61,6,1521302
UAE_314,2023-08,218,87,43,8,883322
UAE_314,2023-09,287,114,57,7,564146
UAE_314,2023-10,102,40,20,1,218823
UAE_314,2023-11,89,35,17,2,400551
UAE_314,2023-12,151,60,30,4,399677
UAE_314,2024-01,246,98,49,5,415682
UAE_314,2024-02,73,29,14,2,358210
UAE_314,2024-03,80,32,16,1,371991
UAE_314,2024-04,267,106,53,8,660769
UAE_314,2024-05,215,86,43,4,378903
UAE_314,2024-06,157,62,31,5,665747
UAE_314,2024-07,267,106,53,5,1000491
UAE_314,2024-08,170,68,34,4,739398
UAE_314,2024-09,103,41,20,3,498105
UAE_314,2024-10,69,27,13,1,272491
UAE_314,2024-11,217,86,43,7,635613
UAE_314,2024-12,99,39,19,2,385705
UAE_314,2025-01,154,61,30,5,419676
UAE_314,2025-02,174,69,34,3,533108
UAE_314,2025-03,163,65,32,3,472654
UAE_314,2025-04,336,134,67,8,757673
UAE_314,2025-05,414,165,82,15,658331
UAE_314,2025-06,221,88,44,4,558006
UAE_314,2025-07,78,31,15,2,387496
UAE_314,2025-08,299,119,59,7,998790
UAE_314,2025-09,104,41,20,3,197178
UAE_314,2025-10,167,66,33,3,592225
UAE_314,2025-11,357,142,71,8,854960
UAE_314,2025-12,104,41,20,3,315162
UAE_315,2023-01,29,11,5,1,22392
UAE_315,2023-02,33,13,6,1,13742
UAE_315,2023-03,70,28,14,1,26626
UAE_315,2023-04,46,18,9,1,14494
UAE_315,2023-05,60,24,12,2,52428
UAE_315,2023-06,23,9,4,1,11669
UAE_315,2023-07,24,9,4,1,8662
UAE_315,2023-08,57,22,11,2,19268
UAE_315,2023-09,55,22,11,1,60563
UAE_315,2023-10,32,12,6,1,28992
UAE_315,2023-11,42,16,8,1,22784
UAE_315,2023-12,59,23,11,2,19208
UAE_315,2024-01,23,9,4,1,26467
UAE_315,2024-02,58,23,11,1,21129
UAE_315,2024-03,59,23,11,1,66529
UAE_315,2024-04,42,16,8,1,26752
UAE_315,2024-05,65,26,13,1,40205
UAE_315,2024-06,21,8,4,1,8336
UAE_315,2024-07,65,26,13,1,20540
UAE_315,2024-08,46,18,9,1,22892
UAE_315,2024-09,35,14,7,1,37979
UAE_315,2024-10,12,4,2,1,8615
UAE_315,2024-11,13,5,2,1,12882
UAE_315,2024-12,20,8,4,1,11408
UAE_315,2025-01,36,14,7,1,33932
UAE_315,2025-02,65,26,13,1,38810
UAE_315,2025-03,11,4,2,1,8954
UAE_315,2025-04,20,8,4,1,22550
UAE_315,2025-05,80,32,16,2,77152
UAE_315,2025-06,84,33,16,2,91580
UAE_315,2025-07,47,18,9,1,25638
UAE_315,2025-08,22,8,4,1,16798
UAE_315,2025-09,37,14,7,1,26045
UAE_315,2025-10,37,14,7,1,30491
UAE_315,2025-11,63,25,12,1,69224
UAE_315,2025-12,49,19,9,1,36694
UAE_316,2023-01,388,155,77,15,939270
UAE_316,2023-02,172,68,34,2,499739
UAE_316,2023-03,166,66,33,5,664990
UAE_316,2023-04,344,137,68,12,1631985
UAE_316,2023-05,618,247,123,21,1870074
UAE_316,2023-06,802,320,160,25,6791667
UAE_316,2023-07,468,187,93,13,3329329
UAE_316,2023-08,528,211,105,15,4174972
UAE_316,2023-09,305,122,61,11,995221
UAE_316,2023-10,473,189,94,9,2260113
UAE_316,2023-11,249,99,49,6,581463
UAE_316,2023-12,402,160,80,6,2130664
UAE_316,2024-01,479,191,95,16,1674552
UAE_316,2024-02,217,86,43,7,1047486
UAE_316,2024-03,179,71,35,2,1270481
UAE_316,2024-04,633,253,126,16,3195873
UAE_316,2024-05,138,55,27,4,1081051
UAE_316,2024-06,486,194,97,11,2883334
UAE_316,2024-07,718,287,143,17,4004063
UAE_316,2024-08,504,201,100,12,2953311
UAE_316,2024-09,206,82,41,6,702021
UAE_316,2024-10,185,74,37,4,1418139
UAE_316,2024-11,213,85,42,4,638909
UAE_316,2024-12,381,152,76,12,2473798
UAE_316,2025-01,352,140,70,11,1727811
UAE_316,2025-02,235,94,47,7,1333538
UAE_316,2025-03,422,168,84,6,2752844
UAE_316,2025-04,342,136,68,12,2565596
UAE_316,2025-05,146,58,29,5,1059553
UAE_316,2025-06,790,316,158,23,3146310
UAE_316,2025-07,604,241,120,15,1772656
UAE_316,2025-08,178,71,35,3,754965
UAE_316,2025-09,250,100,50,6,886293
UAE_316,2025-10,359,143,71,7,1209185
UAE_316,2025-11,592,236,118,13,4786164
UAE_316,2025-12,371,148,74,13,1282264
UAE_317,2023-01,173,69,34,6,633291
UAE_317,2023-02,167,66,33,4,301936
UAE_317,2023-03,109,43,21,1,319051
UAE_317,2023-04,247,98,49,4,1026030
UAE_317,2023-05,336,134,67,8,695694
UAE_317,2023-06,180,72,36,6,534412
UAE_317,2023-07,202,80,40,3,614551
UAE_317,2023-08,151,60,30,5,462861
UAE_317,2023-09,117,46,23,1,367882
UAE_317,2023-10,153,61,30,2,309901
UAE_317,2023-11,277,110,55,6,447815
UAE_317,2023-12,173,69,34,4,725888
UAE_317,2024-01,114,45,22,3,395617
UAE_317,2024-02,100,40,20,1,285300
UAE_317,2024-03,216,86,43,4,338042
UAE_317,2024-04,110,44,22,3,215530
UAE_317,2024-05,141,56,28,3,179546
UAE_317,2024-06,255,102,51,8,1116969
UAE_317,2024-07,332,132,66,9,843006
UAE_317,2024-08,240,96,48,5,939540
UAE_317,2024-09,193,77,38,7,731165
UAE_317,2024-10,120,48,24,4,176360
UAE_317,2024-11,239,95,47,3,1076456
UAE_317,2024-12,258,103,51,5,497366
UAE_317,2025-01,240,96,48,8,920740
UAE_317,2025-02,125,50,25,2,534272
UAE_317,2025-03,146,58,29,2,580394
UAE_317,2025-04,70,28,14,2,199616
UAE_317,2025-05,151,60,30,5,319604
UAE_317,2025-06,296,118,59,8,527823
UAE_317,2025-07,270,108,54,9,337734
UAE_317,2025-08,125,50,25,4,301092
UAE_317,2025-09,210,84,42,5,456612
UAE_317,2025-10,173,69,34,6,576688
UAE_317,2025-11,60,24,12,1,155534
UAE_317,2025-12,165,66,33,4,199149
UAE_318,2023-01,15,6,3,1,16537
UAE_318,2023-02,24,9,4,1,9331
UAE_318,2023-03,22,8,4,1,7886
UAE_318,2023-04,49,19,9,1,45186
UAE_318,2023-05,26,10,5,1,11657
UAE_318,2023-06,64,25,12,1,58806
UAE_318,2023-07,105,42,21,1,113972
UAE_318,2023-08,49,19,9,1,29791
UAE_318,2023-09,17,6,3,1,10150
UAE_318,2023-10,59,23,11,1,50008
UAE_318,2023-11,29,11,5,1,9339
UAE_318,2023-12,47,18,9,1,32444
UAE_318,2024-01,10,4,2,1,11155
UAE_318,2024-02,13,5,2,1,6390
UAE_318,2024-03,29,11,5,1,22288
UAE_318,2024-04,30,12,6,1,26326
UAE_318,2024-05,39,15,7,1,13195
UAE_318,2024-06,37,14,7,1,23375
UAE_318,2024-07,30,12,6,1,12584
UAE_318,2024-08,54,21,10,1,26377
UAE_318,2024-09,30,12,6,1,33047
UAE_318,2024-10,35,14,7,1,39368
UAE_318,2024-11,81,32,16,1,75517
UAE_318,2024-12,21,8,4,1,12388
UAE_318,2025-01,67,26,13,2,71966
UAE_318,2025-02,27,10,5,1,11296
UAE_318,2025-03,12,4,2,1,6173
UAE_318,2025-04,63,25,12,1,42183
UAE_318,2025-05,30,12,6,1,14851
UAE_318,2025-06,61,24,12,1,44270
UAE_318,2025-07,64,25,12,1,72900
UAE_318,2025-08,45,18,9,1,32937
UAE_318,2025-09,45,18,9,1,30919
UAE_318,2025-10,57,22,11,1,19472
UAE_318,2025-11,41,16,8,1,20490
UAE_318,2025-12,17,6,3,1,15077
UAE_319,2023-01,51,20,10,1,54184
UAE_319,2023-02,35,14,7,1,39020
UAE_319,2023-03,70,28,14,2,143760
UAE_319,2023-04,57,22,11,1,95626
UAE_319,2023-05,43,17,8,1,83213
UAE_319,2023-06,47,18,9,1,43986
UAE_319,2023-07,111,44,22,4,151762
UAE_319,2023-08,30,12,6,1,46561
UAE_319,2023-09,159,63,31,3,336266
UAE_319,2023-10,119,47,23,3,123401
UAE_319,2023-11,48,19,9,1,27318
UAE_319,2023-12,123,49,24,1,200015
UAE_319,2024-01,76,30,15,2,116690
UAE_319,2024-02,40,16,8,1,84336
UAE_319,2024-03,75,30,15,2,47653
UAE_319,2024-04,68,27,13,1,96415
UAE_319,2024-05,23,9,4,1,23315
UAE_319,2024-06,56,22,11,2,30785
UAE_319,2024-07,63,25,12,2,37231
UAE_319,2024-08,91,36,18,3,96800
UAE_319,2024-09,33,13,6,1,42665
UAE_319,2024-10,117,46,23,2,186465
UAE_319,2024-11,74,29,14,1,71962
UAE_319,2024-12,32,12,6,1,62008
UAE_319,2025-01,108,43,21,2,181251
UAE_319,2025-02,62,24,12,1,124369
UAE_319,2025-03,76,30,15,2,63881
UAE_319,2025-04,94,37,18,2,84053
UAE_319,2025-05,39,15,7,1,57993
UAE_319,2025-06,70,28,14,2,115887
UAE_319,2025-07,127,50,25,2,244357
UAE_319,2025-08,104,41,20,4,71324
UAE_319,2025-09,110,44,22,2,141557
UAE_319,2025-10,37,14,7,1,57493
UAE_319,2025-11,100,40,20,2,167600
UAE_319,2025-12,72,28,14,1,130034
UAE_320,2023-01,42,16,8,1,44710
UAE_320,2023-02,62,24,12,1,58645
UAE_320,2023-03,84,33,16,2,46043
UAE_320,2023-04,94,37,18,1,52766
UAE_320,2023-05,135,54,27,4,244412
UAE_320,2023-06,97,38,19,2,172161
UAE_320,2023-07,31,12,6,1,45872
UAE_320,2023-08,174,69,34,3,239343
UAE_320,2023-09,36,14,7,1,24015
UAE_320,2023-10,84,33,16,2,173091
UAE_320,2023-11,37,14,7,1,55121
UAE_320,2023-12,74,29,14,2,102412
UAE_320,2024-01,46,18,9,1,77801
UAE_320,2024-02,20,8,4,1,19525
UAE_320,2024-03,97,38,19,3,121376
UAE_320,2024-04,69,27,13,1,144523
UAE_320,2024-05,45,18,9,1,58144
UAE_320,2024-06,30,12,6,1,63364
UAE_320,2024-07,95,38,19,3,144039
UAE_320,2024-08,97,38,19,1,111694
UAE_320,2024-09,67,26,13,1,58679
UAE_320,2024-10,45,18,9,1,29337
UAE_320,2024-11,76,30,15,1,99275
UAE_320,2024-12,75,30,15,2,84268
UAE_320,2025-01,32,12,6,1,24788
UAE_320,2025-02,86,34,17,2,125481
UAE_320,2025-03,44,17,8,1,50341
UAE_320,2025-04,35,14,7,1,43472
UAE_320,2025-05,186,74,37,4,132115
UAE_320,2025-06,121,48,24,2,104617
UAE_320,2025-07,47,18,9,1,58111
UAE_320,2025-08,65,26,13,1,60051
UAE_320,2025-09,39,15,7,1,34337
UAE_320,2025-10,104,41,20,3,175750
UAE_320,2025-11,118,47,23,2,251956
UAE_320,2025-12,152,60,30,4,313138
UAE_321,2023-01,35,14,7,1,45861
UAE_321,2023-02,99,39,19,3,69792
UAE_321,2023-03,58,23,11,1,101505
UAE_321,2023-04,56,22,11,1,68791
UAE_321,2023-05,61,24,12,1,101168
UAE_321,2023-06,183,73,36,5,386418
UAE_321,2023-07,134,53,26,5,207884
UAE_321,2023-08,98,39,19,2,144459
UAE_321,2023-09,253,101,50,6,171020
UAE_321,2023-10,58,23,11,1,54774
UAE_321,2023-11,108,43,21,2,241132
UAE_321,2023-12,41,16,8,1,32774
UAE_321,2024-01,103,41,20,2,153005
UAE_321,2024-02,46,18,9,1,64108
UAE_321,2024-03,59,23,11,1,43409
UAE_321,2024-04,78,31,15,1,90773
UAE_321,2024-05,123,49,24,3,266042
UAE_321,2024-06,53,21,10,1,120640
UAE_321,2024-07,106,42,21,3,269667
UAE_321,2024-08,138,55,27,2,137150
UAE_321,2024-09,130,52,26,3,207071
UAE_321,2024-10,41,16,8,1,56249
UAE_321,2024-11,125,50,25,3,209562
UAE_321,2024-12,91,36,18,1,230364
UAE_321,2025-01,130,52,26,4,127893
UAE_321,2025-02,144,57,28,3,298692
UAE_321,2025-03,107,42,21,2,201471
UAE_321,2025-04,87,34,17,2,81807
UAE_321,2025-05,50,20,10,1,107613
UAE_321,2025-06,53,21,10,1,47994
UAE_321,2025-07,186,74,37,7,153290
UAE_321,2025-08,147,58,29,3,333175
UAE_321,2025-09,124,49,24,4,227134
UAE_321,2025-10,47,18,9,1,70306
UAE_321,2025-11,122,48,24,4,209174
UAE_321,2025-12,73,29,14,2,134087
UAE_322,2023-01,38,15,7,1,13225
UAE_322,2023-02,39,15,7,1,24733
UAE_322,2023-03,49,19,9,1,42265
UAE_322,2023-04,38,15,7,1,12538
UAE_322,2023-05,31,12,6,1,15897
UAE_322,2023-06,46,18,9,1,28374
UAE_322,2023-07,28,11,5,1,9006
UAE_322,2023-08,50,20,10,1,27661
UAE_322,2023-09,50,20,10,1,49692
UAE_322,2023-10,72,28,14,2,37389
UAE_322,2023-11,40,16,8,1,19499
UAE_322,2023-12,44,17,8,1,36410
UAE_322,2024-01,31,12,6,1,26883
UAE_322,2024-02,38,15,7,1,17213
UAE_322,2024-03,50,20,10,1,36463
UAE_322,2024-04,44,17,8,1,31703
UAE_322,2024-05,62,24,12,1,28346
UAE_322,2024-06,58,23,11,1,61680
UAE_322,2024-07,66,26,13,2,65080
UAE_322,2024-08,59,23,11,1,67556
UAE_322,2024-09,50,20,10,1,15734
UAE_322,2024-10,92,36,18,2,101008
UAE_322,2024-11,61,24,12,2,60238
UAE_322,2024-12,20,8,4,1,17812
UAE_322,2025-01,23,9,4,1,16546
UAE_322,2025-02,27,10,5,1,28092
UAE_322,2025-03,36,14,7,1,26446
UAE_322,2025-04,29,11,5,1,19373
UAE_322,2025-05,15,6,3,1,5851
UAE_322,2025-06,63,25,12,1,51646
UAE_322,2025-07,59,23,11,1,19294
UAE_322,2025-08,44,17,8,1,47472
UAE_322,2025-09,16,6,3,1,6808
UAE_322,2025-10,58,23,11,1,68936
UAE_322,2025-11,26,10,5,1,9995
UAE_322,2025-12,36,14,7,1,13744
UAE_323,2023-01,45,18,9,1,41336
UAE_323,2023-02,51,20,10,1,52667
UAE_323,2023-03,21,8,4,1,23672
UAE_323,2023-04,46,18,9,1,23046
UAE_323,2023-05,80,32,16,2,75054
UAE_323,2023-06,72,28,14,2,21506
UAE_323,2023-07,53,21,10,1,26010
UAE_323,2023-08,28,11,5,1,19321
UAE_323,2023-09,19,7,3,1,7318
UAE_323,2023-10,39,15,7,1,25477
UAE_323,2023-11,28,11,5,1,28994
UAE_323,2023-12,41,16,8,1,44214
UAE_323,2024-01,35,14,7,1,14080
UAE_323,2024-02,23,9,4,1,8671
UAE_323,2024-03,41,16,8,1,30544
UAE_323,2024-04,31,12,6,1,12145
UAE_323,2024-05,81,32,16,1,28052
UAE_323,2024-06,45,18,9,1,14064
UAE_323,2024-07,89,35,17,2,89900
UAE_323,2024-08,48,19,9,1,18396
UAE_323,2024-09,20,8,4,1,10218
UAE_323,2024-10,30,12,6,1,32889
UAE_323,2024-11,69,27,13,2,73431
UAE_323,2024-12,25,10,5,1,13390
UAE_323,2025-01,11,4,2,1,7513
UAE_323,2025-02,36,14,7,1,15468
UAE_323,2025-03,84,33,16,2,87157
UAE_323,2025-04,22,8,4,1,23324
UAE_323,2025-05,58,23,11,1,64455
UAE_323,2025-06,15,6,3,1,4543
UAE_323,2025-07,13,5,2,1,6504
UAE_323,2025-08,35,14,7,1,34510
UAE_323,2025-09,74,29,14,2,39049
UAE_323,2025-10,77,30,15,2,38417
UAE_323,2025-11,51,20,10,1,37157
UAE_323,2025-12,29,11,5,1,14338
UAE_324,2023-01,49,19,9,1,48545
UAE_324,2023-02,38,15,7,1,57201
UAE_324,2023-03,67,26,13,2,52907
UAE_324,2023-04,50,20,10,1,43828
UAE_324,2023-05,70,28,14,1,81554
UAE_324,2023-06,55,22,11,1,34460
UAE_324,2023-07,75,30,15,1,113969
UAE_324,2023-08,44,17,8,1,19714
UAE_324,2023-09,41,16,8,1,34435
UAE_324,2023-10,37,14,7,1,50393
UAE_324,2023-11,88,35,17,2,62063
UAE_324,2023-12,62,24,12,1,73718
UAE_324,2024-01,25,10,5,1,12005
UAE_324,2024-02,47,18,9,1,60488
UAE_324,2024-03,71,28,14,2,61102
UAE_324,2024-04,89,35,17,2,110721
UAE_324,2024-05,113,45,22,2,52266
UAE_324,2024-06,41,16,8,1,29839
UAE_324,2024-07,95,38,19,2,120769
UAE_324,2024-08,176,70,35,4,161698
UAE_324,2024-09,96,38,19,1,148193
UAE_324,2024-10,58,23,11,1,73171
UAE_324,2024-11,44,17,8,1,18000
UAE_324,2024-12,27,10,5,1,30184
UAE_324,2025-01,85,34,17,1,92311
UAE_324,2025-02,42,16,8,1,45450
UAE_324,2025-03,69,27,13,1,58953
UAE_324,2025-04,30,12,6,1,42939
UAE_324,2025-05,24,9,4,1,24717
UAE_324,2025-06,126,50,25,2,147637
UAE_324,2025-07,77,30,15,1,59546
UAE_324,2025-08,31,12,6,1,27051
UAE_324,2025-09,45,18,9,1,69361
UAE_324,2025-10,91,36,18,3,59646
UAE_324,2025-11,19,7,3,1,14067
UAE_324,2025-12,26,10,5,1,13135
UAE_325,2023-01,349,139,69,8,1065364
UAE_325,2023-02,143,57,28,5,384218
UAE_325,2023-03,256,102,51,7,1493671
UAE_325,2023-04,134,53,26,3,611957
UAE_325,2023-05,137,54,27,2,842883
UAE_325,2023-06,325,130,65,7,1210471
UAE_325,2023-07,125,50,25,2,474059
UAE_325,2023-08,177,70,35,6,375720
UAE_325,2023-09,226,90,45,5,722483
UAE_325,2023-10,240,96,48,6,463559
UAE_325,2023-11,282,112,56,11,706616
UAE_325,2023-12,244,97,48,4,899663
UAE_325,2024-01,106,42,21,2,503635
UAE_325,2024-02,137,54,27,4,456753
UAE_325,2024-03,117,46,23,4,578613
UAE_325,2024-04,151,60,30,4,869431
UAE_325,2024-05,116,46,23,3,600121
UAE_325,2024-06,380,152,76,12,1578375
UAE_325,2024-07,134,53,26,3,286672
UAE_325,2024-08,276,110,55,4,455885
UAE_325,2024-09,109,43,21,4,363439
UAE_325,2024-10,196,78,39,3,422391
UAE_325,2024-11,394,157,78,8,1117379
UAE_325,2024-12,74,29,14,1,215947
UAE_325,2025-01,203,81,40,6,916578
UAE_325,2025-02,133,53,26,3,317696
UAE_325,2025-03,288,115,57,7,810771
UAE_325,2025-04,93,37,18,2,571293
UAE_325,2025-05,79,31,15,2,174024
UAE_325,2025-06,208,83,41,3,1044301
UAE_325,2025-07,140,56,28,5,229994
UAE_325,2025-08,203,81,40,5,519150
UAE_325,2025-09,192,76,38,5,796547
UAE_325,2025-10,174,69,34,5,928770
UAE_325,2025-11,284,113,56,8,1736646
UAE_325,2025-12,247,98,49,5,1067415
UAE_326,2023-01,62,24,12,1,26278
UAE_326,2023-02,27,10,5,1,16061
UAE_326,2023-03,33,13,6,1,37061
UAE_326,2023-04,13,5,2,1,11248
UAE_326,2023-05,28,11,5,1,12111
UAE_326,2023-06,71,28,14,2,57893
UAE_326,2023-07,25,10,5,1,13110
UAE_326,2023-08,24,9,4,1,9750
UAE_326,2023-09,63,25,12,1,70208
UAE_326,2023-10,66,26,13,2,75961
UAE_326,2023-11,30,12,6,1,18741
UAE_326,2023-12,45,18,9,1,45035
UAE_326,2024-01,27,10,5,1,12209
UAE_326,2024-02,66,26,13,1,52559
UAE_326,2024-03,25,10,5,1,16973
UAE_326,2024-04,94,37,18,1,63529
UAE_326,2024-05,40,16,8,1,24334
UAE_326,2024-06,25,10,5,1,16690
UAE_326,2024-07,38,15,7,1,25416
UAE_326,2024-08,33,13,6,1,17800
UAE_326,2024-09,28,11,5,1,13729
UAE_326,2024-10,56,22,11,2,17022
UAE_326,2024-11,27,10,5,1,11467
UAE_326,2024-12,21,8,4,1,18341
UAE_326,2025-01,49,19,9,1,52641
UAE_326,2025-02,17,6,3,1,5172
UAE_326,2025-03,34,13,6,1,38507
UAE_326,2025-04,50,20,10,1,35861
UAE_326,2025-05,26,10,5,1,10600
UAE_326,2025-06,47,18,9,1,21101
UAE_326,2025-07,46,18,9,1,29240
UAE_326,2025-08,62,24,12,1,22098
UAE_326,2025-09,67,26,13,1,61048
UAE_326,2025-10,45,18,9,1,37425
UAE_326,2025-11,11,4,2,1,11194
UAE_326,2025-12,32,12,6,1,13909
UAE_327,2023-01,10,4,2,1,6842
UAE_327,2023-02,41,16,8,1,18891
UAE_327,2023-03,12,4,2,1,8459
UAE_327,2023-04,18,7,3,1,9916
UAE_327,2023-05,68,27,13,1,77980
UAE_327,2023-06,68,27,13,1,24535
UAE_327,2023-07,65,26,13,2,71979
UAE_327,2023-08,72,28,14,2,71233
UAE_327,2023-09,45,18,9,1,48651
UAE_327,2023-10,25,10,5,1,15865
UAE_327,2023-11,56,22,11,1,19847
UAE_327,2023-12,30,12,6,1,9032
UAE_327,2024-01,17,6,3,1,10646
UAE_327,2024-02,46,18,9,1,15152
UAE_327,2024-03,32,12,6,1,22735
UAE_327,2024-04,45,18,9,1,31683
UAE_327,2024-05,96,38,19,2,66612
UAE_327,2024-06,33,13,6,1,23698
UAE_327,2024-07,55,22,11,2,29450
UAE_327,2024-08,22,8,4,1,11388
UAE_327,2024-09,26,10,5,1,13265
UAE_327,2024-10,22,8,4,1,18248
UAE_327,2024-11,10,4,2,1,6045
UAE_327,2024-12,10,4,2,1,5310
UAE_327,2025-01,36,14,7,1,26553
UAE_327,2025-02,31,12,6,1,21846
UAE_327,2025-03,33,13,6,1,30293
UAE_327,2025-04,54,21,10,1,16680
UAE_327,2025-05,51,20,10,1,24294
UAE_327,2025-06,31,12,6,1,35157
UAE_327,2025-07,34,13,6,1,18057
UAE_327,2025-08,24,9,4,1,15781
UAE_327,2025-09,53,21,10,1,55347
UAE_327,2025-10,48,19,9,1,29138
UAE_327,2025-11,31,12,6,1,30009
UAE_327,2025-12,40,16,8,1,16721
UAE_328,2023-01,74,29,14,2,71134
UAE_328,2023-02,38,15,7,1,39017
UAE_328,2023-03,33,13,6,1,36536
UAE_328,2023-04,72,28,14,2,33320
UAE_328,2023-05,18,7,3,1,9680
UAE_328,2023-06,29,11,5,1,12752
UAE_328,2023-07,32,12,6,1,14055
UAE_328,2023-08,70,28,14,1,61870
UAE_328,2023-09,48,19,9,1,20279
UAE_328,2023-10,63,25,12,1,54697
UAE_328,2023-11,55,22,11,2,40297
UAE_328,2023-12,12,4,2,1,8661
UAE_328,2024-01,28,11,5,1,35939
UAE_328,2024-02,50,20,10,1,56472
UAE_328,2024-03,72,28,14,1,25250
UAE_328,2024-04,39,15,7,1,24919
UAE_328,2024-05,73,29,14,1,93284
UAE_328,2024-06,49,19,9,1,28621
UAE_328,2024-07,25,10,5,1,17178
UAE_328,2024-08,105,42,21,2,49900
UAE_328,2024-09,91,36,18,1,86597
UAE_328,2024-10,61,24,12,2,82226
UAE_328,2024-11,78,31,15,3,102322
UAE_328,2024-12,41,16,8,1,27957
UAE_328,2025-01,61,24,12,1,71369
UAE_328,2025-02,35,14,7,1,20350
UAE_328,2025-03,41,16,8,1,21658
UAE_328,2025-04,34,13,6,1,24983
UAE_328,2025-05,52,20,10,1,69461
UAE_328,2025-06,52,20,10,1,57112
UAE_328,2025-07,68,27,13,2,78163
UAE_328,2025-08,51,20,10,1,35075
UAE_328,2025-09,13,5,2,1,6016
UAE_328,2025-10,83,33,16,3,86135
UAE_328,2025-11,35,14,7,1,41801
UAE_328,2025-12,34,13,6,1,13755
UAE_329,2023-01,218,87,43,5,801125
UAE_329,2023-02,225,90,45,4,601014
UAE_329,2023-03,182,72,36,6,460188
UAE_329,2023-04,108,43,21,2,553232
UAE_329,2023-05,239,95,47,5,1416777
UAE_329,2023-06,242,96,48,9,1316860
UAE_329,2023-07,130,52,26,4,603331
UAE_329,2023-08,243,97,48,6,755666
UAE_329,2023-09,414,165,82,13,785215
UAE_329,2023-10,234,93,46,8,601588
UAE_329,2023-11,187,74,37,3,710990
UAE_329,2023-12,73,29,14,2,398205
UAE_329,2024-01,216,86,43,7,1235770
UAE_329,2024-02,216,86,43,5,800233
UAE_329,2024-03,206,82,41,6,1057502
UAE_329,2024-04,245,98,49,6,974841
UAE_329,2024-05,256,102,51,6,1031214
UAE_329,2024-06,291,116,58,11,742045
UAE_329,2024-07,208,83,41,6,425883
UAE_329,2024-08,322,128,64,12,1490680
UAE_329,2024-09,160,64,32,5,331595
UAE_329,2024-10,134,53,26,3,529970
UAE_329,2024-11,173,69,34,3,990661
UAE_329,2024-12,294,117,58,7,516765
UAE_329,2025-01,129,51,25,2,572599
UAE_329,2025-02,231,92,46,3,1219359
UAE_329,2025-03,191,76,38,4,694424
UAE_329,2025-04,347,138,69,6,619040
UAE_329,2025-05,305,122,61,11,1648538
UAE_329,2025-06,252,100,50,6,1206268
UAE_329,2025-07,273,109,54,4,1400777
UAE_329,2025-08,297,118,59,7,1169467
UAE_329,2025-09,382,152,76,8,857229
UAE_329,2025-10,205,82,41,8,1215729
UAE_329,2025-11,151,60,30,5,572344
UAE_329,2025-12,163,65,32,6,843323
UAE_330,2023-01,48,19,9,1,43813
UAE_330,2023-02,56,22,11,1,30768
UAE_330,2023-03,46,18,9,1,25087
UAE_330,2023-04,38,15,7,1,13843
UAE_330,2023-05,56,22,11,1,43824
UAE_330,2023-06,33,13,6,1,37223
UAE_330,2023-07,30,12,6,1,29272
UAE_330,2023-08,15,6,3,1,11942
UAE_330,2023-09,57,22,11,1,17813
UAE_330,2023-10,27,10,5,1,11424
UAE_330,2023-11,47,18,9,1,26187
UAE_330,2023-12,22,8,4,1,15809
UAE_330,2024-01,31,12,6,1,29240
UAE_330,2024-02,47,18,9,1,14259
UAE_330,2024-03,20,8,4,1,16055
UAE_330,2024-04,33,13,6,1,28128
UAE_330,2024-05,47,18,9,1,25370
UAE_330,2024-06,11,4,2,1,3885
UAE_330,2024-07,48,19,9,1,15523
UAE_330,2024-08,34,13,6,1,30619
UAE_330,2024-09,21,8,4,1,19276
UAE_330,2024-10,35,14,7,1,24750
UAE_330,2024-11,75,30,15,1,40566
UAE_330,2024-12,25,10,5,1,27186
UAE_330,2025-01,36,14,7,1,28464
UAE_330,2025-02,26,10,5,1,13189
UAE_330,2025-03,53,21,10,1,39904
UAE_330,2025-04,62,24,12,1,69629
UAE_330,2025-05,16,6,3,1,13246
UAE_330,2025-06,53,21,10,1,40396
UAE_330,2025-07,36,14,7,1,19736
UAE_330,2025-08,49,19,9,1,30175
UAE_330,2025-09,38,15,7,1,30590
UAE_330,2025-10,86,34,17,2,61830
UAE_330,2025-11,29,11,5,1,16787
UAE_330,2025-12,43,17,8,1,29622
UAE_331,2023-01,38,15,7,1,21940
UAE_331,2023-02,20,8,4,1,14384
UAE_331,2023-03,43,17,8,1,22366
UAE_331,2023-04,39,15,7,1,34005
UAE_331,2023-05,73,29,14,1,67612
UAE_331,2023-06,75,30,15,2,56291
UAE_331,2023-07,61,24,12,1,46978
UAE_331,2023-08,44,17,8,1,39672
UAE_331,2023-09,76,30,15,1,78559
UAE_331,2023-10,23,9,4,1,9515
UAE_331,2023-11,56,22,11,1,57488
UAE_331,2023-12,39,15,7,1,11593
UAE_331,2024-01,13,5,2,1,8437
UAE_331,2024-02,44,17,8,1,43580
UAE_331,2024-03,31,12,6,1,12310
UAE_331,2024-04,30,12,6,1,23959
UAE_331,2024-05,25,10,5,1,9324
UAE_331,2024-06,41,16,8,1,25527
UAE_331,2024-07,64,25,12,2,66826
UAE_331,2024-08,31,12,6,1,18749
UAE_331,2024-09,67,26,13,2,66156
UAE_331,2024-10,34,13,6,1,28191
UAE_331,2024-11,18,7,3,1,14842
UAE_331,2024-12,53,21,10,1,54943
UAE_331,2025-01,16,6,3,1,8875
UAE_331,2025-02,39,15,7,1,14589
UAE_331,2025-03,47,18,9,1,29338
UAE_331,2025-04,102,40,20,1,90496
UAE_331,2025-05,15,6,3,1,14500
UAE_331,2025-06,20,8,4,1,20884
UAE_331,2025-07,31,12,6,1,18695
UAE_331,2025-08,51,20,10,1,22129
UAE_331,2025-09,28,11,5,1,24538
UAE_331,2025-10,23,9,4,1,17857
UAE_331,2025-11,33,13,6,1,25066
UAE_331,2025-12,51,20,10,1,47573
UAE_332,2023-01,333,133,66,12,1037650
UAE_332,2023-02,330,132,66,9,2192223
UAE_332,2023-03,361,144,72,13,2352980
UAE_332,2023-04,432,172,86,12,3511591
UAE_332,2023-05,598,239,119,10,2732032
UAE_332,2023-06,692,276,138,23,5297850
UAE_332,2023-07,647,258,129,24,1648914
UAE_332,2023-08,513,205,102,20,2826406
UAE_332,2023-09,870,348,174,26,5619650
UAE_332,2023-10,163,65,32,5,858363
UAE_332,2023-11,248,99,49,7,759993
UAE_332,2023-12,86,34,17,2,831771
UAE_332,2024-01,372,148,74,11,1575878
UAE_332,2024-02,524,209,104,9,4608959
UAE_332,2024-03,146,58,29,4,479486
UAE_332,2024-04,317,126,63,6,2469174
UAE_332,2024-05,301,120,60,6,2489722
UAE_332,2024-06,424,169,84,11,1866915
UAE_332,2024-07,200,80,40,5,1438620
UAE_332,2024-08,529,211,105,9,3921156
UAE_332,2024-09,219,87,43,4,1408532
UAE_332,2024-10,723,289,144,26,6309268
UAE_332,2024-11,174,69,34,3,1540942
UAE_332,2024-12,463,185,92,14,4593524
UAE_332,2025-01,193,77,38,7,1926216
UAE_332,2025-02,347,138,69,8,2816562
UAE_332,2025-03,404,161,80,14,3027126
UAE_332,2025-04,237,94,47,5,1222745
UAE_332,2025-05,626,250,125,15,5460745
UAE_332,2025-06,148,59,29,4,679698
UAE_332,2025-07,504,201,100,10,3911265
UAE_332,2025-08,605,242,121,19,4634999
UAE_332,2025-09,257,102,51,3,2080225
UAE_332,2025-10,170,68,34,2,903585
UAE_332,2025-11,489,195,97,9,3051970
UAE_332,2025-12,826,330,165,18,7373826
UAE_333,2023-01,622,248,124,15,19224726
UAE_333,2023-02,1661,664,332,47,52530281
UAE_333,2023-03,1763,705,352,51,46982031
UAE_333,2023-04,782,312,156,15,35988632
UAE_333,2023-05,1021,408,204,28,37317732
UAE_333,2023-06,1665,666,333,33,48787523
UAE_333,2023-07,4559,1823,911,110,112923675
UAE_333,2023-08,2026,810,405,80,68404159
UAE_333,2023-09,3258,1303,651,113,58947081
UAE_333,2023-10,1333,533,266,44,31754732
UAE_333,2023-11,1562,624,312,35,72819152
UAE_333,2023-12,848,339,169,28,20544759
UAE_333,2024-01,2795,1118,559,82,89830796
UAE_333,2024-02,453,181,90,9,7329162
UAE_333,2024-03,838,335,167,17,33844557
UAE_333,2024-04,703,281,140,19,33357802
UAE_333,2024-05,2576,1030,515,79,54761062
UAE_333,2024-06,2511,1004,502,50,73492639
UAE_333,2024-07,2460,984,492,71,65329541
UAE_333,2024-08,1267,506,253,29,55287148
UAE_333,2024-09,1906,762,381,42,63969458
UAE_333,2024-10,2737,1094,547,102,91233200
UAE_333,2024-11,2202,880,440,41,97323952
UAE_333,2024-12,1519,607,303,47,18134543
UAE_333,2025-01,1786,714,357,52,45381225
UAE_333,2025-02,2801,1120,560,106,65441017
UAE_333,2025-03,857,342,171,31,39735776
UAE_333,2025-04,1100,440,220,41,18290998
UAE_333,2025-05,2168,867,433,49,55574249
UAE_333,2025-06,2195,878,439,81,59078697
UAE_333,2025-07,800,320,160,26,13114326
UAE_333,2025-08,3195,1278,639,127,75582146
UAE_333,2025-09,2705,1082,541,41,46264556
UAE_333,2025-10,959,383,191,26,15000600
UAE_333,2025-11,2984,1193,596,91,58753925
UAE_333,2025-12,2485,994,497,42,39724066
UAE_334,2023-01,356,142,71,5,2348611
UAE_334,2023-02,275,110,55,5,918859
UAE_334,2023-03,317,126,63,9,2072790
UAE_334,2023-04,290,116,58,6,2914322
UAE_334,2023-05,461,184,92,11,2778124
UAE_334,2023-06,354,141,70,12,1176496
UAE_334,2023-07,371,148,74,8,1443199
UAE_334,2023-08,218,87,43,4,970097
UAE_334,2023-09,608,243,121,21,5320565
UAE_334,2023-10,243,97,48,5,1136647
UAE_334,2023-11,212,84,42,6,778716
UAE_334,2023-12,99,39,19,3,882055
UAE_334,2024-01,446,178,89,11,4120922
UAE_334,2024-02,429,171,85,17,1736973
UAE_334,2024-03,148,59,29,5,1409361
UAE_334,2024-04,270,108,54,6,840363
UAE_334,2024-05,503,201,100,13,1508034
UAE_334,2024-06,154,61,30,4,1250528
UAE_334,2024-07,415,166,83,15,2745530
UAE_334,2024-08,412,164,82,12,2974003
UAE_334,2024-09,152,60,30,2,1373764
UAE_334,2024-10,568,227,113,12,3886680
UAE_334,2024-11,327,130,65,12,1848965
UAE_334,2024-12,161,64,32,2,923976
UAE_334,2025-01,379,151,75,6,2176542
UAE_334,2025-02,400,160,80,13,3346856
UAE_334,2025-03,748,299,149,13,3812549
UAE_334,2025-04,647,258,129,16,5820430
UAE_334,2025-05,608,243,121,23,4050535
UAE_334,2025-06,175,70,35,3,1006471
UAE_334,2025-07,255,102,51,8,2328631
UAE_334,2025-08,335,134,67,11,927222
UAE_334,2025-09,369,147,73,14,1247369
UAE_334,2025-10,173,69,34,4,966600
UAE_334,2025-11,479,191,95,18,4202637
UAE_334,2025-12,315,126,63,9,1636834
UAE_335,2023-01,83,33,16,2,79492
UAE_335,2023-02,37,14,7,1,48570
UAE_335,2023-03,56,22,11,1,72581
UAE_335,2023-04,54,21,10,1,27255
UAE_335,2023-05,45,18,9,1,37130
UAE_335,2023-06,44,17,8,1,51175
UAE_335,2023-07,49,19,9,1,61906
UAE_335,2023-08,50,20,10,1,25306
UAE_335,2023-09,46,18,9,1,40105
UAE_335,2023-10,42,16,8,1,25201
UAE_335,2023-11,30,12,6,1,12388
UAE_335,2023-12,46,18,9,1,40459
UAE_335,2024-01,44,17,8,1,49056
UAE_335,2024-02,42,16,8,1,40838
UAE_335,2024-03,80,32,16,2,52936
UAE_335,2024-04,30,12,6,1,13146
UAE_335,2024-05,89,35,17,2,92811
UAE_335,2024-06,37,14,7,1,22389
UAE_335,2024-07,29,11,5,1,39067
UAE_335,2024-08,37,14,7,1,46483
UAE_335,2024-09,47,18,9,1,53892
UAE_335,2024-10,72,28,14,1,55171
UAE_335,2024-11,16,6,3,1,8343
UAE_335,2024-12,57,22,11,1,53993
UAE_335,2025-01,60,24,12,1,45943
UAE_335,2025-02,32,12,6,1,22663
UAE_335,2025-03,77,30,15,2,72587
UAE_335,2025-04,45,18,9,1,37302
UAE_335,2025-05,49,19,9,1,41241
UAE_335,2025-06,65,26,13,1,87919
UAE_335,2025-07,57,22,11,1,30219
UAE_335,2025-08,35,14,7,1,25514
UAE_335,2025-09,93,37,18,2,129886
UAE_335,2025-10,40,16,8,1,45968
UAE_335,2025-11,46,18,9,1,38081
UAE_335,2025-12,17,6,3,1,19674
UAE_336,2023-01,86,34,17,2,118709
UAE_336,2023-02,26,10,5,1,17496
UAE_336,2023-03,89,35,17,1,137228
UAE_336,2023-04,109,43,21,3,64922
UAE_336,2023-05,53,21,10,1,85978
UAE_336,2023-06,162,64,32,3,215777
UAE_336,2023-07,59,23,11,1,101304
UAE_336,2023-08,33,13,6,1,22750
UAE_336,2023-09,17,6,3,1,11033
UAE_336,2023-10,119,47,23,3,73289
UAE_336,2023-11,42,16,8,1,24180
UAE_336,2023-12,85,34,17,2,122962
UAE_336,2024-01,30,12,6,1,48700
UAE_336,2024-02,138,55,27,3,119755
UAE_336,2024-03,74,29,14,1,121477
UAE_336,2024-04,72,28,14,1,103968
UAE_336,2024-05,84,33,16,2,155693
UAE_336,2024-06,27,10,5,1,42871
UAE_336,2024-07,49,19,9,1,74721
UAE_336,2024-08,93,37,18,2,171711
UAE_336,2024-09,34,13,6,1,47099
UAE_336,2024-10,46,18,9,1,54356
UAE_336,2024-11,25,10,5,1,43259
UAE_336,2024-12,12,4,2,1,17514
UAE_336,2025-01,49,19,9,1,57554
UAE_336,2025-02,52,20,10,1,69077
UAE_336,2025-03,76,30,15,1,131161
UAE_336,2025-04,54,21,10,1,93550
UAE_336,2025-05,100,40,20,2,54570
UAE_336,2025-06,62,24,12,1,68610
UAE_336,2025-07,211,84,42,7,305095
UAE_336,2025-08,70,28,14,2,120071
UAE_336,2025-09,66,26,13,2,49050
UAE_336,2025-10,37,14,7,1,28324
UAE_336,2025-11,71,28,14,1,57128
UAE_336,2025-12,20,8,4,1,25304
UAE_337,2023-01,21,8,4,1,9331
UAE_337,2023-02,56,22,11,1,56453
UAE_337,2023-03,41,16,8,1,41666
UAE_337,2023-04,41,16,8,1,15232
UAE_337,2023-05,78,31,15,1,47016
UAE_337,2023-06,49,19,9,1,19416
UAE_337,2023-07,56,22,11,1,17750
UAE_337,2023-08,71,28,14,2,24853
UAE_337,2023-09,30,12,6,1,28378
UAE_337,2023-10,20,8,4,1,10182
UAE_337,2023-11,19,7,3,1,11373
UAE_337,2023-12,47,18,9,1,39791
UAE_337,2024-01,10,4,2,1,8294
UAE_337,2024-02,23,9,4,1,20644
UAE_337,2024-03,49,19,9,1,44865
UAE_337,2024-04,39,15,7,1,28786
UAE_337,2024-05,24,9,4,1,17481
UAE_337,2024-06,54,21,10,1,37475
UAE_337,2024-07,58,23,11,1,38132
UAE_337,2024-08,92,36,18,2,74434
UAE_337,2024-09,29,11,5,1,24741
UAE_337,2024-10,65,26,13,1,27136
UAE_337,2024-11,46,18,9,1,25319
UAE_337,2024-12,13,5,2,1,12749
UAE_337,2025-01,30,12,6,1,16712
UAE_337,2025-02,15,6,3,1,7395
UAE_337,2025-03,50,20,10,1,45103
UAE_337,2025-04,72,28,14,1,48130
UAE_337,2025-05,78,31,15,1,89302
UAE_337,2025-06,23,9,4,1,8472
UAE_337,2025-07,46,18,9,1,37964
UAE_337,2025-08,24,9,4,1,20896
UAE_337,2025-09,33,13,6,1,25546
UAE_337,2025-10,58,23,11,1,24855
UAE_337,2025-11,48,19,9,1,33908
UAE_337,2025-12,33,13,6,1,13470
UAE_338,2023-01,42,16,8,1,48083
UAE_338,2023-02,22,8,4,1,33482
UAE_338,2023-03,42,16,8,1,62409
UAE_338,2023-04,58,23,11,1,83060
UAE_338,2023-05,139,55,27,4,134521
UAE_338,2023-06,118,47,23,2,118466
UAE_338,2023-07,33,13,6,1,29611
UAE_338,2023-08,27,10,5,1,33655
UAE_338,2023-09,98,39,19,3,96317
UAE_338,2023-10,91,36,18,1,69173
UAE_338,2023-11,72,28,14,2,98350
UAE_338,2023-12,49,19,9,1,90054
UAE_338,2024-01,42,16,8,1,20327
UAE_338,2024-02,67,26,13,1,94983
UAE_338,2024-03,64,25,12,1,117582
UAE_338,2024-04,105,42,21,3,174229
UAE_338,2024-05,137,54,27,3,185022
UAE_338,2024-06,96,38,19,3,125219
UAE_338,2024-07,33,13,6,1,47063
UAE_338,2024-08,90,36,18,2,53642
UAE_338,2024-09,85,34,17,1,53299
UAE_338,2024-10,101,40,20,2,173736
UAE_338,2024-11,23,9,4,1,25647
UAE_338,2024-12,110,44,22,2,69062
UAE_338,2025-01,45,18,9,1,66617
UAE_338,2025-02,35,14,7,1,26890
UAE_338,2025-03,37,14,7,1,57756
UAE_338,2025-04,95,38,19,1,61984
UAE_338,2025-05,50,20,10,1,24266
UAE_338,2025-06,77,30,15,2,143171
UAE_338,2025-07,87,34,17,3,51122
UAE_338,2025-08,44,17,8,1,44168
UAE_338,2025-09,60,24,12,2,57554
UAE_338,2025-10,54,21,10,1,99784
UAE_338,2025-11,63,25,12,2,113190
UAE_338,2025-12,24,9,4,1,27495
UAE_339,2023-01,28,11,5,1,35594
UAE_339,2023-02,82,32,16,2,142768
UAE_339,2023-03,44,17,8,1,88279
UAE_339,2023-04,97,38,19,2,101147
UAE_339,2023-05,108,43,21,3,80725
UAE_339,2023-06,136,54,27,4,256339
UAE_339,2023-07,145,58,29,3,228960
UAE_339,2023-08,69,27,13,1,131260
UAE_339,2023-09,34,13,6,1,21155
UAE_339,2023-10,122,48,24,3,128574
UAE_339,2023-11,102,40,20,3,187656
UAE_339,2023-12,49,19,9,1,25699
UAE_339,2024-01,73,29,14,2,143286
UAE_339,2024-02,119,47,23,3,76434
UAE_339,2024-03,100,40,20,2,56300
UAE_339,2024-04,60,24,12,2,96903
UAE_339,2024-05,48,19,9,1,48726
UAE_339,2024-06,37,14,7,1,31591
UAE_339,2024-07,34,13,6,1,24048
UAE_339,2024-08,97,38,19,3,59203
UAE_339,2024-09,32,12,6,1,53120
UAE_339,2024-10,89,35,17,2,154715
UAE_339,2024-11,90,36,18,1,102944
UAE_339,2024-12,101,40,20,2,126294
UAE_339,2025-01,92,36,18,3,114378
UAE_339,2025-02,55,22,11,1,79124
UAE_339,2025-03,80,32,16,2,158554
UAE_339,2025-04,144,57,28,4,98025
UAE_339,2025-05,135,54,27,3,200442
UAE_339,2025-06,42,16,8,1,58146
UAE_339,2025-07,94,37,18,3,167420
UAE_339,2025-08,81,32,16,2,61687
UAE_339,2025-09,41,16,8,1,75917
UAE_339,2025-10,40,16,8,1,42467
UAE_339,2025-11,88,35,17,1,123548
UAE_339,2025-12,26,10,5,1,33659
UAE_340,2023-01,73,29,14,2,68233
UAE_340,2023-02,37,14,7,1,49960
UAE_340,2023-03,37,14,7,1,51588
UAE_340,2023-04,57,22,11,1,55699
UAE_340,2023-05,107,42,21,2,95605
UAE_340,2023-06,127,50,25,4,195872
UAE_340,2023-07,51,20,10,1,91959
UAE_340,2023-08,109,43,21,2,120474
UAE_340,2023-09,83,33,16,2,130764
UAE_340,2023-10,65,26,13,1,92902
UAE_340,2023-11,82,32,16,1,123991
UAE_340,2023-12,26,10,5,1,21284
UAE_340,2024-01,105,42,21,3,75258
UAE_340,2024-02,24,9,4,1,28860
UAE_340,2024-03,82,32,16,2,126632
UAE_340,2024-04,82,32,16,2,108251
UAE_340,2024-05,46,18,9,1,84370
UAE_340,2024-06,138,55,27,5,225893
UAE_340,2024-07,82,32,16,2,59222
UAE_340,2024-08,107,42,21,3,147874
UAE_340,2024-09,70,28,14,1,50009
UAE_340,2024-10,72,28,14,2,44955
UAE_340,2024-11,48,19,9,1,47083
UAE_340,2024-12,73,29,14,1,103708
UAE_340,2025-01,131,52,26,4,237286
UAE_340,2025-02,103,41,20,2,72821
UAE_340,2025-03,31,12,6,1,36111
UAE_340,2025-04,33,13,6,1,69463
UAE_340,2025-05,72,28,14,2,133050
UAE_340,2025-06,33,13,6,1,48803
UAE_340,2025-07,110,44,22,1,209074
UAE_340,2025-08,77,30,15,1,78224
UAE_340,2025-09,70,28,14,1,122657
UAE_340,2025-10,98,39,19,3,64335
UAE_340,2025-11,79,31,15,2,152389
UAE_340,2025-12,34,13,6,1,67785
UAE_341,2023-01,13,5,2,1,9344
UAE_341,2023-02,27,10,5,1,14609
UAE_341,2023-03,60,24,12,1,40364
UAE_341,2023-04,39,15,7,1,20814
UAE_341,2023-05,47,18,9,1,43335
UAE_341,2023-06,67,26,13,2,20773
UAE_341,2023-07,22,8,4,1,16167
UAE_341,2023-08,34,13,6,1,15480
UAE_341,2023-09,68,27,13,1,59534
UAE_341,2023-10,30,12,6,1,24430
UAE_341,2023-11,33,13,6,1,27252
UAE_341,2023-12,44,17,8,1,22145
UAE_341,2024-01,56,22,11,1,36175
UAE_341,2024-02,54,21,10,1,37404
UAE_341,2024-03,46,18,9,1,48882
UAE_341,2024-04,24,9,4,1,26182
UAE_341,2024-05,55,22,11,1,59845
UAE_341,2024-06,33,13,6,1,10800
UAE_341,2024-07,93,37,18,3,60322
UAE_341,2024-08,55,22,11,1,61432
UAE_341,2024-09,47,18,9,1,38547
UAE_341,2024-10,13,5,2,1,7404
UAE_341,2024-11,73,29,14,2,85223
UAE_341,2024-12,72,28,14,2,59805
UAE_341,2025-01,42,16,8,1,37251
UAE_341,2025-02,23,9,4,1,16820
UAE_341,2025-03,28,11,5,1,32776
UAE_341,2025-04,21,8,4,1,16494
UAE_341,2025-05,70,28,14,1,57755
UAE_341,2025-06,62,24,12,2,69352
UAE_341,2025-07,66,26,13,2,28574
UAE_341,2025-08,29,11,5,1,21330
UAE_341,2025-09,25,10,5,1,20771
UAE_341,2025-10,22,8,4,1,11997
UAE_341,2025-11,20,8,4,1,8091
UAE_341,2025-12,48,19,9,1,25586
UAE_342,2023-01,41,16,8,1,25911
UAE_342,2023-02,84,33,16,1,112073
UAE_342,2023-03,51,20,10,1,22081
UAE_342,2023-04,35,14,7,1,26012
UAE_342,2023-05,145,58,29,4,152389
UAE_342,2023-06,83,33,16,1,90390
UAE_342,2023-07,75,30,15,1,88098
UAE_342,2023-08,62,24,12,1,97391
UAE_342,2023-09,84,33,16,3,93159
UAE_342,2023-10,39,15,7,1,53327
UAE_342,2023-11,64,25,12,1,62564
UAE_342,2023-12,31,12,6,1,17050
UAE_342,2024-01,28,11,5,1,45292
UAE_342,2024-02,33,13,6,1,37912
UAE_342,2024-03,84,33,16,1,62623
UAE_342,2024-04,65,26,13,1,108808
UAE_342,2024-05,50,20,10,1,56510
UAE_342,2024-06,23,9,4,1,27147
UAE_342,2024-07,114,45,22,2,159017
UAE_342,2024-08,69,27,13,1,76500
UAE_342,2024-09,128,51,25,2,153458
UAE_342,2024-10,54,21,10,2,48664
UAE_342,2024-11,56,22,11,1,78710
UAE_342,2024-12,63,25,12,2,71794
UAE_342,2025-01,62,24,12,1,77183
UAE_342,2025-02,23,9,4,1,29026
UAE_342,2025-03,77,30,15,1,53823
UAE_342,2025-04,40,16,8,1,61617
UAE_342,2025-05,87,34,17,2,85652
UAE_342,2025-06,22,8,4,1,12729
UAE_342,2025-07,49,19,9,1,49491
UAE_342,2025-08,63,25,12,2,82687
UAE_342,2025-09,25,10,5,1,31532
UAE_342,2025-10,79,31,15,2,106521
UAE_342,2025-11,119,47,23,3,179884
UAE_342,2025-12,68,27,13,2,83854
UAE_343,2023-01,372,148,74,7,1724977
UAE_343,2023-02,350,140,70,11,2878069
UAE_343,2023-03,338,135,67,12,2935665
UAE_343,2023-04,252,100,50,6,1090294
UAE_343,2023-05,425,170,85,6,3782991
UAE_343,2023-06,273,109,54,5,2010664
UAE_343,2023-07,599,239,119,9,2643614
UAE_343,2023-08,554,221,110,12,4401595
UAE_343,2023-09,190,76,38,3,1197532
UAE_343,2023-10,224,89,44,5,1241830
UAE_343,2023-11,454,181,90,8,3035960
UAE_343,2023-12,450,180,90,14,1494651
UAE_343,2024-01,438,175,87,9,4196197
UAE_343,2024-02,430,172,86,11,1726931
UAE_343,2024-03,485,194,97,17,2746145
UAE_343,2024-04,403,161,80,9,3675354
UAE_343,2024-05,656,262,131,18,4753033
UAE_343,2024-06,392,156,78,7,3761894
UAE_343,2024-07,712,284,142,18,3092950
UAE_343,2024-08,641,256,128,16,6081210
UAE_343,2024-09,187,74,37,6,892156
UAE_343,2024-10,668,267,133,15,1775034
UAE_343,2024-11,369,147,73,12,1330727
UAE_343,2024-12,458,183,91,11,2833284
UAE_343,2025-01,124,49,24,2,1051380
UAE_343,2025-02,397,158,79,12,2588659
UAE_343,2025-03,194,77,38,6,1127792
UAE_343,2025-04,794,317,158,28,4336344
UAE_343,2025-05,150,60,30,4,700738
UAE_343,2025-06,481,192,96,10,3446350
UAE_343,2025-07,583,233,116,22,3175142
UAE_343,2025-08,105,42,21,2,936476
UAE_343,2025-09,182,72,36,3,1033182
UAE_343,2025-10,260,104,52,7,834675
UAE_343,2025-11,260,104,52,9,1235438
UAE_343,2025-12,385,154,77,7,3130267
UAE_344,2023-01,48,19,9,1,74385
UAE_344,2023-02,76,30,15,1,186099
UAE_344,2023-03,113,45,22,2,265390
UAE_344,2023-04,40,16,8,1,131608
UAE_344,2023-05,99,39,19,3,239329
UAE_344,2023-06,188,75,37,5,574380
UAE_344,2023-07,37,14,7,1,58901
UAE_344,2023-08,153,61,30,5,468900
UAE_344,2023-09,188,75,37,6,617967
UAE_344,2023-10,118,47,23,2,306236
UAE_344,2023-11,140,56,28,3,145425
UAE_344,2023-12,34,13,6,1,64469
UAE_344,2024-01,182,72,36,3,258403
UAE_344,2024-02,112,44,22,2,300655
UAE_344,2024-03,60,24,12,2,178763
UAE_344,2024-04,166,66,33,3,401814
UAE_344,2024-05,126,50,25,2,384744
UAE_344,2024-06,122,48,24,4,389651
UAE_344,2024-07,114,45,22,3,329103
UAE_344,2024-08,183,73,36,7,603364
UAE_344,2024-09,95,38,19,3,120848
UAE_344,2024-10,57,22,11,1,62299
UAE_344,2024-11,56,22,11,1,66358
UAE_344,2024-12,103,41,20,2,244411
UAE_344,2025-01,92,36,18,3,219903
UAE_344,2025-02,141,56,28,5,442398
UAE_344,2025-03,118,47,23,4,152601
UAE_344,2025-04,35,14,7,1,68177
UAE_344,2025-05,50,20,10,1,91102
UAE_344,2025-06,113,45,22,3,177219
UAE_344,2025-07,195,78,39,5,442270
UAE_344,2025-08,233,93,46,5,197133
UAE_344,2025-09,152,60,30,3,489529
UAE_344,2025-10,114,45,22,2,222297
UAE_344,2025-11,59,23,11,1,49569
UAE_344,2025-12,137,54,27,3,250826
UAE_345,2023-01,46,18,9,1,21672
UAE_345,2023-02,61,24,12,2,73752
UAE_345,2023-03,39,15,7,1,57911
UAE_345,2023-04,69,27,13,2,100203
UAE_345,2023-05,82,32,16,1,63210
UAE_345,2023-06,56,22,11,1,90506
UAE_345,2023-07,37,14,7,1,43605
UAE_345,2023-08,95,38,19,1,126835
UAE_345,2023-09,29,11,5,1,17937
UAE_345,2023-10,85,34,17,2,68760
UAE_345,2023-11,77,30,15,1,67339
UAE_345,2023-12,49,19,9,1,62324
UAE_345,2024-01,85,34,17,1,90768
UAE_345,2024-02,34,13,6,1,51373
UAE_345,2024-03,62,24,12,2,66393
UAE_345,2024-04,63,25,12,1,43328
UAE_345,2024-05,42,16,8,1,39082
UAE_345,2024-06,46,18,9,1,21761
UAE_345,2024-07,101,40,20,2,53941
UAE_345,2024-08,33,13,6,1,32476
UAE_345,2024-09,68,27,13,1,47634
UAE_345,2024-10,51,20,10,1,21213
UAE_345,2024-11,44,17,8,1,56431
UAE_345,2024-12,35,14,7,1,53171
UAE_345,2025-01,48,19,9,1,57549
UAE_345,2025-02,64,25,12,1,32565
UAE_345,2025-03,48,19,9,1,22440
UAE_345,2025-04,35,14,7,1,33520
UAE_345,2025-05,97,38,19,3,132967
UAE_345,2025-06,97,38,19,2,64614
UAE_345,2025-07,95,38,19,1,45664
UAE_345,2025-08,83,33,16,2,126085
UAE_345,2025-09,48,19,9,1,53217
UAE_345,2025-10,70,28,14,1,68002
UAE_345,2025-11,68,27,13,1,36443
UAE_345,2025-12,46,18,9,1,39461
UAE_346,2023-01,42,16,8,1,36914
UAE_346,2023-02,53,21,10,1,55416
UAE_346,2023-03,15,6,3,1,11644
UAE_346,2023-04,61,24,12,1,66462
UAE_346,2023-05,50,20,10,1,57387
UAE_346,2023-06,70,28,14,1,39874
UAE_346,2023-07,59,23,11,1,50372
UAE_346,2023-08,32,12,6,1,34663
UAE_346,2023-09,46,18,9,1,33420
UAE_346,2023-10,38,15,7,1,15337
UAE_346,2023-11,53,21,10,1,42844
UAE_346,2023-12,23,9,4,1,24065
UAE_346,2024-01,55,22,11,1,37614
UAE_346,2024-02,60,24,12,1,58562
UAE_346,2024-03,18,7,3,1,13648
UAE_346,2024-04,21,8,4,1,12252
UAE_346,2024-05,59,23,11,1,45380
UAE_346,2024-06,66,26,13,2,19936
UAE_346,2024-07,48,19,9,1,34678
UAE_346,2024-08,28,11,5,1,20157
UAE_346,2024-09,64,25,12,1,36294
UAE_346,2024-10,47,18,9,1,34881
UAE_346,2024-11,88,35,17,3,31659
UAE_346,2024-12,46,18,9,1,29122
UAE_346,2025-01,24,9,4,1,26201
UAE_346,2025-02,49,19,9,1,21424
UAE_346,2025-03,19,7,3,1,11117
UAE_346,2025-04,34,13,6,1,26712
UAE_346,2025-05,71,28,14,2,51907
UAE_346,2025-06,47,18,9,1,22261
UAE_346,2025-07,57,22,11,1,31138
UAE_346,2025-08,38,15,7,1,41387
UAE_346,2025-09,11,4,2,1,5693
UAE_346,2025-10,21,8,4,1,13623
UAE_346,2025-11,38,15,7,1,36660
UAE_346,2025-12,42,16,8,1,24646
UAE_347,2023-01,92,36,18,2,188026
UAE_347,2023-02,83,33,16,1,117331
UAE_347,2023-03,103,41,20,3,145458
UAE_347,2023-04,38,15,7,1,27255
UAE_347,2023-05,80,32,16,2,107812
UAE_347,2023-06,108,43,21,3,73763
UAE_347,2023-07,33,13,6,1,45876
UAE_347,2023-08,45,18,9,1,93762
UAE_347,2023-09,99,39,19,3,184657
UAE_347,2023-10,41,16,8,1,65394
UAE_347,2023-11,72,28,14,2,67696
UAE_347,2023-12,69,27,13,2,106946
UAE_347,2024-01,77,30,15,2,119703
UAE_347,2024-02,67,26,13,1,138070
UAE_347,2024-03,50,20,10,1,100945
UAE_347,2024-04,73,29,14,2,41851
UAE_347,2024-05,55,22,11,1,56180
UAE_347,2024-06,81,32,16,1,89453
UAE_347,2024-07,46,18,9,1,61567
UAE_347,2024-08,101,40,20,2,103792
UAE_347,2024-09,71,28,14,2,104317
UAE_347,2024-10,55,22,11,1,70489
UAE_347,2024-11,60,24,12,2,52102
UAE_347,2024-12,63,25,12,2,132844
UAE_347,2025-01,63,25,12,2,124522
UAE_347,2025-02,22,8,4,1,18918
UAE_347,2025-03,28,11,5,1,42708
UAE_347,2025-04,90,36,18,3,66951
UAE_347,2025-05,43,17,8,1,77366
UAE_347,2025-06,47,18,9,1,46441
UAE_347,2025-07,109,43,21,3,211764
UAE_347,2025-08,114,45,22,4,70573
UAE_347,2025-09,199,79,39,3,218770
UAE_347,2025-10,121,48,24,2,196605
UAE_347,2025-11,119,47,23,2,68306
UAE_347,2025-12,29,11,5,1,57562
UAE_348,2023-01,85,34,17,2,72598
UAE_348,2023-02,35,14,7,1,55342
UAE_348,2023-03,108,43,21,3,224342
UAE_348,2023-04,66,26,13,1,86737
UAE_348,2023-05,98,39,19,1,138334
UAE_348,2023-06,61,24,12,1,106367
UAE_348,2023-07,54,21,10,2,64047
UAE_348,2023-08,41,16,8,1,52388
UAE_348,2023-09,138,55,27,4,184877
UAE_348,2023-10,71,28,14,1,112247
UAE_348,2023-11,119,47,23,3,97750
UAE_348,2023-12,35,14,7,1,19235
UAE_348,2024-01,52,20,10,1,106798
UAE_348,2024-02,24,9,4,1,46513
UAE_348,2024-03,51,20,10,1,58617
UAE_348,2024-04,120,48,24,3,80841
UAE_348,2024-05,88,35,17,3,118249
UAE_348,2024-06,102,40,20,3,96793
UAE_348,2024-07,97,38,19,3,111203
UAE_348,2024-08,142,56,28,5,210351
UAE_348,2024-09,29,11,5,1,36393
UAE_348,2024-10,96,38,19,2,147021
UAE_348,2024-11,24,9,4,1,18819
UAE_348,2024-12,56,22,11,1,60820
UAE_348,2025-01,22,8,4,1,24649
UAE_348,2025-02,96,38,19,2,103517
UAE_348,2025-03,36,14,7,1,45681
UAE_348,2025-04,82,32,16,3,165721
UAE_348,2025-05,38,15,7,1,68362
UAE_348,2025-06,35,14,7,1,75359
UAE_348,2025-07,32,12,6,1,21344
UAE_348,2025-08,95,38,19,2,164706
UAE_348,2025-09,129,51,25,5,261614
UAE_348,2025-10,87,34,17,1,171219
UAE_348,2025-11,90,36,18,3,87287
UAE_348,2025-12,111,44,22,3,191336
UAE_349,2023-01,95,38,19,2,114202
UAE_349,2023-02,79,31,15,1,87249
UAE_349,2023-03,39,15,7,1,29293
UAE_349,2023-04,79,31,15,3,113366
UAE_349,2023-05,65,26,13,1,120414
UAE_349,2023-06,31,12,6,1,34956
UAE_349,2023-07,126,50,25,3,168794
UAE_349,2023-08,86,34,17,3,127753
UAE_349,2023-09,68,27,13,2,129376
UAE_349,2023-10,43,17,8,1,52512
UAE_349,2023-11,21,8,4,1,10129
UAE_349,2023-12,97,38,19,2,100294
UAE_349,2024-01,55,22,11,1,69810
UAE_349,2024-02,25,10,5,1,45296
UAE_349,2024-03,41,16,8,1,62020
UAE_349,2024-04,121,48,24,2,103305
UAE_349,2024-05,126,50,25,3,107860
UAE_349,2024-06,94,37,18,3,71925
UAE_349,2024-07,100,40,20,1,147416
UAE_349,2024-08,89,35,17,1,120935
UAE_349,2024-09,89,35,17,2,90349
UAE_349,2024-10,55,22,11,1,86614
UAE_349,2024-11,69,27,13,1,61553
UAE_349,2024-12,73,29,14,2,109615
UAE_349,2025-01,95,38,19,3,177910
UAE_349,2025-02,46,18,9,1,43857
UAE_349,2025-03,32,12,6,1,53785
UAE_349,2025-04,63,25,12,1,56818
UAE_349,2025-05,87,34,17,2,158557
UAE_349,2025-06,92,36,18,2,158724
UAE_349,2025-07,99,39,19,2,83987
UAE_349,2025-08,56,22,11,1,69472
UAE_349,2025-09,93,37,18,3,101868
UAE_349,2025-10,90,36,18,2,143985
UAE_349,2025-11,17,6,3,1,11588
UAE_349,2025-12,42,16,8,1,67290
UAE_350,2023-01,10,4,2,1,6602
UAE_350,2023-02,11,4,2,1,3767
UAE_350,2023-03,35,14,7,1,27770
UAE_350,2023-04,46,18,9,1,17275
UAE_350,2023-05,46,18,9,1,49930
UAE_350,2023-06,43,17,8,1,15107
UAE_350,2023-07,27,10,5,1,13442
UAE_350,2023-08,63,25,12,1,41560
UAE_350,2023-09,39,15,7,1,19686
UAE_350,2023-10,41,16,8,1,22323
UAE_350,2023-11,11,4,2,1,9961
UAE_350,2023-12,24,9,4,1,10624
UAE_350,2024-01,27,10,5,1,15848
UAE_350,2024-02,69,27,13,2,36262
UAE_350,2024-03,68,27,13,1,61653
UAE_350,2024-04,19,7,3,1,18007
UAE_350,2024-05,36,14,7,1,33229
UAE_350,2024-06,54,21,10,1,25439
UAE_350,2024-07,21,8,4,1,9709
UAE_350,2024-08,22,8,4,1,9693
UAE_350,2024-09,42,16,8,1,23115
UAE_350,2024-10,49,19,9,1,29626
UAE_350,2024-11,27,10,5,1,22406
UAE_350,2024-12,10,4,2,1,7603
UAE_350,2025-01,26,10,5,1,17976
UAE_350,2025-02,59,23,11,1,55490
UAE_350,2025-03,33,13,6,1,23337
UAE_350,2025-04,58,23,11,1,59105
UAE_350,2025-05,35,14,7,1,13351
UAE_350,2025-06,24,9,4,1,20630
UAE_350,2025-07,44,17,8,1,31530
UAE_350,2025-08,32,12,6,1,12672
UAE_350,2025-09,54,21,10,1,29495
UAE_350,2025-10,35,14,7,1,15078
UAE_350,2025-11,42,16,8,1,21499
UAE_350,2025-12,33,13,6,1,31209
UAE_351,2023-01,930,372,186,16,13015807
UAE_351,2023-02,723,289,144,22,10757868
UAE_351,2023-03,615,246,123,12,4338443
UAE_351,2023-04,512,204,102,11,8621531
UAE_351,2023-05,1347,538,269,44,10993766
UAE_351,2023-06,1407,562,281,44,14159567
UAE_351,2023-07,1210,484,242,43,8429963
UAE_351,2023-08,312,124,62,7,2323529
UAE_351,2023-09,1124,449,224,26,22651991
UAE_351,2023-10,853,341,170,25,12660617
UAE_351,2023-11,1297,518,259,48,25259249
UAE_351,2023-12,935,374,187,16,20706446
UAE_351,2024-01,1305,522,261,48,13928223
UAE_351,2024-02,1001,400,200,32,8184032
UAE_351,2024-03,1195,478,239,18,14460068
UAE_351,2024-04,916,366,183,19,11707439
UAE_351,2024-05,1311,524,262,24,10760575
UAE_351,2024-06,672,268,134,26,10852030
UAE_351,2024-07,1453,581,290,48,19922739
UAE_351,2024-08,1485,594,297,50,21355505
UAE_351,2024-09,512,204,102,12,4300291
UAE_351,2024-10,997,398,199,39,17130469
UAE_351,2024-11,496,198,99,18,6286040
UAE_351,2024-12,563,225,112,14,5160096
UAE_351,2025-01,469,187,93,8,6045132
UAE_351,2025-02,714,285,142,18,8778037
UAE_351,2025-03,883,353,176,15,19589604
UAE_351,2025-04,1083,433,216,31,18052228
UAE_351,2025-05,1136,454,227,29,25216671
UAE_351,2025-06,1353,541,270,25,22997217
UAE_351,2025-07,1159,463,231,34,8035184
UAE_351,2025-08,1219,487,243,22,18219385
UAE_351,2025-09,952,380,190,23,19173675
UAE_351,2025-10,943,377,188,35,11845290
UAE_351,2025-11,224,89,44,7,3993784
UAE_351,2025-12,792,316,158,18,14071243
UAE_352,2023-01,11,4,2,1,6439
UAE_352,2023-02,16,6,3,1,5244
UAE_352,2023-03,56,22,11,1,30369
UAE_352,2023-04,17,6,3,1,12517
UAE_352,2023-05,24,9,4,1,7788
UAE_352,2023-06,52,20,10,1,35590
UAE_352,2023-07,73,29,14,1,86020
UAE_352,2023-08,17,6,3,1,16929
UAE_352,2023-09,28,11,5,1,9820
UAE_352,2023-10,18,7,3,1,6448
UAE_352,2023-11,33,13,6,1,18095
UAE_352,2023-12,54,21,10,1,28984
UAE_352,2024-01,38,15,7,1,34015
UAE_352,2024-02,21,8,4,1,13114
UAE_352,2024-03,32,12,6,1,9786
UAE_352,2024-04,21,8,4,1,21516
UAE_352,2024-05,48,19,9,1,22837
UAE_352,2024-06,71,28,14,1,33843
UAE_352,2024-07,25,10,5,1,25975
UAE_352,2024-08,82,32,16,1,81070
UAE_352,2024-09,62,24,12,1,69092
UAE_352,2024-10,36,14,7,1,37534
UAE_352,2024-11,16,6,3,1,10990
UAE_352,2024-12,27,10,5,1,27797
UAE_352,2025-01,15,6,3,1,14815
UAE_352,2025-02,63,25,12,1,28766
UAE_352,2025-03,77,30,15,1,72194
UAE_352,2025-04,53,21,10,1,39726
UAE_352,2025-05,45,18,9,1,15932
UAE_352,2025-06,95,38,19,1,109638
UAE_352,2025-07,63,25,12,1,74765
UAE_352,2025-08,23,9,4,1,16312
UAE_352,2025-09,15,6,3,1,12462
UAE_352,2025-10,18,7,3,1,12998
UAE_352,2025-11,58,23,11,1,45827
UAE_352,2025-12,22,8,4,1,8908
UAE_353,2023-01,80,32,16,1,144002
UAE_353,2023-02,26,10,5,1,19895
UAE_353,2023-03,66,26,13,1,107001
UAE_353,2023-04,38,15,7,1,30502
UAE_353,2023-05,27,10,5,1,47317
UAE_353,2023-06,54,21,10,1,77570
UAE_353,2023-07,111,44,22,1,79632
UAE_353,2023-08,112,44,22,3,208692
UAE_353,2023-09,110,44,22,3,186981
UAE_353,2023-10,79,31,15,2,103873
UAE_353,2023-11,31,12,6,1,57563
UAE_353,2023-12,97,38,19,1,121139
UAE_353,2024-01,116,46,23,3,100937
UAE_353,2024-02,86,34,17,2,95963
UAE_353,2024-03,88,35,17,1,56569
UAE_353,2024-04,39,15,7,1,63609
UAE_353,2024-05,112,44,22,3,180178
UAE_353,2024-06,177,70,35,3,158201
UAE_353,2024-07,30,12,6,1,37887
UAE_353,2024-08,131,52,26,4,216090
UAE_353,2024-09,41,16,8,1,49104
UAE_353,2024-10,92,36,18,2,73269
UAE_353,2024-11,39,15,7,1,61970
UAE_353,2024-12,38,15,7,1,62834
UAE_353,2025-01,38,15,7,1,61407
UAE_353,2025-02,86,34,17,3,78109
UAE_353,2025-03,92,36,18,3,167229
UAE_353,2025-04,57,22,11,1,33413
UAE_353,2025-05,26,10,5,1,17888
UAE_353,2025-06,112,44,22,4,177873
UAE_353,2025-07,36,14,7,1,58571
UAE_353,2025-08,150,60,30,4,82092
UAE_353,2025-09,76,30,15,1,70353
UAE_353,2025-10,27,10,5,1,16598
UAE_353,2025-11,37,14,7,1,17256
UAE_353,2025-12,91,36,18,3,104296
UAE_354,2023-01,38,15,7,1,35213
UAE_354,2023-02,36,14,7,1,16831
UAE_354,2023-03,83,33,16,3,92142
UAE_354,2023-04,54,21,10,1,23285
UAE_354,2023-05,66,26,13,2,41182
UAE_354,2023-06,77,30,15,1,40620
UAE_354,2023-07,80,32,16,2,42364
UAE_354,2023-08,58,23,11,1,41710
UAE_354,2023-09,93,37,18,3,66106
UAE_354,2023-10,48,19,9,1,37633
UAE_354,2023-11,54,21,10,1,61260
UAE_354,2023-12,49,19,9,1,52946
UAE_354,2024-01,62,24,12,2,71742
UAE_354,2024-02,24,9,4,1,26682
UAE_354,2024-03,67,26,13,1,41170
UAE_354,2024-04,41,16,8,1,33493
UAE_354,2024-05,104,41,20,3,60667
UAE_354,2024-06,59,23,11,1,36014
UAE_354,2024-07,65,26,13,2,29861
UAE_354,2024-08,82,32,16,2,94145
UAE_354,2024-09,63,25,12,1,73348
UAE_354,2024-10,49,19,9,1,32220
UAE_354,2024-11,38,15,7,1,26452
UAE_354,2024-12,51,20,10,1,24913
UAE_354,2025-01,29,11,5,1,8516
UAE_354,2025-02,35,14,7,1,17031
UAE_354,2025-03,56,22,11,1,54841
UAE_354,2025-04,26,10,5,1,10472
UAE_354,2025-05,58,23,11,1,49390
UAE_354,2025-06,70,28,14,1,52066
UAE_354,2025-07,81,32,16,3,57794
UAE_354,2025-08,21,8,4,1,15662
UAE_354,2025-09,25,10,5,1,23482
UAE_354,2025-10,57,22,11,1,20766
UAE_354,2025-11,68,27,13,2,44741
UAE_354,2025-12,47,18,9,1,15189
UAE_355,2023-01,177,70,35,3,546712
UAE_355,2023-02,39,15,7,1,88739
UAE_355,2023-03,49,19,9,1,128492
UAE_355,2023-04,192,76,38,5,235875
UAE_355,2023-05,111,44,22,1,387216
UAE_355,2023-06,124,49,24,3,195206
UAE_355,2023-07,282,112,56,4,697926
UAE_355,2023-08,124,49,24,4,244875
UAE_355,2023-09,142,56,28,3,273507
UAE_355,2023-10,138,55,27,3,235990
UAE_355,2023-11,88,35,17,3,253963
UAE_355,2023-12,80,32,16,1,183573
UAE_355,2024-01,122,48,24,2,398634
UAE_355,2024-02,45,18,9,1,141465
UAE_355,2024-03,36,14,7,1,66408
UAE_355,2024-04,82,32,16,3,215553
UAE_355,2024-05,53,21,10,1,54426
UAE_355,2024-06,163,65,32,2,424141
UAE_355,2024-07,240,96,48,5,259066
UAE_355,2024-08,323,129,64,10,852878
UAE_355,2024-09,60,24,12,1,226262
UAE_355,2024-10,95,38,19,2,302308
UAE_355,2024-11,126,50,25,3,473018
UAE_355,2024-12,102,40,20,3,237975
UAE_355,2025-01,221,88,44,6,829211
UAE_355,2025-02,39,15,7,1,58168
UAE_355,2025-03,101,40,20,3,288888
UAE_355,2025-04,172,68,34,4,483390
UAE_355,2025-05,185,74,37,6,601728
UAE_355,2025-06,264,105,52,7,716800
UAE_355,2025-07,197,78,39,6,273907
UAE_355,2025-08,48,19,9,1,113488
UAE_355,2025-09,101,40,20,4,351222
UAE_355,2025-10,168,67,33,3,623049
UAE_355,2025-11,179,71,35,2,489674
UAE_355,2025-12,88,35,17,2,191213
UAE_356,2023-01,67,26,13,2,328501
UAE_356,2023-02,537,214,107,9,1936246
UAE_356,2023-03,267,106,53,9,1002665
UAE_356,2023-04,605,242,121,10,3045669
UAE_356,2023-05,322,128,64,5,2252021
UAE_356,2023-06,430,172,86,14,2011416
UAE_356,2023-07,363,145,72,11,2864076
UAE_356,2023-08,487,194,97,16,1957580
UAE_356,2023-09,647,258,129,16,4130089
UAE_356,2023-10,482,192,96,14,3648499
UAE_356,2023-11,323,129,64,11,1008342
UAE_356,2023-12,63,25,12,2,397220
UAE_356,2024-01,197,78,39,7,1093482
UAE_356,2024-02,144,57,28,4,1203355
UAE_356,2024-03,192,76,38,6,828164
UAE_356,2024-04,332,132,66,10,2132264
UAE_356,2024-05,527,210,105,16,3122798
UAE_356,2024-06,245,98,49,9,1939203
UAE_356,2024-07,317,126,63,8,2553858
UAE_356,2024-08,441,176,88,11,1207692
UAE_356,2024-09,294,117,58,8,1122837
UAE_356,2024-10,239,95,47,8,1628554
UAE_356,2024-11,361,144,72,10,3040850
UAE_356,2024-12,259,103,51,5,1067213
UAE_356,2025-01,86,34,17,2,278361
UAE_356,2025-02,167,66,33,3,667281
UAE_356,2025-03,140,56,28,4,529399
UAE_356,2025-04,127,50,25,2,997936
UAE_356,2025-05,229,91,45,5,1436630
UAE_356,2025-06,547,218,109,14,1896846
UAE_356,2025-07,213,85,42,7,790153
UAE_356,2025-08,166,66,33,5,729957
UAE_356,2025-09,319,127,63,9,2231913
UAE_356,2025-10,223,89,44,8,747102
UAE_356,2025-11,229,91,45,6,1355441
UAE_356,2025-12,309,123,61,6,1654299
UAE_357,2023-01,20,8,4,1,12831
UAE_357,2023-02,21,8,4,1,20261
UAE_357,2023-03,56,22,11,1,18674
UAE_357,2023-04,20,8,4,1,19708
UAE_357,2023-05,32,12,6,1,28172
UAE_357,2023-06,61,24,12,1,30211
UAE_357,2023-07,17,6,3,1,13068
UAE_357,2023-08,100,40,20,3,44542
UAE_357,2023-09,25,10,5,1,13936
UAE_357,2023-10,40,16,8,1,27671
UAE_357,2023-11,59,23,11,1,65409
UAE_357,2023-12,24,9,4,1,26400
UAE_357,2024-01,22,8,4,1,11232
UAE_357,2024-02,27,10,5,1,10908
UAE_357,2024-03,34,13,6,1,26502
UAE_357,2024-04,24,9,4,1,24424
UAE_357,2024-05,13,5,2,1,8203
UAE_357,2024-06,73,29,14,2,26735
UAE_357,2024-07,66,26,13,1,73392
UAE_357,2024-08,77,30,15,1,70824
UAE_357,2024-09,15,6,3,1,5961
UAE_357,2024-10,10,4,2,1,5773
UAE_357,2024-11,25,10,5,1,19806
UAE_357,2024-12,15,6,3,1,6865
UAE_357,2025-01,58,23,11,1,29639
UAE_357,2025-02,15,6,3,1,10440
UAE_357,2025-03,46,18,9,1,18017
UAE_357,2025-04,49,19,9,1,48920
UAE_357,2025-05,90,36,18,1,43653
UAE_357,2025-06,23,9,4,1,20610
UAE_357,2025-07,94,37,18,3,90188
UAE_357,2025-08,104,41,20,1,112922
UAE_357,2025-09,71,28,14,1,78478
UAE_357,2025-10,38,15,7,1,42108
UAE_357,2025-11,47,18,9,1,36712
UAE_357,2025-12,27,10,5,1,22529
UAE_358,2023-01,421,168,84,8,4105913
UAE_358,2023-02,149,59,29,4,1451038
UAE_358,2023-03,242,96,48,7,1867128
UAE_358,2023-04,440,176,88,8,2969584
UAE_358,2023-05,296,118,59,8,2930033
UAE_358,2023-06,209,83,41,6,1119334
UAE_358,2023-07,913,365,182,28,3517377
UAE_358,2023-08,233,93,46,9,2138140
UAE_358,2023-09,331,132,66,8,2826451
UAE_358,2023-10,164,65,32,5,1713762
UAE_358,2023-11,468,187,93,12,5040730
UAE_358,2023-12,437,174,87,7,3828958
UAE_358,2024-01,219,87,43,8,1402163
UAE_358,2024-02,374,149,74,6,3928210
UAE_358,2024-03,513,205,102,19,3659270
UAE_358,2024-04,419,167,83,12,3249240
UAE_358,2024-05,195,78,39,4,1716425
UAE_358,2024-06,234,93,46,7,696661
UAE_358,2024-07,150,60,30,3,430284
UAE_358,2024-08,570,228,114,15,4541937
UAE_358,2024-09,544,217,108,10,2070104
UAE_358,2024-10,274,109,54,8,1755508
UAE_358,2024-11,111,44,22,3,996113
UAE_358,2024-12,522,208,104,15,1501448
UAE_358,2025-01,437,174,87,8,4266138
UAE_358,2025-02,291,116,58,5,848640
UAE_358,2025-03,227,90,45,5,1676530
UAE_358,2025-04,460,184,92,11,3304444
UAE_358,2025-05,124,49,24,3,685387
UAE_358,2025-06,219,87,43,7,824129
UAE_358,2025-07,401,160,80,13,2942395
UAE_358,2025-08,344,137,68,6,1878794
UAE_358,2025-09,599,239,119,21,5712272
UAE_358,2025-10,199,79,39,7,839584
UAE_358,2025-11,171,68,34,6,1437287
UAE_358,2025-12,364,145,72,9,2114546
UAE_359,2023-01,49,19,9,1,69849
UAE_359,2023-02,69,27,13,2,77391
UAE_359,2023-03,73,29,14,2,110748
UAE_359,2023-04,70,28,14,1,31280
UAE_359,2023-05,69,27,13,1,67233
UAE_359,2023-06,90,36,18,3,61467
UAE_359,2023-07,85,34,17,2,137922
UAE_359,2023-08,53,21,10,1,24306
UAE_359,2023-09,35,14,7,1,34428
UAE_359,2023-10,50,20,10,1,55320
UAE_359,2023-11,93,37,18,3,58827
UAE_359,2023-12,64,25,12,1,57285
UAE_359,2024-01,43,17,8,1,39837
UAE_359,2024-02,52,20,10,1,50102
UAE_359,2024-03,24,9,4,1,23603
UAE_359,2024-04,58,23,11,1,27294
UAE_359,2024-05,73,29,14,1,111317
UAE_359,2024-06,103,41,20,2,54290
UAE_359,2024-07,35,14,7,1,53235
UAE_359,2024-08,75,30,15,1,50760
UAE_359,2024-09,66,26,13,1,66055
UAE_359,2024-10,59,23,11,1,55495
UAE_359,2024-11,61,24,12,1,56048
UAE_359,2024-12,24,9,4,1,11381
UAE_359,2025-01,21,8,4,1,27395
UAE_359,2025-02,65,26,13,1,96020
UAE_359,2025-03,18,7,3,1,20482
UAE_359,2025-04,83,33,16,2,119369
UAE_359,2025-05,40,16,8,1,45989
UAE_359,2025-06,45,18,9,1,33390
UAE_359,2025-07,121,48,24,4,180715
UAE_359,2025-08,60,24,12,1,92314
UAE_359,2025-09,34,13,6,1,45781
UAE_359,2025-10,50,20,10,1,72634
UAE_359,2025-11,79,31,15,2,51098
UAE_359,2025-12,52,20,10,1,44311
UAE_360,2023-01,22,8,4,1,17110
UAE_360,2023-02,38,15,7,1,35701
UAE_360,2023-03,34,13,6,1,27705
UAE_360,2023-04,62,24,12,1,37237
UAE_360,2023-05,13,5,2,1,4710
UAE_360,2023-06,49,19,9,1,52479
UAE_360,2023-07,49,19,9,1,24011
UAE_360,2023-08,73,29,14,2,43973
UAE_360,2023-09,31,12,6,1,25374
UAE_360,2023-10,29,11,5,1,24974
UAE_360,2023-11,39,15,7,1,38276
UAE_360,2023-12,11,4,2,1,3505
UAE_360,2024-01,17,6,3,1,17083
UAE_360,2024-02,42,16,8,1,26411
UAE_360,2024-03,45,18,9,1,33011
UAE_360,2024-04,42,16,8,1,33074
UAE_360,2024-05,58,23,11,1,46952
UAE_360,2024-06,26,10,5,1,14081
UAE_360,2024-07,21,8,4,1,17299
UAE_360,2024-08,81,32,16,2,44349
UAE_360,2024-09,14,5,2,1,8182
UAE_360,2024-10,53,21,10,1,29056
UAE_360,2024-11,44,17,8,1,22077
UAE_360,2024-12,13,5,2,1,9090
UAE_360,2025-01,41,16,8,1,21971
UAE_360,2025-02,29,11,5,1,32612
UAE_360,2025-03,20,8,4,1,21280
UAE_360,2025-04,65,26,13,1,20254
UAE_360,2025-05,84,33,16,2,48846
UAE_360,2025-06,24,9,4,1,12017
UAE_360,2025-07,62,24,12,1,25524
UAE_360,2025-08,24,9,4,1,24934
UAE_360,2025-09,16,6,3,1,6809
UAE_360,2025-10,11,4,2,1,7702
UAE_360,2025-11,25,10,5,1,10278
UAE_360,2025-12,44,17,8,1,29927
UAE_361,2023-01,89,35,17,1,186989
UAE_361,2023-02,117,46,23,1,172653
UAE_361,2023-03,59,23,11,1,96900
UAE_361,2023-04,51,20,10,2,70003
UAE_361,2023-05,81,32,16,1,116991
UAE_361,2023-06,144,57,28,3,201822
UAE_361,2023-07,134,53,26,2,157006
UAE_361,2023-08,48,19,9,1,51090
UAE_361,2023-09,40,16,8,1,71041
UAE_361,2023-10,44,17,8,1,37537
UAE_361,2023-11,38,15,7,1,49454
UAE_361,2023-12,44,17,8,1,24293
UAE_361,2024-01,96,38,19,3,121540
UAE_361,2024-02,77,30,15,2,129645
UAE_361,2024-03,60,24,12,1,47773
UAE_361,2024-04,91,36,18,1,57408
UAE_361,2024-05,89,35,17,3,160585
UAE_361,2024-06,50,20,10,1,27884
UAE_361,2024-07,37,14,7,1,56147
UAE_361,2024-08,38,15,7,1,53114
UAE_361,2024-09,117,46,23,4,149293
UAE_361,2024-10,99,39,19,2,54190
UAE_361,2024-11,21,8,4,1,17005
UAE_361,2024-12,71,28,14,2,149348
UAE_361,2025-01,33,13,6,1,54527
UAE_361,2025-02,98,39,19,3,62604
UAE_361,2025-03,64,25,12,1,75253
UAE_361,2025-04,24,9,4,1,40149
UAE_361,2025-05,59,23,11,2,104142
UAE_361,2025-06,65,26,13,1,37257
UAE_361,2025-07,36,14,7,1,40263
UAE_361,2025-08,50,20,10,1,78361
UAE_361,2025-09,161,64,32,3,336544
UAE_361,2025-10,178,71,35,5,194346
UAE_361,2025-11,63,25,12,1,66892
UAE_361,2025-12,60,24,12,1,41640
UAE_362,2023-01,92,36,18,2,331916
UAE_362,2023-02,177,70,35,5,730800
UAE_362,2023-03,204,81,40,6,691323
UAE_362,2023-04,76,30,15,1,98704
UAE_362,2023-05,127,50,25,4,308344
UAE_362,2023-06,221,88,44,4,828529
UAE_362,2023-07,117,46,23,3,386524
UAE_362,2023-08,105,42,21,3,354214
UAE_362,2023-09,293,117,58,11,837127
UAE_362,2023-10,159,63,31,5,258955
UAE_362,2023-11,107,42,21,3,128056
UAE_362,2023-12,170,68,34,2,427377
UAE_362,2024-01,87,34,17,1,273817
UAE_362,2024-02,112,44,22,4,395775
UAE_362,2024-03,197,78,39,7,799517
UAE_362,2024-04,210,84,42,5,537852
UAE_362,2024-05,181,72,36,5,648851
UAE_362,2024-06,167,66,33,5,452919
UAE_362,2024-07,308,123,61,7,845468
UAE_362,2024-08,197,78,39,6,787320
UAE_362,2024-09,80,32,16,1,290702
UAE_362,2024-10,122,48,24,3,329135
UAE_362,2024-11,183,73,36,6,223672
UAE_362,2024-12,139,55,27,4,291446
UAE_362,2025-01,175,70,35,4,474414
UAE_362,2025-02,97,38,19,3,223381
UAE_362,2025-03,259,103,51,7,1008581
UAE_362,2025-04,147,58,29,2,462515
UAE_362,2025-05,119,47,23,2,308487
UAE_362,2025-06,375,150,75,8,1120258
UAE_362,2025-07,249,99,49,5,653654
UAE_362,2025-08,70,28,14,1,230786
UAE_362,2025-09,125,50,25,4,512516
UAE_362,2025-10,388,155,77,11,599400
UAE_362,2025-11,77,30,15,3,138029
UAE_362,2025-12,151,60,30,4,285294
UAE_363,2023-01,17,6,3,1,10854
UAE_363,2023-02,25,10,5,1,27353
UAE_363,2023-03,32,12,6,1,30233
UAE_363,2023-04,36,14,7,1,25018
UAE_363,2023-05,73,29,14,1,27952
UAE_363,2023-06,22,8,4,1,19054
UAE_363,2023-07,43,17,8,1,37844
UAE_363,2023-08,35,14,7,1,25098
UAE_363,2023-09,38,15,7,1,36635
UAE_363,2023-10,65,26,13,2,46243
UAE_363,2023-11,86,34,17,1,91957
UAE_363,2023-12,17,6,3,1,9918
UAE_363,2024-01,16,6,3,1,15787
UAE_363,2024-02,19,7,3,1,12388
UAE_363,2024-03,44,17,8,1,17486
UAE_363,2024-04,49,19,9,1,21633
UAE_363,2024-05,54,21,10,1,26202
UAE_363,2024-06,47,18,9,1,30594
UAE_363,2024-07,46,18,9,1,23109
UAE_363,2024-08,47,18,9,1,19572
UAE_363,2024-09,49,19,9,1,45596
UAE_363,2024-10,69,27,13,1,69585
UAE_363,2024-11,28,11,5,1,25043
UAE_363,2024-12,19,7,3,1,16393
UAE_363,2025-01,40,16,8,1,35677
UAE_363,2025-02,25,10,5,1,9043
UAE_363,2025-03,15,6,3,1,12644
UAE_363,2025-04,19,7,3,1,7732
UAE_363,2025-05,68,27,13,1,65981
UAE_363,2025-06,36,14,7,1,41396
UAE_363,2025-07,76,30,15,1,31725
UAE_363,2025-08,18,7,3,1,20484
UAE_363,2025-09,18,7,3,1,6887
UAE_363,2025-10,72,28,14,2,37282
UAE_363,2025-11,12,4,2,1,11246
UAE_363,2025-12,16,6,3,1,17972
UAE_364,2023-01,422,168,84,6,1651233
UAE_364,2023-02,102,40,20,2,242650
UAE_364,2023-03,301,120,60,7,1933677
UAE_364,2023-04,174,69,34,3,1179546
UAE_364,2023-05,342,136,68,6,2365547
UAE_364,2023-06,284,113,56,10,741857
UAE_364,2023-07,406,162,81,9,1131445
UAE_364,2023-08,279,111,55,10,1660009
UAE_364,2023-09,378,151,75,9,2636373
UAE_364,2023-10,146,58,29,3,315094
UAE_364,2023-11,157,62,31,4,599240
UAE_364,2023-12,103,41,20,4,294032
UAE_364,2024-01,137,54,27,4,877855
UAE_364,2024-02,330,132,66,11,801621
UAE_364,2024-03,261,104,52,4,898525
UAE_364,2024-04,160,64,32,6,908056
UAE_364,2024-05,579,231,115,8,2172672
UAE_364,2024-06,511,204,102,16,2987937
UAE_364,2024-07,503,201,100,8,1763805
UAE_364,2024-08,246,98,49,6,1051602
UAE_364,2024-09,448,179,89,15,1989105
UAE_364,2024-10,195,78,39,4,806571
UAE_364,2024-11,296,118,59,10,724629
UAE_364,2024-12,122,48,24,3,467015
UAE_364,2025-01,80,32,16,2,546606
UAE_364,2025-02,92,36,18,2,547513
UAE_364,2025-03,288,115,57,6,1548121
UAE_364,2025-04,263,105,52,6,825998
UAE_364,2025-05,262,104,52,6,1174465
UAE_364,2025-06,145,58,29,3,349698
UAE_364,2025-07,147,58,29,4,668533
UAE_364,2025-08,284,113,56,10,943458
UAE_364,2025-09,336,134,67,5,1038960
UAE_364,2025-10,371,148,74,6,1479265
UAE_364,2025-11,312,124,62,10,2141912
UAE_364,2025-12,160,64,32,4,812791
UAE_365,2023-01,46,18,9,1,84099
UAE_365,2023-02,70,28,14,1,43617
UAE_365,2023-03,120,48,24,3,80999
UAE_365,2023-04,83,33,16,1,60406
UAE_365,2023-05,41,16,8,1,59842
UAE_365,2023-06,69,27,13,2,59190
UAE_365,2023-07,157,62,31,4,225854
UAE_365,2023-08,79,31,15,1,128468
UAE_365,2023-09,35,14,7,1,57307
UAE_365,2023-10,109,43,21,2,231602
UAE_365,2023-11,83,33,16,2,100609
UAE_365,2023-12,49,19,9,1,56011
UAE_365,2024-01,68,27,13,1,100174
UAE_365,2024-02,58,23,11,2,41915
UAE_365,2024-03,64,25,12,1,63258
UAE_365,2024-04,63,25,12,2,115111
UAE_365,2024-05,83,33,16,2,77880
UAE_365,2024-06,35,14,7,1,25863
UAE_365,2024-07,101,40,20,3,58970
UAE_365,2024-08,84,33,16,1,177474
UAE_365,2024-09,120,48,24,3,188834
UAE_365,2024-10,45,18,9,1,39006
UAE_365,2024-11,124,49,24,4,160336
UAE_365,2024-12,74,29,14,2,90834
UAE_365,2025-01,37,14,7,1,52947
UAE_365,2025-02,91,36,18,3,153248
UAE_365,2025-03,53,21,10,1,110882
UAE_365,2025-04,72,28,14,2,64333
UAE_365,2025-05,56,22,11,1,43064
UAE_365,2025-06,140,56,28,4,245570
UAE_365,2025-07,92,36,18,2,179432
UAE_365,2025-08,157,62,31,5,228803
UAE_365,2025-09,51,20,10,1,48833
UAE_365,2025-10,78,31,15,2,79799
UAE_365,2025-11,64,25,12,2,65308
UAE_365,2025-12,108,43,21,2,146310
UAE_366,2023-01,39,15,7,1,45011
UAE_366,2023-02,99,39,19,3,164172
UAE_366,2023-03,105,42,21,3,116591
UAE_366,2023-04,88,35,17,3,84278
UAE_366,2023-05,43,17,8,1,25460
UAE_366,2023-06,94,37,18,3,126658
UAE_366,2023-07,29,11,5,1,48131
UAE_366,2023-08,87,34,17,1,111706
UAE_366,2023-09,55,22,11,1,89124
UAE_366,2023-10,69,27,13,1,84001
UAE_366,2023-11,51,20,10,1,35198
UAE_366,2023-12,60,24,12,1,35846
UAE_366,2024-01,40,16,8,1,25902
UAE_366,2024-02,39,15,7,1,71394
UAE_366,2024-03,81,32,16,2,111356
UAE_366,2024-04,154,61,30,3,82154
UAE_366,2024-05,36,14,7,1,36585
UAE_366,2024-06,109,43,21,4,93640
UAE_366,2024-07,101,40,20,2,68055
UAE_366,2024-08,85,34,17,2,140807
UAE_366,2024-09,70,28,14,2,48448
UAE_366,2024-10,105,42,21,3,100575
UAE_366,2024-11,54,21,10,1,65863
UAE_366,2024-12,33,13,6,1,45365
UAE_366,2025-01,66,26,13,2,87654
UAE_366,2025-02,57,22,11,1,56778
UAE_366,2025-03,59,23,11,1,74583
UAE_366,2025-04,80,32,16,2,79539
UAE_366,2025-05,58,23,11,2,62223
UAE_366,2025-06,66,26,13,1,77500
UAE_366,2025-07,112,44,22,4,58826
UAE_366,2025-08,124,49,24,3,205781
UAE_366,2025-09,98,39,19,2,150716
UAE_366,2025-10,42,16,8,1,44075
UAE_366,2025-11,65,26,13,1,94497
UAE_366,2025-12,109,43,21,4,97486
UAE_367,2023-01,47,18,9,1,15283
UAE_367,2023-02,61,24,12,1,32431
UAE_367,2023-03,39,15,7,1,23109
UAE_367,2023-04,67,26,13,1,45648
UAE_367,2023-05,74,29,14,2,24458
UAE_367,2023-06,21,8,4,1,6097
UAE_367,2023-07,34,13,6,1,30558
UAE_367,2023-08,56,22,11,2,62358
UAE_367,2023-09,29,11,5,1,19443
UAE_367,2023-10,91,36,18,2,77023
UAE_367,2023-11,41,16,8,1,42685
UAE_367,2023-12,39,15,7,1,38229
UAE_367,2024-01,12,4,2,1,7426
UAE_367,2024-02,30,12,6,1,22145
UAE_367,2024-03,51,20,10,1,49342
UAE_367,2024-04,80,32,16,1,81366
UAE_367,2024-05,33,13,6,1,14851
UAE_367,2024-06,18,7,3,1,18034
UAE_367,2024-07,20,8,4,1,19910
UAE_367,2024-08,39,15,7,1,12965
UAE_367,2024-09,70,28,14,2,75070
UAE_367,2024-10,49,19,9,1,27512
UAE_367,2024-11,65,26,13,1,70072
UAE_367,2024-12,29,11,5,1,26310
UAE_367,2025-01,30,12,6,1,27530
UAE_367,2025-02,57,22,11,1,54119
UAE_367,2025-03,39,15,7,1,22332
UAE_367,2025-04,68,27,13,1,25750
UAE_367,2025-05,22,8,4,1,10629
UAE_367,2025-06,41,16,8,1,47623
UAE_367,2025-07,16,6,3,1,5308
UAE_367,2025-08,71,28,14,2,36442
UAE_367,2025-09,73,29,14,2,48344
UAE_367,2025-10,49,19,9,1,56387
UAE_367,2025-11,60,24,12,2,32115
UAE_367,2025-12,31,12,6,1,26371
UAE_368,2023-01,1162,464,232,20,13374725
UAE_368,2023-02,430,172,86,16,4874676
UAE_368,2023-03,1914,765,382,60,15611576
UAE_368,2023-04,584,233,116,14,13303887
UAE_368,2023-05,1073,429,214,19,9306807
UAE_368,2023-06,1242,496,248,41,28984484
UAE_368,2023-07,2540,1016,508,89,69789456
UAE_368,2023-08,1312,524,262,37,31001784
UAE_368,2023-09,1645,658,329,49,17382392
UAE_368,2023-10,699,279,139,20,18426513
UAE_368,2023-11,1825,730,365,71,47369984
UAE_368,2023-12,462,184,92,7,6778519
UAE_368,2024-01,803,321,160,19,22736324
UAE_368,2024-02,1427,570,285,33,32419285
UAE_368,2024-03,1582,632,316,24,17970635
UAE_368,2024-04,2177,870,435,35,63117499
UAE_368,2024-05,819,327,163,13,17776694
UAE_368,2024-06,898,359,179,23,10907856
UAE_368,2024-07,1816,726,363,46,54785274
UAE_368,2024-08,1745,698,349,32,23647248
UAE_368,2024-09,1125,450,225,23,26557308
UAE_368,2024-10,1745,698,349,48,54027894
UAE_368,2024-11,753,301,150,12,12309337
UAE_368,2024-12,530,212,106,18,13782251
UAE_368,2025-01,1182,472,236,33,27200633
UAE_368,2025-02,950,380,190,31,16925986
UAE_368,2025-03,1543,617,308,54,34434109
UAE_368,2025-04,682,272,136,13,11063695
UAE_368,2025-05,1335,534,267,41,30587087
UAE_368,2025-06,604,241,120,18,18221682
UAE_368,2025-07,1041,416,208,27,22022536
UAE_368,2025-08,1606,642,321,48,17711887
UAE_368,2025-09,967,386,193,25,14870024
UAE_368,2025-10,920,368,184,31,7687166
UAE_368,2025-11,468,187,93,12,4803227
UAE_368,2025-12,633,253,126,13,5197814
UAE_369,2023-01,23,9,4,1,10261
UAE_369,2023-02,36,14,7,1,31000
UAE_369,2023-03,42,16,8,1,29096
UAE_369,2023-04,56,22,11,1,49333
UAE_369,2023-05,20,8,4,1,19793
UAE_369,2023-06,42,16,8,1,39282
UAE_369,2023-07,96,38,19,2,42338
UAE_369,2023-08,21,8,4,1,11860
UAE_369,2023-09,39,15,7,1,11572
UAE_369,2023-10,23,9,4,1,18263
UAE_369,2023-11,21,8,4,1,6408
UAE_369,2023-12,31,12,6,1,35174
UAE_369,2024-01,50,20,10,1,51387
UAE_369,2024-02,58,23,11,1,46727
UAE_369,2024-03,21,8,4,1,22998
UAE_369,2024-04,37,14,7,1,18291
UAE_369,2024-05,50,20,10,1,25735
UAE_369,2024-06,24,9,4,1,13823
UAE_369,2024-07,83,33,16,2,97750
UAE_369,2024-08,62,24,12,1,28268
UAE_369,2024-09,28,11,5,1,20940
UAE_369,2024-10,46,18,9,1,45640
UAE_369,2024-11,54,21,10,1,48146
UAE_369,2024-12,14,5,2,1,14231
UAE_369,2025-01,52,20,10,1,43038
UAE_369,2025-02,31,12,6,1,10505
UAE_369,2025-03,26,10,5,1,13371
UAE_369,2025-04,35,14,7,1,11719
UAE_369,2025-05,33,13,6,1,18221
UAE_369,2025-06,38,15,7,1,30095
UAE_369,2025-07,31,12,6,1,24992
UAE_369,2025-08,50,20,10,1,33256
UAE_369,2025-09,38,15,7,1,23502
UAE_369,2025-10,64,25,12,1,35003
UAE_369,2025-11,36,14,7,1,17772
UAE_369,2025-12,21,8,4,1,8989
UAE_370,2023-01,18,7,3,1,10531
UAE_370,2023-02,18,7,3,1,6745
UAE_370,2023-03,51,20,10,1,38152
UAE_370,2023-04,15,6,3,1,12596
UAE_370,2023-05,28,11,5,1,25945
UAE_370,2023-06,35,14,7,1,33158
UAE_370,2023-07,23,9,4,1,22920
UAE_370,2023-08,52,20,10,1,41365
UAE_370,2023-09,10,4,2,1,7593
UAE_370,2023-10,33,13,6,1,35111
UAE_370,2023-11,10,4,2,1,5054
UAE_370,2023-12,12,4,2,1,4709
UAE_370,2024-01,17,6,3,1,12915
UAE_370,2024-02,10,4,2,1,6377
UAE_370,2024-03,51,20,10,1,28147
UAE_370,2024-04,47,18,9,1,53314
UAE_370,2024-05,19,7,3,1,8725
UAE_370,2024-06,59,23,11,1,29298
UAE_370,2024-07,75,30,15,1,67894
UAE_370,2024-08,85,34,17,1,61939
UAE_370,2024-09,69,27,13,2,65236
UAE_370,2024-10,31,12,6,1,27459
UAE_370,2024-11,44,17,8,1,18079
UAE_370,2024-12,68,27,13,1,68183
UAE_370,2025-01,52,20,10,1,36281
UAE_370,2025-02,20,8,4,1,6392
UAE_370,2025-03,67,26,13,2,51041
UAE_370,2025-04,28,11,5,1,26732
UAE_370,2025-05,27,10,5,1,29023
UAE_370,2025-06,18,7,3,1,20580
UAE_370,2025-07,24,9,4,1,13415
UAE_370,2025-08,52,20,10,1,58900
UAE_370,2025-09,67,26,13,1,69219
UAE_370,2025-10,40,16,8,1,34270
UAE_370,2025-11,44,17,8,1,18017
UAE_370,2025-12,66,26,13,2,68117
UAE_371,2023-01,158,63,31,3,654197
UAE_371,2023-02,273,109,54,10,1081365
UAE_371,2023-03,191,76,38,6,721632
UAE_371,2023-04,156,62,31,5,207596
UAE_371,2023-05,128,51,25,5,377840
UAE_371,2023-06,172,68,34,6,360701
UAE_371,2023-07,404,161,80,9,1054580
UAE_371,2023-08,316,126,63,4,511694
UAE_371,2023-09,194,77,38,3,793846
UAE_371,2023-10,219,87,43,3,959363
UAE_371,2023-11,98,39,19,2,363430
UAE_371,2023-12,87,34,17,1,373516
UAE_371,2024-01,211,84,42,6,830126
UAE_371,2024-02,94,37,18,1,164705
UAE_371,2024-03,135,54,27,3,465302
UAE_371,2024-04,82,32,16,1,210592
UAE_371,2024-05,132,52,26,5,553115
UAE_371,2024-06,185,74,37,2,839736
UAE_371,2024-07,316,126,63,10,1416924
UAE_371,2024-08,101,40,20,3,466943
UAE_371,2024-09,162,64,32,5,364491
UAE_371,2024-10,175,70,35,3,611706
UAE_371,2024-11,52,20,10,1,128782
UAE_371,2024-12,294,117,58,11,905053
UAE_371,2025-01,133,53,26,3,474739
UAE_371,2025-02,93,37,18,1,302623
UAE_371,2025-03,388,155,77,15,753092
UAE_371,2025-04,246,98,49,6,655540
UAE_371,2025-05,201,80,40,4,461420
UAE_371,2025-06,250,100,50,4,655256
UAE_371,2025-07,331,132,66,12,1100278
UAE_371,2025-08,116,46,23,2,146562
UAE_371,2025-09,153,61,30,2,314651
UAE_371,2025-10,240,96,48,8,1044583
UAE_371,2025-11,318,127,63,8,1135100
UAE_371,2025-12,89,35,17,2,338488
UAE_372,2023-01,126,50,25,3,705587
UAE_372,2023-02,180,72,36,2,969486
UAE_372,2023-03,300,120,60,6,1403688
UAE_372,2023-04,456,182,91,10,1390840
UAE_372,2023-05,381,152,76,6,1818897
UAE_372,2023-06,391,156,78,6,2148123
UAE_372,2023-07,885,354,177,21,4180131
UAE_372,2023-08,292,116,58,9,2250686
UAE_372,2023-09,523,209,104,14,3751790
UAE_372,2023-10,309,123,61,8,963427
UAE_372,2023-11,377,150,75,13,1547756
UAE_372,2023-12,108,43,21,2,637753
UAE_372,2024-01,154,61,30,4,425314
UAE_372,2024-02,286,114,57,7,1722644
UAE_372,2024-03,480,192,96,11,2094136
UAE_372,2024-04,167,66,33,6,683304
UAE_372,2024-05,145,58,29,2,387676
UAE_372,2024-06,121,48,24,3,383637
UAE_372,2024-07,511,204,102,7,3627348
UAE_372,2024-08,473,189,94,8,2359723
UAE_372,2024-09,460,184,92,14,1500505
UAE_372,2024-10,259,103,51,10,1272419
UAE_372,2024-11,567,226,113,20,4025961
UAE_372,2024-12,165,66,33,3,1138999
UAE_372,2025-01,189,75,37,3,785421
UAE_372,2025-02,220,88,44,5,576998
UAE_372,2025-03,370,148,74,10,1561715
UAE_372,2025-04,337,134,67,11,1813893
UAE_372,2025-05,386,154,77,12,2682832
UAE_372,2025-06,147,58,29,3,866790
UAE_372,2025-07,247,98,49,6,1454663
UAE_372,2025-08,529,211,105,14,1201052
UAE_372,2025-09,390,156,78,11,2328635
UAE_372,2025-10,174,69,34,5,1200693
UAE_372,2025-11,258,103,51,6,716030
UAE_372,2025-12,220,88,44,5,929880
UAE_373,2023-01,340,136,68,6,1826009
UAE_373,2023-02,144,57,28,4,615300
UAE_373,2023-03,123,49,24,4,986294
UAE_373,2023-04,374,149,74,10,987643
UAE_373,2023-05,199,79,39,6,1358863
UAE_373,2023-06,397,158,79,9,2486776
UAE_373,2023-07,304,121,60,11,2494168
UAE_373,2023-08,806,322,161,26,2905383
UAE_373,2023-09,186,74,37,6,1732111
UAE_373,2023-10,118,47,23,3,1035485
UAE_373,2023-11,193,77,38,7,1096352
UAE_373,2023-12,301,120,60,11,1697680
UAE_373,2024-01,253,101,50,4,1944558
UAE_373,2024-02,94,37,18,3,365683
UAE_373,2024-03,473,189,94,7,3002720
UAE_373,2024-04,490,196,98,12,1780846
UAE_373,2024-05,799,319,159,19,3343713
UAE_373,2024-06,1077,430,215,20,2797528
UAE_373,2024-07,437,174,87,8,4133617
UAE_373,2024-08,577,230,115,15,5705688
UAE_373,2024-09,317,126,63,12,1193866
UAE_373,2024-10,342,136,68,13,1630223
UAE_373,2024-11,422,168,84,16,2195494
UAE_373,2024-12,382,152,76,10,3599560
UAE_373,2025-01,340,136,68,5,1808853
UAE_373,2025-02,749,299,149,15,6806767
UAE_373,2025-03,143,57,28,2,409807
UAE_373,2025-04,287,114,57,4,930100
UAE_373,2025-05,362,144,72,9,2876821
UAE_373,2025-06,312,124,62,5,1148248
UAE_373,2025-07,568,227,113,20,2800480
UAE_373,2025-08,333,133,66,5,1594419
UAE_373,2025-09,764,305,152,28,5435554
UAE_373,2025-10,188,75,37,2,1191856
UAE_373,2025-11,226,90,45,4,643310
UAE_373,2025-12,318,127,63,5,1245317
UAE_374,2023-01,27,10,5,1,27078
UAE_374,2023-02,33,13,6,1,34660
UAE_374,2023-03,42,16,8,1,37970
UAE_374,2023-04,13,5,2,1,13676
UAE_374,2023-05,52,20,10,1,25956
UAE_374,2023-06,85,34,17,2,67619
UAE_374,2023-07,81,32,16,1,36854
UAE_374,2023-08,61,24,12,1,36187
UAE_374,2023-09,30,12,6,1,24238
UAE_374,2023-10,32,12,6,1,24692
UAE_374,2023-11,28,11,5,1,28017
UAE_374,2023-12,14,5,2,1,6000
UAE_374,2024-01,60,24,12,2,63286
UAE_374,2024-02,13,5,2,1,13267
UAE_374,2024-03,46,18,9,1,47071
UAE_374,2024-04,42,16,8,1,19425
UAE_374,2024-05,60,24,12,1,49563
UAE_374,2024-06,40,16,8,1,28773
UAE_374,2024-07,71,28,14,2,35784
UAE_374,2024-08,76,30,15,1,77939
UAE_374,2024-09,19,7,3,1,20528
UAE_374,2024-10,54,21,10,1,22987
UAE_374,2024-11,43,17,8,1,45308
UAE_374,2024-12,60,24,12,2,71828
UAE_374,2025-01,31,12,6,1,10229
UAE_374,2025-02,20,8,4,1,18351
UAE_374,2025-03,30,12,6,1,11028
UAE_374,2025-04,91,36,18,3,100078
UAE_374,2025-05,16,6,3,1,8617
UAE_374,2025-06,66,26,13,1,43117
UAE_374,2025-07,39,15,7,1,19397
UAE_374,2025-08,39,15,7,1,18442
UAE_374,2025-09,23,9,4,1,17695
UAE_374,2025-10,54,21,10,1,28973
UAE_374,2025-11,32,12,6,1,30787
UAE_374,2025-12,56,22,11,1,43868
UAE_375,2023-01,11,4,2,1,11819
UAE_375,2023-02,14,5,2,1,14767
UAE_375,2023-03,60,24,12,1,31031
UAE_375,2023-04,78,31,15,2,71566
UAE_375,2023-05,53,21,10,1,40133
UAE_375,2023-06,57,22,11,1,46415
UAE_375,2023-07,57,22,11,2,49027
UAE_375,2023-08,43,17,8,1,34902
UAE_375,2023-09,22,8,4,1,15888
UAE_375,2023-10,65,26,13,1,31600
UAE_375,2023-11,27,10,5,1,18470
UAE_375,2023-12,19,7,3,1,19197
UAE_375,2024-01,30,12,6,1,14012
UAE_375,2024-02,45,18,9,1,18982
UAE_375,2024-03,16,6,3,1,15264
UAE_375,2024-04,67,26,13,2,76272
UAE_375,2024-05,25,10,5,1,23462
UAE_375,2024-06,61,24,12,1,36653
UAE_375,2024-07,41,16,8,1,46356
UAE_375,2024-08,42,16,8,1,33338
UAE_375,2024-09,12,4,2,1,8033
UAE_375,2024-10,37,14,7,1,32469
UAE_375,2024-11,50,20,10,1,46506
UAE_375,2024-12,10,4,2,1,9506
UAE_375,2025-01,16,6,3,1,10334
UAE_375,2025-02,18,7,3,1,20906
UAE_375,2025-03,73,29,14,2,80299
UAE_375,2025-04,48,19,9,1,53374
UAE_375,2025-05,39,15,7,1,44202
UAE_375,2025-06,21,8,4,1,9032
UAE_375,2025-07,25,10,5,1,26189
UAE_375,2025-08,58,23,11,1,45537
UAE_375,2025-09,25,10,5,1,28847
UAE_375,2025-10,30,12,6,1,12264
UAE_375,2025-11,83,33,16,1,76690
UAE_375,2025-12,52,20,10,1,44482
UAE_376,2023-01,164,65,32,6,297373
UAE_376,2023-02,96,38,19,2,123678
UAE_376,2023-03,75,30,15,1,134221
UAE_376,2023-04,68,27,13,1,111015
UAE_376,2023-05,182,72,36,6,505666
UAE_376,2023-06,53,21,10,1,129465
UAE_376,2023-07,108,43,21,2,109451
UAE_376,2023-08,68,27,13,2,175900
UAE_376,2023-09,113,45,22,4,207051
UAE_376,2023-10,53,21,10,1,64138
UAE_376,2023-11,68,27,13,1,83434
UAE_376,2023-12,75,30,15,1,204485
UAE_376,2024-01,132,52,26,2,188851
UAE_376,2024-02,112,44,22,3,139351
UAE_376,2024-03,68,27,13,2,180027
UAE_376,2024-04,102,40,20,2,87498
UAE_376,2024-05,183,73,36,6,462587
UAE_376,2024-06,153,61,30,2,187293
UAE_376,2024-07,88,35,17,2,116342
UAE_376,2024-08,137,54,27,2,294094
UAE_376,2024-09,92,36,18,1,249534
UAE_376,2024-10,243,97,48,6,644705
UAE_376,2024-11,120,48,24,2,126151
UAE_376,2024-12,65,26,13,1,167812
UAE_376,2025-01,90,36,18,3,249736
UAE_376,2025-02,84,33,16,1,94651
UAE_376,2025-03,47,18,9,1,85184
UAE_376,2025-04,69,27,13,1,81027
UAE_376,2025-05,110,44,22,2,198231
UAE_376,2025-06,86,34,17,2,147052
UAE_376,2025-07,40,16,8,1,67558
UAE_376,2025-08,46,18,9,1,72637
UAE_376,2025-09,68,27,13,1,102823
UAE_376,2025-10,69,27,13,1,159768
UAE_376,2025-11,107,42,21,3,294826
UAE_376,2025-12,119,47,23,3,255682
UAE_377,2023-01,138,55,27,2,774176
UAE_377,2023-02,288,115,57,10,3172756
UAE_377,2023-03,385,154,77,14,4298317
UAE_377,2023-04,250,100,50,4,1184401
UAE_377,2023-05,475,190,95,9,1796624
UAE_377,2023-06,294,117,58,11,3296855
UAE_377,2023-07,865,346,173,17,8635343
UAE_377,2023-08,111,44,22,1,748516
UAE_377,2023-09,334,133,66,9,3154293
UAE_377,2023-10,525,210,105,14,2557833
UAE_377,2023-11,356,142,71,12,1442798
UAE_377,2023-12,299,119,59,7,1420413
UAE_377,2024-01,130,52,26,2,536667
UAE_377,2024-02,390,156,78,6,3496036
UAE_377,2024-03,290,116,58,7,2620538
UAE_377,2024-04,454,181,90,14,4535262
UAE_377,2024-05,315,126,63,10,3657234
UAE_377,2024-06,449,179,89,8,3834765
UAE_377,2024-07,597,238,119,14,4919440
UAE_377,2024-08,425,170,85,8,1948257
UAE_377,2024-09,447,178,89,6,3639265
UAE_377,2024-10,838,335,167,19,3555117
UAE_377,2024-11,562,224,112,17,5637835
UAE_377,2024-12,651,260,130,15,7089768
UAE_377,2025-01,388,155,77,8,2254853
UAE_377,2025-02,259,103,51,7,1243326
UAE_377,2025-03,590,236,118,14,3105266
UAE_377,2025-04,547,218,109,14,3801093
UAE_377,2025-05,438,175,87,12,2025912
UAE_377,2025-06,180,72,36,4,1803795
UAE_377,2025-07,854,341,170,29,6980399
UAE_377,2025-08,654,261,130,24,2444400
UAE_377,2025-09,423,169,84,15,3173377
UAE_377,2025-10,204,81,40,5,832944
UAE_377,2025-11,244,97,48,6,2499865
UAE_377,2025-12,141,56,28,4,862733
UAE_378,2023-01,27,10,5,1,18087
UAE_378,2023-02,29,11,5,1,10535
UAE_378,2023-03,13,5,2,1,5072
UAE_378,2023-04,14,5,2,1,11455
UAE_378,2023-05,59,23,11,1,46343
UAE_378,2023-06,22,8,4,1,7111
UAE_378,2023-07,87,34,17,2,26630
UAE_378,2023-08,55,22,11,2,30743
UAE_378,2023-09,34,13,6,1,19436
UAE_378,2023-10,47,18,9,1,33277
UAE_378,2023-11,79,31,15,2,80985
UAE_378,2023-12,14,5,2,1,12676
UAE_378,2024-01,12,4,2,1,4410
UAE_378,2024-02,31,12,6,1,21042
UAE_378,2024-03,44,17,8,1,49581
UAE_378,2024-04,63,25,12,1,73924
UAE_378,2024-05,20,8,4,1,10701
UAE_378,2024-06,40,16,8,1,27679
UAE_378,2024-07,64,25,12,2,73066
UAE_378,2024-08,87,34,17,1,37107
UAE_378,2024-09,20,8,4,1,21047
UAE_378,2024-10,45,18,9,1,53115
UAE_378,2024-11,45,18,9,1,26583
UAE_378,2024-12,49,19,9,1,44629
UAE_378,2025-01,56,22,11,1,60176
UAE_378,2025-02,26,10,5,1,20419
UAE_378,2025-03,31,12,6,1,17507
UAE_378,2025-04,62,24,12,1,19891
UAE_378,2025-05,44,17,8,1,21360
UAE_378,2025-06,36,14,7,1,31426
UAE_378,2025-07,38,15,7,1,37332
UAE_378,2025-08,78,31,15,2,44143
UAE_378,2025-09,14,5,2,1,5645
UAE_378,2025-10,31,12,6,1,15731
UAE_378,2025-11,20,8,4,1,12747
UAE_378,2025-12,33,13,6,1,38110
UAE_379,2023-01,59,23,11,1,22885
UAE_379,2023-02,40,16,8,1,16868
UAE_379,2023-03,57,22,11,1,40406
UAE_379,2023-04,38,15,7,1,37240
UAE_379,2023-05,42,16,8,1,32565
UAE_379,2023-06,46,18,9,1,18530
UAE_379,2023-07,47,18,9,1,33705
UAE_379,2023-08,48,19,9,1,37303
UAE_379,2023-09,30,12,6,1,25475
UAE_379,2023-10,55,22,11,1,59891
UAE_379,2023-11,34,13,6,1,28584
UAE_379,2023-12,21,8,4,1,20021
UAE_379,2024-01,58,23,11,1,59872
UAE_379,2024-02,27,10,5,1,15847
UAE_379,2024-03,86,34,17,1,36973
UAE_379,2024-04,47,18,9,1,25673
UAE_379,2024-05,17,6,3,1,5756
UAE_379,2024-06,88,35,17,2,61597
UAE_379,2024-07,19,7,3,1,19407
UAE_379,2024-08,71,28,14,2,62127
UAE_379,2024-09,39,15,7,1,27536
UAE_379,2024-10,63,25,12,2,41677
UAE_379,2024-11,31,12,6,1,31869
UAE_379,2024-12,26,10,5,1,28194
UAE_379,2025-01,67,26,13,1,41489
UAE_379,2025-02,31,12,6,1,29479
UAE_379,2025-03,33,13,6,1,33894
UAE_379,2025-04,80,32,16,1,59191
UAE_379,2025-05,20,8,4,1,6960
UAE_379,2025-06,34,13,6,1,11830
UAE_379,2025-07,25,10,5,1,8122
UAE_379,2025-08,50,20,10,1,32469
UAE_379,2025-09,101,40,20,1,118745
UAE_379,2025-10,15,6,3,1,8763
UAE_379,2025-11,35,14,7,1,10667
UAE_379,2025-12,21,8,4,1,9152
UAE_380,2023-01,68,27,13,1,97734
UAE_380,2023-02,28,11,5,1,43064
UAE_380,2023-03,61,24,12,2,51152
UAE_380,2023-04,31,12,6,1,33346
UAE_380,2023-05,19,7,3,1,12413
UAE_380,2023-06,93,37,18,3,119976
UAE_380,2023-07,122,48,24,4,67803
UAE_380,2023-08,83,33,16,3,98344
UAE_380,2023-09,49,19,9,1,25252
UAE_380,2023-10,49,19,9,1,79385
UAE_380,2023-11,36,14,7,1,57447
UAE_380,2023-12,78,31,15,1,71685
UAE_380,2024-01,38,15,7,1,41225
UAE_380,2024-02,28,11,5,1,21991
UAE_380,2024-03,24,9,4,1,20916
UAE_380,2024-04,44,17,8,1,18452
UAE_380,2024-05,46,18,9,1,27289
UAE_380,2024-06,89,35,17,2,140730
UAE_380,2024-07,71,28,14,1,59936
UAE_380,2024-08,32,12,6,1,45457
UAE_380,2024-09,50,20,10,1,73357
UAE_380,2024-10,59,23,11,1,78417
UAE_380,2024-11,43,17,8,1,45117
UAE_380,2024-12,51,20,10,1,38961
UAE_380,2025-01,29,11,5,1,39453
UAE_380,2025-02,23,9,4,1,32889
UAE_380,2025-03,43,17,8,1,70104
UAE_380,2025-04,105,42,21,3,126323
UAE_380,2025-05,49,19,9,1,67439
UAE_380,2025-06,24,9,4,1,26586
UAE_380,2025-07,96,38,19,1,48131
UAE_380,2025-08,54,21,10,1,45011
UAE_380,2025-09,115,46,23,2,148810
UAE_380,2025-10,39,15,7,1,27411
UAE_380,2025-11,70,28,14,1,96913
UAE_380,2025-12,24,9,4,1,30981
UAE_381,2023-01,155,62,31,2,297409
UAE_381,2023-02,95,38,19,3,252375
UAE_381,2023-03,63,25,12,1,115828
UAE_381,2023-04,94,37,18,3,116310
UAE_381,2023-05,106,42,21,3,101175
UAE_381,2023-06,154,61,30,3,227130
UAE_381,2023-07,118,47,23,4,356254
UAE_381,2023-08,173,69,34,5,389487
UAE_381,2023-09,71,28,14,2,148094
UAE_381,2023-10,108,43,21,3,85434
UAE_381,2023-11,94,37,18,3,105023
UAE_381,2023-12,168,67,33,3,195209
UAE_381,2024-01,91,36,18,3,230275
UAE_381,2024-02,38,15,7,1,109244
UAE_381,2024-03,33,13,6,1,91910
UAE_381,2024-04,157,62,31,2,268814
UAE_381,2024-05,106,42,21,3,134757
UAE_381,2024-06,125,50,25,2,157092
UAE_381,2024-07,92,36,18,3,273063
UAE_381,2024-08,243,97,48,3,470913
UAE_381,2024-09,166,66,33,2,143738
UAE_381,2024-10,34,13,6,1,26317
UAE_381,2024-11,87,34,17,2,128406
UAE_381,2024-12,132,52,26,4,301702
UAE_381,2025-01,122,48,24,2,307295
UAE_381,2025-02,128,51,25,4,333927
UAE_381,2025-03,164,65,32,4,406819
UAE_381,2025-04,76,30,15,2,172726
UAE_381,2025-05,123,49,24,1,247327
UAE_381,2025-06,147,58,29,2,375822
UAE_381,2025-07,176,70,35,6,326965
UAE_381,2025-08,46,18,9,1,75499
UAE_381,2025-09,118,47,23,3,288307
UAE_381,2025-10,202,80,40,3,562316
UAE_381,2025-11,70,28,14,2,171918
UAE_381,2025-12,93,37,18,2,250883
UAE_382,2023-01,45,18,9,1,24222
UAE_382,2023-02,22,8,4,1,6800
UAE_382,2023-03,48,19,9,1,18294
UAE_382,2023-04,76,30,15,1,61215
UAE_382,2023-05,54,21,10,1,39794
UAE_382,2023-06,78,31,15,1,54306
UAE_382,2023-07,89,35,17,1,37906
UAE_382,2023-08,21,8,4,1,14320
UAE_382,2023-09,43,17,8,1,50237
UAE_382,2023-10,26,10,5,1,23017
UAE_382,2023-11,75,30,15,1,84464
UAE_382,2023-12,63,25,12,1,26614
UAE_382,2024-01,24,9,4,1,12017
UAE_382,2024-02,18,7,3,1,6414
UAE_382,2024-03,53,21,10,1,54332
UAE_382,2024-04,43,17,8,1,47319
UAE_382,2024-05,22,8,4,1,13792
UAE_382,2024-06,32,12,6,1,29163
UAE_382,2024-07,80,32,16,2,39741
UAE_382,2024-08,30,12,6,1,18018
UAE_382,2024-09,56,22,11,1,62910
UAE_382,2024-10,34,13,6,1,15692
UAE_382,2024-11,29,11,5,1,16802
UAE_382,2024-12,52,20,10,1,18881
UAE_382,2025-01,37,14,7,1,22872
UAE_382,2025-02,22,8,4,1,16566
UAE_382,2025-03,26,10,5,1,27213
UAE_382,2025-04,38,15,7,1,41077
UAE_382,2025-05,60,24,12,1,60401
UAE_382,2025-06,71,28,14,2,48125
UAE_382,2025-07,93,37,18,1,49234
UAE_382,2025-08,24,9,4,1,25539
UAE_382,2025-09,59,23,11,1,61086
UAE_382,2025-10,38,15,7,1,37742
UAE_382,2025-11,46,18,9,1,52103
UAE_382,2025-12,44,17,8,1,39568
UAE_383,2023-01,496,198,99,9,2708354
UAE_383,2023-02,188,75,37,4,568566
UAE_383,2023-03,762,304,152,19,5170009
UAE_383,2023-04,243,97,48,6,2119207
UAE_383,2023-05,134,53,26,4,952997
UAE_383,2023-06,344,137,68,5,2229562
UAE_383,2023-07,263,105,52,7,987798
UAE_383,2023-08,335,134,67,8,1145482
UAE_383,2023-09,474,189,94,17,1364992
UAE_383,2023-10,244,97,48,8,1285784
UAE_383,2023-11,154,61,30,2,1716077
UAE_383,2023-12,361,144,72,13,2298932
UAE_383,2024-01,311,124,62,4,2287690
UAE_383,2024-02,218,87,43,4,689211
UAE_383,2024-03,215,86,43,8,2373685
UAE_383,2024-04,429,171,85,12,4810678
UAE_383,2024-05,358,143,71,7,2579406
UAE_383,2024-06,575,230,115,18,5814029
UAE_383,2024-07,311,124,62,8,1231375
UAE_383,2024-08,279,111,55,8,1629269
UAE_383,2024-09,166,66,33,3,1727980
UAE_383,2024-10,488,195,97,18,2428496
UAE_383,2024-11,175,70,35,6,1423233
UAE_383,2024-12,423,169,84,12,2362934
UAE_383,2025-01,167,66,33,3,964084
UAE_383,2025-02,409,163,81,15,3114936
UAE_383,2025-03,264,105,52,7,758991
UAE_383,2025-04,562,224,112,21,3482254
UAE_383,2025-05,487,194,97,18,5212015
UAE_383,2025-06,335,134,67,10,1235011
UAE_383,2025-07,821,328,164,14,8004646
UAE_383,2025-08,268,107,53,5,2042397
UAE_383,2025-09,416,166,83,15,4628348
UAE_383,2025-10,466,186,93,8,2758179
UAE_383,2025-11,315,126,63,10,1849141
UAE_383,2025-12,631,252,126,11,6397748
UAE_384,2023-01,20,8,4,1,7566
UAE_384,2023-02,29,11,5,1,8371
UAE_384,2023-03,29,11,5,1,24701
UAE_384,2023-04,64,25,12,2,57485
UAE_384,2023-05,37,14,7,1,33054
UAE_384,2023-06,16,6,3,1,16201
UAE_384,2023-07,57,22,11,1,26499
UAE_384,2023-08,60,24,12,2,45549
UAE_384,2023-09,28,11,5,1,11502
UAE_384,2023-10,51,20,10,1,49026
UAE_384,2023-11,35,14,7,1,10556
UAE_384,2023-12,49,19,9,1,24335
UAE_384,2024-01,21,8,4,1,18201
UAE_384,2024-02,49,19,9,1,16861
UAE_384,2024-03,28,11,5,1,11074
UAE_384,2024-04,77,30,15,3,68462
UAE_384,2024-05,57,22,11,2,29877
UAE_384,2024-06,13,5,2,1,14967
UAE_384,2024-07,55,22,11,1,51436
UAE_384,2024-08,15,6,3,1,8245
UAE_384,2024-09,49,19,9,1,25770
UAE_384,2024-10,55,22,11,1,23782
UAE_384,2024-11,16,6,3,1,11504
UAE_384,2024-12,15,6,3,1,10441
UAE_384,2025-01,40,16,8,1,27853
UAE_384,2025-02,52,20,10,1,59055
UAE_384,2025-03,11,4,2,1,6389
UAE_384,2025-04,18,7,3,1,7629
UAE_384,2025-05,19,7,3,1,5416
UAE_384,2025-06,43,17,8,1,49578
UAE_384,2025-07,73,29,14,2,52688
UAE_384,2025-08,48,19,9,1,19512
UAE_384,2025-09,49,19,9,1,24128
UAE_384,2025-10,18,7,3,1,9954
UAE_384,2025-11,44,17,8,1,36510
UAE_384,2025-12,20,8,4,1,23559
UAE_385,2023-01,103,41,20,3,133925
UAE_385,2023-02,43,17,8,1,30924
UAE_385,2023-03,139,55,27,2,144024
UAE_385,2023-04,58,23,11,1,34355
UAE_385,2023-05,23,9,4,1,36833
UAE_385,2023-06,105,42,21,2,77051
UAE_385,2023-07,23,9,4,1,35017
UAE_385,2023-08,109,43,21,4,109961
UAE_385,2023-09,80,32,16,2,121949
UAE_385,2023-10,30,12,6,1,39742
UAE_385,2023-11,53,21,10,1,73344
UAE_385,2023-12,61,24,12,2,98504
UAE_385,2024-01,36,14,7,1,56277
UAE_385,2024-02,63,25,12,2,105075
UAE_385,2024-03,52,20,10,1,31497
UAE_385,2024-04,30,12,6,1,15386
UAE_385,2024-05,35,14,7,1,60730
UAE_385,2024-06,46,18,9,1,34583
UAE_385,2024-07,55,22,11,1,84040
UAE_385,2024-08,146,58,29,2,178577
UAE_385,2024-09,44,17,8,1,52140
UAE_385,2024-10,53,21,10,1,43008
UAE_385,2024-11,80,32,16,1,108303
UAE_385,2024-12,22,8,4,1,31885
UAE_385,2025-01,16,6,3,1,26696
UAE_385,2025-02,89,35,17,1,43198
UAE_385,2025-03,32,12,6,1,19758
UAE_385,2025-04,134,53,26,4,97026
UAE_385,2025-05,104,41,20,2,176241
UAE_385,2025-06,63,25,12,1,90261
UAE_385,2025-07,118,47,23,3,97667
UAE_385,2025-08,62,24,12,2,31426
UAE_385,2025-09,43,17,8,1,55633
UAE_385,2025-10,47,18,9,1,83391
UAE_385,2025-11,57,22,11,1,71738
UAE_385,2025-12,78,31,15,1,72467
UAE_386,2023-01,18,7,3,1,10824
UAE_386,2023-02,16,6,3,1,14343
UAE_386,2023-03,43,17,8,1,32564
UAE_386,2023-04,26,10,5,1,20153
UAE_386,2023-05,27,10,5,1,19091
UAE_386,2023-06,74,29,14,2,59786
UAE_386,2023-07,108,43,21,1,60557
UAE_386,2023-08,100,40,20,3,108550
UAE_386,2023-09,28,11,5,1,8454
UAE_386,2023-10,32,12,6,1,13384
UAE_386,2023-11,10,4,2,1,11281
UAE_386,2023-12,49,19,9,1,34107
UAE_386,2024-01,11,4,2,1,4543
UAE_386,2024-02,56,22,11,1,52690
UAE_386,2024-03,25,10,5,1,17354
UAE_386,2024-04,82,32,16,1,95228
UAE_386,2024-05,10,4,2,1,9948
UAE_386,2024-06,72,28,14,2,43707
UAE_386,2024-07,26,10,5,1,26556
UAE_386,2024-08,78,31,15,2,26876
UAE_386,2024-09,37,14,7,1,16040
UAE_386,2024-10,71,28,14,1,21205
UAE_386,2024-11,45,18,9,1,38552
UAE_386,2024-12,37,14,7,1,14396
UAE_386,2025-01,13,5,2,1,5788
UAE_386,2025-02,33,13,6,1,10968
UAE_386,2025-03,10,4,2,1,10715
UAE_386,2025-04,43,17,8,1,38719
UAE_386,2025-05,26,10,5,1,12491
UAE_386,2025-06,66,26,13,1,35652
UAE_386,2025-07,17,6,3,1,9341
UAE_386,2025-08,16,6,3,1,17490
UAE_386,2025-09,64,25,12,2,54480
UAE_386,2025-10,49,19,9,1,14583
UAE_386,2025-11,73,29,14,1,50616
UAE_386,2025-12,34,13,6,1,30951
UAE_387,2023-01,56,22,11,1,53147
UAE_387,2023-02,30,12,6,1,25004
UAE_387,2023-03,31,12,6,1,31007
UAE_387,2023-04,61,24,12,1,30433
UAE_387,2023-05,40,16,8,1,19521
UAE_387,2023-06,74,29,14,2,80378
UAE_387,2023-07,76,30,15,1,33065
UAE_387,2023-08,62,24,12,1,54409
UAE_387,2023-09,42,16,8,1,16538
UAE_387,2023-10,23,9,4,1,15015
UAE_387,2023-11,37,14,7,1,20246
UAE_387,2023-12,38,15,7,1,15303
UAE_387,2024-01,32,12,6,1,16984
UAE_387,2024-02,42,16,8,1,18045
UAE_387,2024-03,56,22,11,1,29962
UAE_387,2024-04,22,8,4,1,23664
UAE_387,2024-05,31,12,6,1,32639
UAE_387,2024-06,25,10,5,1,10938
UAE_387,2024-07,20,8,4,1,14485
UAE_387,2024-08,70,28,14,2,80418
UAE_387,2024-09,26,10,5,1,23871
UAE_387,2024-10,36,14,7,1,31189
UAE_387,2024-11,66,26,13,2,22946
UAE_387,2024-12,10,4,2,1,8456
UAE_387,2025-01,32,12,6,1,10988
UAE_387,2025-02,47,18,9,1,32913
UAE_387,2025-03,32,12,6,1,28542
UAE_387,2025-04,51,20,10,1,46353
UAE_387,2025-05,35,14,7,1,19247
UAE_387,2025-06,37,14,7,1,41306
UAE_387,2025-07,78,31,15,1,77697
UAE_387,2025-08,95,38,19,3,29541
UAE_387,2025-09,48,19,9,1,18617
UAE_387,2025-10,33,13,6,1,27643
UAE_387,2025-11,20,8,4,1,13518
UAE_387,2025-12,42,16,8,1,17275
UAE_388,2023-01,23,9,4,1,10424
UAE_388,2023-02,45,18,9,1,44306
UAE_388,2023-03,47,18,9,1,42530
UAE_388,2023-04,25,10,5,1,23895
UAE_388,2023-05,52,20,10,2,35482
UAE_388,2023-06,89,35,17,3,76522
UAE_388,2023-07,67,26,13,1,70421
UAE_388,2023-08,56,22,11,1,39563
UAE_388,2023-09,23,9,4,1,19690
UAE_388,2023-10,24,9,4,1,20220
UAE_388,2023-11,46,18,9,1,28092
UAE_388,2023-12,27,10,5,1,19900
UAE_388,2024-01,31,12,6,1,31228
UAE_388,2024-02,75,30,15,2,29791
UAE_388,2024-03,59,23,11,1,33045
UAE_388,2024-04,88,35,17,3,32890
UAE_388,2024-05,12,4,2,1,8948
UAE_388,2024-06,61,24,12,2,43646
UAE_388,2024-07,73,29,14,2,57386
UAE_388,2024-08,24,9,4,1,11228
UAE_388,2024-09,29,11,5,1,12200
UAE_388,2024-10,22,8,4,1,9981
UAE_388,2024-11,39,15,7,1,23575
UAE_388,2024-12,10,4,2,1,4840
UAE_388,2025-01,29,11,5,1,14223
UAE_388,2025-02,33,13,6,1,31480
UAE_388,2025-03,48,19,9,1,23713
UAE_388,2025-04,18,7,3,1,13564
UAE_388,2025-05,43,17,8,1,40673
UAE_388,2025-06,58,23,11,1,45899
UAE_388,2025-07,57,22,11,2,27044
UAE_388,2025-08,79,31,15,2,40229
UAE_388,2025-09,69,27,13,2,48954
UAE_388,2025-10,43,17,8,1,21558
UAE_388,2025-11,64,25,12,2,38024
UAE_388,2025-12,43,17,8,1,45116
UAE_389,2023-01,146,58,29,4,376887
UAE_389,2023-02,183,73,36,5,556159
UAE_389,2023-03,152,60,30,5,515802
UAE_389,2023-04,229,91,45,6,621510
UAE_389,2023-05,407,162,81,12,1464667
UAE_389,2023-06,290,116,58,5,793948
UAE_389,2023-07,251,100,50,5,378123
UAE_389,2023-08,170,68,34,6,711271
UAE_389,2023-09,142,56,28,3,328876
UAE_389,2023-10,154,61,30,5,584239
UAE_389,2023-11,163,65,32,3,526698
UAE_389,2023-12,243,97,48,8,516562
UAE_389,2024-01,109,43,21,2,392697
UAE_389,2024-02,328,131,65,12,377269
UAE_389,2024-03,62,24,12,1,267065
UAE_389,2024-04,159,63,31,5,623869
UAE_389,2024-05,229,91,45,6,804814
UAE_389,2024-06,306,122,61,8,574507
UAE_389,2024-07,173,69,34,4,422581
UAE_389,2024-08,296,118,59,8,374511
UAE_389,2024-09,123,49,24,4,456044
UAE_389,2024-10,192,76,38,3,363723
UAE_389,2024-11,241,96,48,8,688046
UAE_389,2024-12,43,17,8,1,130919
UAE_389,2025-01,50,20,10,1,212966
UAE_389,2025-02,132,52,26,3,330031
UAE_389,2025-03,175,70,35,2,528945
UAE_389,2025-04,125,50,25,2,282770
UAE_389,2025-05,268,107,53,8,1149265
UAE_389,2025-06,93,37,18,3,342937
UAE_389,2025-07,283,113,56,7,847166
UAE_389,2025-08,313,125,62,9,832371
UAE_389,2025-09,92,36,18,1,186853
UAE_389,2025-10,71,28,14,1,264855
UAE_389,2025-11,250,100,50,8,469567
UAE_389,2025-12,223,89,44,4,288870
UAE_390,2023-01,17,6,3,1,6432
UAE_390,2023-02,49,19,9,1,20315
UAE_390,2023-03,63,25,12,1,49084
UAE_390,2023-04,90,36,18,2,88387
UAE_390,2023-05,89,35,17,1,28137
UAE_390,2023-06,16,6,3,1,7052
UAE_390,2023-07,45,18,9,1,21423
UAE_390,2023-08,66,26,13,1,42017
UAE_390,2023-09,51,20,10,1,52358
UAE_390,2023-10,66,26,13,2,25046
UAE_390,2023-11,27,10,5,1,8042
UAE_390,2023-12,50,20,10,1,57315
UAE_390,2024-01,54,21,10,1,27802
UAE_390,2024-02,11,4,2,1,10938
UAE_390,2024-03,45,18,9,1,17716
UAE_390,2024-04,34,13,6,1,16096
UAE_390,2024-05,66,26,13,2,21368
UAE_390,2024-06,45,18,9,1,45423
UAE_390,2024-07,46,18,9,1,27703
UAE_390,2024-08,49,19,9,1,55659
UAE_390,2024-09,78,31,15,2,47703
UAE_390,2024-10,39,15,7,1,19466
UAE_390,2024-11,56,22,11,2,38294
UAE_390,2024-12,64,25,12,1,65544
UAE_390,2025-01,43,17,8,1,26517
UAE_390,2025-02,21,8,4,1,20626
UAE_390,2025-03,12,4,2,1,7888
UAE_390,2025-04,45,18,9,1,29271
UAE_390,2025-05,24,9,4,1,20214
UAE_390,2025-06,37,14,7,1,32046
UAE_390,2025-07,17,6,3,1,7686
UAE_390,2025-08,81,32,16,2,77121
UAE_390,2025-09,75,30,15,2,69183
UAE_390,2025-10,42,16,8,1,40140
UAE_390,2025-11,43,17,8,1,30608
UAE_390,2025-12,26,10,5,1,25150
UAE_391,2023-01,29,11,5,1,14918
UAE_391,2023-02,79,31,15,2,34808
UAE_391,2023-03,20,8,4,1,15771
UAE_391,2023-04,94,37,18,2,106286
UAE_391,2023-05,54,21,10,1,34499
UAE_391,2023-06,37,14,7,1,22791
UAE_391,2023-07,38,15,7,1,16921
UAE_391,2023-08,56,22,11,1,35150
UAE_391,2023-09,74,29,14,2,32129
UAE_391,2023-10,26,10,5,1,18103
UAE_391,2023-11,55,22,11,1,42887
UAE_391,2023-12,34,13,6,1,38265
UAE_391,2024-01,11,4,2,1,11838
UAE_391,2024-02,62,24,12,1,26509
UAE_391,2024-03,35,14,7,1,25697
UAE_391,2024-04,32,12,6,1,15343
UAE_391,2024-05,43,17,8,1,46509
UAE_391,2024-06,20,8,4,1,23601
UAE_391,2024-07,23,9,4,1,8542
UAE_391,2024-08,55,22,11,1,39376
UAE_391,2024-09,44,17,8,1,18993
UAE_391,2024-10,80,32,16,3,68460
UAE_391,2024-11,27,10,5,1,14884
UAE_391,2024-12,52,20,10,1,54763
UAE_391,2025-01,29,11,5,1,24791
UAE_391,2025-02,37,14,7,1,11100
UAE_391,2025-03,36,14,7,1,41625
UAE_391,2025-04,31,12,6,1,21355
UAE_391,2025-05,46,18,9,1,52644
UAE_391,2025-06,28,11,5,1,17846
UAE_391,2025-07,31,12,6,1,20656
UAE_391,2025-08,68,27,13,2,74629
UAE_391,2025-09,47,18,9,1,49305
UAE_391,2025-10,42,16,8,1,42357
UAE_391,2025-11,12,4,2,1,3926
UAE_391,2025-12,43,17,8,1,47001
UAE_392,2023-01,22,8,4,1,24862
UAE_392,2023-02,51,20,10,1,24775
UAE_392,2023-03,45,18,9,1,23374
UAE_392,2023-04,95,38,19,2,178299
UAE_392,2023-05,42,16,8,1,45651
UAE_392,2023-06,62,24,12,2,114276
UAE_392,2023-07,45,18,9,1,84853
UAE_392,2023-08,58,23,11,1,105250
UAE_392,2023-09,101,40,20,1,97048
UAE_392,2023-10,71,28,14,1,125105
UAE_392,2023-11,20,8,4,1,20483
UAE_392,2023-12,92,36,18,2,123928
UAE_392,2024-01,92,36,18,2,103182
UAE_392,2024-02,96,38,19,3,59808
UAE_392,2024-03,105,42,21,2,147356
UAE_392,2024-04,69,27,13,1,45539
UAE_392,2024-05,50,20,10,1,41706
UAE_392,2024-06,103,41,20,3,140482
UAE_392,2024-07,40,16,8,1,36742
UAE_392,2024-08,27,10,5,1,36197
UAE_392,2024-09,119,47,23,4,219941
UAE_392,2024-10,24,9,4,1,32681
UAE_392,2024-11,103,41,20,3,186419
UAE_392,2024-12,39,15,7,1,49248
UAE_392,2025-01,45,18,9,1,28375
UAE_392,2025-02,40,16,8,1,31031
UAE_392,2025-03,54,21,10,1,30831
UAE_392,2025-04,42,16,8,1,53434
UAE_392,2025-05,29,11,5,1,14524
UAE_392,2025-06,69,27,13,1,124217
UAE_392,2025-07,144,57,28,3,73732
UAE_392,2025-08,29,11,5,1,24486
UAE_392,2025-09,27,10,5,1,42238
UAE_392,2025-10,51,20,10,1,81768
UAE_392,2025-11,42,16,8,1,54510
UAE_392,2025-12,75,30,15,1,85411
UAE_393,2023-01,60,24,12,2,115009
UAE_393,2023-02,103,41,20,2,152392
UAE_393,2023-03,35,14,7,1,25520
UAE_393,2023-04,54,21,10,1,59597
UAE_393,2023-05,99,39,19,1,207414
UAE_393,2023-06,145,58,29,4,175307
UAE_393,2023-07,159,63,31,2,332839
UAE_393,2023-08,134,53,26,2,135277
UAE_393,2023-09,136,54,27,5,109567
UAE_393,2023-10,72,28,14,2,138237
UAE_393,2023-11,29,11,5,1,31369
UAE_393,2023-12,58,23,11,1,92052
UAE_393,2024-01,27,10,5,1,45300
UAE_393,2024-02,28,11,5,1,19964
UAE_393,2024-03,82,32,16,1,58854
UAE_393,2024-04,119,47,23,4,148142
UAE_393,2024-05,109,43,21,2,213685
UAE_393,2024-06,81,32,16,1,162499
UAE_393,2024-07,97,38,19,2,97450
UAE_393,2024-08,116,46,23,1,122379
UAE_393,2024-09,45,18,9,1,63591
UAE_393,2024-10,90,36,18,2,59740
UAE_393,2024-11,67,26,13,1,122511
UAE_393,2024-12,63,25,12,2,90725
UAE_393,2025-01,86,34,17,1,111784
UAE_393,2025-02,92,36,18,1,163460
UAE_393,2025-03,100,40,20,1,149405
UAE_393,2025-04,80,32,16,1,50485
UAE_393,2025-05,40,16,8,1,54105
UAE_393,2025-06,36,14,7,1,33111
UAE_393,2025-07,40,16,8,1,61198
UAE_393,2025-08,72,28,14,1,107798
UAE_393,2025-09,47,18,9,1,67020
UAE_393,2025-10,85,34,17,1,160410
UAE_393,2025-11,41,16,8,1,84522
UAE_393,2025-12,16,6,3,1,18820
UAE_394,2023-01,86,34,17,2,95072
UAE_394,2023-02,26,10,5,1,24736
UAE_394,2023-03,26,10,5,1,40363
UAE_394,2023-04,64,25,12,2,130003
UAE_394,2023-05,60,24,12,1,85507
UAE_394,2023-06,160,64,32,5,202597
UAE_394,2023-07,34,13,6,1,56957
UAE_394,2023-08,124,49,24,3,81812
UAE_394,2023-09,97,38,19,2,75022
UAE_394,2023-10,74,29,14,2,91056
UAE_394,2023-11,65,26,13,1,129214
UAE_394,2023-12,67,26,13,2,48696
UAE_394,2024-01,67,26,13,1,55045
UAE_394,2024-02,92,36,18,1,54253
UAE_394,2024-03,90,36,18,2,158924
UAE_394,2024-04,62,24,12,1,77582
UAE_394,2024-05,109,43,21,3,181941
UAE_394,2024-06,63,25,12,1,96452
UAE_394,2024-07,78,31,15,1,63457
UAE_394,2024-08,117,46,23,1,63880
UAE_394,2024-09,51,20,10,1,83735
UAE_394,2024-10,130,52,26,4,223967
UAE_394,2024-11,62,24,12,1,58564
UAE_394,2024-12,76,30,15,2,104643
UAE_394,2025-01,100,40,20,2,145697
UAE_394,2025-02,61,24,12,1,123581
UAE_394,2025-03,58,23,11,2,87404
UAE_394,2025-04,127,50,25,4,149269
UAE_394,2025-05,84,33,16,2,66185
UAE_394,2025-06,47,18,9,1,36207
UAE_394,2025-07,49,19,9,1,33644
UAE_394,2025-08,111,44,22,1,192396
UAE_394,2025-09,63,25,12,1,80810
UAE_394,2025-10,37,14,7,1,49457
UAE_394,2025-11,91,36,18,2,171602
UAE_394,2025-12,87,34,17,2,52730
UAE_395,2023-01,58,23,11,1,25349
UAE_395,2023-02,95,38,19,1,125195
UAE_395,2023-03,88,35,17,2,103765
UAE_395,2023-04,54,21,10,1,80335
UAE_395,2023-05,48,19,9,1,76173
UAE_395,2023-06,45,18,9,1,21992
UAE_395,2023-07,39,15,7,1,56545
UAE_395,2023-08,44,17,8,1,23214
UAE_395,2023-09,59,23,11,1,44793
UAE_395,2023-10,51,20,10,1,56806
UAE_395,2023-11,103,41,20,2,111658
UAE_395,2023-12,73,29,14,2,109390
UAE_395,2024-01,33,13,6,1,49102
UAE_395,2024-02,49,19,9,1,77624
UAE_395,2024-03,111,44,22,4,102278
UAE_395,2024-04,46,18,9,1,70016
UAE_395,2024-05,43,17,8,1,35556
UAE_395,2024-06,62,24,12,2,73585
UAE_395,2024-07,69,27,13,1,49439
UAE_395,2024-08,74,29,14,2,71639
UAE_395,2024-09,69,27,13,2,89601
UAE_395,2024-10,26,10,5,1,24812
UAE_395,2024-11,90,36,18,2,144748
UAE_395,2024-12,50,20,10,1,79141
UAE_395,2025-01,96,38,19,3,121550
UAE_395,2025-02,19,7,3,1,25944
UAE_395,2025-03,30,12,6,1,22270
UAE_395,2025-04,65,26,13,2,64889
UAE_395,2025-05,39,15,7,1,44573
UAE_395,2025-06,62,24,12,1,36185
UAE_395,2025-07,66,26,13,1,62935
UAE_395,2025-08,38,15,7,1,53625
UAE_395,2025-09,89,35,17,2,46234
UAE_395,2025-10,50,20,10,1,38842
UAE_395,2025-11,28,11,5,1,28838
UAE_395,2025-12,54,21,10,1,53592
UAE_396,2023-01,210,84,42,4,1702648
UAE_396,2023-02,320,128,64,6,1638419
UAE_396,2023-03,111,44,22,4,1192330
UAE_396,2023-04,391,156,78,6,3283317
UAE_396,2023-05,552,220,110,15,5389588
UAE_396,2023-06,454,181,90,10,2109307
UAE_396,2023-07,735,294,147,11,2597401
UAE_396,2023-08,450,180,90,10,3136202
UAE_396,2023-09,751,300,150,17,5601042
UAE_396,2023-10,535,214,107,15,1813641
UAE_396,2023-11,200,80,40,3,1591708
UAE_396,2023-12,310,124,62,6,2490873
UAE_396,2024-01,155,62,31,3,1225818
UAE_396,2024-02,381,152,76,7,2400727
UAE_396,2024-03,283,113,56,5,2006813
UAE_396,2024-04,193,77,38,3,1492653
UAE_396,2024-05,256,102,51,7,2067141
UAE_396,2024-06,364,145,72,8,1147477
UAE_396,2024-07,645,258,129,23,2139828
UAE_396,2024-08,670,268,134,26,2836924
UAE_396,2024-09,431,172,86,13,2717672
UAE_396,2024-10,444,177,88,15,1333864
UAE_396,2024-11,157,62,31,6,1417253
UAE_396,2024-12,435,174,87,15,3076786
UAE_396,2025-01,431,172,86,10,2237415
UAE_396,2025-02,236,94,47,9,1343087
UAE_396,2025-03,324,129,64,10,2004394
UAE_396,2025-04,275,110,55,6,1872220
UAE_396,2025-05,303,121,60,11,1890923
UAE_396,2025-06,144,57,28,4,1461123
UAE_396,2025-07,625,250,125,10,4902985
UAE_396,2025-08,623,249,124,22,6424463
UAE_396,2025-09,503,201,100,19,3660085
UAE_396,2025-10,457,182,91,8,1440406
UAE_396,2025-11,361,144,72,10,1298538
UAE_396,2025-12,282,112,56,8,1291449
UAE_397,2023-01,27,10,5,1,14603
UAE_397,2023-02,10,4,2,1,9658
UAE_397,2023-03,51,20,10,1,51949
UAE_397,2023-04,22,8,4,1,11311
UAE_397,2023-05,42,16,8,1,44209
UAE_397,2023-06,18,7,3,1,7934
UAE_397,2023-07,29,11,5,1,18844
UAE_397,2023-08,45,18,9,1,16225
UAE_397,2023-09,60,24,12,2,35059
UAE_397,2023-10,43,17,8,1,46638
UAE_397,2023-11,85,34,17,1,53873
UAE_397,2023-12,23,9,4,1,14876
UAE_397,2024-01,10,4,2,1,11628
UAE_397,2024-02,57,22,11,1,52864
UAE_397,2024-03,21,8,4,1,21166
UAE_397,2024-04,59,23,11,1,37284
UAE_397,2024-05,97,38,19,2,32396
UAE_397,2024-06,44,17,8,1,24011
UAE_397,2024-07,37,14,7,1,23735
UAE_397,2024-08,43,17,8,1,31237
UAE_397,2024-09,62,24,12,2,59387
UAE_397,2024-10,42,16,8,1,36668
UAE_397,2024-11,71,28,14,1,69600
UAE_397,2024-12,35,14,7,1,31833
UAE_397,2025-01,27,10,5,1,24586
UAE_397,2025-02,27,10,5,1,17334
UAE_397,2025-03,14,5,2,1,8630
UAE_397,2025-04,21,8,4,1,19397
UAE_397,2025-05,56,22,11,1,41586
UAE_397,2025-06,13,5,2,1,11638
UAE_397,2025-07,68,27,13,1,32395
UAE_397,2025-08,48,19,9,1,51231
UAE_397,2025-09,58,23,11,1,23396
UAE_397,2025-10,55,22,11,1,48491
UAE_397,2025-11,15,6,3,1,8621
UAE_397,2025-12,38,15,7,1,35702
UAE_398,2023-01,535,214,107,17,1593775
UAE_398,2023-02,313,125,62,9,1245346
UAE_398,2023-03,380,152,76,12,2709925
UAE_398,2023-04,169,67,33,3,1455892
UAE_398,2023-05,500,200,100,16,2929046
UAE_398,2023-06,660,264,132,25,6222947
UAE_398,2023-07,712,284,142,14,7473735
UAE_398,2023-08,374,149,74,14,3978855
UAE_398,2023-09,453,181,90,10,2988662
UAE_398,2023-10,529,211,105,16,2931982
UAE_398,2023-11,247,98,49,8,2562785
UAE_398,2023-12,256,102,51,3,1504746
UAE_398,2024-01,401,160,80,7,4300184
UAE_398,2024-02,821,328,164,16,9261640
UAE_398,2024-03,136,54,27,3,963046
UAE_398,2024-04,261,104,52,5,1096962
UAE_398,2024-05,474,189,94,13,3360903
UAE_398,2024-06,771,308,154,11,5600862
UAE_398,2024-07,841,336,168,26,6355708
UAE_398,2024-08,357,142,71,6,2675512
UAE_398,2024-09,303,121,60,10,953259
UAE_398,2024-10,444,177,88,12,4787681
UAE_398,2024-11,334,133,66,9,3060711
UAE_398,2024-12,144,57,28,4,1236580
UAE_398,2025-01,560,224,112,16,5031841
UAE_398,2025-02,213,85,42,7,1989674
UAE_398,2025-03,178,71,35,3,943245
UAE_398,2025-04,372,148,74,10,1113916
UAE_398,2025-05,385,154,77,12,2813462
UAE_398,2025-06,428,171,85,7,2093518
UAE_398,2025-07,263,105,52,6,822866
UAE_398,2025-08,394,157,78,10,1824501
UAE_398,2025-09,594,237,118,20,5188200
UAE_398,2025-10,614,245,122,10,5197853
UAE_398,2025-11,246,98,49,9,1803034
UAE_398,2025-12,502,200,100,8,2614132
UAE_399,2023-01,14,5,2,1,11089
UAE_399,2023-02,43,17,8,1,62930
UAE_399,2023-03,82,32,16,1,90338
UAE_399,2023-04,139,55,27,2,75154
UAE_399,2023-05,28,11,5,1,25001
UAE_399,2023-06,73,29,14,1,32963
UAE_399,2023-07,97,38,19,3,147871
UAE_399,2023-08,74,29,14,1,106973
UAE_399,2023-09,52,20,10,1,28355
UAE_399,2023-10,80,32,16,2,132824
UAE_399,2023-11,53,21,10,1,43841
UAE_399,2023-12,70,28,14,1,37033
UAE_399,2024-01,42,16,8,1,65194
UAE_399,2024-02,55,22,11,1,63673
UAE_399,2024-03,41,16,8,1,59036
UAE_399,2024-04,98,39,19,2,150168
UAE_399,2024-05,27,10,5,1,38138
UAE_399,2024-06,32,12,6,1,30611
UAE_399,2024-07,96,38,19,1,45289
UAE_399,2024-08,27,10,5,1,28579
UAE_399,2024-09,58,23,11,1,65772
UAE_399,2024-10,27,10,5,1,28186
UAE_399,2024-11,18,7,3,1,21229
UAE_399,2024-12,75,30,15,2,81865
UAE_399,2025-01,53,21,10,1,45614
UAE_399,2025-02,66,26,13,1,109188
UAE_399,2025-03,17,6,3,1,9415
UAE_399,2025-04,93,37,18,3,102902
UAE_399,2025-05,25,10,5,1,28433
UAE_399,2025-06,20,8,4,1,28896
UAE_399,2025-07,31,12,6,1,43698
UAE_399,2025-08,85,34,17,1,116404
UAE_399,2025-09,97,38,19,1,54878
UAE_399,2025-10,80,32,16,1,39061
UAE_399,2025-11,103,41,20,2,159043
UAE_399,2025-12,62,24,12,1,70361
UAE_400,2023-01,293,117,58,10,3164456
UAE_400,2023-02,384,153,76,6,3637939
UAE_400,2023-03,582,232,116,21,6119570
UAE_400,2023-04,1512,604,302,40,28763446
UAE_400,2023-05,1897,758,379,57,30973327
UAE_400,2023-06,927,370,185,32,12475970
UAE_400,2023-07,895,358,179,24,24850383
UAE_400,2023-08,2238,895,447,72,26558963
UAE_400,2023-09,1694,677,338,42,17041484
UAE_400,2023-10,545,218,109,18,5692889
UAE_400,2023-11,590,236,118,15,8502374
UAE_400,2023-12,1585,634,317,59,50413879
UAE_400,2024-01,597,238,119,15,5473119
UAE_400,2024-02,1744,697,348,51,45797374
UAE_400,2024-03,934,373,186,33,25500991
UAE_400,2024-04,361,144,72,5,6031946
UAE_400,2024-05,773,309,154,28,16616267
UAE_400,2024-06,765,306,153,21,22692758
UAE_400,2024-07,884,353,176,27,21448470
UAE_400,2024-08,723,289,144,27,10533919
UAE_400,2024-09,2535,1014,507,50,60594105
UAE_400,2024-10,636,254,127,22,16884230
UAE_400,2024-11,951,380,190,25,18572211
UAE_400,2024-12,1499,599,299,47,28028408
UAE_400,2025-01,1365,546,273,31,29154013
UAE_400,2025-02,380,152,76,14,9671728
UAE_400,2025-03,1825,730,365,64,35849964
UAE_400,2025-04,1232,492,246,29,31540973
UAE_400,2025-05,2312,924,462,38,58165633
UAE_400,2025-06,592,236,118,22,6974878
UAE_400,2025-07,1484,593,296,37,36607840
UAE_400,2025-08,2398,959,479,61,75848825
UAE_400,2025-09,2547,1018,509,59,28651508
UAE_400,2025-10,833,333,166,24,21928556
UAE_400,2025-11,1109,443,221,21,16417252
UAE_400,2025-12,1375,550,275,21,42516666
UAE_401,2023-01,17,6,3,1,14953
UAE_401,2023-02,45,18,9,1,46388
UAE_401,2023-03,43,17,8,1,34088
UAE_401,2023-04,44,17,8,1,47980
UAE_401,2023-05,58,23,11,2,28153
UAE_401,2023-06,64,25,12,2,61505
UAE_401,2023-07,38,15,7,1,21157
UAE_401,2023-08,83,33,16,3,85104
UAE_401,2023-09,52,20,10,1,36869
UAE_401,2023-10,14,5,2,1,9859
UAE_401,2023-11,47,18,9,1,23419
UAE_401,2023-12,28,11,5,1,32773
UAE_401,2024-01,42,16,8,1,19989
UAE_401,2024-02,24,9,4,1,15526
UAE_401,2024-03,23,9,4,1,16964
UAE_401,2024-04,21,8,4,1,6756
UAE_401,2024-05,34,13,6,1,38148
UAE_401,2024-06,39,15,7,1,28640
UAE_401,2024-07,103,41,20,4,106043
UAE_401,2024-08,79,31,15,3,57760
UAE_401,2024-09,30,12,6,1,26466
UAE_401,2024-10,51,20,10,1,56682
UAE_401,2024-11,30,12,6,1,35288
UAE_401,2024-12,40,16,8,1,13548
UAE_401,2025-01,20,8,4,1,21348
UAE_401,2025-02,16,6,3,1,7425
UAE_401,2025-03,33,13,6,1,14597
UAE_401,2025-04,14,5,2,1,4541
UAE_401,2025-05,14,5,2,1,5335
UAE_401,2025-06,57,22,11,1,19812
UAE_401,2025-07,76,30,15,2,77583
UAE_401,2025-08,25,10,5,1,8294
UAE_401,2025-09,57,22,11,1,45669
UAE_401,2025-10,19,7,3,1,7111
UAE_401,2025-11,22,8,4,1,15235
UAE_401,2025-12,31,12,6,1,11727
UAE_402,2023-01,42,16,8,1,23087
UAE_402,2023-02,13,5,2,1,5565
UAE_402,2023-03,23,9,4,1,8203
UAE_402,2023-04,72,28,14,1,38145
UAE_402,2023-05,36,14,7,1,30399
UAE_402,2023-06,38,15,7,1,16564
UAE_402,2023-07,26,10,5,1,14009
UAE_402,2023-08,85,34,17,1,97557
UAE_402,2023-09,75,30,15,1,56066
UAE_402,2023-10,17,6,3,1,9651
UAE_402,2023-11,32,12,6,1,31708
UAE_402,2023-12,18,7,3,1,8924
UAE_402,2024-01,62,24,12,1,22311
UAE_402,2024-02,66,26,13,2,24703
UAE_402,2024-03,41,16,8,1,24772
UAE_402,2024-04,45,18,9,1,42631
UAE_402,2024-05,62,24,12,2,35700
UAE_402,2024-06,60,24,12,1,65360
UAE_402,2024-07,31,12,6,1,22654
UAE_402,2024-08,56,22,11,1,46872
UAE_402,2024-09,13,5,2,1,6372
UAE_402,2024-10,24,9,4,1,24497
UAE_402,2024-11,10,4,2,1,8834
UAE_402,2024-12,32,12,6,1,10520
UAE_402,2025-01,14,5,2,1,4032
UAE_402,2025-02,17,6,3,1,13302
UAE_402,2025-03,23,9,4,1,15230
UAE_402,2025-04,36,14,7,1,28378
UAE_402,2025-05,63,25,12,1,70577
UAE_402,2025-06,72,28,14,1,34536
UAE_402,2025-07,68,27,13,1,34402
UAE_402,2025-08,31,12,6,1,10495
UAE_402,2025-09,28,11,5,1,20221
UAE_402,2025-10,34,13,6,1,31806
UAE_402,2025-11,28,11,5,1,25804
UAE_402,2025-12,40,16,8,1,44698
UAE_403,2023-01,26,10,5,1,22407
UAE_403,2023-02,11,4,2,1,9463
UAE_403,2023-03,32,12,6,1,21324
UAE_403,2023-04,26,10,5,1,12764
UAE_403,2023-05,44,17,8,1,19977
UAE_403,2023-06,41,16,8,1,38055
UAE_403,2023-07,26,10,5,1,20463
UAE_403,2023-08,32,12,6,1,35083
UAE_403,2023-09,12,4,2,1,4760
UAE_403,2023-10,23,9,4,1,25790
UAE_403,2023-11,94,37,18,2,69843
UAE_403,2023-12,18,7,3,1,13356
UAE_403,2024-01,45,18,9,1,31001
UAE_403,2024-02,44,17,8,1,46799
UAE_403,2024-03,34,13,6,1,10093
UAE_403,2024-04,43,17,8,1,15899
UAE_403,2024-05,23,9,4,1,22870
UAE_403,2024-06,62,24,12,2,35997
UAE_403,2024-07,46,18,9,1,48952
UAE_403,2024-08,20,8,4,1,15776
UAE_403,2024-09,43,17,8,1,13536
UAE_403,2024-10,59,23,11,1,57939
UAE_403,2024-11,22,8,4,1,21646
UAE_403,2024-12,26,10,5,1,25624
UAE_403,2025-01,29,11,5,1,26415
UAE_403,2025-02,36,14,7,1,17754
UAE_403,2025-03,33,13,6,1,36433
UAE_403,2025-04,23,9,4,1,24561
UAE_403,2025-05,30,12,6,1,19536
UAE_403,2025-06,51,20,10,1,53874
UAE_403,2025-07,25,10,5,1,26064
UAE_403,2025-08,72,28,14,1,82977
UAE_403,2025-09,31,12,6,1,27745
UAE_403,2025-10,33,13,6,1,21786
UAE_403,2025-11,62,24,12,2,23119
UAE_403,2025-12,36,14,7,1,17626
UAE_404,2023-01,43,17,8,1,14925
UAE_404,2023-02,26,10,5,1,29774
UAE_404,2023-03,51,20,10,1,56554
UAE_404,2023-04,54,21,10,1,36884
UAE_404,2023-05,44,17,8,1,25048
UAE_404,2023-06,39,15,7,1,41607
UAE_404,2023-07,34,13,6,1,16348
UAE_404,2023-08,55,22,11,1,35058
UAE_404,2023-09,17,6,3,1,17103
UAE_404,2023-10,41,16,8,1,28866
UAE_404,2023-11,36,14,7,1,37473
UAE_404,2023-12,19,7,3,1,9586
UAE_404,2024-01,58,23,11,1,40633
UAE_404,2024-02,66,26,13,1,30911
UAE_404,2024-03,46,18,9,1,31490
UAE_404,2024-04,28,11,5,1,24854
UAE_404,2024-05,94,37,18,2,58628
UAE_404,2024-06,24,9,4,1,22515
UAE_404,2024-07,52,20,10,1,40085
UAE_404,2024-08,75,30,15,2,61013
UAE_404,2024-09,36,14,7,1,15542
UAE_404,2024-10,30,12,6,1,32628
UAE_404,2024-11,71,28,14,2,30737
UAE_404,2024-12,10,4,2,1,6006
UAE_404,2025-01,39,15,7,1,30100
UAE_404,2025-02,31,12,6,1,28835
UAE_404,2025-03,19,7,3,1,6971
UAE_404,2025-04,16,6,3,1,10076
UAE_404,2025-05,89,35,17,2,86205
UAE_404,2025-06,72,28,14,1,63847
UAE_404,2025-07,15,6,3,1,7622
UAE_404,2025-08,17,6,3,1,6326
UAE_404,2025-09,17,6,3,1,4837
UAE_404,2025-10,14,5,2,1,8426
UAE_404,2025-11,28,11,5,1,11059
UAE_404,2025-12,37,14,7,1,29857
UAE_405,2023-01,134,53,26,3,260506
UAE_405,2023-02,24,9,4,1,37857
UAE_405,2023-03,97,38,19,3,140013
UAE_405,2023-04,66,26,13,1,130128
UAE_405,2023-05,122,48,24,3,207575
UAE_405,2023-06,116,46,23,4,89106
UAE_405,2023-07,43,17,8,1,49012
UAE_405,2023-08,77,30,15,2,102332
UAE_405,2023-09,69,27,13,2,103337
UAE_405,2023-10,94,37,18,3,138371
UAE_405,2023-11,44,17,8,1,88610
UAE_405,2023-12,118,47,23,2,145811
UAE_405,2024-01,28,11,5,1,53114
UAE_405,2024-02,104,41,20,1,67026
UAE_405,2024-03,48,19,9,1,74852
UAE_405,2024-04,80,32,16,2,130150
UAE_405,2024-05,109,43,21,2,144435
UAE_405,2024-06,112,44,22,4,195919
UAE_405,2024-07,109,43,21,4,76302
UAE_405,2024-08,45,18,9,1,95943
UAE_405,2024-09,33,13,6,1,41317
UAE_405,2024-10,60,24,12,1,47726
UAE_405,2024-11,43,17,8,1,63040
UAE_405,2024-12,75,30,15,1,130915
UAE_405,2025-01,109,43,21,2,96321
UAE_405,2025-02,30,12,6,1,63460
UAE_405,2025-03,25,10,5,1,32817
UAE_405,2025-04,110,44,22,3,145361
UAE_405,2025-05,38,15,7,1,32491
UAE_405,2025-06,31,12,6,1,23805
UAE_405,2025-07,28,11,5,1,58881
UAE_405,2025-08,64,25,12,1,129743
UAE_405,2025-09,42,16,8,1,64388
UAE_405,2025-10,23,9,4,1,20429
UAE_405,2025-11,90,36,18,1,181429
UAE_405,2025-12,88,35,17,1,143623
UAE_406,2023-01,331,132,66,6,1540173
UAE_406,2023-02,234,93,46,8,1161277
UAE_406,2023-03,209,83,41,5,393362
UAE_406,2023-04,220,88,44,5,540724
UAE_406,2023-05,263,105,52,7,1464166
UAE_406,2023-06,166,66,33,5,955581
UAE_406,2023-07,429,171,85,11,733085
UAE_406,2023-08,155,62,31,4,759185
UAE_406,2023-09,108,43,21,1,559663
UAE_406,2023-10,344,137,68,5,1252782
UAE_406,2023-11,315,126,63,6,1758949
UAE_406,2023-12,179,71,35,5,586040
UAE_406,2024-01,176,70,35,4,530167
UAE_406,2024-02,284,113,56,6,1021584
UAE_406,2024-03,188,75,37,3,373104
UAE_406,2024-04,333,133,66,8,640168
UAE_406,2024-05,268,107,53,9,1203206
UAE_406,2024-06,350,140,70,7,864592
UAE_406,2024-07,82,32,16,1,407997
UAE_406,2024-08,115,46,23,2,298388
UAE_406,2024-09,479,191,95,17,1545931
UAE_406,2024-10,95,38,19,2,424929
UAE_406,2024-11,157,62,31,6,513043
UAE_406,2024-12,305,122,61,6,860452
UAE_406,2025-01,344,137,68,11,986745
UAE_406,2025-02,357,142,71,12,1331176
UAE_406,2025-03,277,110,55,8,1403259
UAE_406,2025-04,246,98,49,9,1059893
UAE_406,2025-05,171,68,34,4,799801
UAE_406,2025-06,88,35,17,2,480823
UAE_406,2025-07,470,188,94,17,875673
UAE_406,2025-08,324,129,64,7,1041085
UAE_406,2025-09,296,118,59,9,1828905
UAE_406,2025-10,184,73,36,3,745158
UAE_406,2025-11,75,30,15,2,269991
UAE_406,2025-12,116,46,23,1,662889
UAE_407,2023-01,28,11,5,1,56366
UAE_407,2023-02,131,52,26,2,119066
UAE_407,2023-03,73,29,14,1,143974
UAE_407,2023-04,98,39,19,3,143257
UAE_407,2023-05,68,27,13,2,43432
UAE_407,2023-06,123,49,24,2,220582
UAE_407,2023-07,132,52,26,3,216992
UAE_407,2023-08,114,45,22,2,174036
UAE_407,2023-09,58,23,11,1,75285
UAE_407,2023-10,69,27,13,2,128602
UAE_407,2023-11,127,50,25,5,115665
UAE_407,2023-12,112,44,22,4,88075
UAE_407,2024-01,88,35,17,2,131640
UAE_407,2024-02,71,28,14,2,48893
UAE_407,2024-03,73,29,14,2,105464
UAE_407,2024-04,82,32,16,1,74829
UAE_407,2024-05,60,24,12,1,67957
UAE_407,2024-06,47,18,9,1,34052
UAE_407,2024-07,68,27,13,1,65975
UAE_407,2024-08,129,51,25,3,171393
UAE_407,2024-09,45,18,9,1,67847
UAE_407,2024-10,67,26,13,2,43104
UAE_407,2024-11,45,18,9,1,92330
UAE_407,2024-12,40,16,8,1,65859
UAE_407,2025-01,88,35,17,2,62237
UAE_407,2025-02,79,31,15,1,118712
UAE_407,2025-03,49,19,9,1,67970
UAE_407,2025-04,91,36,18,3,61729
UAE_407,2025-05,99,39,19,3,55083
UAE_407,2025-06,74,29,14,1,120559
UAE_407,2025-07,99,39,19,3,171744
UAE_407,2025-08,133,53,26,2,82383
UAE_407,2025-09,66,26,13,2,62700
UAE_407,2025-10,137,54,27,4,280680
UAE_407,2025-11,78,31,15,2,103774
UAE_407,2025-12,106,42,21,2,101750
UAE_408,2023-01,21,8,4,1,17600
UAE_408,2023-02,44,17,8,1,32144
UAE_408,2023-03,49,19,9,1,23276
UAE_408,2023-04,64,25,12,1,57041
UAE_408,2023-05,52,20,10,1,51998
UAE_408,2023-06,47,18,9,1,14057
UAE_408,2023-07,42,16,8,1,33476
UAE_408,2023-08,67,26,13,2,43285
UAE_408,2023-09,58,23,11,1,33578
UAE_408,2023-10,52,20,10,2,27037
UAE_408,2023-11,11,4,2,1,7248
UAE_408,2023-12,28,11,5,1,9345
UAE_408,2024-01,19,7,3,1,16317
UAE_408,2024-02,57,22,11,1,43188
UAE_408,2024-03,40,16,8,1,30085
UAE_408,2024-04,32,12,6,1,25683
UAE_408,2024-05,80,32,16,1,46143
UAE_408,2024-06,80,32,16,3,57781
UAE_408,2024-07,13,5,2,1,12414
UAE_408,2024-08,53,21,10,1,51705
UAE_408,2024-09,92,36,18,2,96332
UAE_408,2024-10,43,17,8,1,36217
UAE_408,2024-11,12,4,2,1,3430
UAE_408,2024-12,43,17,8,1,22431
UAE_408,2025-01,47,18,9,1,32381
UAE_408,2025-02,31,12,6,1,34576
UAE_408,2025-03,35,14,7,1,11255
UAE_408,2025-04,47,18,9,1,24419
UAE_408,2025-05,51,20,10,1,24391
UAE_408,2025-06,48,19,9,1,50714
UAE_408,2025-07,55,22,11,1,30072
UAE_408,2025-08,73,29,14,2,35572
UAE_408,2025-09,40,16,8,1,19613
UAE_408,2025-10,60,24,12,1,64437
UAE_408,2025-11,32,12,6,1,26788
UAE_408,2025-12,35,14,7,1,28594
UAE_409,2023-01,23,9,4,1,21953
UAE_409,2023-02,24,9,4,1,7723
UAE_409,2023-03,11,4,2,1,11065
UAE_409,2023-04,62,24,12,1,49180
UAE_409,2023-05,58,23,11,1,27660
UAE_409,2023-06,79,31,15,1,73264
UAE_409,2023-07,54,21,10,1,26513
UAE_409,2023-08,27,10,5,1,11088
UAE_409,2023-09,46,18,9,1,52097
UAE_409,2023-10,42,16,8,1,19818
UAE_409,2023-11,62,24,12,1,22183
UAE_409,2023-12,15,6,3,1,13666
UAE_409,2024-01,45,18,9,1,33540
UAE_409,2024-02,70,28,14,1,67284
UAE_409,2024-03,36,14,7,1,36533
UAE_409,2024-04,70,28,14,2,39816
UAE_409,2024-05,72,28,14,1,72680
UAE_409,2024-06,30,12,6,1,11782
UAE_409,2024-07,57,22,11,2,24803
UAE_409,2024-08,21,8,4,1,9473
UAE_409,2024-09,37,14,7,1,38765
UAE_409,2024-10,63,25,12,1,43820
UAE_409,2024-11,46,18,9,1,52741
UAE_409,2024-12,22,8,4,1,12691
UAE_409,2025-01,51,20,10,2,30926
UAE_409,2025-02,50,20,10,1,37555
UAE_409,2025-03,39,15,7,1,13902
UAE_409,2025-04,35,14,7,1,29135
UAE_409,2025-05,22,8,4,1,16010
UAE_409,2025-06,42,16,8,1,24578
UAE_409,2025-07,50,20,10,1,26505
UAE_409,2025-08,29,11,5,1,15809
UAE_409,2025-09,17,6,3,1,11779
UAE_409,2025-10,43,17,8,1,18124
UAE_409,2025-11,46,18,9,1,15445
UAE_409,2025-12,47,18,9,1,42892
UAE_410,2023-01,44,17,8,1,40923
UAE_410,2023-02,43,17,8,1,35387
UAE_410,2023-03,67,26,13,2,108795
UAE_410,2023-04,31,12,6,1,36105
UAE_410,2023-05,56,22,11,1,81075
UAE_410,2023-06,36,14,7,1,17776
UAE_410,2023-07,80,32,16,1,118909
UAE_410,2023-08,133,53,26,3,210160
UAE_410,2023-09,40,16,8,1,29998
UAE_410,2023-10,73,29,14,2,51512
UAE_410,2023-11,15,6,3,1,20557
UAE_410,2023-12,100,40,20,2,141083
UAE_410,2024-01,35,14,7,1,29323
UAE_410,2024-02,33,13,6,1,17956
UAE_410,2024-03,22,8,4,1,33174
UAE_410,2024-04,85,34,17,3,138309
UAE_410,2024-05,115,46,23,2,65679
UAE_410,2024-06,51,20,10,1,33326
UAE_410,2024-07,125,50,25,2,163563
UAE_410,2024-08,21,8,4,1,31127
UAE_410,2024-09,77,30,15,2,41647
UAE_410,2024-10,88,35,17,3,62005
UAE_410,2024-11,84,33,16,1,129231
UAE_410,2024-12,63,25,12,1,33873
UAE_410,2025-01,27,10,5,1,36953
UAE_410,2025-02,49,19,9,1,33318
UAE_410,2025-03,81,32,16,1,117653
UAE_410,2025-04,18,7,3,1,22737
UAE_410,2025-05,91,36,18,1,55649
UAE_410,2025-06,47,18,9,1,73136
UAE_410,2025-07,82,32,16,1,48813
UAE_410,2025-08,113,45,22,2,90212
UAE_410,2025-09,77,30,15,2,81135
UAE_410,2025-10,59,23,11,1,65720
UAE_410,2025-11,87,34,17,2,75810
UAE_410,2025-12,33,13,6,1,15868
UAE_411,2023-01,627,250,125,20,5156922
UAE_411,2023-02,656,262,131,18,7214143
UAE_411,2023-03,210,84,42,3,1163735
UAE_411,2023-04,807,322,161,16,3498558
UAE_411,2023-05,325,130,65,10,1773488
UAE_411,2023-06,246,98,49,3,2685823
UAE_411,2023-07,511,204,102,14,3133291
UAE_411,2023-08,863,345,172,29,7865806
UAE_411,2023-09,151,60,30,3,1433272
UAE_411,2023-10,617,246,123,12,3702518
UAE_411,2023-11,401,160,80,13,1725112
UAE_411,2023-12,323,129,64,6,1513635
UAE_411,2024-01,437,174,87,16,4504564
UAE_411,2024-02,301,120,60,4,2370555
UAE_411,2024-03,301,120,60,7,2665683
UAE_411,2024-04,347,138,69,5,3709587
UAE_411,2024-05,204,81,40,6,1947696
UAE_411,2024-06,188,75,37,5,973709
UAE_411,2024-07,306,122,61,11,1542535
UAE_411,2024-08,710,284,142,14,6840881
UAE_411,2024-09,394,157,78,6,2445201
UAE_411,2024-10,158,63,31,2,1715818
UAE_411,2024-11,272,108,54,6,1058715
UAE_411,2024-12,210,84,42,6,1445364
UAE_411,2025-01,702,280,140,23,3667286
UAE_411,2025-02,418,167,83,10,1911654
UAE_411,2025-03,149,59,29,4,499714
UAE_411,2025-04,512,204,102,18,2727053
UAE_411,2025-05,236,94,47,5,1235734
UAE_411,2025-06,399,159,79,8,3930848
UAE_411,2025-07,190,76,38,4,972913
UAE_411,2025-08,541,216,108,10,2625112
UAE_411,2025-09,636,254,127,22,3045175
UAE_411,2025-10,200,80,40,7,1495428
UAE_411,2025-11,225,90,45,5,2493442
UAE_411,2025-12,434,173,86,15,3940529
UAE_412,2023-01,40,16,8,1,22841
UAE_412,2023-02,20,8,4,1,8813
UAE_412,2023-03,40,16,8,1,13586
UAE_412,2023-04,17,6,3,1,17087
UAE_412,2023-05,50,20,10,1,25895
UAE_412,2023-06,41,16,8,1,39170
UAE_412,2023-07,74,29,14,2,45195
UAE_412,2023-08,57,22,11,1,34859
UAE_412,2023-09,83,33,16,1,47507
UAE_412,2023-10,23,9,4,1,24857
UAE_412,2023-11,44,17,8,1,43820
UAE_412,2023-12,18,7,3,1,18052
UAE_412,2024-01,26,10,5,1,25671
UAE_412,2024-02,16,6,3,1,8906
UAE_412,2024-03,24,9,4,1,16313
UAE_412,2024-04,25,10,5,1,14168
UAE_412,2024-05,48,19,9,1,48307
UAE_412,2024-06,49,19,9,1,22218
UAE_412,2024-07,18,7,3,1,19941
UAE_412,2024-08,30,12,6,1,14770
UAE_412,2024-09,77,30,15,2,46196
UAE_412,2024-10,28,11,5,1,21691
UAE_412,2024-11,62,24,12,2,43267
UAE_412,2024-12,18,7,3,1,11427
UAE_412,2025-01,62,24,12,1,59335
UAE_412,2025-02,12,4,2,1,11405
UAE_412,2025-03,53,21,10,1,53664
UAE_412,2025-04,50,20,10,1,28089
UAE_412,2025-05,73,29,14,2,53988
UAE_412,2025-06,40,16,8,1,43295
UAE_412,2025-07,92,36,18,2,37722
UAE_412,2025-08,78,31,15,2,88688
UAE_412,2025-09,38,15,7,1,37639
UAE_412,2025-10,37,14,7,1,20384
UAE_412,2025-11,84,33,16,2,81956
UAE_412,2025-12,52,20,10,1,37923
UAE_413,2023-01,21,8,4,1,19066
UAE_413,2023-02,53,21,10,1,31936
UAE_413,2023-03,31,12,6,1,21608
UAE_413,2023-04,57,22,11,1,21528
UAE_413,2023-05,31,12,6,1,13323
UAE_413,2023-06,52,20,10,1,48422
UAE_413,2023-07,61,24,12,1,46727
UAE_413,2023-08,57,22,11,1,19886
UAE_413,2023-09,51,20,10,1,33792
UAE_413,2023-10,61,24,12,2,33564
UAE_413,2023-11,18,7,3,1,9488
UAE_413,2023-12,27,10,5,1,14417
UAE_413,2024-01,39,15,7,1,32644
UAE_413,2024-02,15,6,3,1,11768
UAE_413,2024-03,32,12,6,1,34170
UAE_413,2024-04,58,23,11,2,49119
UAE_413,2024-05,22,8,4,1,22394
UAE_413,2024-06,58,23,11,1,23502
UAE_413,2024-07,64,25,12,1,41250
UAE_413,2024-08,74,29,14,2,32575
UAE_413,2024-09,70,28,14,2,38514
UAE_413,2024-10,12,4,2,1,8038
UAE_413,2024-11,47,18,9,1,16113
UAE_413,2024-12,10,4,2,1,8492
UAE_413,2025-01,29,11,5,1,29672
UAE_413,2025-02,24,9,4,1,12698
UAE_413,2025-03,24,9,4,1,9555
UAE_413,2025-04,80,32,16,2,74321
UAE_413,2025-05,53,21,10,1,40230
UAE_413,2025-06,41,16,8,1,47494
UAE_413,2025-07,22,8,4,1,15512
UAE_413,2025-08,74,29,14,2,76180
UAE_413,2025-09,62,24,12,2,33644
UAE_413,2025-10,64,25,12,1,31960
UAE_413,2025-11,38,15,7,1,17292
UAE_413,2025-12,33,13,6,1,13191
UAE_414,2023-01,79,31,15,2,118630
UAE_414,2023-02,39,15,7,1,21012
UAE_414,2023-03,63,25,12,2,50004
UAE_414,2023-04,42,16,8,1,25373
UAE_414,2023-05,70,28,14,2,107399
UAE_414,2023-06,51,20,10,1,25616
UAE_414,2023-07,105,42,21,2,102633
UAE_414,2023-08,161,64,32,6,235555
UAE_414,2023-09,60,24,12,1,98136
UAE_414,2023-10,76,30,15,2,68708
UAE_414,2023-11,18,7,3,1,19194
UAE_414,2023-12,88,35,17,2,114926
UAE_414,2024-01,24,9,4,1,31990
UAE_414,2024-02,55,22,11,1,51386
UAE_414,2024-03,80,32,16,2,116955
UAE_414,2024-04,56,22,11,1,81859
UAE_414,2024-05,41,16,8,1,63388
UAE_414,2024-06,19,7,3,1,23969
UAE_414,2024-07,70,28,14,1,112054
UAE_414,2024-08,63,25,12,1,71060
UAE_414,2024-09,76,30,15,2,46233
UAE_414,2024-10,42,16,8,1,46737
UAE_414,2024-11,87,34,17,2,140877
UAE_414,2024-12,58,23,11,2,87527
UAE_414,2025-01,48,19,9,1,76736
UAE_414,2025-02,22,8,4,1,25068
UAE_414,2025-03,16,6,3,1,20423
UAE_414,2025-04,15,6,3,1,23433
UAE_414,2025-05,29,11,5,1,38835
UAE_414,2025-06,65,26,13,2,47878
UAE_414,2025-07,164,65,32,2,69241
UAE_414,2025-08,29,11,5,1,28468
UAE_414,2025-09,32,12,6,1,25049
UAE_414,2025-10,58,23,11,1,40017
UAE_414,2025-11,21,8,4,1,20463
UAE_414,2025-12,61,24,12,2,84026
UAE_415,2023-01,32,12,6,1,23865
UAE_415,2023-02,17,6,3,1,15099
UAE_415,2023-03,43,17,8,1,30012
UAE_415,2023-04,50,20,10,1,24116
UAE_415,2023-05,63,25,12,2,38763
UAE_415,2023-06,23,9,4,1,19835
UAE_415,2023-07,49,19,9,1,34159
UAE_415,2023-08,48,19,9,1,23615
UAE_415,2023-09,30,12,6,1,29431
UAE_415,2023-10,32,12,6,1,21576
UAE_415,2023-11,45,18,9,1,36192
UAE_415,2023-12,43,17,8,1,21707
UAE_415,2024-01,19,7,3,1,19909
UAE_415,2024-02,43,17,8,1,48609
UAE_415,2024-03,46,18,9,1,33950
UAE_415,2024-04,41,16,8,1,33295
UAE_415,2024-05,40,16,8,1,29163
UAE_415,2024-06,93,37,18,2,63732
UAE_415,2024-07,24,9,4,1,9811
UAE_415,2024-08,46,18,9,1,25995
UAE_415,2024-09,40,16,8,1,23930
UAE_415,2024-10,98,39,19,2,55680
UAE_415,2024-11,27,10,5,1,25811
UAE_415,2024-12,42,16,8,1,35256
UAE_415,2025-01,31,12,6,1,12046
UAE_415,2025-02,24,9,4,1,22768
UAE_415,2025-03,36,14,7,1,23966
UAE_415,2025-04,38,15,7,1,13792
UAE_415,2025-05,17,6,3,1,5938
UAE_415,2025-06,82,32,16,1,71730
UAE_415,2025-07,54,21,10,1,48590
UAE_415,2025-08,43,17,8,1,21020
UAE_415,2025-09,32,12,6,1,25532
UAE_415,2025-10,92,36,18,2,77250
UAE_415,2025-11,44,17,8,1,33334
UAE_415,2025-12,39,15,7,1,15768
UAE_416,2023-01,49,19,9,1,64520
UAE_416,2023-02,37,14,7,1,62557
UAE_416,2023-03,67,26,13,1,135034
UAE_416,2023-04,63,25,12,1,62533
UAE_416,2023-05,156,62,31,2,221798
UAE_416,2023-06,111,44,22,2,192210
UAE_416,2023-07,89,35,17,1,145437
UAE_416,2023-08,28,11,5,1,41810
UAE_416,2023-09,65,26,13,2,91014
UAE_416,2023-10,57,22,11,1,88722
UAE_416,2023-11,124,49,24,2,240888
UAE_416,2023-12,113,45,22,1,101552
UAE_416,2024-01,30,12,6,1,49957
UAE_416,2024-02,47,18,9,1,73610
UAE_416,2024-03,86,34,17,1,89861
UAE_416,2024-04,84,33,16,2,125325
UAE_416,2024-05,100,40,20,2,135565
UAE_416,2024-06,42,16,8,1,45151
UAE_416,2024-07,42,16,8,1,61359
UAE_416,2024-08,35,14,7,1,19184
UAE_416,2024-09,51,20,10,1,94202
UAE_416,2024-10,44,17,8,1,90227
UAE_416,2024-11,141,56,28,4,225432
UAE_416,2024-12,82,32,16,3,171822
UAE_416,2025-01,26,10,5,1,48695
UAE_416,2025-02,33,13,6,1,29097
UAE_416,2025-03,29,11,5,1,38373
UAE_416,2025-04,34,13,6,1,56358
UAE_416,2025-05,49,19,9,1,58958
UAE_416,2025-06,154,61,30,6,215626
UAE_416,2025-07,94,37,18,2,126717
UAE_416,2025-08,122,48,24,3,93596
UAE_416,2025-09,54,21,10,1,30111
UAE_416,2025-10,65,26,13,2,132180
UAE_416,2025-11,49,19,9,1,83185
UAE_416,2025-12,113,45,22,4,101586
UAE_417,2023-01,89,35,17,2,312718
UAE_417,2023-02,171,68,34,2,205113
UAE_417,2023-03,168,67,33,4,491672
UAE_417,2023-04,49,19,9,1,124214
UAE_417,2023-05,249,99,49,8,654793
UAE_417,2023-06,226,90,45,7,654745
UAE_417,2023-07,88,35,17,2,224051
UAE_417,2023-08,68,27,13,2,268645
UAE_417,2023-09,117,46,23,2,481112
UAE_417,2023-10,70,28,14,2,225058
UAE_417,2023-11,256,102,51,5,502098
UAE_417,2023-12,204,81,40,4,472735
UAE_417,2024-01,248,99,49,7,830282
UAE_417,2024-02,175,70,35,3,403356
UAE_417,2024-03,61,24,12,2,106698
UAE_417,2024-04,53,21,10,1,85856
UAE_417,2024-05,111,44,22,2,334068
UAE_417,2024-06,264,105,52,10,375303
UAE_417,2024-07,177,70,35,3,657292
UAE_417,2024-08,151,60,30,3,238737
UAE_417,2024-09,156,62,31,2,204442
UAE_417,2024-10,219,87,43,6,513574
UAE_417,2024-11,163,65,32,3,628977
UAE_417,2024-12,106,42,21,3,267794
UAE_417,2025-01,91,36,18,1,187269
UAE_417,2025-02,127,50,25,3,168927
UAE_417,2025-03,257,102,51,8,651953
UAE_417,2025-04,234,93,46,7,934831
UAE_417,2025-05,291,116,58,4,556218
UAE_417,2025-06,243,97,48,5,300062
UAE_417,2025-07,154,61,30,3,572492
UAE_417,2025-08,330,132,66,6,868763
UAE_417,2025-09,220,88,44,5,457782
UAE_417,2025-10,247,98,49,5,481225
UAE_417,2025-11,156,62,31,4,560175
UAE_417,2025-12,156,62,31,5,328061
UAE_418,2023-01,55,22,11,2,35737
UAE_418,2023-02,45,18,9,1,55982
UAE_418,2023-03,27,10,5,1,27361
UAE_418,2023-04,58,23,11,1,45531
UAE_418,2023-05,33,13,6,1,39594
UAE_418,2023-06,48,19,9,1,37516
UAE_418,2023-07,47,18,9,1,62844
UAE_418,2023-08,76,30,15,1,85897
UAE_418,2023-09,77,30,15,1,36661
UAE_418,2023-10,49,19,9,1,30371
UAE_418,2023-11,30,12,6,1,19827
UAE_418,2023-12,62,24,12,2,85062
UAE_418,2024-01,10,4,2,1,8277
UAE_418,2024-02,16,6,3,1,7174
UAE_418,2024-03,46,18,9,1,18639
UAE_418,2024-04,31,12,6,1,36499
UAE_418,2024-05,85,34,17,1,66745
UAE_418,2024-06,113,45,22,3,118760
UAE_418,2024-07,89,35,17,2,63523
UAE_418,2024-08,107,42,21,2,148910
UAE_418,2024-09,22,8,4,1,19115
UAE_418,2024-10,39,15,7,1,43620
UAE_418,2024-11,48,19,9,1,67838
UAE_418,2024-12,32,12,6,1,40628
UAE_418,2025-01,23,9,4,1,23047
UAE_418,2025-02,46,18,9,1,60038
UAE_418,2025-03,49,19,9,1,40376
UAE_418,2025-04,94,37,18,3,72035
UAE_418,2025-05,90,36,18,1,88913
UAE_418,2025-06,92,36,18,2,83950
UAE_418,2025-07,72,28,14,1,72401
UAE_418,2025-08,28,11,5,1,29101
UAE_418,2025-09,22,8,4,1,14620
UAE_418,2025-10,13,5,2,1,10003
UAE_418,2025-11,37,14,7,1,34574
UAE_418,2025-12,54,21,10,1,34139
UAE_419,2023-01,37,14,7,1,33617
UAE_419,2023-02,55,22,11,1,33823
UAE_419,2023-03,45,18,9,1,14765
UAE_419,2023-04,18,7,3,1,16596
UAE_419,2023-05,53,21,10,2,43117
UAE_419,2023-06,32,12,6,1,35160
UAE_419,2023-07,74,29,14,2,45251
UAE_419,2023-08,77,30,15,2,60133
UAE_419,2023-09,22,8,4,1,9311
UAE_419,2023-10,69,27,13,1,76828
UAE_419,2023-11,14,5,2,1,12020
UAE_419,2023-12,36,14,7,1,21220
UAE_419,2024-01,73,29,14,1,55190
UAE_419,2024-02,38,15,7,1,30310
UAE_419,2024-03,53,21,10,1,62382
UAE_419,2024-04,43,17,8,1,43828
UAE_419,2024-05,69,27,13,2,42157
UAE_419,2024-06,51,20,10,1,31595
UAE_419,2024-07,26,10,5,1,19633
UAE_419,2024-08,92,36,18,1,85600
UAE_419,2024-09,69,27,13,1,66104
UAE_419,2024-10,25,10,5,1,19904
UAE_419,2024-11,21,8,4,1,9846
UAE_419,2024-12,29,11,5,1,21056
UAE_419,2025-01,25,10,5,1,19192
UAE_419,2025-02,17,6,3,1,16597
UAE_419,2025-03,25,10,5,1,9930
UAE_419,2025-04,60,24,12,1,40159
UAE_419,2025-05,52,20,10,1,57262
UAE_419,2025-06,57,22,11,1,61491
UAE_419,2025-07,35,14,7,1,17435
UAE_419,2025-08,38,15,7,1,26454
UAE_419,2025-09,64,25,12,1,34094
UAE_419,2025-10,37,14,7,1,32485
UAE_419,2025-11,50,20,10,1,49351
UAE_419,2025-12,35,14,7,1,34774
UAE_420,2023-01,32,12,6,1,29460
UAE_420,2023-02,76,30,15,1,88141
UAE_420,2023-03,30,12,6,1,24099
UAE_420,2023-04,10,4,2,1,3105
UAE_420,2023-05,17,6,3,1,17029
UAE_420,2023-06,18,7,3,1,13451
UAE_420,2023-07,46,18,9,1,25607
UAE_420,2023-08,58,23,11,2,67271
UAE_420,2023-09,35,14,7,1,16217
UAE_420,2023-10,44,17,8,1,16221
UAE_420,2023-11,51,20,10,1,36509
UAE_420,2023-12,33,13,6,1,24381
UAE_420,2024-01,32,12,6,1,25957
UAE_420,2024-02,23,9,4,1,22865
UAE_420,2024-03,17,6,3,1,16623
UAE_420,2024-04,17,6,3,1,14331
UAE_420,2024-05,89,35,17,2,83242
UAE_420,2024-06,45,18,9,1,45167
UAE_420,2024-07,35,14,7,1,22917
UAE_420,2024-08,18,7,3,1,20962
UAE_420,2024-09,22,8,4,1,15069
UAE_420,2024-10,78,31,15,2,77195
UAE_420,2024-11,47,18,9,1,22819
UAE_420,2024-12,71,28,14,2,76621
UAE_420,2025-01,25,10,5,1,23286
UAE_420,2025-02,27,10,5,1,28983
UAE_420,2025-03,13,5,2,1,10489
UAE_420,2025-04,64,25,12,1,62992
UAE_420,2025-05,32,12,6,1,22399
UAE_420,2025-06,132,52,26,2,41154
UAE_420,2025-07,23,9,4,1,16042
UAE_420,2025-08,61,24,12,2,66283
UAE_420,2025-09,43,17,8,1,35350
UAE_420,2025-10,56,22,11,1,47650
UAE_420,2025-11,14,5,2,1,11849
UAE_420,2025-12,44,17,8,1,49977
UAE_421,2023-01,18,7,3,1,20345
UAE_421,2023-02,36,14,7,1,13609
UAE_421,2023-03,54,21,10,1,55493
UAE_421,2023-04,36,14,7,1,33462
UAE_421,2023-05,62,24,12,1,57996
UAE_421,2023-06,83,33,16,1,45279
UAE_421,2023-07,55,22,11,1,42199
UAE_421,2023-08,69,27,13,2,34409
UAE_421,2023-09,22,8,4,1,21771
UAE_421,2023-10,11,4,2,1,11232
UAE_421,2023-11,52,20,10,1,24691
UAE_421,2023-12,34,13,6,1,22429
UAE_421,2024-01,83,33,16,2,54696
UAE_421,2024-02,10,4,2,1,7446
UAE_421,2024-03,50,20,10,1,40787
UAE_421,2024-04,83,33,16,2,61434
UAE_421,2024-05,22,8,4,1,14471
UAE_421,2024-06,70,28,14,1,83293
UAE_421,2024-07,67,26,13,1,48404
UAE_421,2024-08,39,15,7,1,29516
UAE_421,2024-09,21,8,4,1,22082
UAE_421,2024-10,27,10,5,1,27567
UAE_421,2024-11,10,4,2,1,9016
UAE_421,2024-12,42,16,8,1,34226
UAE_421,2025-01,18,7,3,1,15821
UAE_421,2025-02,15,6,3,1,17984
UAE_421,2025-03,92,36,18,1,29797
UAE_421,2025-04,20,8,4,1,17446
UAE_421,2025-05,19,7,3,1,20654
UAE_421,2025-06,49,19,9,1,50731
UAE_421,2025-07,12,4,2,1,10266
UAE_421,2025-08,33,13,6,1,27813
UAE_421,2025-09,52,20,10,1,18244
UAE_421,2025-10,38,15,7,1,20556
UAE_421,2025-11,49,19,9,1,56120
UAE_421,2025-12,24,9,4,1,12220
UAE_422,2023-01,178,71,35,2,1243651
UAE_422,2023-02,283,113,56,8,2053606
UAE_422,2023-03,386,154,77,14,2102737
UAE_422,2023-04,420,168,84,7,2515238
UAE_422,2023-05,453,181,90,16,3132449
UAE_422,2023-06,320,128,64,8,1817858
UAE_422,2023-07,546,218,109,17,2507791
UAE_422,2023-08,530,212,106,8,1581833
UAE_422,2023-09,156,62,31,2,357284
UAE_422,2023-10,323,129,64,9,2024126
UAE_422,2023-11,393,157,78,12,2114541
UAE_422,2023-12,383,153,76,13,2075685
UAE_422,2024-01,445,178,89,8,3242213
UAE_422,2024-02,156,62,31,3,840278
UAE_422,2024-03,228,91,45,7,1511486
UAE_422,2024-04,451,180,90,8,1185935
UAE_422,2024-05,544,217,108,10,2141581
UAE_422,2024-06,141,56,28,4,460522
UAE_422,2024-07,392,156,78,11,1917396
UAE_422,2024-08,558,223,111,9,4912357
UAE_422,2024-09,61,24,12,1,546177
UAE_422,2024-10,127,50,25,3,1114451
UAE_422,2024-11,344,137,68,9,840940
UAE_422,2024-12,348,139,69,11,2170446
UAE_422,2025-01,473,189,94,14,1893460
UAE_422,2025-02,123,49,24,4,920529
UAE_422,2025-03,126,50,25,4,311107
UAE_422,2025-04,262,104,52,5,1596071
UAE_422,2025-05,238,95,47,5,1424531
UAE_422,2025-06,319,127,63,11,2737488
UAE_422,2025-07,522,208,104,9,3004907
UAE_422,2025-08,128,51,25,3,1112238
UAE_422,2025-09,456,182,91,17,1777796
UAE_422,2025-10,419,167,83,15,1876144
UAE_422,2025-11,229,91,45,8,1921298
UAE_422,2025-12,107,42,21,2,338333
UAE_423,2023-01,17,6,3,1,13619
UAE_423,2023-02,27,10,5,1,28131
UAE_423,2023-03,43,17,8,1,39146
UAE_423,2023-04,58,23,11,1,28397
UAE_423,2023-05,58,23,11,1,73349
UAE_423,2023-06,108,43,21,3,204892
UAE_423,2023-07,51,20,10,1,87465
UAE_423,2023-08,122,48,24,3,83226
UAE_423,2023-09,63,25,12,1,33813
UAE_423,2023-10,60,24,12,1,56860
UAE_423,2023-11,56,22,11,1,75992
UAE_423,2023-12,17,6,3,1,8017
UAE_423,2024-01,28,11,5,1,17315
UAE_423,2024-02,66,26,13,2,95209
UAE_423,2024-03,56,22,11,1,35040
UAE_423,2024-04,103,41,20,3,95497
UAE_423,2024-05,80,32,16,2,140235
UAE_423,2024-06,47,18,9,1,74035
UAE_423,2024-07,164,65,32,3,279849
UAE_423,2024-08,29,11,5,1,27423
UAE_423,2024-09,32,12,6,1,37974
UAE_423,2024-10,67,26,13,1,90165
UAE_423,2024-11,41,16,8,1,22020
UAE_423,2024-12,48,19,9,1,55645
UAE_423,2025-01,57,22,11,1,70635
UAE_423,2025-02,54,21,10,1,88741
UAE_423,2025-03,104,41,20,3,191005
UAE_423,2025-04,87,34,17,3,161223
UAE_423,2025-05,61,24,12,1,106411
UAE_423,2025-06,115,46,23,2,180206
UAE_423,2025-07,46,18,9,1,40312
UAE_423,2025-08,158,63,31,4,98171
UAE_423,2025-09,27,10,5,1,28757
UAE_423,2025-10,97,38,19,2,81523
UAE_423,2025-11,94,37,18,3,123167
UAE_423,2025-12,102,40,20,3,112882
UAE_424,2023-01,50,20,10,1,56185
UAE_424,2023-02,87,34,17,2,60089
UAE_424,2023-03,29,11,5,1,33342
UAE_424,2023-04,73,29,14,2,99877
UAE_424,2023-05,98,39,19,2,94846
UAE_424,2023-06,106,42,21,3,147090
UAE_424,2023-07,95,38,19,1,69559
UAE_424,2023-08,103,41,20,2,151546
UAE_424,2023-09,114,45,22,3,107306
UAE_424,2023-10,35,14,7,1,29583
UAE_424,2023-11,63,25,12,2,48754
UAE_424,2023-12,42,16,8,1,64364
UAE_424,2024-01,62,24,12,2,30563
UAE_424,2024-02,107,42,21,3,147498
UAE_424,2024-03,51,20,10,1,72976
UAE_424,2024-04,89,35,17,1,105050
UAE_424,2024-05,77,30,15,1,85680
UAE_424,2024-06,57,22,11,2,61295
UAE_424,2024-07,79,31,15,2,123287
UAE_424,2024-08,109,43,21,3,167755
UAE_424,2024-09,37,14,7,1,44859
UAE_424,2024-10,63,25,12,1,108773
UAE_424,2024-11,59,23,11,1,97843
UAE_424,2024-12,63,25,12,2,104522
UAE_424,2025-01,15,6,3,1,19326
UAE_424,2025-02,57,22,11,1,71110
UAE_424,2025-03,24,9,4,1,14448
UAE_424,2025-04,34,13,6,1,26106
UAE_424,2025-05,68,27,13,1,106155
UAE_424,2025-06,31,12,6,1,30075
UAE_424,2025-07,125,50,25,3,206496
UAE_424,2025-08,154,61,30,4,219192
UAE_424,2025-09,29,11,5,1,26871
UAE_424,2025-10,87,34,17,2,157905
UAE_424,2025-11,66,26,13,1,37403
UAE_424,2025-12,85,34,17,2,81806
UAE_425,2023-01,25,10,5,1,14404
UAE_425,2023-02,20,8,4,1,14197
UAE_425,2023-03,14,5,2,1,12023
UAE_425,2023-04,43,17,8,1,49778
UAE_425,2023-05,59,23,11,1,58525
UAE_425,2023-06,83,33,16,1,81031
UAE_425,2023-07,34,13,6,1,19086
UAE_425,2023-08,29,11,5,1,15211
UAE_425,2023-09,23,9,4,1,17376
UAE_425,2023-10,25,10,5,1,9794
UAE_425,2023-11,26,10,5,1,16447
UAE_425,2023-12,49,19,9,1,53866
UAE_425,2024-01,13,5,2,1,12131
UAE_425,2024-02,30,12,6,1,13291
UAE_425,2024-03,30,12,6,1,35648
UAE_425,2024-04,98,39,19,2,50064
UAE_425,2024-05,44,17,8,1,31625
UAE_425,2024-06,24,9,4,1,22512
UAE_425,2024-07,29,11,5,1,28348
UAE_425,2024-08,57,22,11,1,52482
UAE_425,2024-09,23,9,4,1,9656
UAE_425,2024-10,40,16,8,1,17773
UAE_425,2024-11,53,21,10,1,41836
UAE_425,2024-12,96,38,19,3,47294
UAE_425,2025-01,13,5,2,1,4145
UAE_425,2025-02,45,18,9,1,46139
UAE_425,2025-03,39,15,7,1,18015
UAE_425,2025-04,27,10,5,1,18806
UAE_425,2025-05,66,26,13,2,21260
UAE_425,2025-06,26,10,5,1,19447
UAE_425,2025-07,58,23,11,1,62151
UAE_425,2025-08,49,19,9,1,45213
UAE_425,2025-09,22,8,4,1,16145
UAE_425,2025-10,29,11,5,1,28073
UAE_425,2025-11,30,12,6,1,26767
UAE_425,2025-12,39,15,7,1,19681
UAE_426,2023-01,37,14,7,1,19054
UAE_426,2023-02,74,29,14,1,78169
UAE_426,2023-03,79,31,15,1,108943
UAE_426,2023-04,96,38,19,2,157431
UAE_426,2023-05,21,8,4,1,25285
UAE_426,2023-06,54,21,10,2,68507
UAE_426,2023-07,101,40,20,1,153843
UAE_426,2023-08,58,23,11,1,65967
UAE_426,2023-09,56,22,11,1,65909
UAE_426,2023-10,79,31,15,3,95963
UAE_426,2023-11,24,9,4,1,40189
UAE_426,2023-12,131,52,26,3,108981
UAE_426,2024-01,62,24,12,1,102927
UAE_426,2024-02,65,26,13,2,118302
UAE_426,2024-03,96,38,19,3,167327
UAE_426,2024-04,21,8,4,1,34286
UAE_426,2024-05,49,19,9,1,81865
UAE_426,2024-06,45,18,9,1,24502
UAE_426,2024-07,57,22,11,1,52712
UAE_426,2024-08,38,15,7,1,18110
UAE_426,2024-09,22,8,4,1,19005
UAE_426,2024-10,62,24,12,1,55586
UAE_426,2024-11,97,38,19,3,90876
UAE_426,2024-12,20,8,4,1,26753
UAE_426,2025-01,45,18,9,1,44506
UAE_426,2025-02,38,15,7,1,32480
UAE_426,2025-03,13,5,2,1,15505
UAE_426,2025-04,23,9,4,1,16756
UAE_426,2025-05,35,14,7,1,56533
UAE_426,2025-06,51,20,10,1,89311
UAE_426,2025-07,122,48,24,4,149683
UAE_426,2025-08,91,36,18,2,88240
UAE_426,2025-09,79,31,15,1,45839
UAE_426,2025-10,53,21,10,1,61944
UAE_426,2025-11,47,18,9,1,40768
UAE_426,2025-12,81,32,16,1,57149
UAE_427,2023-01,139,55,27,3,465070
UAE_427,2023-02,122,48,24,3,800567
UAE_427,2023-03,223,89,44,7,1315813
UAE_427,2023-04,69,27,13,2,236718
UAE_427,2023-05,272,108,54,4,587455
UAE_427,2023-06,142,56,28,4,599850
UAE_427,2023-07,368,147,73,11,1865869
UAE_427,2023-08,494,197,98,8,1789382
UAE_427,2023-09,101,40,20,2,184067
UAE_427,2023-10,95,38,19,3,465467
UAE_427,2023-11,226,90,45,4,986032
UAE_427,2023-12,120,48,24,3,279700
UAE_427,2024-01,165,66,33,5,713539
UAE_427,2024-02,326,130,65,11,2120036
UAE_427,2024-03,195,78,39,4,565076
UAE_427,2024-04,420,168,84,8,1046965
UAE_427,2024-05,119,47,23,3,528186
UAE_427,2024-06,103,41,20,2,396286
UAE_427,2024-07,494,197,98,18,1109612
UAE_427,2024-08,305,122,61,9,1091688
UAE_427,2024-09,159,63,31,5,427247
UAE_427,2024-10,199,79,39,7,615030
UAE_427,2024-11,65,26,13,2,265734
UAE_427,2024-12,258,103,51,5,1435737
UAE_427,2025-01,381,152,76,7,858403
UAE_427,2025-02,208,83,41,7,1033170
UAE_427,2025-03,255,102,51,8,1389575
UAE_427,2025-04,86,34,17,2,340971
UAE_427,2025-05,135,54,27,2,282619
UAE_427,2025-06,450,180,90,11,2907612
UAE_427,2025-07,227,90,45,4,568827
UAE_427,2025-08,449,179,89,17,1666964
UAE_427,2025-09,387,154,77,6,865590
UAE_427,2025-10,390,156,78,12,1595160
UAE_427,2025-11,90,36,18,2,287020
UAE_427,2025-12,261,104,52,10,1732150
UAE_428,2023-01,166,66,33,2,290733
UAE_428,2023-02,67,26,13,2,148134
UAE_428,2023-03,92,36,18,3,331628
UAE_428,2023-04,221,88,44,5,405931
UAE_428,2023-05,263,105,52,5,323178
UAE_428,2023-06,194,77,38,3,413567
UAE_428,2023-07,105,42,21,4,144480
UAE_428,2023-08,134,53,26,2,492947
UAE_428,2023-09,86,34,17,2,306225
UAE_428,2023-10,156,62,31,4,261764
UAE_428,2023-11,39,15,7,1,119828
UAE_428,2023-12,97,38,19,3,98213
UAE_428,2024-01,24,9,4,1,59164
UAE_428,2024-02,177,70,35,5,563836
UAE_428,2024-03,73,29,14,1,154139
UAE_428,2024-04,50,20,10,1,114659
UAE_428,2024-05,94,37,18,1,201105
UAE_428,2024-06,148,59,29,2,424063
UAE_428,2024-07,75,30,15,2,113652
UAE_428,2024-08,154,61,30,2,572819
UAE_428,2024-09,73,29,14,1,113768
UAE_428,2024-10,43,17,8,1,121153
UAE_428,2024-11,48,19,9,1,93820
UAE_428,2024-12,79,31,15,1,279867
UAE_428,2025-01,131,52,26,3,456330
UAE_428,2025-02,184,73,36,5,569363
UAE_428,2025-03,132,52,26,3,248160
UAE_428,2025-04,79,31,15,1,272030
UAE_428,2025-05,80,32,16,1,261088
UAE_428,2025-06,154,61,30,5,478439
UAE_428,2025-07,130,52,26,4,375391
UAE_428,2025-08,85,34,17,2,213031
UAE_428,2025-09,280,112,56,8,848128
UAE_428,2025-10,100,40,20,1,215768
UAE_428,2025-11,132,52,26,2,371127
UAE_428,2025-12,97,38,19,2,186397
UAE_429,2023-01,29,11,5,1,49060
UAE_429,2023-02,90,36,18,1,57106
UAE_429,2023-03,128,51,25,4,257813
UAE_429,2023-04,45,18,9,1,41751
UAE_429,2023-05,45,18,9,1,53462
UAE_429,2023-06,100,40,20,2,88644
UAE_429,2023-07,69,27,13,2,131243
UAE_429,2023-08,96,38,19,2,96094
UAE_429,2023-09,74,29,14,1,53446
UAE_429,2023-10,129,51,25,2,270100
UAE_429,2023-11,125,50,25,4,204668
UAE_429,2023-12,68,27,13,1,54397
UAE_429,2024-01,62,24,12,2,96757
UAE_429,2024-02,82,32,16,1,132249
UAE_429,2024-03,20,8,4,1,12666
UAE_429,2024-04,126,50,25,3,199471
UAE_429,2024-05,72,28,14,1,108709
UAE_429,2024-06,32,12,6,1,39482
UAE_429,2024-07,82,32,16,2,100969
UAE_429,2024-08,81,32,16,2,70402
UAE_429,2024-09,117,46,23,2,128344
UAE_429,2024-10,121,48,24,3,98794
UAE_429,2024-11,52,20,10,1,96212
UAE_429,2024-12,77,30,15,2,63525
UAE_429,2025-01,108,43,21,3,193613
UAE_429,2025-02,56,22,11,1,113582
UAE_429,2025-03,59,23,11,1,59618
UAE_429,2025-04,126,50,25,2,195963
UAE_429,2025-05,48,19,9,1,69213
UAE_429,2025-06,93,37,18,2,98297
UAE_429,2025-07,69,27,13,2,86167
UAE_429,2025-08,75,30,15,1,74561
UAE_429,2025-09,73,29,14,2,101579
UAE_429,2025-10,33,13,6,1,63635
UAE_429,2025-11,126,50,25,3,143969
UAE_429,2025-12,99,39,19,2,197835
UAE_430,2023-01,121,48,24,3,97131
UAE_430,2023-02,108,43,21,3,179436
UAE_430,2023-03,80,32,16,3,99911
UAE_430,2023-04,43,17,8,1,48985
UAE_430,2023-05,75,30,15,2,57865
UAE_430,2023-06,96,38,19,2,152905
UAE_430,2023-07,64,25,12,1,89431
UAE_430,2023-08,107,42,21,1,80737
UAE_430,2023-09,87,34,17,3,116303
UAE_430,2023-10,54,21,10,1,35810
UAE_430,2023-11,34,13,6,1,61404
UAE_430,2023-12,61,24,12,2,41359
UAE_430,2024-01,30,12,6,1,45328
UAE_430,2024-02,119,47,23,3,65610
UAE_430,2024-03,65,26,13,1,91708
UAE_430,2024-04,31,12,6,1,25426
UAE_430,2024-05,81,32,16,2,120904
UAE_430,2024-06,54,21,10,1,26767
UAE_430,2024-07,52,20,10,1,29713
UAE_430,2024-08,44,17,8,1,26651
UAE_430,2024-09,30,12,6,1,56186
UAE_430,2024-10,99,39,19,3,55349
UAE_430,2024-11,87,34,17,2,158385
UAE_430,2024-12,49,19,9,1,59503
UAE_430,2025-01,62,24,12,1,75968
UAE_430,2025-02,98,39,19,2,61758
UAE_430,2025-03,35,14,7,1,26171
UAE_430,2025-04,79,31,15,1,93859
UAE_430,2025-05,23,9,4,1,11098
UAE_430,2025-06,39,15,7,1,30877
UAE_430,2025-07,90,36,18,2,130966
UAE_430,2025-08,55,22,11,1,79631
UAE_430,2025-09,79,31,15,1,53236
UAE_430,2025-10,24,9,4,1,42170
UAE_430,2025-11,31,12,6,1,52173
UAE_430,2025-12,69,27,13,2,114648
UAE_431,2023-01,227,90,45,5,1259927
UAE_431,2023-02,91,36,18,1,419172
UAE_431,2023-03,98,39,19,3,349605
UAE_431,2023-04,173,69,34,4,1218215
UAE_431,2023-05,233,93,46,5,1463503
UAE_431,2023-06,118,47,23,2,259007
UAE_431,2023-07,366,146,73,10,2050453
UAE_431,2023-08,274,109,54,9,571102
UAE_431,2023-09,267,106,53,4,1235460
UAE_431,2023-10,158,63,31,4,632067
UAE_431,2023-11,129,51,25,2,336727
UAE_431,2023-12,225,90,45,6,1146032
UAE_431,2024-01,365,146,73,10,1856858
UAE_431,2024-02,490,196,98,12,3526763
UAE_431,2024-03,349,139,69,11,2107965
UAE_431,2024-04,268,107,53,5,1228460
UAE_431,2024-05,584,233,116,13,3598924
UAE_431,2024-06,349,139,69,10,1931232
UAE_431,2024-07,328,131,65,9,1727508
UAE_431,2024-08,150,60,30,5,326664
UAE_431,2024-09,347,138,69,9,1077190
UAE_431,2024-10,74,29,14,1,582820
UAE_431,2024-11,264,105,52,4,1849849
UAE_431,2024-12,415,166,83,12,2067244
UAE_431,2025-01,45,18,9,1,258760
UAE_431,2025-02,309,123,61,11,2010517
UAE_431,2025-03,219,87,43,5,995286
UAE_431,2025-04,301,120,60,4,1893217
UAE_431,2025-05,241,96,48,8,1091242
UAE_431,2025-06,237,94,47,3,1303368
UAE_431,2025-07,271,108,54,7,1114479
UAE_431,2025-08,473,189,94,13,1829703
UAE_431,2025-09,278,111,55,5,683171
UAE_431,2025-10,582,232,116,20,3095594
UAE_431,2025-11,189,75,37,2,1408734
UAE_431,2025-12,367,146,73,8,829456
UAE_432,2023-01,21,8,4,1,14520
UAE_432,2023-02,59,23,11,1,64652
UAE_432,2023-03,63,25,12,2,50587
UAE_432,2023-04,17,6,3,1,10899
UAE_432,2023-05,12,4,2,1,11112
UAE_432,2023-06,38,15,7,1,36995
UAE_432,2023-07,62,24,12,1,24447
UAE_432,2023-08,43,17,8,1,27519
UAE_432,2023-09,54,21,10,1,48643
UAE_432,2023-10,57,22,11,1,65754
UAE_432,2023-11,30,12,6,1,19601
UAE_432,2023-12,68,27,13,1,71841
UAE_432,2024-01,36,14,7,1,28664
UAE_432,2024-02,32,12,6,1,13748
UAE_432,2024-03,26,10,5,1,28870
UAE_432,2024-04,40,16,8,1,26257
UAE_432,2024-05,28,11,5,1,16830
UAE_432,2024-06,21,8,4,1,21014
UAE_432,2024-07,23,9,4,1,24366
UAE_432,2024-08,11,4,2,1,4250
UAE_432,2024-09,57,22,11,1,33739
UAE_432,2024-10,57,22,11,1,29683
UAE_432,2024-11,16,6,3,1,16694
UAE_432,2024-12,60,24,12,1,23847
UAE_432,2025-01,38,15,7,1,29398
UAE_432,2025-02,68,27,13,1,72464
UAE_432,2025-03,21,8,4,1,20464
UAE_432,2025-04,27,10,5,1,13606
UAE_432,2025-05,55,22,11,2,30244
UAE_432,2025-06,71,28,14,2,44410
UAE_432,2025-07,53,21,10,1,38175
UAE_432,2025-08,47,18,9,1,35646
UAE_432,2025-09,36,14,7,1,30253
UAE_432,2025-10,81,32,16,1,55372
UAE_432,2025-11,58,23,11,1,21888
UAE_432,2025-12,20,8,4,1,19698
UAE_433,2023-01,171,68,34,3,667303
UAE_433,2023-02,373,149,74,5,1181778
UAE_433,2023-03,217,86,43,6,904151
UAE_433,2023-04,359,143,71,7,2032366
UAE_433,2023-05,128,51,25,3,443557
UAE_433,2023-06,140,56,28,3,480968
UAE_433,2023-07,854,341,170,13,6101264
UAE_433,2023-08,457,182,91,15,3684164
UAE_433,2023-09,166,66,33,3,807712
UAE_433,2023-10,211,84,42,5,1102630
UAE_433,2023-11,556,222,111,14,3562218
UAE_433,2023-12,173,69,34,5,918876
UAE_433,2024-01,288,115,57,8,2178947
UAE_433,2024-02,270,108,54,4,2142266
UAE_433,2024-03,240,96,48,8,1502235
UAE_433,2024-04,138,55,27,4,500114
UAE_433,2024-05,448,179,89,8,2911538
UAE_433,2024-06,551,220,110,13,3136190
UAE_433,2024-07,283,113,56,8,1279762
UAE_433,2024-08,401,160,80,13,975564
UAE_433,2024-09,193,77,38,4,444156
UAE_433,2024-10,211,84,42,4,546819
UAE_433,2024-11,588,235,117,16,2568998
UAE_433,2024-12,83,33,16,2,728192
UAE_433,2025-01,228,91,45,6,1447092
UAE_433,2025-02,497,198,99,14,1498458
UAE_433,2025-03,170,68,34,4,437428
UAE_433,2025-04,335,134,67,8,2941143
UAE_433,2025-05,245,98,49,6,1854481
UAE_433,2025-06,297,118,59,8,1504042
UAE_433,2025-07,684,273,136,10,4860677
UAE_433,2025-08,476,190,95,13,2682777
UAE_433,2025-09,263,105,52,4,2190323
UAE_433,2025-10,246,98,49,5,1865524
UAE_433,2025-11,203,81,40,6,1440321
UAE_433,2025-12,144,57,28,3,680114
UAE_434,2023-01,63,25,12,1,114249
UAE_434,2023-02,100,40,20,2,194949
UAE_434,2023-03,80,32,16,1,94281
UAE_434,2023-04,25,10,5,1,27193
UAE_434,2023-05,107,42,21,4,176073
UAE_434,2023-06,74,29,14,1,41939
UAE_434,2023-07,164,65,32,3,246463
UAE_434,2023-08,107,42,21,2,104175
UAE_434,2023-09,94,37,18,3,181813
UAE_434,2023-10,44,17,8,1,66396
UAE_434,2023-11,40,16,8,1,73550
UAE_434,2023-12,58,23,11,1,45661
UAE_434,2024-01,99,39,19,1,205034
UAE_434,2024-02,93,37,18,2,73775
UAE_434,2024-03,80,32,16,3,57709
UAE_434,2024-04,108,43,21,2,226325
UAE_434,2024-05,76,30,15,1,46445
UAE_434,2024-06,82,32,16,2,143404
UAE_434,2024-07,28,11,5,1,44538
UAE_434,2024-08,61,24,12,1,57203
UAE_434,2024-09,37,14,7,1,28006
UAE_434,2024-10,91,36,18,2,155543
UAE_434,2024-11,63,25,12,1,58417
UAE_434,2024-12,60,24,12,1,45793
UAE_434,2025-01,20,8,4,1,35368
UAE_434,2025-02,109,43,21,3,138544
UAE_434,2025-03,44,17,8,1,87415
UAE_434,2025-04,82,32,16,3,144982
UAE_434,2025-05,71,28,14,1,141834
UAE_434,2025-06,85,34,17,3,161534
UAE_434,2025-07,157,62,31,2,233310
UAE_434,2025-08,36,14,7,1,39602
UAE_434,2025-09,82,32,16,2,92246
UAE_434,2025-10,140,56,28,3,289598
UAE_434,2025-11,28,11,5,1,15694
UAE_434,2025-12,38,15,7,1,48400
UAE_435,2023-01,105,42,21,1,349111
UAE_435,2023-02,86,34,17,3,296143
UAE_435,2023-03,201,80,40,4,542852
UAE_435,2023-04,186,74,37,5,600754
UAE_435,2023-05,211,84,42,8,825756
UAE_435,2023-06,182,72,36,3,731774
UAE_435,2023-07,70,28,14,2,99960
UAE_435,2023-08,125,50,25,1,452491
UAE_435,2023-09,252,100,50,5,986928
UAE_435,2023-10,92,36,18,2,350697
UAE_435,2023-11,179,71,35,6,645983
UAE_435,2023-12,107,42,21,3,220976
UAE_435,2024-01,103,41,20,3,287846
UAE_435,2024-02,100,40,20,3,133362
UAE_435,2024-03,118,47,23,3,192601
UAE_435,2024-04,258,103,51,8,515741
UAE_435,2024-05,149,59,29,4,402510
UAE_435,2024-06,335,134,67,6,917681
UAE_435,2024-07,237,94,47,4,333069
UAE_435,2024-08,105,42,21,3,211781
UAE_435,2024-09,62,24,12,1,168971
UAE_435,2024-10,60,24,12,1,227375
UAE_435,2024-11,181,72,36,4,688311
UAE_435,2024-12,180,72,36,7,535850
UAE_435,2025-01,71,28,14,2,223973
UAE_435,2025-02,112,44,22,3,340400
UAE_435,2025-03,158,63,31,3,404133
UAE_435,2025-04,79,31,15,2,247582
UAE_435,2025-05,128,51,25,3,250953
UAE_435,2025-06,74,29,14,1,175009
UAE_435,2025-07,63,25,12,1,85127
UAE_435,2025-08,140,56,28,4,354225
UAE_435,2025-09,178,71,35,3,343463
UAE_435,2025-10,84,33,16,3,232577
UAE_435,2025-11,40,16,8,1,115096
UAE_435,2025-12,88,35,17,1,204170
UAE_436,2023-01,67,26,13,1,60273
UAE_436,2023-02,26,10,5,1,24868
UAE_436,2023-03,16,6,3,1,12178
UAE_436,2023-04,37,14,7,1,18394
UAE_436,2023-05,60,24,12,1,56958
UAE_436,2023-06,27,10,5,1,19246
UAE_436,2023-07,53,21,10,1,19880
UAE_436,2023-08,54,21,10,2,31204
UAE_436,2023-09,33,13,6,1,23552
UAE_436,2023-10,28,11,5,1,18399
UAE_436,2023-11,33,13,6,1,19951
UAE_436,2023-12,30,12,6,1,11626
UAE_436,2024-01,23,9,4,1,23454
UAE_436,2024-02,42,16,8,1,44660
UAE_436,2024-03,30,12,6,1,17698
UAE_436,2024-04,13,5,2,1,7609
UAE_436,2024-05,51,20,10,1,45681
UAE_436,2024-06,16,6,3,1,15125
UAE_436,2024-07,25,10,5,1,24098
UAE_436,2024-08,61,24,12,2,37043
UAE_436,2024-09,65,26,13,2,29166
UAE_436,2024-10,16,6,3,1,9817
UAE_436,2024-11,14,5,2,1,7449
UAE_436,2024-12,45,18,9,1,14441
UAE_436,2025-01,48,19,9,1,21540
UAE_436,2025-02,59,23,11,2,32141
UAE_436,2025-03,63,25,12,2,68745
UAE_436,2025-04,44,17,8,1,15498
UAE_436,2025-05,25,10,5,1,17115
UAE_436,2025-06,32,12,6,1,17078
UAE_436,2025-07,21,8,4,1,9346
UAE_436,2025-08,42,16,8,1,22662
UAE_436,2025-09,78,31,15,1,35040
UAE_436,2025-10,12,4,2,1,9271
UAE_436,2025-11,10,4,2,1,9345
UAE_436,2025-12,49,19,9,1,38144
UAE_437,2023-01,46,18,9,1,63864
UAE_437,2023-02,51,20,10,1,35932
UAE_437,2023-03,66,26,13,1,46431
UAE_437,2023-04,145,58,29,4,272171
UAE_437,2023-05,76,30,15,2,43158
UAE_437,2023-06,110,44,22,1,199782
UAE_437,2023-07,172,68,34,2,146777
UAE_437,2023-08,160,64,32,3,293563
UAE_437,2023-09,98,39,19,3,71064
UAE_437,2023-10,77,30,15,2,84524
UAE_437,2023-11,111,44,22,3,211481
UAE_437,2023-12,61,24,12,2,121015
UAE_437,2024-01,110,44,22,2,148458
UAE_437,2024-02,74,29,14,2,124390
UAE_437,2024-03,29,11,5,1,23348
UAE_437,2024-04,86,34,17,1,65333
UAE_437,2024-05,61,24,12,1,108365
UAE_437,2024-06,50,20,10,1,35685
UAE_437,2024-07,123,49,24,3,125541
UAE_437,2024-08,100,40,20,1,97721
UAE_437,2024-09,60,24,12,2,34057
UAE_437,2024-10,53,21,10,1,88073
UAE_437,2024-11,88,35,17,3,52750
UAE_437,2024-12,55,22,11,1,117682
UAE_437,2025-01,60,24,12,1,95642
UAE_437,2025-02,124,49,24,3,207171
UAE_437,2025-03,59,23,11,1,34813
UAE_437,2025-04,32,12,6,1,41406
UAE_437,2025-05,34,13,6,1,65078
UAE_437,2025-06,118,47,23,4,173793
UAE_437,2025-07,74,29,14,1,62285
UAE_437,2025-08,85,34,17,2,131272
UAE_437,2025-09,54,21,10,1,57236
UAE_437,2025-10,114,45,22,2,93780
UAE_437,2025-11,35,14,7,1,21774
UAE_437,2025-12,105,42,21,3,119087
UAE_438,2023-01,1365,546,273,27,47889883
UAE_438,2023-02,2541,1016,508,60,96980867
UAE_438,2023-03,1257,502,251,46,38541752
UAE_438,2023-04,1018,407,203,39,34469261
UAE_438,2023-05,2021,808,404,56,74476705
UAE_438,2023-06,1299,519,259,44,48378361
UAE_438,2023-07,2886,1154,577,111,113149446
UAE_438,2023-08,1627,650,325,52,46161388
UAE_438,2023-09,1338,535,267,43,16142635
UAE_438,2023-10,809,323,161,18,10718028
UAE_438,2023-11,1479,591,295,41,39723828
UAE_438,2023-12,1143,457,228,38,38900228
UAE_438,2024-01,1639,655,327,64,59732259
UAE_438,2024-02,731,292,146,14,9438692
UAE_438,2024-03,2792,1116,558,58,62894211
UAE_438,2024-04,1644,657,328,57,19862785
UAE_438,2024-05,1378,551,275,27,16116281
UAE_438,2024-06,2204,881,440,64,87827718
UAE_438,2024-07,1275,510,255,37,29276004
UAE_438,2024-08,2059,823,411,42,45108852
UAE_438,2024-09,1858,743,371,41,34675847
UAE_438,2024-10,1811,724,362,52,63466086
UAE_438,2024-11,636,254,127,13,22566086
UAE_438,2024-12,1422,568,284,55,53401428
UAE_438,2025-01,629,251,125,14,23606296
UAE_438,2025-02,1404,561,280,23,56130170
UAE_438,2025-03,1112,444,222,23,25614426
UAE_438,2025-04,2169,867,433,40,82170055
UAE_438,2025-05,1013,405,202,30,33397470
UAE_438,2025-06,1638,655,327,48,26948527
UAE_438,2025-07,1171,468,234,25,47682802
UAE_438,2025-08,582,232,116,22,7787223
UAE_438,2025-09,1633,653,326,35,27969759
UAE_438,2025-10,1566,626,313,59,54903793
UAE_438,2025-11,888,355,177,29,20403287
UAE_438,2025-12,1909,763,381,30,57606019
UAE_439,2023-01,13,5,2,1,9037
UAE_439,2023-02,59,23,11,1,24574
UAE_439,2023-03,32,12,6,1,11655
UAE_439,2023-04,47,18,9,1,38225
UAE_439,2023-05,45,18,9,1,51697
UAE_439,2023-06,51,20,10,1,31985
UAE_439,2023-07,25,10,5,1,11760
UAE_439,2023-08,32,12,6,1,12285
UAE_439,2023-09,44,17,8,1,32960
UAE_439,2023-10,41,16,8,1,23071
UAE_439,2023-11,50,20,10,1,33372
UAE_439,2023-12,44,17,8,1,32739
UAE_439,2024-01,50,20,10,1,56230
UAE_439,2024-02,28,11,5,1,29037
UAE_439,2024-03,27,10,5,1,26868
UAE_439,2024-04,67,26,13,2,33012
UAE_439,2024-05,19,7,3,1,20632
UAE_439,2024-06,40,16,8,1,42549
UAE_439,2024-07,33,13,6,1,12001
UAE_439,2024-08,51,20,10,1,44290
UAE_439,2024-09,68,27,13,2,62064
UAE_439,2024-10,60,24,12,2,25028
UAE_439,2024-11,34,13,6,1,15932
UAE_439,2024-12,64,25,12,1,27125
UAE_439,2025-01,28,11,5,1,16574
UAE_439,2025-02,46,18,9,1,49507
UAE_439,2025-03,39,15,7,1,14229
UAE_439,2025-04,51,20,10,1,35744
UAE_439,2025-05,78,31,15,1,81876
UAE_439,2025-06,40,16,8,1,29920
UAE_439,2025-07,54,21,10,1,55040
UAE_439,2025-08,61,24,12,1,36175
UAE_439,2025-09,35,14,7,1,14178
UAE_439,2025-10,19,7,3,1,10615
UAE_439,2025-11,43,17,8,1,29900
UAE_439,2025-12,19,7,3,1,7519
UAE_440,2023-01,33,13,6,1,10621
UAE_440,2023-02,30,12,6,1,17008
UAE_440,2023-03,35,14,7,1,31937
UAE_440,2023-04,71,28,14,2,34389
UAE_440,2023-05,68,27,13,1,45709
UAE_440,2023-06,18,7,3,1,17216
UAE_440,2023-07,70,28,14,1,82833
UAE_440,2023-08,28,11,5,1,17701
UAE_440,2023-09,79,31,15,1,39487
UAE_440,2023-10,83,33,16,2,83451
UAE_440,2023-11,23,9,4,1,10857
UAE_440,2023-12,44,17,8,1,39599
UAE_440,2024-01,44,17,8,1,13210
UAE_440,2024-02,61,24,12,1,55579
UAE_440,2024-03,36,14,7,1,17900
UAE_440,2024-04,64,25,12,2,44461
UAE_440,2024-05,77,30,15,1,49593
UAE_440,2024-06,31,12,6,1,15865
UAE_440,2024-07,71,28,14,1,46950
UAE_440,2024-08,56,22,11,1,62051
UAE_440,2024-09,88,35,17,2,46795
UAE_440,2024-10,64,25,12,1,64872
UAE_440,2024-11,51,20,10,1,22348
UAE_440,2024-12,17,6,3,1,10736
UAE_440,2025-01,48,19,9,1,48747
UAE_440,2025-02,29,11,5,1,16664
UAE_440,2025-03,28,11,5,1,24350
UAE_440,2025-04,14,5,2,1,8221
UAE_440,2025-05,58,23,11,1,20318
UAE_440,2025-06,14,5,2,1,6683
UAE_440,2025-07,55,22,11,1,51456
UAE_440,2025-08,72,28,14,1,32580
UAE_440,2025-09,39,15,7,1,38939
UAE_440,2025-10,59,23,11,1,55882
UAE_440,2025-11,57,22,11,1,49604
UAE_440,2025-12,35,14,7,1,13668
UAE_441,2023-01,177,70,35,4,562703
UAE_441,2023-02,382,152,76,10,2153390
UAE_441,2023-03,522,208,104,9,3445765
UAE_441,2023-04,581,232,116,21,2323185
UAE_441,2023-05,216,86,43,4,1367056
UAE_441,2023-06,203,81,40,8,2088909
UAE_441,2023-07,492,196,98,15,5341929
UAE_441,2023-08,211,84,42,4,1931842
UAE_441,2023-09,606,242,121,22,6764488
UAE_441,2023-10,369,147,73,14,3102849
UAE_441,2023-11,247,98,49,9,953137
UAE_441,2023-12,328,131,65,6,3388765
UAE_441,2024-01,440,176,88,12,2511708
UAE_441,2024-02,530,212,106,10,4646991
UAE_441,2024-03,157,62,31,5,1452494
UAE_441,2024-04,534,213,106,18,3165139
UAE_441,2024-05,154,61,30,2,694901
UAE_441,2024-06,269,107,53,9,2438517
UAE_441,2024-07,237,94,47,7,2335932
UAE_441,2024-08,96,38,19,1,922630
UAE_441,2024-09,407,162,81,14,2694210
UAE_441,2024-10,594,237,118,14,3621521
UAE_441,2024-11,781,312,156,15,6674850
UAE_441,2024-12,276,110,55,8,896210
UAE_441,2025-01,270,108,54,6,818210
UAE_441,2025-02,178,71,35,4,902130
UAE_441,2025-03,471,188,94,13,1355295
UAE_441,2025-04,146,58,29,2,889628
UAE_441,2025-05,268,107,53,8,2932392
UAE_441,2025-06,938,375,187,23,6447870
UAE_441,2025-07,340,136,68,12,1109919
UAE_441,2025-08,442,176,88,14,2447690
UAE_441,2025-09,606,242,121,10,2016673
UAE_441,2025-10,356,142,71,6,3185018
UAE_441,2025-11,149,59,29,2,1641313
UAE_441,2025-12,517,206,103,15,3289063
UAE_442,2023-01,63,25,12,2,34654
UAE_442,2023-02,19,7,3,1,5978
UAE_442,2023-03,53,21,10,1,44238
UAE_442,2023-04,32,12,6,1,27007
UAE_442,2023-05,100,40,20,3,39716
UAE_442,2023-06,36,14,7,1,36725
UAE_442,2023-07,28,11,5,1,15383
UAE_442,2023-08,59,23,11,2,55292
UAE_442,2023-09,45,18,9,1,20469
UAE_442,2023-10,22,8,4,1,21186
UAE_442,2023-11,54,21,10,1,59496
UAE_442,2023-12,32,12,6,1,34378
UAE_442,2024-01,88,35,17,3,64679
UAE_442,2024-02,14,5,2,1,7350
UAE_442,2024-03,64,25,12,1,38358
UAE_442,2024-04,15,6,3,1,8096
UAE_442,2024-05,54,21,10,1,47920
UAE_442,2024-06,44,17,8,1,27797
UAE_442,2024-07,73,29,14,2,34717
UAE_442,2024-08,50,20,10,1,48794
UAE_442,2024-09,46,18,9,1,45893
UAE_442,2024-10,49,19,9,1,42494
UAE_442,2024-11,36,14,7,1,18011
UAE_442,2024-12,16,6,3,1,15564
UAE_442,2025-01,27,10,5,1,28360
UAE_442,2025-02,29,11,5,1,18031
UAE_442,2025-03,39,15,7,1,15873
UAE_442,2025-04,82,32,16,1,27045
UAE_442,2025-05,58,23,11,1,35637
UAE_442,2025-06,83,33,16,2,32316
UAE_442,2025-07,49,19,9,1,18720
UAE_442,2025-08,54,21,10,1,28249
UAE_442,2025-09,20,8,4,1,9117
UAE_442,2025-10,25,10,5,1,12626
UAE_442,2025-11,25,10,5,1,13122
UAE_442,2025-12,17,6,3,1,5025
UAE_443,2023-01,1187,474,237,19,8898866
UAE_443,2023-02,545,218,109,18,14569716
UAE_443,2023-03,1066,426,213,25,20767810
UAE_443,2023-04,1188,475,237,17,32335064
UAE_443,2023-05,781,312,156,23,13841982
UAE_443,2023-06,1228,491,245,35,19393797
UAE_443,2023-07,1140,456,228,37,28723107
UAE_443,2023-08,1693,677,338,37,39338127
UAE_443,2023-09,744,297,148,29,19659647
UAE_443,2023-10,1369,547,273,45,23520721
UAE_443,2023-11,381,152,76,11,6273511
UAE_443,2023-12,1215,486,243,30,31483303
UAE_443,2024-01,1731,692,346,36,32841233
UAE_443,2024-02,750,300,150,11,20312022
UAE_443,2024-03,1518,607,303,35,37241289
UAE_443,2024-04,900,360,180,33,20361970
UAE_443,2024-05,847,338,169,16,14352247
UAE_443,2024-06,749,299,149,23,12452653
UAE_443,2024-07,542,216,108,12,13948800
UAE_443,2024-08,1463,585,292,53,24016888
UAE_443,2024-09,1028,411,205,22,25964978
UAE_443,2024-10,1371,548,274,49,17530777
UAE_443,2024-11,938,375,187,22,10337430
UAE_443,2024-12,1045,418,209,33,18811943
UAE_443,2025-01,1315,526,263,50,22140055
UAE_443,2025-02,1699,679,339,40,25301787
UAE_443,2025-03,1825,730,365,59,47619396
UAE_443,2025-04,892,356,178,21,17170787
UAE_443,2025-05,761,304,152,28,10182416
UAE_443,2025-06,573,229,114,12,15868577
UAE_443,2025-07,1267,506,253,44,30862883
UAE_443,2025-08,1137,454,227,29,25811952
UAE_443,2025-09,812,324,162,17,15094615
UAE_443,2025-10,1236,494,247,34,22949041
UAE_443,2025-11,273,109,54,8,6187437
UAE_443,2025-12,863,345,172,18,8797303
UAE_444,2023-01,113,45,22,4,522742
UAE_444,2023-02,79,31,15,1,586889
UAE_444,2023-03,210,84,42,3,773127
UAE_444,2023-04,428,171,85,11,1968540
UAE_444,2023-05,448,179,89,15,2621911
UAE_444,2023-06,189,75,37,7,713394
UAE_444,2023-07,385,154,77,6,1434583
UAE_444,2023-08,123,49,24,3,721193
UAE_444,2023-09,304,121,60,7,1374140
UAE_444,2023-10,322,128,64,9,1514805
UAE_444,2023-11,274,109,54,9,527289
UAE_444,2023-12,136,54,27,2,354099
UAE_444,2024-01,120,48,24,4,584400
UAE_444,2024-02,96,38,19,3,320703
UAE_444,2024-03,299,119,59,4,592527
UAE_444,2024-04,385,154,77,11,1423406
UAE_444,2024-05,289,115,57,11,1748069
UAE_444,2024-06,281,112,56,10,1206857
UAE_444,2024-07,250,100,50,9,902095
UAE_444,2024-08,391,156,78,7,2697636
UAE_444,2024-09,146,58,29,5,721371
UAE_444,2024-10,186,74,37,6,365135
UAE_444,2024-11,433,173,86,13,2823436
UAE_444,2024-12,220,88,44,4,1424008
UAE_444,2025-01,327,130,65,5,2205999
UAE_444,2025-02,375,150,75,13,914389
UAE_444,2025-03,431,172,86,9,3239626
UAE_444,2025-04,133,53,26,3,981012
UAE_444,2025-05,324,129,64,9,632782
UAE_444,2025-06,308,123,61,7,1390818
UAE_444,2025-07,400,160,80,15,2434984
UAE_444,2025-08,377,150,75,12,2215935
UAE_444,2025-09,414,165,82,14,2075241
UAE_444,2025-10,119,47,23,4,309782
UAE_444,2025-11,75,30,15,2,404040
UAE_444,2025-12,230,92,46,4,1435176
UAE_445,2023-01,46,18,9,1,85187
UAE_445,2023-02,41,16,8,1,33634
UAE_445,2023-03,98,39,19,3,107738
UAE_445,2023-04,115,46,23,1,214473
UAE_445,2023-05,61,24,12,1,121304
UAE_445,2023-06,70,28,14,2,59360
UAE_445,2023-07,69,27,13,2,95207
UAE_445,2023-08,66,26,13,2,86860
UAE_445,2023-09,117,46,23,3,126448
UAE_445,2023-10,61,24,12,2,78690
UAE_445,2023-11,77,30,15,1,75055
UAE_445,2023-12,67,26,13,1,52712
UAE_445,2024-01,97,38,19,3,60076
UAE_445,2024-02,63,25,12,1,79615
UAE_445,2024-03,81,32,16,2,172786
UAE_445,2024-04,65,26,13,2,105186
UAE_445,2024-05,117,46,23,2,116081
UAE_445,2024-06,58,23,11,1,48807
UAE_445,2024-07,61,24,12,1,104493
UAE_445,2024-08,163,65,32,4,196179
UAE_445,2024-09,70,28,14,1,144397
UAE_445,2024-10,62,24,12,2,69822
UAE_445,2024-11,112,44,22,2,85466
UAE_445,2024-12,30,12,6,1,64714
UAE_445,2025-01,32,12,6,1,36042
UAE_445,2025-02,80,32,16,1,91302
UAE_445,2025-03,132,52,26,4,126170
UAE_445,2025-04,95,38,19,2,156978
UAE_445,2025-05,30,12,6,1,45559
UAE_445,2025-06,125,50,25,2,237052
UAE_445,2025-07,172,68,34,5,179505
UAE_445,2025-08,100,40,20,3,77686
UAE_445,2025-09,124,49,24,2,221609
UAE_445,2025-10,117,46,23,3,194193
UAE_445,2025-11,51,20,10,1,98871
UAE_445,2025-12,62,24,12,2,74739
UAE_446,2023-01,28,11,5,1,21032
UAE_446,2023-02,31,12,6,1,17827
UAE_446,2023-03,50,20,10,1,44450
UAE_446,2023-04,59,23,11,2,68808
UAE_446,2023-05,10,4,2,1,8980
UAE_446,2023-06,58,23,11,1,34883
UAE_446,2023-07,20,8,4,1,14190
UAE_446,2023-08,70,28,14,1,32115
UAE_446,2023-09,65,26,13,1,29419
UAE_446,2023-10,58,23,11,1,45955
UAE_446,2023-11,29,11,5,1,11072
UAE_446,2023-12,15,6,3,1,7702
UAE_446,2024-01,70,28,14,1,52719
UAE_446,2024-02,40,16,8,1,35700
UAE_446,2024-03,45,18,9,1,33767
UAE_446,2024-04,52,20,10,1,47808
UAE_446,2024-05,64,25,12,1,59772
UAE_446,2024-06,92,36,18,1,47366
UAE_446,2024-07,66,26,13,2,48751
UAE_446,2024-08,49,19,9,1,32606
UAE_446,2024-09,53,21,10,1,18583
UAE_446,2024-10,59,23,11,1,55630
UAE_446,2024-11,32,12,6,1,21864
UAE_446,2024-12,26,10,5,1,9114
UAE_446,2025-01,25,10,5,1,18375
UAE_446,2025-02,48,19,9,1,24105
UAE_446,2025-03,19,7,3,1,6974
UAE_446,2025-04,34,13,6,1,33511
UAE_446,2025-05,56,22,11,1,22637
UAE_446,2025-06,39,15,7,1,28289
UAE_446,2025-07,57,22,11,1,30909
UAE_446,2025-08,42,16,8,1,43633
UAE_446,2025-09,42,16,8,1,27155
UAE_446,2025-10,57,22,11,2,32034
UAE_446,2025-11,26,10,5,1,23944
UAE_446,2025-12,51,20,10,1,26066
UAE_447,2023-01,20,8,4,1,17688
UAE_447,2023-02,23,9,4,1,23191
UAE_447,2023-03,56,22,11,1,42448
UAE_447,2023-04,51,20,10,1,21086
UAE_447,2023-05,37,14,7,1,37955
UAE_447,2023-06,25,10,5,1,10415
UAE_447,2023-07,58,23,11,1,44197
UAE_447,2023-08,58,23,11,2,51292
UAE_447,2023-09,55,22,11,2,41052
UAE_447,2023-10,19,7,3,1,14761
UAE_447,2023-11,10,4,2,1,7141
UAE_447,2023-12,13,5,2,1,7455
UAE_447,2024-01,16,6,3,1,14807
UAE_447,2024-02,30,12,6,1,15789
UAE_447,2024-03,37,14,7,1,34314
UAE_447,2024-04,65,26,13,2,47262
UAE_447,2024-05,39,15,7,1,33922
UAE_447,2024-06,68,27,13,2,61264
UAE_447,2024-07,22,8,4,1,22702
UAE_447,2024-08,36,14,7,1,15603
UAE_447,2024-09,33,13,6,1,15994
UAE_447,2024-10,23,9,4,1,14919
UAE_447,2024-11,62,24,12,1,62803
UAE_447,2024-12,57,22,11,1,61930
UAE_447,2025-01,29,11,5,1,25069
UAE_447,2025-02,46,18,9,1,34951
UAE_447,2025-03,50,20,10,1,50044
UAE_447,2025-04,27,10,5,1,24856
UAE_447,2025-05,50,20,10,1,40612
UAE_447,2025-06,61,24,12,1,46947
UAE_447,2025-07,77,30,15,1,28827
UAE_447,2025-08,43,17,8,1,16014
UAE_447,2025-09,28,11,5,1,12661
UAE_447,2025-10,13,5,2,1,4712
UAE_447,2025-11,41,16,8,1,42966
UAE_447,2025-12,25,10,5,1,17410
UAE_448,2023-01,48,19,9,1,63689
UAE_448,2023-02,99,39,19,1,123550
UAE_448,2023-03,62,24,12,1,40712
UAE_448,2023-04,88,35,17,2,136956
UAE_448,2023-05,63,25,12,1,94170
UAE_448,2023-06,138,55,27,5,278114
UAE_448,2023-07,54,21,10,1,51221
UAE_448,2023-08,80,32,16,1,63460
UAE_448,2023-09,97,38,19,3,76169
UAE_448,2023-10,65,26,13,2,108825
UAE_448,2023-11,26,10,5,1,28852
UAE_448,2023-12,39,15,7,1,69074
UAE_448,2024-01,56,22,11,2,76522
UAE_448,2024-02,58,23,11,1,59757
UAE_448,2024-03,70,28,14,1,110182
UAE_448,2024-04,23,9,4,1,28694
UAE_448,2024-05,53,21,10,1,85969
UAE_448,2024-06,36,14,7,1,57543
UAE_448,2024-07,49,19,9,1,34825
UAE_448,2024-08,160,64,32,5,256449
UAE_448,2024-09,89,35,17,1,142314
UAE_448,2024-10,110,44,22,1,77781
UAE_448,2024-11,106,42,21,2,183802
UAE_448,2024-12,52,20,10,1,29739
UAE_448,2025-01,49,19,9,1,47939
UAE_448,2025-02,33,13,6,1,63154
UAE_448,2025-03,58,23,11,1,89076
UAE_448,2025-04,113,45,22,4,200341
UAE_448,2025-05,124,49,24,4,199795
UAE_448,2025-06,119,47,23,2,117230
UAE_448,2025-07,118,47,23,4,79478
UAE_448,2025-08,48,19,9,1,47751
UAE_448,2025-09,176,70,35,5,289428
UAE_448,2025-10,94,37,18,3,79145
UAE_448,2025-11,126,50,25,4,81709
UAE_448,2025-12,46,18,9,1,73441
UAE_449,2023-01,71,28,14,1,55582
UAE_449,2023-02,13,5,2,1,17247
UAE_449,2023-03,75,30,15,1,57036
UAE_449,2023-04,41,16,8,1,30779
UAE_449,2023-05,66,26,13,2,57822
UAE_449,2023-06,19,7,3,1,26141
UAE_449,2023-07,149,59,29,3,133293
UAE_449,2023-08,74,29,14,2,108132
UAE_449,2023-09,29,11,5,1,32518
UAE_449,2023-10,61,24,12,1,31670
UAE_449,2023-11,52,20,10,1,73598
UAE_449,2023-12,27,10,5,1,22773
UAE_449,2024-01,24,9,4,1,32707
UAE_449,2024-02,19,7,3,1,24490
UAE_449,2024-03,13,5,2,1,9578
UAE_449,2024-04,74,29,14,1,98583
UAE_449,2024-05,38,15,7,1,29985
UAE_449,2024-06,84,33,16,2,53287
UAE_449,2024-07,86,34,17,3,69164
UAE_449,2024-08,88,35,17,2,59061
UAE_449,2024-09,58,23,11,1,31036
UAE_449,2024-10,27,10,5,1,16614
UAE_449,2024-11,34,13,6,1,47266
UAE_449,2024-12,66,26,13,1,103622
UAE_449,2025-01,63,25,12,1,87427
UAE_449,2025-02,76,30,15,1,70197
UAE_449,2025-03,35,14,7,1,37573
UAE_449,2025-04,36,14,7,1,56496
UAE_449,2025-05,95,38,19,3,45494
UAE_449,2025-06,105,42,21,3,71717
UAE_449,2025-07,23,9,4,1,30179
UAE_449,2025-08,90,36,18,1,57110
UAE_449,2025-09,141,56,28,2,220745
UAE_449,2025-10,85,34,17,1,139046
UAE_449,2025-11,26,10,5,1,23122
UAE_449,2025-12,14,5,2,1,14865
UAE_450,2023-01,74,29,14,1,104779
UAE_450,2023-02,41,16,8,1,59985
UAE_450,2023-03,74,29,14,2,42704
UAE_450,2023-04,93,37,18,3,131526
UAE_450,2023-05,25,10,5,1,23313
UAE_450,2023-06,67,26,13,2,38827
UAE_450,2023-07,59,23,11,1,65031
UAE_450,2023-08,146,58,29,5,254597
UAE_450,2023-09,85,34,17,1,118157
UAE_450,2023-10,53,21,10,1,88018
UAE_450,2023-11,27,10,5,1,26279
UAE_450,2023-12,59,23,11,1,32834
UAE_450,2024-01,101,40,20,1,90809
UAE_450,2024-02,53,21,10,1,65025
UAE_450,2024-03,76,30,15,2,44618
UAE_450,2024-04,130,52,26,4,113392
UAE_450,2024-05,46,18,9,1,66593
UAE_450,2024-06,85,34,17,2,139539
UAE_450,2024-07,55,22,11,1,30545
UAE_450,2024-08,66,26,13,1,46029
UAE_450,2024-09,165,66,33,5,94007
UAE_450,2024-10,90,36,18,1,162438
UAE_450,2024-11,60,24,12,1,60336
UAE_450,2024-12,83,33,16,2,146553
UAE_450,2025-01,27,10,5,1,23726
UAE_450,2025-02,131,52,26,3,190298
UAE_450,2025-03,77,30,15,1,94921
UAE_450,2025-04,115,46,23,1,163913
UAE_450,2025-05,34,13,6,1,20779
UAE_450,2025-06,38,15,7,1,49310
UAE_450,2025-07,55,22,11,1,75504
UAE_450,2025-08,114,45,22,3,55687
UAE_450,2025-09,113,45,22,4,214478
UAE_450,2025-10,69,27,13,1,90251
UAE_450,2025-11,61,24,12,2,44921
UAE_450,2025-12,26,10,5,1,38700
UAE_451,2023-01,119,47,23,2,142335
UAE_451,2023-02,43,17,8,1,42481
UAE_451,2023-03,119,47,23,3,199663
UAE_451,2023-04,55,22,11,1,32473
UAE_451,2023-05,161,64,32,5,112919
UAE_451,2023-06,110,44,22,2,64811
UAE_451,2023-07,105,42,21,2,169424
UAE_451,2023-08,102,40,20,2,128384
UAE_451,2023-09,96,38,19,3,171140
UAE_451,2023-10,55,22,11,1,111852
UAE_451,2023-11,128,51,25,3,226098
UAE_451,2023-12,48,19,9,1,82722
UAE_451,2024-01,52,20,10,1,46266
UAE_451,2024-02,91,36,18,1,186306
UAE_451,2024-03,25,10,5,1,31801
UAE_451,2024-04,50,20,10,1,40698
UAE_451,2024-05,111,44,22,4,66374
UAE_451,2024-06,137,54,27,4,281247
UAE_451,2024-07,49,19,9,1,36494
UAE_451,2024-08,38,15,7,1,45411
UAE_451,2024-09,100,40,20,2,121108
UAE_451,2024-10,70,28,14,1,68483
UAE_451,2024-11,36,14,7,1,63152
UAE_451,2024-12,59,23,11,1,81870
UAE_451,2025-01,77,30,15,2,50011
UAE_451,2025-02,96,38,19,1,107024
UAE_451,2025-03,111,44,22,2,76739
UAE_451,2025-04,70,28,14,2,97197
UAE_451,2025-05,87,34,17,2,180708
UAE_451,2025-06,70,28,14,1,117258
UAE_451,2025-07,114,45,22,1,208157
UAE_451,2025-08,117,46,23,4,107123
UAE_451,2025-09,108,43,21,2,142513
UAE_451,2025-10,108,43,21,3,104045
UAE_451,2025-11,67,26,13,1,61299
UAE_451,2025-12,49,19,9,1,79183
UAE_452,2023-01,26,10,5,1,10534
UAE_452,2023-02,27,10,5,1,27927
UAE_452,2023-03,45,18,9,1,47755
UAE_452,2023-04,78,31,15,1,84954
UAE_452,2023-05,45,18,9,1,37215
UAE_452,2023-06,114,45,22,3,108067
UAE_452,2023-07,72,28,14,2,44296
UAE_452,2023-08,19,7,3,1,19622
UAE_452,2023-09,55,22,11,1,22793
UAE_452,2023-10,44,17,8,1,28660
UAE_452,2023-11,58,23,11,1,44037
UAE_452,2023-12,15,6,3,1,14259
UAE_452,2024-01,65,26,13,2,43275
UAE_452,2024-02,24,9,4,1,21655
UAE_452,2024-03,43,17,8,1,37399
UAE_452,2024-04,42,16,8,1,47392
UAE_452,2024-05,35,14,7,1,26203
UAE_452,2024-06,78,31,15,1,38775
UAE_452,2024-07,27,10,5,1,16106
UAE_452,2024-08,15,6,3,1,9155
UAE_452,2024-09,54,21,10,1,49403
UAE_452,2024-10,30,12,6,1,29021
UAE_452,2024-11,49,19,9,1,47611
UAE_452,2024-12,28,11,5,1,12269
UAE_452,2025-01,15,6,3,1,7179
UAE_452,2025-02,23,9,4,1,19299
UAE_452,2025-03,55,22,11,1,17498
UAE_452,2025-04,73,29,14,2,60346
UAE_452,2025-05,74,29,14,2,33983
UAE_452,2025-06,59,23,11,1,62551
UAE_452,2025-07,60,24,12,2,57335
UAE_452,2025-08,36,14,7,1,19665
UAE_452,2025-09,32,12,6,1,23794
UAE_452,2025-10,94,37,18,2,35380
UAE_452,2025-11,15,6,3,1,9400
UAE_452,2025-12,13,5,2,1,6058
UAE_453,2023-01,26,10,5,1,28743
UAE_453,2023-02,24,9,4,1,21625
UAE_453,2023-03,22,8,4,1,15381
UAE_453,2023-04,20,8,4,1,15627
UAE_453,2023-05,70,28,14,1,27948
UAE_453,2023-06,45,18,9,1,26902
UAE_453,2023-07,35,14,7,1,17922
UAE_453,2023-08,54,21,10,1,37798
UAE_453,2023-09,41,16,8,1,23934
UAE_453,2023-10,41,16,8,1,33012
UAE_453,2023-11,19,7,3,1,13449
UAE_453,2023-12,26,10,5,1,18843
UAE_453,2024-01,26,10,5,1,26622
UAE_453,2024-02,39,15,7,1,15201
UAE_453,2024-03,12,4,2,1,11153
UAE_453,2024-04,51,20,10,1,32417
UAE_453,2024-05,54,21,10,1,21018
UAE_453,2024-06,18,7,3,1,14729
UAE_453,2024-07,49,19,9,1,36199
UAE_453,2024-08,72,28,14,2,30880
UAE_453,2024-09,25,10,5,1,9235
UAE_453,2024-10,49,19,9,1,30656
UAE_453,2024-11,36,14,7,1,41665
UAE_453,2024-12,32,12,6,1,20229
UAE_453,2025-01,49,19,9,1,22864
UAE_453,2025-02,44,17,8,1,24182
UAE_453,2025-03,73,29,14,1,82946
UAE_453,2025-04,37,14,7,1,38744
UAE_453,2025-05,20,8,4,1,6252
UAE_453,2025-06,14,5,2,1,14642
UAE_453,2025-07,30,12,6,1,29351
UAE_453,2025-08,81,32,16,2,78119
UAE_453,2025-09,15,6,3,1,17855
UAE_453,2025-10,26,10,5,1,19229
UAE_453,2025-11,26,10,5,1,29792
UAE_453,2025-12,12,4,2,1,8429
UAE_454,2023-01,46,18,9,1,48437
UAE_454,2023-02,36,14,7,1,32235
UAE_454,2023-03,13,5,2,1,7553
UAE_454,2023-04,37,14,7,1,39727
UAE_454,2023-05,43,17,8,1,16356
UAE_454,2023-06,49,19,9,1,36291
UAE_454,2023-07,65,26,13,1,47129
UAE_454,2023-08,58,23,11,1,59847
UAE_454,2023-09,69,27,13,1,43293
UAE_454,2023-10,59,23,11,2,21738
UAE_454,2023-11,63,25,12,1,62726
UAE_454,2023-12,39,15,7,1,19500
UAE_454,2024-01,49,19,9,1,24113
UAE_454,2024-02,35,14,7,1,36162
UAE_454,2024-03,43,17,8,1,33618
UAE_454,2024-04,27,10,5,1,15240
UAE_454,2024-05,73,29,14,2,26883
UAE_454,2024-06,84,33,16,1,68112
UAE_454,2024-07,40,16,8,1,43432
UAE_454,2024-08,49,19,9,1,24891
UAE_454,2024-09,41,16,8,1,33607
UAE_454,2024-10,54,21,10,2,32594
UAE_454,2024-11,65,26,13,1,70472
UAE_454,2024-12,16,6,3,1,10107
UAE_454,2025-01,27,10,5,1,19150
UAE_454,2025-02,55,22,11,1,52592
UAE_454,2025-03,22,8,4,1,10033
UAE_454,2025-04,29,11,5,1,14159
UAE_454,2025-05,72,28,14,2,59969
UAE_454,2025-06,36,14,7,1,24296
UAE_454,2025-07,67,26,13,1,75490
UAE_454,2025-08,49,19,9,1,36996
UAE_454,2025-09,56,22,11,2,37095
UAE_454,2025-10,15,6,3,1,12385
UAE_454,2025-11,57,22,11,1,27939
UAE_454,2025-12,24,9,4,1,17491
UAE_455,2023-01,976,390,195,31,15142455
UAE_455,2023-02,794,317,158,21,18470670
UAE_455,2023-03,993,397,198,28,16688367
UAE_455,2023-04,1275,510,255,29,11784432
UAE_455,2023-05,465,186,93,14,7850029
UAE_455,2023-06,414,165,82,12,5693465
UAE_455,2023-07,575,230,115,19,13164627
UAE_455,2023-08,1308,523,261,26,24394356
UAE_455,2023-09,819,327,163,20,8372230
UAE_455,2023-10,408,163,81,13,9229045
UAE_455,2023-11,564,225,112,15,9314032
UAE_455,2023-12,1167,466,233,35,20467158
UAE_455,2024-01,377,150,75,12,7111156
UAE_455,2024-02,496,198,99,18,7996190
UAE_455,2024-03,545,218,109,17,12686302
UAE_455,2024-04,1030,412,206,33,22548966
UAE_455,2024-05,1465,586,293,46,28367843
UAE_455,2024-06,1701,680,340,63,38498893
UAE_455,2024-07,455,182,91,7,3709842
UAE_455,2024-08,883,353,176,28,18540541
UAE_455,2024-09,389,155,77,15,4114402
UAE_455,2024-10,1080,432,216,21,23398169
UAE_455,2024-11,870,348,174,34,20298352
UAE_455,2024-12,1340,536,268,41,12364448
UAE_455,2025-01,391,156,78,13,5760415
UAE_455,2025-02,515,206,103,13,6853280
UAE_455,2025-03,447,178,89,16,4703251
UAE_455,2025-04,494,197,98,12,7929537
UAE_455,2025-05,726,290,145,18,6732819
UAE_455,2025-06,482,192,96,18,8525806
UAE_455,2025-07,763,305,152,25,17032648
UAE_455,2025-08,1699,679,339,45,25521898
UAE_455,2025-09,394,157,78,10,2736894
UAE_455,2025-10,835,334,167,22,16986956
UAE_455,2025-11,1519,607,303,36,19669762
UAE_455,2025-12,469,187,93,16,6809266
UAE_456,2023-01,17,6,3,1,5740
UAE_456,2023-02,34,13,6,1,36188
UAE_456,2023-03,37,14,7,1,12577
UAE_456,2023-04,44,17,8,1,39220
UAE_456,2023-05,29,11,5,1,13830
UAE_456,2023-06,22,8,4,1,13213
UAE_456,2023-07,52,20,10,1,26191
UAE_456,2023-08,14,5,2,1,12032
UAE_456,2023-09,36,14,7,1,10783
UAE_456,2023-10,48,19,9,1,40327
UAE_456,2023-11,42,16,8,1,21517
UAE_456,2023-12,14,5,2,1,6463
UAE_456,2024-01,37,14,7,1,41175
UAE_456,2024-02,19,7,3,1,18437
UAE_456,2024-03,32,12,6,1,16665
UAE_456,2024-04,41,16,8,1,47662
UAE_456,2024-05,35,14,7,1,37687
UAE_456,2024-06,91,36,18,1,34628
UAE_456,2024-07,49,19,9,1,43034
UAE_456,2024-08,33,13,6,1,36924
UAE_456,2024-09,30,12,6,1,10512
UAE_456,2024-10,20,8,4,1,17823
UAE_456,2024-11,50,20,10,1,28574
UAE_456,2024-12,57,22,11,1,63331
UAE_456,2025-01,25,10,5,1,9124
UAE_456,2025-02,49,19,9,1,28775
UAE_456,2025-03,62,24,12,1,38865
UAE_456,2025-04,24,9,4,1,14755
UAE_456,2025-05,29,11,5,1,26150
UAE_456,2025-06,38,15,7,1,14643
UAE_456,2025-07,73,29,14,1,61839
UAE_456,2025-08,60,24,12,1,57125
UAE_456,2025-09,28,11,5,1,12161
UAE_456,2025-10,35,14,7,1,37079
UAE_456,2025-11,19,7,3,1,19516
UAE_456,2025-12,12,4,2,1,10320
UAE_457,2023-01,37,14,7,1,17760
UAE_457,2023-02,54,21,10,1,36660
UAE_457,2023-03,37,14,7,1,25506
UAE_457,2023-04,68,27,13,2,80488
UAE_457,2023-05,54,21,10,1,54793
UAE_457,2023-06,43,17,8,1,56988
UAE_457,2023-07,23,9,4,1,12008
UAE_457,2023-08,56,22,11,2,41153
UAE_457,2023-09,47,18,9,1,33393
UAE_457,2023-10,81,32,16,2,79281
UAE_457,2023-11,10,4,2,1,7855
UAE_457,2023-12,49,19,9,1,61947
UAE_457,2024-01,40,16,8,1,26526
UAE_457,2024-02,54,21,10,1,26120
UAE_457,2024-03,37,14,7,1,34162
UAE_457,2024-04,42,16,8,1,29035
UAE_457,2024-05,51,20,10,1,49487
UAE_457,2024-06,95,38,19,1,114744
UAE_457,2024-07,66,26,13,2,58389
UAE_457,2024-08,56,22,11,2,35920
UAE_457,2024-09,75,30,15,1,76732
UAE_457,2024-10,40,16,8,1,42452
UAE_457,2024-11,61,24,12,1,28211
UAE_457,2024-12,89,35,17,3,73722
UAE_457,2025-01,54,21,10,1,67926
UAE_457,2025-02,17,6,3,1,6027
UAE_457,2025-03,35,14,7,1,34795
UAE_457,2025-04,35,14,7,1,38130
UAE_457,2025-05,96,38,19,2,77565
UAE_457,2025-06,37,14,7,1,41356
UAE_457,2025-07,43,17,8,1,21945
UAE_457,2025-08,77,30,15,1,35320
UAE_457,2025-09,22,8,4,1,12306
UAE_457,2025-10,54,21,10,1,64878
UAE_457,2025-11,19,7,3,1,24538
UAE_457,2025-12,33,13,6,1,36203
UAE_458,2023-01,53,21,10,1,38720
UAE_458,2023-02,29,11,5,1,25195
UAE_458,2023-03,36,14,7,1,18082
UAE_458,2023-04,33,13,6,1,20819
UAE_458,2023-05,58,23,11,1,57008
UAE_458,2023-06,109,43,21,2,90298
UAE_458,2023-07,87,34,17,2,136311
UAE_458,2023-08,77,30,15,1,81726
UAE_458,2023-09,67,26,13,2,35409
UAE_458,2023-10,18,7,3,1,12838
UAE_458,2023-11,73,29,14,1,54562
UAE_458,2023-12,27,10,5,1,39686
UAE_458,2024-01,57,22,11,1,43169
UAE_458,2024-02,71,28,14,1,73275
UAE_458,2024-03,20,8,4,1,25906
UAE_458,2024-04,49,19,9,1,70233
UAE_458,2024-05,23,9,4,1,17585
UAE_458,2024-06,73,29,14,2,63189
UAE_458,2024-07,24,9,4,1,33316
UAE_458,2024-08,85,34,17,3,61118
UAE_458,2024-09,107,42,21,2,103603
UAE_458,2024-10,17,6,3,1,7793
UAE_458,2024-11,22,8,4,1,13523
UAE_458,2024-12,47,18,9,1,39396
UAE_458,2025-01,26,10,5,1,23707
UAE_458,2025-02,46,18,9,1,41012
UAE_458,2025-03,36,14,7,1,21421
UAE_458,2025-04,113,45,22,4,101459
UAE_458,2025-05,63,25,12,2,103214
UAE_458,2025-06,86,34,17,3,106179
UAE_458,2025-07,80,32,16,2,73705
UAE_458,2025-08,141,56,28,5,91635
UAE_458,2025-09,55,22,11,1,52343
UAE_458,2025-10,54,21,10,2,31369
UAE_458,2025-11,18,7,3,1,19937
UAE_458,2025-12,63,25,12,1,48633
UAE_459,2023-01,36,14,7,1,31892
UAE_459,2023-02,36,14,7,1,20002
UAE_459,2023-03,37,14,7,1,41098
UAE_459,2023-04,31,12,6,1,20455
UAE_459,2023-05,28,11,5,1,17016
UAE_459,2023-06,68,27,13,1,41113
UAE_459,2023-07,67,26,13,1,23500
UAE_459,2023-08,49,19,9,1,39835
UAE_459,2023-09,55,22,11,1,26669
UAE_459,2023-10,19,7,3,1,13664
UAE_459,2023-11,47,18,9,1,33326
UAE_459,2023-12,22,8,4,1,18919
UAE_459,2024-01,57,22,11,2,65219
UAE_459,2024-02,20,8,4,1,12986
UAE_459,2024-03,64,25,12,1,34493
UAE_459,2024-04,52,20,10,1,23139
UAE_459,2024-05,24,9,4,1,14046
UAE_459,2024-06,54,21,10,1,15950
UAE_459,2024-07,29,11,5,1,18600
UAE_459,2024-08,64,25,12,2,48519
UAE_459,2024-09,77,30,15,1,68744
UAE_459,2024-10,14,5,2,1,5612
UAE_459,2024-11,46,18,9,1,23158
UAE_459,2024-12,40,16,8,1,19772
UAE_459,2025-01,38,15,7,1,22975
UAE_459,2025-02,23,9,4,1,11263
UAE_459,2025-03,31,12,6,1,21276
UAE_459,2025-04,31,12,6,1,26725
UAE_459,2025-05,41,16,8,1,25239
UAE_459,2025-06,91,36,18,1,27123
UAE_459,2025-07,17,6,3,1,7242
UAE_459,2025-08,75,30,15,2,82460
UAE_459,2025-09,42,16,8,1,42288
UAE_459,2025-10,31,12,6,1,22269
UAE_459,2025-11,38,15,7,1,30058
UAE_459,2025-12,63,25,12,1,63895
UAE_460,2023-01,134,53,26,2,398657
UAE_460,2023-02,116,46,23,1,364577
UAE_460,2023-03,82,32,16,2,136341
UAE_460,2023-04,209,83,41,7,556356
UAE_460,2023-05,222,88,44,3,365200
UAE_460,2023-06,241,96,48,5,921543
UAE_460,2023-07,55,22,11,2,122098
UAE_460,2023-08,64,25,12,2,83626
UAE_460,2023-09,143,57,28,2,303209
UAE_460,2023-10,85,34,17,3,365642
UAE_460,2023-11,151,60,30,3,451076
UAE_460,2023-12,164,65,32,5,543220
UAE_460,2024-01,127,50,25,4,403220
UAE_460,2024-02,164,65,32,5,290938
UAE_460,2024-03,205,82,41,5,706624
UAE_460,2024-04,75,30,15,2,206706
UAE_460,2024-05,79,31,15,2,332874
UAE_460,2024-06,176,70,35,5,388575
UAE_460,2024-07,345,138,69,7,921352
UAE_460,2024-08,186,74,37,3,248793
UAE_460,2024-09,270,108,54,8,855606
UAE_460,2024-10,102,40,20,4,173393
UAE_460,2024-11,240,96,48,8,826009
UAE_460,2024-12,62,24,12,1,130471
UAE_460,2025-01,64,25,12,1,251963
UAE_460,2025-02,199,79,39,4,480603
UAE_460,2025-03,143,57,28,3,583691
UAE_460,2025-04,101,40,20,2,376728
UAE_460,2025-05,43,17,8,1,111627
UAE_460,2025-06,85,34,17,2,318909
UAE_460,2025-07,154,61,30,5,269989
UAE_460,2025-08,262,104,52,5,985081
UAE_460,2025-09,294,117,58,10,328904
UAE_460,2025-10,267,106,53,5,319375
UAE_460,2025-11,215,86,43,5,773428
UAE_460,2025-12,73,29,14,2,200402
UAE_461,2023-01,41,16,8,1,33326
UAE_461,2023-02,20,8,4,1,20010
UAE_461,2023-03,41,16,8,1,30103
UAE_461,2023-04,19,7,3,1,12147
UAE_461,2023-05,24,9,4,1,16872
UAE_461,2023-06,60,24,12,2,21017
UAE_461,2023-07,91,36,18,1,106651
UAE_461,2023-08,27,10,5,1,10405
UAE_461,2023-09,32,12,6,1,25774
UAE_461,2023-10,74,29,14,2,50557
UAE_461,2023-11,59,23,11,1,36529
UAE_461,2023-12,44,17,8,1,25517
UAE_461,2024-01,23,9,4,1,13214
UAE_461,2024-02,92,36,18,1,94637
UAE_461,2024-03,10,4,2,1,11042
UAE_461,2024-04,62,24,12,2,26370
UAE_461,2024-05,25,10,5,1,10259
UAE_461,2024-06,59,23,11,1,21053
UAE_461,2024-07,34,13,6,1,17533
UAE_461,2024-08,39,15,7,1,19017
UAE_461,2024-09,61,24,12,1,57559
UAE_461,2024-10,77,30,15,2,83293
UAE_461,2024-11,60,24,12,1,59803
UAE_461,2024-12,49,19,9,1,15609
UAE_461,2025-01,49,19,9,1,38474
UAE_461,2025-02,28,11,5,1,26172
UAE_461,2025-03,50,20,10,1,37061
UAE_461,2025-04,11,4,2,1,7126
UAE_461,2025-05,72,28,14,1,65551
UAE_461,2025-06,22,8,4,1,13424
UAE_461,2025-07,17,6,3,1,9970
UAE_461,2025-08,39,15,7,1,24108
UAE_461,2025-09,49,19,9,1,49204
UAE_461,2025-10,58,23,11,1,39447
UAE_461,2025-11,64,25,12,1,45172
UAE_461,2025-12,24,9,4,1,21314
UAE_462,2023-01,35,14,7,1,78266
UAE_462,2023-02,108,43,21,2,363043
UAE_462,2023-03,126,50,25,2,219912
UAE_462,2023-04,126,50,25,3,148076
UAE_462,2023-05,183,73,36,4,180969
UAE_462,2023-06,234,93,46,6,680931
UAE_462,2023-07,84,33,16,3,105632
UAE_462,2023-08,163,65,32,5,511041
UAE_462,2023-09,130,52,26,3,295163
UAE_462,2023-10,53,21,10,2,106850
UAE_462,2023-11,79,31,15,2,132037
UAE_462,2023-12,98,39,19,2,187171
UAE_462,2024-01,144,57,28,2,340743
UAE_462,2024-02,134,53,26,3,432879
UAE_462,2024-03,42,16,8,1,112579
UAE_462,2024-04,153,61,30,3,251284
UAE_462,2024-05,35,14,7,1,105881
UAE_462,2024-06,65,26,13,1,73952
UAE_462,2024-07,64,25,12,1,85525
UAE_462,2024-08,75,30,15,1,160563
UAE_462,2024-09,89,35,17,2,214376
UAE_462,2024-10,66,26,13,1,178265
UAE_462,2024-11,91,36,18,3,128831
UAE_462,2024-12,160,64,32,3,515147
UAE_462,2025-01,45,18,9,1,83557
UAE_462,2025-02,142,56,28,2,249522
UAE_462,2025-03,221,88,44,7,300355
UAE_462,2025-04,118,47,23,1,378245
UAE_462,2025-05,185,74,37,3,297582
UAE_462,2025-06,248,99,49,9,256837
UAE_462,2025-07,115,46,23,3,394992
UAE_462,2025-08,175,70,35,6,245688
UAE_462,2025-09,105,42,21,4,358027
UAE_462,2025-10,191,76,38,4,178722
UAE_462,2025-11,123,49,24,4,143026
UAE_462,2025-12,204,81,40,5,387406
UAE_463,2023-01,30,12,6,1,26181
UAE_463,2023-02,22,8,4,1,36028
UAE_463,2023-03,40,16,8,1,57580
UAE_463,2023-04,40,16,8,1,31973
UAE_463,2023-05,117,46,23,3,133139
UAE_463,2023-06,57,22,11,2,28892
UAE_463,2023-07,116,46,23,3,55449
UAE_463,2023-08,120,48,24,3,223565
UAE_463,2023-09,121,48,24,4,78318
UAE_463,2023-10,112,44,22,4,204471
UAE_463,2023-11,63,25,12,1,74707
UAE_463,2023-12,33,13,6,1,50417
UAE_463,2024-01,78,31,15,1,48120
UAE_463,2024-02,31,12,6,1,53689
UAE_463,2024-03,98,39,19,2,170795
UAE_463,2024-04,110,44,22,3,196291
UAE_463,2024-05,91,36,18,2,164711
UAE_463,2024-06,79,31,15,2,113236
UAE_463,2024-07,78,31,15,2,67909
UAE_463,2024-08,99,39,19,3,87363
UAE_463,2024-09,139,55,27,3,226270
UAE_463,2024-10,33,13,6,1,29796
UAE_463,2024-11,55,22,11,1,85308
UAE_463,2024-12,23,9,4,1,16016
UAE_463,2025-01,19,7,3,1,19944
UAE_463,2025-02,94,37,18,3,175520
UAE_463,2025-03,38,15,7,1,19795
UAE_463,2025-04,28,11,5,1,43499
UAE_463,2025-05,61,24,12,2,65330
UAE_463,2025-06,33,13,6,1,22241
UAE_463,2025-07,41,16,8,1,43959
UAE_463,2025-08,44,17,8,1,70707
UAE_463,2025-09,132,52,26,4,197932
UAE_463,2025-10,35,14,7,1,32643
UAE_463,2025-11,87,34,17,1,65720
UAE_463,2025-12,109,43,21,3,104235
UAE_464,2023-01,73,29,14,2,81907
UAE_464,2023-02,21,8,4,1,36824
UAE_464,2023-03,51,20,10,1,86791
UAE_464,2023-04,32,12,6,1,16072
UAE_464,2023-05,102,40,20,1,140821
UAE_464,2023-06,58,23,11,1,109626
UAE_464,2023-07,70,28,14,1,90043
UAE_464,2023-08,114,45,22,3,99918
UAE_464,2023-09,77,30,15,3,43294
UAE_464,2023-10,79,31,15,2,137046
UAE_464,2023-11,49,19,9,1,46576
UAE_464,2023-12,34,13,6,1,25999
UAE_464,2024-01,145,58,29,2,173502
UAE_464,2024-02,25,10,5,1,27626
UAE_464,2024-03,57,22,11,1,40438
UAE_464,2024-04,87,34,17,1,56170
UAE_464,2024-05,92,36,18,3,128646
UAE_464,2024-06,128,51,25,3,140983
UAE_464,2024-07,79,31,15,2,129079
UAE_464,2024-08,54,21,10,1,84282
UAE_464,2024-09,19,7,3,1,24158
UAE_464,2024-10,27,10,5,1,30889
UAE_464,2024-11,139,55,27,3,247552
UAE_464,2024-12,35,14,7,1,39254
UAE_464,2025-01,35,14,7,1,46006
UAE_464,2025-02,54,21,10,1,25377
UAE_464,2025-03,92,36,18,3,52058
UAE_464,2025-04,58,23,11,1,86498
UAE_464,2025-05,67,26,13,2,58476
UAE_464,2025-06,71,28,14,1,104182
UAE_464,2025-07,55,22,11,1,43936
UAE_464,2025-08,129,51,25,3,156009
UAE_464,2025-09,25,10,5,1,15048
UAE_464,2025-10,27,10,5,1,45683
UAE_464,2025-11,86,34,17,2,127226
UAE_464,2025-12,46,18,9,1,34227
UAE_465,2023-01,29,11,5,1,32849
UAE_465,2023-02,25,10,5,1,14164
UAE_465,2023-03,49,19,9,1,19612
UAE_465,2023-04,20,8,4,1,14984
UAE_465,2023-05,33,13,6,1,29123
UAE_465,2023-06,53,21,10,1,38157
UAE_465,2023-07,40,16,8,1,40844
UAE_465,2023-08,49,19,9,1,59664
UAE_465,2023-09,20,8,4,1,13104
UAE_465,2023-10,49,19,9,1,48942
UAE_465,2023-11,53,21,10,1,39540
UAE_465,2023-12,30,12,6,1,27563
UAE_465,2024-01,74,29,14,2,49832
UAE_465,2024-02,49,19,9,1,67368
UAE_465,2024-03,56,22,11,1,28129
UAE_465,2024-04,68,27,13,2,66218
UAE_465,2024-05,32,12,6,1,35600
UAE_465,2024-06,67,26,13,1,53473
UAE_465,2024-07,29,11,5,1,30766
UAE_465,2024-08,46,18,9,1,50362
UAE_465,2024-09,25,10,5,1,13978
UAE_465,2024-10,32,12,6,1,28098
UAE_465,2024-11,75,30,15,2,90498
UAE_465,2024-12,26,10,5,1,12807
UAE_465,2025-01,40,16,8,1,41792
UAE_465,2025-02,57,22,11,2,42597
UAE_465,2025-03,91,36,18,1,94763
UAE_465,2025-04,110,44,22,2,129440
UAE_465,2025-05,38,15,7,1,39348
UAE_465,2025-06,59,23,11,1,73502
UAE_465,2025-07,74,29,14,1,69315
UAE_465,2025-08,116,46,23,3,164450
UAE_465,2025-09,58,23,11,1,34695
UAE_465,2025-10,18,7,3,1,24527
UAE_465,2025-11,42,16,8,1,31817
UAE_465,2025-12,49,19,9,1,55664
UAE_466,2023-01,217,86,43,6,466234
UAE_466,2023-02,44,17,8,1,170681
UAE_466,2023-03,244,97,48,4,818213
UAE_466,2023-04,206,82,41,5,1214663
UAE_466,2023-05,107,42,21,3,600961
UAE_466,2023-06,218,87,43,7,718004
UAE_466,2023-07,349,139,69,13,2205629
UAE_466,2023-08,413,165,82,10,861351
UAE_466,2023-09,203,81,40,7,954222
UAE_466,2023-10,310,124,62,10,1919527
UAE_466,2023-11,151,60,30,4,693226
UAE_466,2023-12,133,53,26,3,291636
UAE_466,2024-01,157,62,31,5,651688
UAE_466,2024-02,89,35,17,1,493175
UAE_466,2024-03,266,106,53,7,1627867
UAE_466,2024-04,134,53,26,2,289482
UAE_466,2024-05,325,130,65,8,925830
UAE_466,2024-06,295,118,59,8,481101
UAE_466,2024-07,384,153,76,7,1292825
UAE_466,2024-08,339,135,67,13,835824
UAE_466,2024-09,246,98,49,4,794059
UAE_466,2024-10,128,51,25,3,440685
UAE_466,2024-11,143,57,28,5,338591
UAE_466,2024-12,291,116,58,7,1625352
UAE_466,2025-01,168,67,33,3,549934
UAE_466,2025-02,239,95,47,8,1018896
UAE_466,2025-03,298,119,59,9,1350922
UAE_466,2025-04,255,102,51,4,963566
UAE_466,2025-05,286,114,57,7,1055880
UAE_466,2025-06,466,186,93,14,2770520
UAE_466,2025-07,230,92,46,3,867153
UAE_466,2025-08,258,103,51,4,1571535
UAE_466,2025-09,293,117,58,11,563245
UAE_466,2025-10,222,88,44,7,422608
UAE_466,2025-11,148,59,29,5,285374
UAE_466,2025-12,120,48,24,2,510659
UAE_467,2023-01,38,15,7,1,20516
UAE_467,2023-02,23,9,4,1,24290
UAE_467,2023-03,20,8,4,1,20554
UAE_467,2023-04,50,20,10,1,26456
UAE_467,2023-05,35,14,7,1,30231
UAE_467,2023-06,60,24,12,1,62677
UAE_467,2023-07,50,20,10,1,43038
UAE_467,2023-08,50,20,10,1,58806
UAE_467,2023-09,43,17,8,1,39006
UAE_467,2023-10,21,8,4,1,9922
UAE_467,2023-11,24,9,4,1,22383
UAE_467,2023-12,19,7,3,1,10029
UAE_467,2024-01,15,6,3,1,15331
UAE_467,2024-02,31,12,6,1,14562
UAE_467,2024-03,45,18,9,1,29716
UAE_467,2024-04,24,9,4,1,10724
UAE_467,2024-05,47,18,9,1,49021
UAE_467,2024-06,91,36,18,3,80342
UAE_467,2024-07,21,8,4,1,15340
UAE_467,2024-08,45,18,9,1,34458
UAE_467,2024-09,51,20,10,1,43722
UAE_467,2024-10,28,11,5,1,26025
UAE_467,2024-11,57,22,11,1,29259
UAE_467,2024-12,58,23,11,1,19823
UAE_467,2025-01,62,24,12,1,62658
UAE_467,2025-02,54,21,10,1,59279
UAE_467,2025-03,10,4,2,1,4486
UAE_467,2025-04,48,19,9,1,43933
UAE_467,2025-05,89,35,17,2,76829
UAE_467,2025-06,53,21,10,1,22948
UAE_467,2025-07,86,34,17,1,27656
UAE_467,2025-08,29,11,5,1,13207
UAE_467,2025-09,61,24,12,1,51185
UAE_467,2025-10,12,4,2,1,5812
UAE_467,2025-11,38,15,7,1,14988
UAE_467,2025-12,28,11,5,1,31295
UAE_468,2023-01,56,22,11,1,59539
UAE_468,2023-02,27,10,5,1,19697
UAE_468,2023-03,28,11,5,1,10688
UAE_468,2023-04,25,10,5,1,27412
UAE_468,2023-05,56,22,11,1,27395
UAE_468,2023-06,49,19,9,1,44110
UAE_468,2023-07,31,12,6,1,22707
UAE_468,2023-08,39,15,7,1,13754
UAE_468,2023-09,41,16,8,1,17390
UAE_468,2023-10,52,20,10,2,28465
UAE_468,2023-11,14,5,2,1,10498
UAE_468,2023-12,32,12,6,1,22142
UAE_468,2024-01,41,16,8,1,20142
UAE_468,2024-02,18,7,3,1,6580
UAE_468,2024-03,29,11,5,1,13972
UAE_468,2024-04,66,26,13,1,34697
UAE_468,2024-05,53,21,10,1,50231
UAE_468,2024-06,57,22,11,1,46386
UAE_468,2024-07,32,12,6,1,31413
UAE_468,2024-08,24,9,4,1,24337
UAE_468,2024-09,59,23,11,1,63778
UAE_468,2024-10,72,28,14,1,24925
UAE_468,2024-11,46,18,9,1,34486
UAE_468,2024-12,36,14,7,1,27776
UAE_468,2025-01,31,12,6,1,17939
UAE_468,2025-02,66,26,13,2,59259
UAE_468,2025-03,62,24,12,1,23288
UAE_468,2025-04,41,16,8,1,32443
UAE_468,2025-05,23,9,4,1,21746
UAE_468,2025-06,38,15,7,1,12758
UAE_468,2025-07,41,16,8,1,25777
UAE_468,2025-08,43,17,8,1,34065
UAE_468,2025-09,42,16,8,1,46121
UAE_468,2025-10,16,6,3,1,8553
UAE_468,2025-11,10,4,2,1,4769
UAE_468,2025-12,33,13,6,1,28685
UAE_469,2023-01,35,14,7,1,46152
UAE_469,2023-02,47,18,9,1,56800
UAE_469,2023-03,49,19,9,1,66507
UAE_469,2023-04,30,12,6,1,25149
UAE_469,2023-05,38,15,7,1,47747
UAE_469,2023-06,70,28,14,2,35839
UAE_469,2023-07,29,11,5,1,39039
UAE_469,2023-08,120,48,24,4,143054
UAE_469,2023-09,60,24,12,1,40072
UAE_469,2023-10,40,16,8,1,32658
UAE_469,2023-11,29,11,5,1,25244
UAE_469,2023-12,23,9,4,1,8325
UAE_469,2024-01,66,26,13,2,31642
UAE_469,2024-02,67,26,13,2,62093
UAE_469,2024-03,58,23,11,1,34616
UAE_469,2024-04,48,19,9,1,66413
UAE_469,2024-05,17,6,3,1,18769
UAE_469,2024-06,16,6,3,1,14017
UAE_469,2024-07,76,30,15,1,54031
UAE_469,2024-08,84,33,16,1,53072
UAE_469,2024-09,42,16,8,1,54494
UAE_469,2024-10,39,15,7,1,32251
UAE_469,2024-11,59,23,11,1,38947
UAE_469,2024-12,28,11,5,1,16234
UAE_469,2025-01,57,22,11,1,34388
UAE_469,2025-02,56,22,11,1,39386
UAE_469,2025-03,55,22,11,1,69138
UAE_469,2025-04,35,14,7,1,30213
UAE_469,2025-05,37,14,7,1,49793
UAE_469,2025-06,27,10,5,1,14956
UAE_469,2025-07,77,30,15,2,50931
UAE_469,2025-08,58,23,11,1,59651
UAE_469,2025-09,34,13,6,1,23530
UAE_469,2025-10,41,16,8,1,25631
UAE_469,2025-11,44,17,8,1,43340
UAE_469,2025-12,34,13,6,1,24945
UAE_470,2023-01,101,40,20,2,504471
UAE_470,2023-02,322,128,64,11,1540129
UAE_470,2023-03,229,91,45,8,470932
UAE_470,2023-04,180,72,36,6,627485
UAE_470,2023-05,321,128,64,6,1497317
UAE_470,2023-06,174,69,34,3,786424
UAE_470,2023-07,109,43,21,2,683012
UAE_470,2023-08,322,128,64,9,1783184
UAE_470,2023-09,349,139,69,8,1914968
UAE_470,2023-10,172,68,34,6,946897
UAE_470,2023-11,109,43,21,2,529398
UAE_470,2023-12,605,242,121,22,3160599
UAE_470,2024-01,223,89,44,6,1274894
UAE_470,2024-02,96,38,19,3,652597
UAE_470,2024-03,280,112,56,9,1184713
UAE_470,2024-04,91,36,18,2,317582
UAE_470,2024-05,371,148,74,6,1301292
UAE_470,2024-06,360,144,72,5,1511697
UAE_470,2024-07,248,99,49,9,1437531
UAE_470,2024-08,480,192,96,8,2394906
UAE_470,2024-09,168,67,33,4,1153707
UAE_470,2024-10,127,50,25,2,531363
UAE_470,2024-11,163,65,32,3,895570
UAE_470,2024-12,231,92,46,5,1277931
UAE_470,2025-01,292,116,58,9,1783755
UAE_470,2025-02,235,94,47,3,717884
UAE_470,2025-03,131,52,26,4,517087
UAE_470,2025-04,268,107,53,4,1073021
UAE_470,2025-05,144,57,28,3,510661
UAE_470,2025-06,309,123,61,5,1972145
UAE_470,2025-07,209,83,41,3,749196
UAE_470,2025-08,258,103,51,9,713614
UAE_470,2025-09,167,66,33,5,874796
UAE_470,2025-10,127,50,25,4,695763
UAE_470,2025-11,207,82,41,7,625597
UAE_470,2025-12,211,84,42,3,1345388
UAE_471,2023-01,188,75,37,4,674918
UAE_471,2023-02,101,40,20,2,331380
UAE_471,2023-03,287,114,57,7,350482
UAE_471,2023-04,202,80,40,7,911918
UAE_471,2023-05,230,92,46,4,965689
UAE_471,2023-06,366,146,73,10,1575596
UAE_471,2023-07,244,97,48,8,1132960
UAE_471,2023-08,95,38,19,2,308287
UAE_471,2023-09,179,71,35,3,552767
UAE_471,2023-10,86,34,17,1,362288
UAE_471,2023-11,204,81,40,4,545036
UAE_471,2023-12,142,56,28,2,399188
UAE_471,2024-01,40,16,8,1,91641
UAE_471,2024-02,201,80,40,4,804335
UAE_471,2024-03,112,44,22,2,415350
UAE_471,2024-04,223,89,44,5,478164
UAE_471,2024-05,170,68,34,3,390638
UAE_471,2024-06,159,63,31,2,460298
UAE_471,2024-07,217,86,43,7,280300
UAE_471,2024-08,261,104,52,10,967735
UAE_471,2024-09,97,38,19,2,132595
UAE_471,2024-10,199,79,39,7,256915
UAE_471,2024-11,112,44,22,3,522717
UAE_471,2024-12,136,54,27,3,417304
UAE_471,2025-01,112,44,22,3,415404
UAE_471,2025-02,227,90,45,6,826938
UAE_471,2025-03,206,82,41,7,933500
UAE_471,2025-04,109,43,21,3,333973
UAE_471,2025-05,285,114,57,6,720824
UAE_471,2025-06,433,173,86,15,1621416
UAE_471,2025-07,412,164,82,6,967137
UAE_471,2025-08,279,111,55,5,781590
UAE_471,2025-09,111,44,22,1,153827
UAE_471,2025-10,72,28,14,2,296971
UAE_471,2025-11,151,60,30,2,442633
UAE_471,2025-12,226,90,45,7,413383
UAE_472,2023-01,77,30,15,2,118674
UAE_472,2023-02,118,47,23,2,322165
UAE_472,2023-03,279,111,55,7,975214
UAE_472,2023-04,150,60,30,5,401794
UAE_472,2023-05,166,66,33,5,697200
UAE_472,2023-06,100,40,20,3,483873
UAE_472,2023-07,150,60,30,4,599327
UAE_472,2023-08,85,34,17,3,188565
UAE_472,2023-09,90,36,18,3,139584
UAE_472,2023-10,118,47,23,3,436583
UAE_472,2023-11,192,76,38,4,332037
UAE_472,2023-12,222,88,44,7,803691
UAE_472,2024-01,127,50,25,3,584170
UAE_472,2024-02,178,71,35,7,295925
UAE_472,2024-03,157,62,31,5,885730
UAE_472,2024-04,123,49,24,3,485352
UAE_472,2024-05,88,35,17,3,458026
UAE_472,2024-06,401,160,80,9,1248129
UAE_472,2024-07,224,89,44,8,1076722
UAE_472,2024-08,204,81,40,6,1111366
UAE_472,2024-09,199,79,39,5,1075722
UAE_472,2024-10,236,94,47,6,795606
UAE_472,2024-11,261,104,52,7,1477571
UAE_472,2024-12,95,38,19,3,201756
UAE_472,2025-01,182,72,36,3,892907
UAE_472,2025-02,90,36,18,1,292322
UAE_472,2025-03,76,30,15,2,125030
UAE_472,2025-04,211,84,42,6,1098837
UAE_472,2025-05,307,122,61,7,1515442
UAE_472,2025-06,461,184,92,10,1256756
UAE_472,2025-07,334,133,66,5,1181195
UAE_472,2025-08,161,64,32,4,849493
UAE_472,2025-09,81,32,16,1,219345
UAE_472,2025-10,174,69,34,4,514465
UAE_472,2025-11,89,35,17,2,449674
UAE_472,2025-12,195,78,39,5,732607
UAE_473,2023-01,79,31,15,2,121943
UAE_473,2023-02,125,50,25,2,366400
UAE_473,2023-03,171,68,34,5,176491
UAE_473,2023-04,143,57,28,5,268480
UAE_473,2023-05,225,90,45,3,568268
UAE_473,2023-06,71,28,14,2,162613
UAE_473,2023-07,191,76,38,3,164957
UAE_473,2023-08,149,59,29,5,215562
UAE_473,2023-09,34,13,6,1,31776
UAE_473,2023-10,236,94,47,7,586942
UAE_473,2023-11,57,22,11,1,57638
UAE_473,2023-12,91,36,18,2,196307
UAE_473,2024-01,140,56,28,2,195599
UAE_473,2024-02,123,49,24,4,299215
UAE_473,2024-03,36,14,7,1,47275
UAE_473,2024-04,158,63,31,5,372446
UAE_473,2024-05,185,74,37,7,336246
UAE_473,2024-06,150,60,30,4,397831
UAE_473,2024-07,88,35,17,3,104666
UAE_473,2024-08,161,64,32,4,359308
UAE_473,2024-09,71,28,14,2,162561
UAE_473,2024-10,91,36,18,1,203547
UAE_473,2024-11,60,24,12,1,169210
UAE_473,2024-12,51,20,10,1,88730
UAE_473,2025-01,119,47,23,2,358473
UAE_473,2025-02,61,24,12,1,190871
UAE_473,2025-03,62,24,12,2,195516
UAE_473,2025-04,64,25,12,1,131501
UAE_473,2025-05,90,36,18,1,137583
UAE_473,2025-06,279,111,55,6,430672
UAE_473,2025-07,95,38,19,2,192793
UAE_473,2025-08,223,89,44,4,289076
UAE_473,2025-09,144,57,28,4,346940
UAE_473,2025-10,187,74,37,6,260033
UAE_473,2025-11,203,81,40,8,612176
UAE_473,2025-12,154,61,30,3,369634
UAE_474,2023-01,856,342,171,15,8644255
UAE_474,2023-02,436,174,87,12,3257944
UAE_474,2023-03,373,149,74,7,3432870
UAE_474,2023-04,197,78,39,3,1783737
UAE_474,2023-05,333,133,66,10,1335659
UAE_474,2023-06,259,103,51,7,2079410
UAE_474,2023-07,345,138,69,6,1585722
UAE_474,2023-08,822,328,164,20,2840785
UAE_474,2023-09,109,43,21,3,662165
UAE_474,2023-10,418,167,83,15,3154309
UAE_474,2023-11,121,48,24,4,506221
UAE_474,2023-12,344,137,68,6,2152433
UAE_474,2024-01,153,61,30,2,888937
UAE_474,2024-02,152,60,30,4,1083454
UAE_474,2024-03,454,181,90,8,1655845
UAE_474,2024-04,447,178,89,15,3014745
UAE_474,2024-05,388,155,77,12,3826260
UAE_474,2024-06,153,61,30,4,526634
UAE_474,2024-07,467,186,93,14,3690154
UAE_474,2024-08,507,202,101,14,4813304
UAE_474,2024-09,490,196,98,11,2595710
UAE_474,2024-10,410,164,82,7,1656921
UAE_474,2024-11,533,213,106,17,5550298
UAE_474,2024-12,310,124,62,6,1334217
UAE_474,2025-01,341,136,68,7,2969447
UAE_474,2025-02,408,163,81,14,4038196
UAE_474,2025-03,375,150,75,6,1846602
UAE_474,2025-04,378,151,75,6,2031753
UAE_474,2025-05,239,95,47,5,2214583
UAE_474,2025-06,538,215,107,19,2311505
UAE_474,2025-07,191,76,38,5,1388691
UAE_474,2025-08,777,310,155,20,2561821
UAE_474,2025-09,738,295,147,27,4819946
UAE_474,2025-10,465,186,93,17,4156549
UAE_474,2025-11,426,170,85,13,2584606
UAE_474,2025-12,275,110,55,10,785963
UAE_475,2023-01,29,11,5,1,16869
UAE_475,2023-02,28,11,5,1,23091
UAE_475,2023-03,54,21,10,1,33877
UAE_475,2023-04,27,10,5,1,17793
UAE_475,2023-05,48,19,9,1,33440
UAE_475,2023-06,65,26,13,1,31064
UAE_475,2023-07,30,12,6,1,26127
UAE_475,2023-08,17,6,3,1,10858
UAE_475,2023-09,53,21,10,1,49410
UAE_475,2023-10,58,23,11,1,49296
UAE_475,2023-11,43,17,8,1,47988
UAE_475,2023-12,35,14,7,1,36001
UAE_475,2024-01,79,31,15,1,43608
UAE_475,2024-02,30,12,6,1,17551
UAE_475,2024-03,27,10,5,1,9828
UAE_475,2024-04,39,15,7,1,30617
UAE_475,2024-05,78,31,15,2,45099
UAE_475,2024-06,60,24,12,1,69920
UAE_475,2024-07,62,24,12,2,42389
UAE_475,2024-08,44,17,8,1,45009
UAE_475,2024-09,18,7,3,1,11267
UAE_475,2024-10,52,20,10,1,41950
UAE_475,2024-11,17,6,3,1,8301
UAE_475,2024-12,15,6,3,1,9250
UAE_475,2025-01,22,8,4,1,22269
UAE_475,2025-02,55,22,11,1,64951
UAE_475,2025-03,24,9,4,1,12022
UAE_475,2025-04,35,14,7,1,18704
UAE_475,2025-05,33,13,6,1,12605
UAE_475,2025-06,52,20,10,1,34636
UAE_475,2025-07,46,18,9,1,15261
UAE_475,2025-08,29,11,5,1,16324
UAE_475,2025-09,17,6,3,1,5583
UAE_475,2025-10,19,7,3,1,11633
UAE_475,2025-11,36,14,7,1,24835
UAE_475,2025-12,29,11,5,1,28446
UAE_476,2023-01,54,21,10,2,81705
UAE_476,2023-02,107,42,21,3,149324
UAE_476,2023-03,38,15,7,1,57028
UAE_476,2023-04,47,18,9,1,37201
UAE_476,2023-05,70,28,14,1,62422
UAE_476,2023-06,76,30,15,2,54497
UAE_476,2023-07,123,49,24,3,234386
UAE_476,2023-08,108,43,21,3,79746
UAE_476,2023-09,148,59,29,4,259408
UAE_476,2023-10,74,29,14,2,120242
UAE_476,2023-11,67,26,13,1,98867
UAE_476,2023-12,72,28,14,2,79334
UAE_476,2024-01,31,12,6,1,14739
UAE_476,2024-02,92,36,18,2,90507
UAE_476,2024-03,89,35,17,1,120834
UAE_476,2024-04,26,10,5,1,43037
UAE_476,2024-05,116,46,23,3,84864
UAE_476,2024-06,34,13,6,1,41438
UAE_476,2024-07,43,17,8,1,43434
UAE_476,2024-08,76,30,15,2,41569
UAE_476,2024-09,74,29,14,1,105238
UAE_476,2024-10,90,36,18,1,97356
UAE_476,2024-11,68,27,13,2,112744
UAE_476,2024-12,54,21,10,1,62830
UAE_476,2025-01,35,14,7,1,34022
UAE_476,2025-02,66,26,13,1,43179
UAE_476,2025-03,95,38,19,2,143296
UAE_476,2025-04,70,28,14,2,91769
UAE_476,2025-05,59,23,11,2,93696
UAE_476,2025-06,119,47,23,3,141875
UAE_476,2025-07,94,37,18,2,80674
UAE_476,2025-08,92,36,18,3,66880
UAE_476,2025-09,30,12,6,1,20999
UAE_476,2025-10,37,14,7,1,63773
UAE_476,2025-11,71,28,14,1,49877
UAE_476,2025-12,78,31,15,2,125623
UAE_477,2023-01,271,108,54,7,1983310
UAE_477,2023-02,311,124,62,11,1003944
UAE_477,2023-03,233,93,46,7,1361386
UAE_477,2023-04,219,87,43,7,1397968
UAE_477,2023-05,350,140,70,12,1099989
UAE_477,2023-06,221,88,44,5,1115040
UAE_477,2023-07,779,311,155,28,3997006
UAE_477,2023-08,400,160,80,13,992384
UAE_477,2023-09,200,80,40,5,943154
UAE_477,2023-10,155,62,31,6,1398149
UAE_477,2023-11,80,32,16,2,434561
UAE_477,2023-12,308,123,61,10,2142578
UAE_477,2024-01,156,62,31,6,363457
UAE_477,2024-02,620,248,124,14,2024575
UAE_477,2024-03,335,134,67,6,1346051
UAE_477,2024-04,502,200,100,14,2404676
UAE_477,2024-05,235,94,47,6,1332815
UAE_477,2024-06,500,200,100,19,3528558
UAE_477,2024-07,273,109,54,8,1542581
UAE_477,2024-08,552,220,110,9,4106293
UAE_477,2024-09,539,215,107,18,4069068
UAE_477,2024-10,418,167,83,8,2056269
UAE_477,2024-11,62,24,12,2,493636
UAE_477,2024-12,355,142,71,8,3293790
UAE_477,2025-01,280,112,56,10,2413261
UAE_477,2025-02,173,69,34,3,801152
UAE_477,2025-03,316,126,63,10,2933882
UAE_477,2025-04,669,267,133,26,3459505
UAE_477,2025-05,524,209,104,11,2726933
UAE_477,2025-06,314,125,62,9,1297062
UAE_477,2025-07,151,60,30,5,1045469
UAE_477,2025-08,486,194,97,9,4225839
UAE_477,2025-09,486,194,97,10,4430905
UAE_477,2025-10,336,134,67,13,1057020
UAE_477,2025-11,443,177,88,7,1831056
UAE_477,2025-12,214,85,42,8,1527334
UAE_478,2023-01,76,30,15,1,203426
UAE_478,2023-02,141,56,28,4,162558
UAE_478,2023-03,117,46,23,4,105102
UAE_478,2023-04,256,102,51,9,569364
UAE_478,2023-05,99,39,19,3,147198
UAE_478,2023-06,141,56,28,4,225035
UAE_478,2023-07,85,34,17,2,167190
UAE_478,2023-08,182,72,36,3,369550
UAE_478,2023-09,237,94,47,6,313548
UAE_478,2023-10,66,26,13,1,210001
UAE_478,2023-11,175,70,35,6,251950
UAE_478,2023-12,130,52,26,2,215853
UAE_478,2024-01,80,32,16,2,135609
UAE_478,2024-02,43,17,8,1,41811
UAE_478,2024-03,146,58,29,4,375701
UAE_478,2024-04,137,54,27,2,295246
UAE_478,2024-05,155,62,31,2,334479
UAE_478,2024-06,199,79,39,5,340946
UAE_478,2024-07,131,52,26,2,275259
UAE_478,2024-08,125,50,25,2,308943
UAE_478,2024-09,146,58,29,5,260589
UAE_478,2024-10,87,34,17,2,151412
UAE_478,2024-11,138,55,27,2,302363
UAE_478,2024-12,100,40,20,1,295153
UAE_478,2025-01,87,34,17,1,175828
UAE_478,2025-02,148,59,29,2,161780
UAE_478,2025-03,42,16,8,1,128571
UAE_478,2025-04,130,52,26,3,317629
UAE_478,2025-05,162,64,32,2,416157
UAE_478,2025-06,67,26,13,1,178100
UAE_478,2025-07,218,87,43,7,521487
UAE_478,2025-08,62,24,12,2,110927
UAE_478,2025-09,84,33,16,1,262499
UAE_478,2025-10,114,45,22,3,231129
UAE_478,2025-11,213,85,42,6,522483
UAE_478,2025-12,40,16,8,1,77517
UAE_479,2023-01,55,22,11,1,76224
UAE_479,2023-02,68,27,13,2,77783
UAE_479,2023-03,54,21,10,1,76913
UAE_479,2023-04,113,45,22,4,164805
UAE_479,2023-05,62,24,12,1,60711
UAE_479,2023-06,118,47,23,3,183324
UAE_479,2023-07,47,18,9,1,34851
UAE_479,2023-08,53,21,10,2,69907
UAE_479,2023-09,59,23,11,2,35068
UAE_479,2023-10,103,41,20,3,53874
UAE_479,2023-11,41,16,8,1,45258
UAE_479,2023-12,37,14,7,1,30197
UAE_479,2024-01,20,8,4,1,21957
UAE_479,2024-02,24,9,4,1,17552
UAE_479,2024-03,88,35,17,3,101925
UAE_479,2024-04,30,12,6,1,46110
UAE_479,2024-05,49,19,9,1,23211
UAE_479,2024-06,155,62,31,4,210001
UAE_479,2024-07,66,26,13,1,98964
UAE_479,2024-08,21,8,4,1,17905
UAE_479,2024-09,81,32,16,1,56877
UAE_479,2024-10,83,33,16,2,124803
UAE_479,2024-11,83,33,16,1,78066
UAE_479,2024-12,65,26,13,1,71681
UAE_479,2025-01,75,30,15,1,105022
UAE_479,2025-02,16,6,3,1,10080
UAE_479,2025-03,37,14,7,1,35383
UAE_479,2025-04,40,16,8,1,63571
UAE_479,2025-05,88,35,17,1,144899
UAE_479,2025-06,88,35,17,3,96208
UAE_479,2025-07,89,35,17,1,124028
UAE_479,2025-08,34,13,6,1,49091
UAE_479,2025-09,56,22,11,2,77214
UAE_479,2025-10,96,38,19,3,73608
UAE_479,2025-11,78,31,15,2,111940
UAE_479,2025-12,69,27,13,2,74764
UAE_480,2023-01,65,26,13,1,70671
UAE_480,2023-02,38,15,7,1,43245
UAE_480,2023-03,17,6,3,1,14139
UAE_480,2023-04,67,26,13,2,27680
UAE_480,2023-05,43,17,8,1,37877
UAE_480,2023-06,49,19,9,1,53604
UAE_480,2023-07,52,20,10,1,38417
UAE_480,2023-08,23,9,4,1,26393
UAE_480,2023-09,50,20,10,1,20539
UAE_480,2023-10,30,12,6,1,30975
UAE_480,2023-11,34,13,6,1,34607
UAE_480,2023-12,10,4,2,1,10322
UAE_480,2024-01,30,12,6,1,16053
UAE_480,2024-02,50,20,10,1,50440
UAE_480,2024-03,16,6,3,1,11956
UAE_480,2024-04,61,24,12,2,27861
UAE_480,2024-05,59,23,11,1,68053
UAE_480,2024-06,25,10,5,1,25019
UAE_480,2024-07,41,16,8,1,28310
UAE_480,2024-08,43,17,8,1,25597
UAE_480,2024-09,37,14,7,1,27053
UAE_480,2024-10,59,23,11,1,49285
UAE_480,2024-11,12,4,2,1,4624
UAE_480,2024-12,37,14,7,1,12545
UAE_480,2025-01,44,17,8,1,28961
UAE_480,2025-02,26,10,5,1,16527
UAE_480,2025-03,48,19,9,1,48774
UAE_480,2025-04,19,7,3,1,17799
UAE_480,2025-05,50,20,10,1,22279
UAE_480,2025-06,39,15,7,1,29668
UAE_480,2025-07,25,10,5,1,15208
UAE_480,2025-08,44,17,8,1,43952
UAE_480,2025-09,62,24,12,1,57231
UAE_480,2025-10,44,17,8,1,31733
UAE_480,2025-11,26,10,5,1,10074
UAE_480,2025-12,48,19,9,1,19190
UAE_481,2023-01,767,306,153,15,26587100
UAE_481,2023-02,2285,914,457,82,48031138
UAE_481,2023-03,721,288,144,21,17304586
UAE_481,2023-04,2586,1034,517,42,25001251
UAE_481,2023-05,1105,442,221,33,34434628
UAE_481,2023-06,1057,422,211,24,28625057
UAE_481,2023-07,1016,406,203,26,14524686
UAE_481,2023-08,3243,1297,648,110,51776771
UAE_481,2023-09,2263,905,452,51,20831498
UAE_481,2023-10,1674,669,334,34,46347530
UAE_481,2023-11,1467,586,293,38,35977475
UAE_481,2023-12,963,385,192,23,22049142
UAE_481,2024-01,963,385,192,30,22922191
UAE_481,2024-02,1033,413,206,22,22499934
UAE_481,2024-03,1334,533,266,40,16277148
UAE_481,2024-04,1622,648,324,40,35428311
UAE_481,2024-05,1036,414,207,28,20793054
UAE_481,2024-06,2176,870,435,37,55480265
UAE_481,2024-07,712,284,142,19,21871243
UAE_481,2024-08,1653,661,330,65,41634215
UAE_481,2024-09,2124,849,424,71,45116547
UAE_481,2024-10,465,186,93,12,5547167
UAE_481,2024-11,1644,657,328,43,41637440
UAE_481,2024-12,539,215,107,9,17030696
UAE_481,2025-01,1871,748,374,55,28389405
UAE_481,2025-02,520,208,104,13,8433838
UAE_481,2025-03,1475,590,295,36,24420566
UAE_481,2025-04,1819,727,363,68,60031850
UAE_481,2025-05,528,211,105,13,15913394
UAE_481,2025-06,1478,591,295,58,53290351
UAE_481,2025-07,2475,990,495,52,52851961
UAE_481,2025-08,1990,796,398,74,38896189
UAE_481,2025-09,1492,596,298,41,49401420
UAE_481,2025-10,521,208,104,8,7191441
UAE_481,2025-11,435,174,87,9,11350837
UAE_481,2025-12,681,272,136,10,14688541
UAE_482,2023-01,49,19,9,1,23374
UAE_482,2023-02,43,17,8,1,47201
UAE_482,2023-03,26,10,5,1,37651
UAE_482,2023-04,68,27,13,1,46869
UAE_482,2023-05,117,46,23,3,199506
UAE_482,2023-06,96,38,19,2,56968
UAE_482,2023-07,130,52,26,3,142212
UAE_482,2023-08,79,31,15,2,118970
UAE_482,2023-09,91,36,18,2,76618
UAE_482,2023-10,75,30,15,2,130552
UAE_482,2023-11,43,17,8,1,56603
UAE_482,2023-12,52,20,10,1,75027
UAE_482,2024-01,100,40,20,2,157611
UAE_482,2024-02,95,38,19,2,75340
UAE_482,2024-03,78,31,15,2,93069
UAE_482,2024-04,37,14,7,1,38589
UAE_482,2024-05,78,31,15,1,73251
UAE_482,2024-06,125,50,25,2,232471
UAE_482,2024-07,48,19,9,1,48394
UAE_482,2024-08,45,18,9,1,63555
UAE_482,2024-09,60,24,12,1,72829
UAE_482,2024-10,68,27,13,1,85632
UAE_482,2024-11,74,29,14,2,52748
UAE_482,2024-12,84,33,16,1,49387
UAE_482,2025-01,55,22,11,1,89206
UAE_482,2025-02,71,28,14,2,81577
UAE_482,2025-03,121,48,24,4,84864
UAE_482,2025-04,26,10,5,1,17398
UAE_482,2025-05,54,21,10,1,34919
UAE_482,2025-06,92,36,18,2,164149
UAE_482,2025-07,54,21,10,1,89106
UAE_482,2025-08,94,37,18,3,104065
UAE_482,2025-09,30,12,6,1,21086
UAE_482,2025-10,29,11,5,1,51656
UAE_482,2025-11,26,10,5,1,18868
UAE_482,2025-12,59,23,11,2,86869
UAE_483,2023-01,29,11,5,1,31026
UAE_483,2023-02,63,25,12,1,44935
UAE_483,2023-03,83,33,16,1,55096
UAE_483,2023-04,83,33,16,1,78131
UAE_483,2023-05,69,27,13,2,39042
UAE_483,2023-06,51,20,10,1,30866
UAE_483,2023-07,17,6,3,1,6743
UAE_483,2023-08,81,32,16,2,32097
UAE_483,2023-09,93,37,18,3,98136
UAE_483,2023-10,81,32,16,1,43969
UAE_483,2023-11,71,28,14,2,74103
UAE_483,2023-12,54,21,10,1,66950
UAE_483,2024-01,31,12,6,1,40940
UAE_483,2024-02,15,6,3,1,8119
UAE_483,2024-03,34,13,6,1,17672
UAE_483,2024-04,79,31,15,2,55827
UAE_483,2024-05,79,31,15,1,80283
UAE_483,2024-06,34,13,6,1,44217
UAE_483,2024-07,83,33,16,1,106079
UAE_483,2024-08,69,27,13,1,89198
UAE_483,2024-09,51,20,10,1,47818
UAE_483,2024-10,46,18,9,1,33387
UAE_483,2024-11,43,17,8,1,43250
UAE_483,2024-12,29,11,5,1,27173
UAE_483,2025-01,42,16,8,1,32756
UAE_483,2025-02,37,14,7,1,49815
UAE_483,2025-03,48,19,9,1,25262
UAE_483,2025-04,21,8,4,1,26912
UAE_483,2025-05,84,33,16,3,51410
UAE_483,2025-06,32,12,6,1,15474
UAE_483,2025-07,31,12,6,1,41722
UAE_483,2025-08,36,14,7,1,31459
UAE_483,2025-09,42,16,8,1,32308
UAE_483,2025-10,21,8,4,1,18304
UAE_483,2025-11,73,29,14,1,32127
UAE_483,2025-12,83,33,16,2,45386
UAE_484,2023-01,40,16,8,1,36513
UAE_484,2023-02,68,27,13,1,26772
UAE_484,2023-03,15,6,3,1,5918
UAE_484,2023-04,39,15,7,1,30727
UAE_484,2023-05,60,24,12,2,34007
UAE_484,2023-06,31,12,6,1,12747
UAE_484,2023-07,41,16,8,1,33964
UAE_484,2023-08,148,59,29,4,89953
UAE_484,2023-09,57,22,11,1,30639
UAE_484,2023-10,70,28,14,1,75670
UAE_484,2023-11,13,5,2,1,14949
UAE_484,2023-12,39,15,7,1,34012
UAE_484,2024-01,23,9,4,1,11418
UAE_484,2024-02,37,14,7,1,24495
UAE_484,2024-03,25,10,5,1,20600
UAE_484,2024-04,59,23,11,1,18454
UAE_484,2024-05,35,14,7,1,23987
UAE_484,2024-06,75,30,15,2,87367
UAE_484,2024-07,72,28,14,2,59251
UAE_484,2024-08,58,23,11,1,45407
UAE_484,2024-09,23,9,4,1,19572
UAE_484,2024-10,42,16,8,1,39898
UAE_484,2024-11,20,8,4,1,13640
UAE_484,2024-12,33,13,6,1,18589
UAE_484,2025-01,34,13,6,1,30298
UAE_484,2025-02,70,28,14,1,43946
UAE_484,2025-03,73,29,14,2,72656
UAE_484,2025-04,46,18,9,1,45895
UAE_484,2025-05,43,17,8,1,13484
UAE_484,2025-06,67,26,13,2,55595
UAE_484,2025-07,17,6,3,1,7656
UAE_484,2025-08,60,24,12,1,67994
UAE_484,2025-09,36,14,7,1,29121
UAE_484,2025-10,41,16,8,1,16444
UAE_484,2025-11,24,9,4,1,23288
UAE_484,2025-12,41,16,8,1,27891
UAE_485,2023-01,25,10,5,1,30043
UAE_485,2023-02,19,7,3,1,20402
UAE_485,2023-03,61,24,12,2,44583
UAE_485,2023-04,18,7,3,1,17839
UAE_485,2023-05,65,26,13,2,31203
UAE_485,2023-06,87,34,17,2,33105
UAE_485,2023-07,62,24,12,1,85581
UAE_485,2023-08,66,26,13,1,24539
UAE_485,2023-09,51,20,10,1,66363
UAE_485,2023-10,60,24,12,2,32242
UAE_485,2023-11,23,9,4,1,16923
UAE_485,2023-12,52,20,10,1,42239
UAE_485,2024-01,25,10,5,1,19048
UAE_485,2024-02,28,11,5,1,37265
UAE_485,2024-03,54,21,10,1,75029
UAE_485,2024-04,60,24,12,1,40388
UAE_485,2024-05,30,12,6,1,36141
UAE_485,2024-06,49,19,9,1,45892
UAE_485,2024-07,46,18,9,1,29763
UAE_485,2024-08,137,54,27,5,186118
UAE_485,2024-09,34,13,6,1,39066
UAE_485,2024-10,63,25,12,2,27331
UAE_485,2024-11,19,7,3,1,10401
UAE_485,2024-12,52,20,10,1,28139
UAE_485,2025-01,48,19,9,1,27903
UAE_485,2025-02,23,9,4,1,17629
UAE_485,2025-03,111,44,22,2,78156
UAE_485,2025-04,73,29,14,1,89624
UAE_485,2025-05,72,28,14,2,27985
UAE_485,2025-06,71,28,14,2,54465
UAE_485,2025-07,23,9,4,1,27967
UAE_485,2025-08,34,13,6,1,33770
UAE_485,2025-09,51,20,10,1,22652
UAE_485,2025-10,32,12,6,1,36320
UAE_485,2025-11,46,18,9,1,18442
UAE_485,2025-12,31,12,6,1,36525
UAE_486,2023-01,46,18,9,1,42323
UAE_486,2023-02,81,32,16,2,130746
UAE_486,2023-03,40,16,8,1,47194
UAE_486,2023-04,118,47,23,2,195701
UAE_486,2023-05,65,26,13,1,34866
UAE_486,2023-06,17,6,3,1,17020
UAE_486,2023-07,76,30,15,1,79061
UAE_486,2023-08,56,22,11,1,37728
UAE_486,2023-09,38,15,7,1,36664
UAE_486,2023-10,37,14,7,1,34983
UAE_486,2023-11,27,10,5,1,17206
UAE_486,2023-12,49,19,9,1,25791
UAE_486,2024-01,47,18,9,1,51094
UAE_486,2024-02,38,15,7,1,32339
UAE_486,2024-03,39,15,7,1,31332
UAE_486,2024-04,74,29,14,2,31272
UAE_486,2024-05,39,15,7,1,40334
UAE_486,2024-06,112,44,22,4,130871
UAE_486,2024-07,104,41,20,2,100424
UAE_486,2024-08,115,46,23,3,132880
UAE_486,2024-09,77,30,15,2,109524
UAE_486,2024-10,34,13,6,1,46308
UAE_486,2024-11,23,9,4,1,14593
UAE_486,2024-12,80,32,16,3,124512
UAE_486,2025-01,48,19,9,1,38692
UAE_486,2025-02,18,7,3,1,13632
UAE_486,2025-03,77,30,15,2,122845
UAE_486,2025-04,50,20,10,1,73628
UAE_486,2025-05,68,27,13,1,80469
UAE_486,2025-06,53,21,10,1,40893
UAE_486,2025-07,51,20,10,1,33752
UAE_486,2025-08,53,21,10,1,29810
UAE_486,2025-09,58,23,11,1,35471
UAE_486,2025-10,40,16,8,1,20480
UAE_486,2025-11,38,15,7,1,59155
UAE_486,2025-12,64,25,12,1,91949
UAE_487,2023-01,71,28,14,2,75914
UAE_487,2023-02,51,20,10,1,79603
UAE_487,2023-03,57,22,11,1,57815
UAE_487,2023-04,44,17,8,1,63544
UAE_487,2023-05,66,26,13,2,70161
UAE_487,2023-06,89,35,17,2,55702
UAE_487,2023-07,94,37,18,2,73194
UAE_487,2023-08,122,48,24,3,182914
UAE_487,2023-09,102,40,20,3,129987
UAE_487,2023-10,82,32,16,1,46905
UAE_487,2023-11,125,50,25,3,73585
UAE_487,2023-12,59,23,11,2,101919
UAE_487,2024-01,37,14,7,1,60696
UAE_487,2024-02,76,30,15,2,96669
UAE_487,2024-03,63,25,12,2,105321
UAE_487,2024-04,32,12,6,1,49458
UAE_487,2024-05,104,41,20,3,114038
UAE_487,2024-06,33,13,6,1,38842
UAE_487,2024-07,37,14,7,1,32462
UAE_487,2024-08,94,37,18,1,93678
UAE_487,2024-09,67,26,13,1,49187
UAE_487,2024-10,105,42,21,2,126435
UAE_487,2024-11,50,20,10,1,92778
UAE_487,2024-12,20,8,4,1,34823
UAE_487,2025-01,46,18,9,1,76177
UAE_487,2025-02,64,25,12,1,110130
UAE_487,2025-03,71,28,14,1,107976
UAE_487,2025-04,121,48,24,1,103964
UAE_487,2025-05,105,42,21,3,164938
UAE_487,2025-06,38,15,7,1,65438
UAE_487,2025-07,52,20,10,1,35528
UAE_487,2025-08,220,88,44,6,152389
UAE_487,2025-09,149,59,29,3,280052
UAE_487,2025-10,28,11,5,1,37518
UAE_487,2025-11,59,23,11,1,87563
UAE_487,2025-12,31,12,6,1,50873
UAE_488,2023-01,33,13,6,1,20924
UAE_488,2023-02,49,19,9,1,33071
UAE_488,2023-03,26,10,5,1,10884
UAE_488,2023-04,50,20,10,1,40865
UAE_488,2023-05,31,12,6,1,9928
UAE_488,2023-06,59,23,11,1,55298
UAE_488,2023-07,51,20,10,1,26887
UAE_488,2023-08,58,23,11,1,28377
UAE_488,2023-09,15,6,3,1,12883
UAE_488,2023-10,20,8,4,1,10135
UAE_488,2023-11,13,5,2,1,11958
UAE_488,2023-12,31,12,6,1,33831
UAE_488,2024-01,18,7,3,1,9981
UAE_488,2024-02,10,4,2,1,11791
UAE_488,2024-03,38,15,7,1,17586
UAE_488,2024-04,18,7,3,1,10423
UAE_488,2024-05,24,9,4,1,12655
UAE_488,2024-06,32,12,6,1,20794
UAE_488,2024-07,86,34,17,3,95354
UAE_488,2024-08,37,14,7,1,21741
UAE_488,2024-09,93,37,18,3,46217
UAE_488,2024-10,52,20,10,1,16007
UAE_488,2024-11,10,4,2,1,8369
UAE_488,2024-12,23,9,4,1,25345
UAE_488,2025-01,17,6,3,1,6486
UAE_488,2025-02,33,13,6,1,36044
UAE_488,2025-03,49,19,9,1,37808
UAE_488,2025-04,39,15,7,1,12557
UAE_488,2025-05,50,20,10,1,39368
UAE_488,2025-06,66,26,13,2,75984
UAE_488,2025-07,27,10,5,1,12901
UAE_488,2025-08,43,17,8,1,39517
UAE_488,2025-09,59,23,11,1,45254
UAE_488,2025-10,62,24,12,1,45382
UAE_488,2025-11,27,10,5,1,29329
UAE_488,2025-12,65,26,13,1,70796
UAE_489,2023-01,26,10,5,1,24356
UAE_489,2023-02,34,13,6,1,34285
UAE_489,2023-03,40,16,8,1,47093
UAE_489,2023-04,42,16,8,1,45030
UAE_489,2023-05,84,33,16,3,34508
UAE_489,2023-06,63,25,12,1,72129
UAE_489,2023-07,58,23,11,1,17891
UAE_489,2023-08,24,9,4,1,11605
UAE_489,2023-09,41,16,8,1,38015
UAE_489,2023-10,18,7,3,1,16420
UAE_489,2023-11,52,20,10,1,31679
UAE_489,2023-12,34,13,6,1,25556
UAE_489,2024-01,65,26,13,1,24003
UAE_489,2024-02,68,27,13,2,77608
UAE_489,2024-03,36,14,7,1,16645
UAE_489,2024-04,17,6,3,1,12151
UAE_489,2024-05,81,32,16,2,33475
UAE_489,2024-06,82,32,16,2,60942
UAE_489,2024-07,75,30,15,1,33309
UAE_489,2024-08,64,25,12,1,53247
UAE_489,2024-09,89,35,17,3,97037
UAE_489,2024-10,44,17,8,1,49105
UAE_489,2024-11,11,4,2,1,9430
UAE_489,2024-12,11,4,2,1,6427
UAE_489,2025-01,46,18,9,1,30174
UAE_489,2025-02,67,26,13,1,59392
UAE_489,2025-03,46,18,9,1,41783
UAE_489,2025-04,40,16,8,1,37769
UAE_489,2025-05,14,5,2,1,11184
UAE_489,2025-06,25,10,5,1,22657
UAE_489,2025-07,43,17,8,1,23530
UAE_489,2025-08,22,8,4,1,6474
UAE_489,2025-09,41,16,8,1,28691
UAE_489,2025-10,40,16,8,1,25697
UAE_489,2025-11,29,11,5,1,9541
UAE_489,2025-12,67,26,13,2,46448
UAE_490,2023-01,21,8,4,1,18727
UAE_490,2023-02,37,14,7,1,15993
UAE_490,2023-03,42,16,8,1,15854
UAE_490,2023-04,74,29,14,2,34703
UAE_490,2023-05,42,16,8,1,46267
UAE_490,2023-06,75,30,15,1,80603
UAE_490,2023-07,32,12,6,1,15714
UAE_490,2023-08,80,32,16,3,90016
UAE_490,2023-09,35,14,7,1,17368
UAE_490,2023-10,39,15,7,1,15204
UAE_490,2023-11,14,5,2,1,7601
UAE_490,2023-12,44,17,8,1,19727
UAE_490,2024-01,17,6,3,1,16404
UAE_490,2024-02,38,15,7,1,37715
UAE_490,2024-03,68,27,13,1,64895
UAE_490,2024-04,36,14,7,1,14571
UAE_490,2024-05,15,6,3,1,11085
UAE_490,2024-06,23,9,4,1,11706
UAE_490,2024-07,39,15,7,1,15627
UAE_490,2024-08,35,14,7,1,36589
UAE_490,2024-09,19,7,3,1,6682
UAE_490,2024-10,20,8,4,1,12092
UAE_490,2024-11,25,10,5,1,8249
UAE_490,2024-12,11,4,2,1,9604
UAE_490,2025-01,56,22,11,1,20592
UAE_490,2025-02,54,21,10,1,26282
UAE_490,2025-03,37,14,7,1,33294
UAE_490,2025-04,58,23,11,1,21997
UAE_490,2025-05,31,12,6,1,35683
UAE_490,2025-06,44,17,8,1,23507
UAE_490,2025-07,63,25,12,1,33864
UAE_490,2025-08,26,10,5,1,18539
UAE_490,2025-09,50,20,10,1,41482
UAE_490,2025-10,61,24,12,1,58764
UAE_490,2025-11,37,14,7,1,21638
UAE_490,2025-12,45,18,9,1,45605
UAE_491,2023-01,39,15,7,1,20197
UAE_491,2023-02,57,22,11,1,52607
UAE_491,2023-03,21,8,4,1,7852
UAE_491,2023-04,41,16,8,1,44168
UAE_491,2023-05,15,6,3,1,11306
UAE_491,2023-06,27,10,5,1,9443
UAE_491,2023-07,18,7,3,1,5763
UAE_491,2023-08,30,12,6,1,23231
UAE_491,2023-09,20,8,4,1,13910
UAE_491,2023-10,54,21,10,1,56795
UAE_491,2023-11,37,14,7,1,40198
UAE_491,2023-12,49,19,9,1,52784
UAE_491,2024-01,44,17,8,1,41077
UAE_491,2024-02,30,12,6,1,34282
UAE_491,2024-03,41,16,8,1,28206
UAE_491,2024-04,42,16,8,1,17163
UAE_491,2024-05,34,13,6,1,36094
UAE_491,2024-06,34,13,6,1,14145
UAE_491,2024-07,63,25,12,1,26205
UAE_491,2024-08,62,24,12,1,66951
UAE_491,2024-09,42,16,8,1,22897
UAE_491,2024-10,10,4,2,1,9080
UAE_491,2024-11,31,12,6,1,22701
UAE_491,2024-12,53,21,10,1,21556
UAE_491,2025-01,52,20,10,1,40304
UAE_491,2025-02,13,5,2,1,8179
UAE_491,2025-03,21,8,4,1,22839
UAE_491,2025-04,63,25,12,1,74758
UAE_491,2025-05,65,26,13,2,75320
UAE_491,2025-06,46,18,9,1,28428
UAE_491,2025-07,64,25,12,1,57456
UAE_491,2025-08,108,43,21,3,90420
UAE_491,2025-09,45,18,9,1,20510
UAE_491,2025-10,23,9,4,1,8191
UAE_491,2025-11,12,4,2,1,4375
UAE_491,2025-12,30,12,6,1,23716
UAE_492,2023-01,45,18,9,1,28188
UAE_492,2023-02,12,4,2,1,7741
UAE_492,2023-03,20,8,4,1,16573
UAE_492,2023-04,41,16,8,1,18486
UAE_492,2023-05,15,6,3,1,11023
UAE_492,2023-06,99,39,19,2,115617
UAE_492,2023-07,47,18,9,1,38940
UAE_492,2023-08,52,20,10,2,36340
UAE_492,2023-09,26,10,5,1,8194
UAE_492,2023-10,64,25,12,1,67005
UAE_492,2023-11,59,23,11,1,41696
UAE_492,2023-12,16,6,3,1,10489
UAE_492,2024-01,19,7,3,1,20776
UAE_492,2024-02,38,15,7,1,27052
UAE_492,2024-03,29,11,5,1,30959
UAE_492,2024-04,68,27,13,2,55649
UAE_492,2024-05,26,10,5,1,20652
UAE_492,2024-06,75,30,15,1,36630
UAE_492,2024-07,55,22,11,1,28537
UAE_492,2024-08,65,26,13,1,57396
UAE_492,2024-09,15,6,3,1,15782
UAE_492,2024-10,66,26,13,1,73726
UAE_492,2024-11,54,21,10,1,20335
UAE_492,2024-12,34,13,6,1,16852
UAE_492,2025-01,17,6,3,1,14475
UAE_492,2025-02,14,5,2,1,12534
UAE_492,2025-03,59,23,11,1,49305
UAE_492,2025-04,32,12,6,1,10693
UAE_492,2025-05,106,42,21,3,114859
UAE_492,2025-06,66,26,13,1,23837
UAE_492,2025-07,43,17,8,1,28757
UAE_492,2025-08,45,18,9,1,47460
UAE_492,2025-09,30,12,6,1,18873
UAE_492,2025-10,44,17,8,1,22122
UAE_492,2025-11,35,14,7,1,29971
UAE_492,2025-12,43,17,8,1,26730
UAE_493,2023-01,29,11,5,1,22890
UAE_493,2023-02,19,7,3,1,13085
UAE_493,2023-03,18,7,3,1,14293
UAE_493,2023-04,14,5,2,1,5889
UAE_493,2023-05,64,25,12,2,23071
UAE_493,2023-06,87,34,17,1,35979
UAE_493,2023-07,38,15,7,1,32435
UAE_493,2023-08,15,6,3,1,15334
UAE_493,2023-09,23,9,4,1,25657
UAE_493,2023-10,31,12,6,1,21520
UAE_493,2023-11,11,4,2,1,6019
UAE_493,2023-12,17,6,3,1,9308
UAE_493,2024-01,27,10,5,1,21486
UAE_493,2024-02,32,12,6,1,31031
UAE_493,2024-03,15,6,3,1,14132
UAE_493,2024-04,25,10,5,1,21248
UAE_493,2024-05,34,13,6,1,38702
UAE_493,2024-06,60,24,12,1,48365
UAE_493,2024-07,28,11,5,1,12490
UAE_493,2024-08,31,12,6,1,16646
UAE_493,2024-09,13,5,2,1,11995
UAE_493,2024-10,28,11,5,1,18686
UAE_493,2024-11,26,10,5,1,29365
UAE_493,2024-12,54,21,10,2,55374
UAE_493,2025-01,34,13,6,1,21166
UAE_493,2025-02,39,15,7,1,13267
UAE_493,2025-03,54,21,10,1,34635
UAE_493,2025-04,39,15,7,1,20399
UAE_493,2025-05,73,29,14,2,55699
UAE_493,2025-06,81,32,16,2,72404
UAE_493,2025-07,84,33,16,2,64127
UAE_493,2025-08,61,24,12,1,37238
UAE_493,2025-09,20,8,4,1,19753
UAE_493,2025-10,45,18,9,1,34083
UAE_493,2025-11,33,13,6,1,22669
UAE_493,2025-12,41,16,8,1,47320
UAE_494,2023-01,38,15,7,1,57160
UAE_494,2023-02,82,32,16,1,141300
UAE_494,2023-03,33,13,6,1,39346
UAE_494,2023-04,97,38,19,1,195139
UAE_494,2023-05,56,22,11,2,66779
UAE_494,2023-06,94,37,18,1,133837
UAE_494,2023-07,26,10,5,1,47920
UAE_494,2023-08,47,18,9,1,77815
UAE_494,2023-09,72,28,14,1,103458
UAE_494,2023-10,131,52,26,3,235424
UAE_494,2023-11,56,22,11,1,65169
UAE_494,2023-12,96,38,19,2,190321
UAE_494,2024-01,77,30,15,2,45779
UAE_494,2024-02,108,43,21,2,168047
UAE_494,2024-03,38,15,7,1,48938
UAE_494,2024-04,62,24,12,1,119162
UAE_494,2024-05,158,63,31,3,262718
UAE_494,2024-06,133,53,26,3,108746
UAE_494,2024-07,169,67,33,3,325622
UAE_494,2024-08,64,25,12,2,119587
UAE_494,2024-09,125,50,25,3,242106
UAE_494,2024-10,95,38,19,3,198644
UAE_494,2024-11,21,8,4,1,34195
UAE_494,2024-12,46,18,9,1,50959
UAE_494,2025-01,96,38,19,3,201084
UAE_494,2025-02,26,10,5,1,53868
UAE_494,2025-03,83,33,16,1,57869
UAE_494,2025-04,34,13,6,1,30012
UAE_494,2025-05,56,22,11,2,34282
UAE_494,2025-06,114,45,22,4,157758
UAE_494,2025-07,113,45,22,3,230616
UAE_494,2025-08,68,27,13,1,67374
UAE_494,2025-09,132,52,26,3,254906
UAE_494,2025-10,53,21,10,1,93853
UAE_494,2025-11,53,21,10,1,30841
UAE_494,2025-12,92,36,18,2,110866
UAE_495,2023-01,24,9,4,1,23632
UAE_495,2023-02,51,20,10,2,16104
UAE_495,2023-03,21,8,4,1,6126
UAE_495,2023-04,55,22,11,1,59373
UAE_495,2023-05,53,21,10,2,20733
UAE_495,2023-06,72,28,14,2,66965
UAE_495,2023-07,60,24,12,1,41199
UAE_495,2023-08,34,13,6,1,36700
UAE_495,2023-09,49,19,9,1,23350
UAE_495,2023-10,63,25,12,1,27776
UAE_495,2023-11,50,20,10,1,56054
UAE_495,2023-12,23,9,4,1,11404
UAE_495,2024-01,23,9,4,1,11147
UAE_495,2024-02,30,12,6,1,30894
UAE_495,2024-03,45,18,9,1,50008
UAE_495,2024-04,54,21,10,1,60844
UAE_495,2024-05,74,29,14,2,54658
UAE_495,2024-06,56,22,11,1,60478
UAE_495,2024-07,74,29,14,2,45430
UAE_495,2024-08,75,30,15,2,56085
UAE_495,2024-09,46,18,9,1,17628
UAE_495,2024-10,17,6,3,1,11401
UAE_495,2024-11,25,10,5,1,23249
UAE_495,2024-12,37,14,7,1,38408
UAE_495,2025-01,75,30,15,1,53098
UAE_495,2025-02,10,4,2,1,7461
UAE_495,2025-03,18,7,3,1,10859
UAE_495,2025-04,42,16,8,1,46509
UAE_495,2025-05,23,9,4,1,11579
UAE_495,2025-06,41,16,8,1,15225
UAE_495,2025-07,45,18,9,1,14500
UAE_495,2025-08,50,20,10,1,26227
UAE_495,2025-09,18,7,3,1,11694
UAE_495,2025-10,60,24,12,1,56172
UAE_495,2025-11,10,4,2,1,3131
UAE_495,2025-12,39,15,7,1,43305
UAE_496,2023-01,66,26,13,1,114331
UAE_496,2023-02,63,25,12,2,66646
UAE_496,2023-03,31,12,6,1,38178
UAE_496,2023-04,107,42,21,3,152616
UAE_496,2023-05,34,13,6,1,24495
UAE_496,2023-06,112,44,22,3,85295
UAE_496,2023-07,91,36,18,2,157230
UAE_496,2023-08,144,57,28,2,82441
UAE_496,2023-09,131,52,26,2,108355
UAE_496,2023-10,102,40,20,3,132661
UAE_496,2023-11,111,44,22,2,168206
UAE_496,2023-12,68,27,13,1,103849
UAE_496,2024-01,40,16,8,1,57386
UAE_496,2024-02,40,16,8,1,73528
UAE_496,2024-03,119,47,23,3,207176
UAE_496,2024-04,37,14,7,1,40884
UAE_496,2024-05,96,38,19,3,77254
UAE_496,2024-06,65,26,13,1,32013
UAE_496,2024-07,67,26,13,1,44369
UAE_496,2024-08,83,33,16,2,51031
UAE_496,2024-09,78,31,15,2,78777
UAE_496,2024-10,68,27,13,2,42331
UAE_496,2024-11,43,17,8,1,23019
UAE_496,2024-12,49,19,9,1,42160
UAE_496,2025-01,84,33,16,1,117669
UAE_496,2025-02,72,28,14,2,59523
UAE_496,2025-03,106,42,21,3,135441
UAE_496,2025-04,86,34,17,2,45878
UAE_496,2025-05,73,29,14,2,36586
UAE_496,2025-06,30,12,6,1,30187
UAE_496,2025-07,32,12,6,1,43070
UAE_496,2025-08,84,33,16,1,93206
UAE_496,2025-09,57,22,11,1,54648
UAE_496,2025-10,52,20,10,1,61536
UAE_496,2025-11,90,36,18,1,146372
UAE_496,2025-12,38,15,7,1,45487
UAE_497,2023-01,215,86,43,5,1145679
UAE_497,2023-02,219,87,43,5,542739
UAE_497,2023-03,106,42,21,2,327396
UAE_497,2023-04,310,124,62,5,533645
UAE_497,2023-05,307,122,61,7,1633692
UAE_497,2023-06,92,36,18,2,247205
UAE_497,2023-07,368,147,73,14,1117180
UAE_497,2023-08,180,72,36,3,453682
UAE_497,2023-09,302,120,60,6,1171950
UAE_497,2023-10,180,72,36,2,892769
UAE_497,2023-11,158,63,31,6,561742
UAE_497,2023-12,83,33,16,2,441821
UAE_497,2024-01,172,68,34,6,850481
UAE_497,2024-02,64,25,12,1,319588
UAE_497,2024-03,285,114,57,4,468787
UAE_497,2024-04,127,50,25,3,368407
UAE_497,2024-05,652,260,130,16,3090360
UAE_497,2024-06,84,33,16,3,348856
UAE_497,2024-07,341,136,68,8,1458919
UAE_497,2024-08,291,116,58,5,1007204
UAE_497,2024-09,160,64,32,3,847189
UAE_497,2024-10,104,41,20,2,409489
UAE_497,2024-11,158,63,31,4,624482
UAE_497,2024-12,96,38,19,3,377341
UAE_497,2025-01,198,79,39,5,1073824
UAE_497,2025-02,238,95,47,4,461140
UAE_497,2025-03,197,78,39,7,601764
UAE_497,2025-04,212,84,42,3,402594
UAE_497,2025-05,410,164,82,7,1753155
UAE_497,2025-06,240,96,48,5,1208509
UAE_497,2025-07,281,112,56,7,960436
UAE_497,2025-08,290,116,58,5,511812
UAE_497,2025-09,117,46,23,2,477163
UAE_497,2025-10,122,48,24,2,378720
UAE_497,2025-11,152,60,30,4,604414
UAE_497,2025-12,211,84,42,3,578620
UAE_498,2023-01,88,35,17,2,56698
UAE_498,2023-02,97,38,19,2,160838
UAE_498,2023-03,48,19,9,1,84581
UAE_498,2023-04,21,8,4,1,22120
UAE_498,2023-05,84,33,16,2,162120
UAE_498,2023-06,85,34,17,3,178986
UAE_498,2023-07,65,26,13,2,139173
UAE_498,2023-08,171,68,34,2,232710
UAE_498,2023-09,75,30,15,2,59380
UAE_498,2023-10,18,7,3,1,35111
UAE_498,2023-11,111,44,22,2,175082
UAE_498,2023-12,75,30,15,1,112623
UAE_498,2024-01,55,22,11,1,62976
UAE_498,2024-02,30,12,6,1,16728
UAE_498,2024-03,89,35,17,1,97791
UAE_498,2024-04,85,34,17,1,58089
UAE_498,2024-05,66,26,13,2,79245
UAE_498,2024-06,86,34,17,2,62266
UAE_498,2024-07,67,26,13,1,86290
UAE_498,2024-08,41,16,8,1,70855
UAE_498,2024-09,64,25,12,1,112793
UAE_498,2024-10,51,20,10,1,90142
UAE_498,2024-11,51,20,10,1,31923
UAE_498,2024-12,25,10,5,1,16392
UAE_498,2025-01,25,10,5,1,21990
UAE_498,2025-02,65,26,13,1,56871
UAE_498,2025-03,53,21,10,1,30147
UAE_498,2025-04,57,22,11,1,63075
UAE_498,2025-05,103,41,20,3,136188
UAE_498,2025-06,67,26,13,1,61273
UAE_498,2025-07,49,19,9,1,96924
UAE_498,2025-08,33,13,6,1,27119
UAE_498,2025-09,129,51,25,2,216362
UAE_498,2025-10,108,43,21,2,121386
UAE_498,2025-11,73,29,14,2,94545
UAE_498,2025-12,41,16,8,1,54721
UAE_499,2023-01,12,4,2,1,11171
UAE_499,2023-02,36,14,7,1,16456
UAE_499,2023-03,74,29,14,2,43186
UAE_499,2023-04,54,21,10,1,38550
UAE_499,2023-05,33,13,6,1,28640
UAE_499,2023-06,25,10,5,1,10948
UAE_499,2023-07,97,38,19,3,47511
UAE_499,2023-08,25,10,5,1,20041
UAE_499,2023-09,17,6,3,1,12717
UAE_499,2023-10,50,20,10,1,33384
UAE_499,2023-11,45,18,9,1,22467
UAE_499,2023-12,19,7,3,1,15731
UAE_499,2024-01,10,4,2,1,11393
UAE_499,2024-02,24,9,4,1,21400
UAE_499,2024-03,25,10,5,1,23761
UAE_499,2024-04,31,12,6,1,18026
UAE_499,2024-05,54,21,10,2,61694
UAE_499,2024-06,33,13,6,1,20891
UAE_499,2024-07,46,18,9,1,36073
UAE_499,2024-08,44,17,8,1,38208
UAE_499,2024-09,41,16,8,1,32792
UAE_499,2024-10,19,7,3,1,12872
UAE_499,2024-11,82,32,16,2,62999
UAE_499,2024-12,54,21,10,2,17214
UAE_499,2025-01,50,20,10,1,24714
UAE_499,2025-02,29,11,5,1,13998
UAE_499,2025-03,24,9,4,1,6860
UAE_499,2025-04,11,4,2,1,5736
UAE_499,2025-05,25,10,5,1,16965
UAE_499,2025-06,23,9,4,1,16802
UAE_499,2025-07,54,21,10,1,36253
UAE_499,2025-08,96,38,19,3,46909
UAE_499,2025-09,37,14,7,1,12213
UAE_499,2025-10,56,22,11,1,55161
UAE_499,2025-11,25,10,5,1,24355
UAE_499,2025-12,68,27,13,1,40114
UAE_500,2023-01,397,158,79,8,3197239
UAE_500,2023-02,603,241,120,19,2249944
UAE_500,2023-03,249,99,49,6,1038536
UAE_500,2023-04,322,128,64,6,2077224
UAE_500,2023-05,166,66,33,3,1860080
UAE_500,2023-06,800,320,160,17,5576828
UAE_500,2023-07,870,348,174,23,2969985
UAE_500,2023-08,324,129,64,7,3965394
UAE_500,2023-09,278,111,55,4,1698399
UAE_500,2023-10,599,239,119,20,5481096
UAE_500,2023-11,321,128,64,9,1844741
UAE_500,2023-12,576,230,115,22,3797047
UAE_500,2024-01,307,122,61,12,1195663
UAE_500,2024-02,483,193,96,18,3029741
UAE_500,2024-03,412,164,82,15,3809296
UAE_500,2024-04,178,71,35,4,1118718
UAE_500,2024-05,490,196,98,7,5267482
UAE_500,2024-06,637,254,127,14,5814476
UAE_500,2024-07,652,260,130,14,4997688
UAE_500,2024-08,375,150,75,14,3716935
UAE_500,2024-09,777,310,155,28,4792482
UAE_500,2024-10,466,186,93,17,1587603
UAE_500,2024-11,200,80,40,3,2092324
UAE_500,2024-12,771,308,154,14,8019543
UAE_500,2025-01,297,118,59,10,1961051
UAE_500,2025-02,165,66,33,6,1685677
UAE_500,2025-03,180,72,36,4,2078927
UAE_500,2025-04,480,192,96,18,2663358
UAE_500,2025-05,299,119,59,7,3299026
UAE_500,2025-06,437,174,87,8,2351152
UAE_500,2025-07,288,115,57,9,3215989
UAE_500,2025-08,349,139,69,12,3909315
UAE_500,2025-09,1023,409,204,32,11163147
UAE_500,2025-10,185,74,37,4,614187
UAE_500,2025-11,240,96,48,7,2089974
UAE_500,2025-12,407,162,81,7,4797623
